"cHL01"	"cHL03"	"cHL07"	"cHL08"	"cHL100"	"cHL101"	"cHL102"	"cHL104"	"cHL107"	"cHL109"	"cHL110"	"cHL111"	"cHL118"	"cHL12"	"cHL121"	"cHL122"	"cHL123"	"cHL13"	"cHL14"	"cHL16"	"cHL26"	"cHL47"	"cHL48"	"cHL55"	"cHL56"	"cHL59"	"cHL60"	"cHL68"	"cHL74"	"cHL95"	"HL005"	"HL014"	"HL021"	"HL022"	"HL080"	"HL353"	"HL356"	"HL357"	"HL359"	"HL364"	"HL367"	"HL368"	"HL370"	"HL376"	"HL378"	"HL382"	"HL398"	"HL400"	"cHL136"	"cHL138"	"cHL139"	"cHL04"	"cHL05"	"cHL10"	"cHL103"	"cHL108"	"cHL11"	"cHL112"	"cHL113"	"cHL117"	"cHL120"	"cHL15"	"cHL19"	"cHL20"	"cHL21"	"cHL22"	"cHL23"	"cHL32"	"cHL33"	"cHL36"	"cHL39"	"cHL42"	"cHL45"	"cHL49"	"cHL54"	"cHL57"	"cHL58"	"cHL63"	"cHL64"	"cHL65"	"cHL69"	"cHL70"	"cHL71"	"cHL87"	"cHL93"	"HL001"	"HL002"	"HL007"	"HL010"	"HL031"	"HL032"	"HL360"	"HL363"	"HL383"	"HL387"	"HL391"	"HL393"	"HL419"	"cHL124"	"cHL148"	"cHL150"	"cHL153"	"cHL154"	"cHL162"	"cHL169"	"cHL175"
"PPIL4"	0.237114539415383	0.478402444508362	0.998826812155085	0.960257191209415	0.678277996585599	1.04500422049394	0.840199178425816	1.23037289395706	0.944142002033346	1.27546829263012	1.13288115210729	1.25243193394744	1.27522003543774	0.122702116345827	1.1140596431422	-0.0756345601688671	-0.108986651857104	1.13584221750908	0.853793241886917	0.730524439950569	1.45539360340763	0.393436219486004	0.385919430924053	1.31819228434526	0.330469161110319	0.0632902831766654	1.39701589322347	0.675415427509117	0.802294793917822	0.86113657529698	1.11618691828594	0.230580452087299	0.87575043831716	0.716497797834827	1.01841764319314	-1.67208597164347	-0.457421404195861	0.989788936201268	1.23090595237202	0.241969906236698	0.661817341903685	0.453715269810086	1.45861778833227	0.780512132878456	0.376316687653755	0.917773921203028	0.868978078030007	0.137231287474734	1.20589307078695	1.14716371800684	1.35455859872679	0.940143851498431	1.07145436051913	-1.73895027212319	-1.0712800158002	1.11412391436836	0.210376010625136	-0.700870192312509	0.307622965270342	-0.85842585822295	1.3293800298712	-1.21137652149129	0.70759806807361	-0.163425323869875	0.494637239866859	1.19249820549544	-1.85940024593093	1.49205102682097	-0.267838180303432	0.100372002057877	0.605880187052565	1.15462727143087	-1.62440363515037	1.23893760986513	-1.00760941387743	-0.0952213481241411	-0.760204997027744	-0.304170699281051	-0.985240766485507	-0.592902215306157	1.23947301644632	-0.464154471019273	-1.11402943178161	1.62387284679246	0.413762420711435	-0.782540424259888	1.41735472518264	0.668427189255014	0.768479282118325	0.984587372401446	-0.797068772602326	1.31669634507031	0.353750624304506	0.0597318842694558	0.853715567538828	-1.21471960375914	0.386380872560927	1.4523505294976	0.278063603717169	-0.248255505004172	-1.10138476571322	0.903747260275656	-1.54678655503717	-2.14335450984727	0.14767307080414	-1.40420457103198
"AP5M1"	0.67318713708053	0.195389276542199	0.170692243663002	1.00852381755894	0.896523307713664	1.30310093930527	0.712493534254019	0.891531284104094	1.16358733266503	1.04909458819947	1.11989998868477	1.2320029265154	1.05169956633187	1.23490330228313	1.19633138662471	1.09888290497	1.16076918930244	1.18538829444787	1.4351790744686	0.460921047262971	0.43754824329742	0.831646425125616	-0.839003640863494	0.280473806346837	-0.283344277607292	0.814808480736508	1.09167300047086	0.469301733785942	0.829342456412557	1.2260921191175	0.774027650646343	0.305256037806521	1.28953664694982	0.289504189983225	0.342324363748903	1.04677094630084	0.0509710827190354	1.09808836525093	1.07679497146963	1.16182871558952	1.21161284038972	1.08547190788008	0.940342314704642	-0.158459756588904	-0.283801214016312	0.472826670645959	1.09951244620637	-0.624738767601394	-0.950732116338455	0.606224989055771	0.382825391428044	0.477090440219645	-1.16138155364678	1.16485219119249	1.04151178438019	1.12268182109121	-0.875589276513532	1.1406778704502	1.22375074340791	-0.281911806188387	1.20209754671517	-1.60870690470161	1.19412470401245	-0.953720597049495	-0.845562820688423	0.571845657121745	-1.58188579995855	0.534184980232441	0.939106675457539	-1.06118587731738	-0.440240376036921	1.04006974339572	-0.0467732119244391	0.0839215629870545	0.415427234898545	-0.715130823974374	-1.03989472815965	0.461266379256012	0.180427188646637	0.811147013604673	0.107836296181386	0.452221329345472	-1.48941821059745	1.42024978594682	-1.16831156328135	-0.903247327003386	0.271247572607557	-0.418931931442078	0.259819754907882	-0.468076726236478	-1.427127070381	1.28886294378433	1.09578763699768	0.183403356392521	1.05464411986191	1.28524317704817	-0.0047847461445384	1.34435592431612	1.08559851974036	-0.392787053352346	-1.33905347142591	1.0154949512914	-1.08438654496721	-1.76652829844611	-0.450152406214813	1.07820793536107
"UBE2V2"	0.150256805182754	1.20308817969822	0.773086337223902	-0.0719730672173374	0.434902180783187	-0.939004620194307	1.02085913295636	1.04747220997621	0.610173182389688	0.851955208612812	1.36558282915311	1.18327182386487	1.18693502643091	0.423035291808642	0.152892962947137	1.11235117317503	1.0419872380738	1.1337530589726	1.18841378201849	0.0931907610927728	0.373055624944039	0.0660351487617477	0.0993171415343732	0.401905558186638	1.15118471921236	0.273161534936944	-0.267054181463998	1.04808180482075	0.59982262745609	1.54648160970397	-0.304093438235675	-0.948726357488068	0.954617730651698	-0.0395884496671817	0.13979759611758	1.01397930370781	1.21514451177091	1.1174797173285	0.393834412453087	1.17975981785665	1.26465735183971	1.0430747399816	1.26830886857275	0.992870245981013	0.594068048155348	1.16982280213767	1.39866608756744	0.0682768751649572	0.241379179885563	1.21677687122993	1.05092914244534	-0.110964038992887	0.528445107267734	-0.735943581255078	1.153842330614	0.989382887340273	-1.03897525334346	-2.42807156334598	1.36532892825929	0.227825590510454	-1.04931896254669	0.412603714740437	1.09456132168283	-1.92355160184301	-1.19432644709782	0.936264459805917	-0.0637667846650133	0.708325376050268	0.130760353333138	0.159157483149421	0.0823218838951843	-0.0915176508177913	1.08695367499768	-0.0192124424248658	-0.978171592464582	0.0596462083133405	-0.421607375782346	-0.944283831264375	-0.816216549651435	-1.56328933274938	0.0404461259848111	-0.977018668341679	-1.04561700481555	1.45158876403708	1.47296234918554	-0.884942026545148	-0.0674092355636043	1.11049846210996	0.0639794698508306	0.0320719007048167	0.160094354851176	1.27338628127738	1.06964099351412	0.431388301055011	-1.01488140540551	1.08639217948226	-0.538530920548194	0.264867668773827	0.0909445500278267	-1.49025027121013	0.329066286554133	0.154446748902479	-1.09050676361585	0.187510235074815	-1.16937669310719	-1.14573301027761
"PYHIN1"	1.34889432826133	1.37070315631026	-1.06762783523523	1.06652523325853	1.22424433430001	1.21798022185401	-0.457644380215022	0.249553295284005	1.41395183127434	1.52039836599196	0.0429779271843258	-0.588117551611629	1.18421097765436	1.42947995360811	1.24071610581428	1.35361464972513	0.570041902783735	-0.229159032429586	0.293698688877095	0.803987105265466	1.3581228977219	0.458065601829412	0.0911693933230288	1.19469435587384	-0.323443468629817	1.3069897385209	-0.74829374311387	0.175120361369411	1.22209737649872	1.49607487578734	1.15844216425111	1.19111763668007	1.15704786494244	-0.319329489742415	1.28909866774696	1.39471726879033	1.29308086897897	1.47105542327636	-0.0794704067287146	-0.219171136912053	1.37476043401577	1.3415214336438	0.178109999807123	-0.632481909190578	1.29047917317024	-0.289602486443791	1.34671944230348	0.227220486721284	-0.334826974663531	0.199174991206817	-0.390387889720798	-0.66752481436726	-1.00901099398771	-0.842235900157862	1.36850594032655	0.186660051240167	-0.708480629678338	1.29066426053504	-0.0887014915378661	1.43656017051608	0.0751759960155847	-0.948868331714656	1.2435837789451	0.357557083806838	1.36589346665622	0.76051842403747	-0.76993286227718	-0.717732011722554	-0.20683487228021	0.0578147754993949	-0.308812661377405	-0.0726710676724386	-1.31656262743729	1.27744807117985	-1.16255015090044	-0.202886178952613	-0.669232727665801	-0.980631280388774	-1.03634397524783	1.30492803540773	-0.59125574323459	-0.607835048589448	0.123821223377101	1.8238600555221	1.22992039272471	1.28831730492082	-0.394725881554117	-0.235954359284942	-1.00473312114682	-0.393130647627507	-1.86394706606755	1.21994116326736	-1.58972593271183	-0.930181904212437	0.0497862260812215	-0.958892975210118	1.38604665500931	1.15131116969136	1.36669462115093	-0.770165270809645	1.26243856726865	0.113698711033445	-0.442856786023916	-1.44834562085027	-0.816574854440794	-0.447394923845665
"PNPT1"	1.19321258883678	1.40050679331506	1.38857212153963	0.342613195827843	1.27685312543731	0.0710216832694673	0.0996354761965756	0.336144825375617	1.10065037717363	0.154169619745917	1.38767534427793	-0.731478829115486	1.3361483933157	0.747388832707494	1.3875714860198	1.12305827884271	1.44992085320048	1.12746348553001	1.3208915933309	0.570036484991745	1.35210350252602	0.402483962532285	1.15152601729084	1.15026979415627	1.13454334524928	0.370925207327314	1.15563855751361	0.0182406252273907	-1.29639354614093	1.70546848075833	0.47821973195541	-0.687865080345516	-0.155190531799943	0.337755186016349	1.26724767520225	-0.903223858103862	1.3905115287578	0.53242932960815	-0.110853887306574	1.2827098663143	1.21234611968328	0.0385427709749572	1.34081789860912	0.139591565297864	0.390215138312054	-0.866152124172311	1.30799450425105	0.11453692494033	-0.213160900901367	-0.785049641985381	1.19867707714846	-1.1026467477475	-0.25886198713019	1.50080738814649	1.34520998057688	-1.09802676171247	0.433553229518112	-0.53010158912813	-0.659788898419523	1.14471273050123	0.396753877326331	-1.08952398933968	0.0744254428338366	-1.5331054547615	0.355025491367306	0.330132551322338	1.3231656641039	-0.563041674975576	-0.218759034799387	0.827632699919849	1.29976349240387	0.185107960897072	0.149587490945309	-0.242610730627466	0.618042050409287	-0.439977995684345	1.13921731153608	-0.822404188910344	0.0281939156281289	1.53433688552984	0.683620652968959	1.16535287063624	1.29329093667068	-1.34326720478251	-0.308719824826703	0.575643732128812	-0.507724853989097	0.596183131415697	0.0533619628262745	-1.07138243575922	-0.35282710124945	-0.554313997792445	-0.771759080260718	1.11278262336071	-1.36300815192579	1.31975041904866	-1.1591237470844	1.12784304171962	0.297048501419053	1.1427743775078	-1.25428090667815	1.30563816656814	1.31809079056639	-1.36790747931964	-0.635033067045912	-1.13486120906934
"SUPT20H"	0.136985918803362	0.499834669712	0.202850646438871	0.805383172044966	0.572823881955091	0.0109369724245338	0.227360996033657	0.214474625105019	2.00733420829257	1.08757326256107	1.21331874923137	1.58977547773166	1.19845930818749	0.700122031223392	1.22923005105797	1.32492448276218	1.64658182634248	0.475553152413172	1.08073082607716	-0.251239030927911	1.17254777702174	0.901027816722036	-0.774992703148281	1.14528721783907	0.471408594883343	1.22343216124838	1.05172671146332	1.16770029001239	1.29727099167328	1.46879969539408	0.731134485187196	-0.581613272410015	1.549880917549	0.0403330109846683	-0.425077276752792	1.46291402145427	-0.982492604278365	0.842789072191241	0.886227084705058	-0.665430110425144	-0.76740558977325	0.42952308570385	1.12797671645002	0.852484387164265	-0.772323202705895	1.63049527513211	1.62172357163007	-0.0553356366074431	-1.1142835447233	0.327311226952351	-0.586050713558374	0.405054814954761	-0.909121713108635	-1.41887558215121	0.461583641758673	-0.342720354145884	-1.11521497349421	-2.01073472933205	0.59285599456456	-1.15438734421076	1.2416176950987	-0.924051446130697	1.71680660452633	1.54559494750684	-0.0848505005628583	0.231496343635792	-0.823424245502859	0.0113672017294575	0.48669773156083	-0.221040402008252	-0.780527146469784	1.21945680034914	-0.0375972970407426	-0.367858505474638	0.479292813461803	0.750167216282522	-1.08884597139814	0.601607056473591	0.0190193759050672	-0.461409294577045	0.159813975874874	-1.68401197499245	-0.874753349028647	2.64535698132772	-0.215079176586239	-0.62810172218639	0.851023972651468	-0.45571099564763	-0.423230768896556	0.836779129690528	-0.22928749507215	1.24311420252018	1.08672765989876	0.485050973264471	-0.233984958909997	0.834728778981719	-0.331911276920636	0.742427168081141	1.55862734127129	-0.595355951006643	-0.746193838623073	0.16719789915339	-0.75963669490934	-1.07111884086313	-0.216164791485615	-1.13617744294571
"RAP1B"	-1.03244292248688	1.97105963293468	0.41982562109281	0.360012484471583	1.7027179713989	1.72379107583402	0.84976967246025	0.864207874694329	1.3253657845263	0.823016084973359	0.381675364410025	0.60375382087037	1.70436988372866	0.253046187742985	1.7582942834191	1.3116697471697	1.65471307337284	0.777612421995249	1.91401932627295	0.428485210754336	1.67749297104098	1.64849847134408	-0.354752740130529	-0.271755409504778	-0.481670540040092	0.563387664921509	1.1480419253735	1.86850771069065	1.77015405647142	-0.966383237226332	-0.321444488273263	-0.252038375530967	0.697663164436167	-1.39269159726462	-1.33235983404116	0.869426443029978	-1.01260022735131	0.0220670481622665	0.855464465649266	0.744559805729368	0.952521389397504	0.406855540202957	1.14330294036436	0.62603444616317	0.0660367868997201	0.909704199029725	1.59790485637223	-0.0830718091977044	-0.76220266018415	-0.0874635869348241	-0.369866212713742	1.87907474503372	-0.618940863167435	-1.0025193695195	-0.166558132558802	-0.911083800544169	-0.749823560850829	-0.919044830894089	1.70979968036628	0.851509783119017	0.679330318427948	-0.724685725066765	1.61786968493439	1.00319487584832	-0.952031286062481	-1.17452942099641	-0.160407572398497	-0.857135535319341	0.288815680495793	0.971867121468512	0.448198068918419	0.58494084817595	-0.985091139059393	-0.103627437245644	-0.129317987384235	0.128406928175811	-1.00438323107542	-1.30557130147073	0.267046408441215	-0.948681822591921	-0.29463837684568	-0.601135666768162	1.8451863960104	1.25642009897135	1.83535211274911	-1.56520938834109	-0.535248553893584	-0.483709457666691	-0.599386255023434	-0.317488907975495	-0.856308577748542	0.546619353684295	0.684036438219609	-0.83622242544285	-0.79923912290715	-0.0579304746677007	-0.800140000113061	-0.795058970169884	-0.381554284912571	-0.612732986453727	-1.12268897609895	-0.654810813532928	-0.729891533081251	-0.616630252393981	-1.32260661091552	-0.488148386080788
"EED"	0.480606914369576	1.1443732920137	1.14069000802138	1.18718394504142	0.365291255260268	0.995887559812002	0.370217892134574	0.379071070460454	0.619740734958612	1.24195754474123	0.930327585135005	0.70188994592248	0.935631665759834	0.875645669666849	0.53965724857311	-0.232239925143797	1.22140607814805	1.10192619612588	0.390340543058099	1.11482114831518	1.3104776949697	0.97875209453602	0.733316266880407	0.557826615977551	-0.514666613254503	-0.326834241219842	0.21799901565962	0.309864046897376	1.0530435680313	-1.98627934980544	1.00016579608607	0.8419186402066	0.0704712030574737	-0.146768008772451	0.293749234636082	1.06145839154021	-0.108827971731072	0.835621709295717	-0.358151217156252	1.04724236641146	0.922106057741506	-0.482633436562942	1.19581222931492	0.963991199367151	0.742099736267217	1.0149248897964	0.685315729703155	0.320328170136831	-0.407074062485445	0.780551147855395	1.18053601036828	-0.477522957712025	0.548801603287677	-1.93445943971714	-0.814334451991478	0.3084025069501	-0.377970831351247	1.04883082553831	-1.54935411437976	0.80203795511339	-1.90463365396243	-0.860521433997805	1.14833587584232	0.779683745057972	-0.247224548876162	0.297833905038716	-2.0111492259815	0.0406823522195001	0.245824692688573	-0.111176809886688	-0.489876259277736	1.14673928881899	-1.9435911067328	1.29646031679561	-0.0838325891617502	0.0403593971942587	0.188722976282176	-0.721752578630949	-0.0899774330675924	-0.356723465995732	-0.0784261869386272	-0.269007345644478	0.751919631405906	1.66345620684992	-0.234132733114956	-0.597803580948329	0.108700438927695	0.919462878068536	0.727601541739623	0.390747623712284	-1.75051393041538	0.591808578227196	0.577714317171341	0.197428259949128	0.94038268301375	0.79353654231342	0.0762163406065685	1.38404095995555	0.272505143958588	1.13811020990432	1.33214349202104	-0.368984574308112	0.485674953290679	-1.84065990035203	1.17862211715366	-1.4344982490028
"PABPC4"	1.03349399011439	0.209362079625062	1.15206964798133	-0.209296133348419	0.90721168370235	0.92527234330645	0.41349573654106	-1.32737468874007	0.840015950258306	0.409568679580236	0.813012930226233	0.461810218513227	1.1195203584167	0.565216714369387	-1.18738902383715	0.973391949554005	-1.71090212768078	0.998411791767343	-1.49998412731266	0.944738121994004	0.375803360837442	0.407809723098257	1.29366502650705	0.885825808794715	1.26690410802293	1.05667010602379	0.713132316689271	1.11984102366346	1.24942503135801	1.04508408891256	0.236016369837598	0.498410017754973	-0.949456930215501	0.683704216271236	1.0892872166622	-1.00150825828125	1.17646945515045	0.306757865326648	1.26779560224133	0.7453023974734	1.1838421846638	-1.17166640065869	0.946721295887052	1.0904612999531	1.09215215118895	0.705889392194777	1.24215045534529	1.26576844918816	1.05055431242932	0.301518380366401	1.04913651594943	0.191688289695293	0.664881608334398	-0.0535562387083855	0.524712129606316	-1.21199188688915	0.124810960046459	-1.53579080417007	0.352531875920219	0.55773759366781	0.896896898821564	0.251101286139107	0.893546281020367	1.04814540961675	-1.28165580365156	0.772951615380626	-0.631990714394134	0.71118427151871	-0.152541618439206	0.0349437565918396	1.06408045106696	1.15676019996997	0.908091377741228	-0.0171589994800797	0.769935865278184	1.02903368273698	1.02720860835824	-1.54314728135254	-1.19862436134318	0.941796330875728	1.06414164852248	-0.391639326631262	-0.737281739208357	1.03122306263292	-0.148763531685156	0.430692079192133	-0.619494454594959	-1.39145391737197	0.638772409065652	-0.446208489938868	-0.853918706023068	-1.23609994999898	1.30524202242464	1.03340151612769	-1.48040608585543	0.939373829170586	0.112757963879765	-1.35644496852362	-0.671023689154606	0.838090111591455	-1.42866249114147	0.656741756259536	-1.28282401999306	-1.24023879191309	0.563405503095466	-1.30682442064542
"PUS7L"	-0.197520326231564	0.083527509789414	1.1692960198383	1.13906940313078	-0.807778864460232	1.03988886709206	1.10597307564995	0.973875323818484	0.477550138827686	1.28439580287391	-0.185885310450049	0.905795346497337	0.979768085877254	1.09737266167088	1.13986100732554	0.567370222424389	0.977235961560241	-1.23411832494551	1.15609897079098	1.13994402999131	0.615920427330853	-0.324559931401496	-0.189494878729897	1.07169582799476	0.28266950128266	0.230186067767821	-0.171312646656594	0.268070332932981	1.14556993920843	0.526116652037097	-0.100448315683522	0.903568897492097	0.0681423560905391	-0.25422344466909	0.149994289997668	1.12989731222644	1.03528576096158	1.04602551784808	0.143151437660501	1.01129136894142	0.101681420887074	0.0230815314408738	0.797444844302986	0.02947721879877	1.0964907186632	1.32191523194416	1.27258646970495	1.12012587041918	0.267026613559208	0.277728240529414	0.0781108492304385	-0.627168996789477	0.197193072081652	-1.85607644553867	1.1082168669808	1.11307240739878	-0.330067984882092	-1.32819635438274	1.03794054054253	1.0332040158514	1.19539528053643	0.17121143639629	-0.214164594100082	1.39703807804139	-0.234192238606235	0.942632188517692	-0.797016875720769	0.972620381572427	0.155013842820788	0.0209743276340906	-0.189254334775672	0.0878134373401907	-1.66438258037804	0.150631003506152	1.0075007790292	1.05939455157094	-0.0546991335786688	-0.140138124372806	-0.20155350614159	-0.979942378270025	0.271984107140121	-1.18880518397007	-0.219296538330561	-2.9157388846738	-0.155303658532417	-2.47458319409873	-0.112582527435901	0.808447715353144	0.117361122167746	1.1163432101784	-0.82497063538255	1.0834948717069	-0.741163053001915	-0.093199522179248	-1.40522798311506	-1.58928889508216	-0.0847201858483456	0.73995665237123	1.15618288957088	0.0520753015506686	-1.66464825304586	-0.291761829283713	-0.35518435842594	-1.89306829553792	0.58287917105888	-1.17092591829355
"NFYB"	0.0528466359881116	1.18898344751743	0.678568905701887	0.446833364154942	1.033720408052	0.32504716903131	0.82760666462855	-0.52171541306777	1.17129744609159	0.180554885177869	1.13803709372127	1.10960533662603	1.1977871711623	1.12302562204686	0.364403073806167	-1.17242200453117	-1.52278270792315	-0.397880777117492	1.12582090770697	0.785402649092637	0.566117170532451	-1.06206600475625	0.408299133367117	1.1630582575926	1.01606996189197	0.862764842728885	1.03970862015411	-0.0285620495770236	-0.915666647967654	1.35795536805708	0.0459169206366164	0.100212183647247	0.502495436291468	0.230025203099779	0.518723080047365	1.11491214954784	0.579106440353282	0.211711999328444	1.17365244363194	0.806485301152063	1.04706079275337	0.364564154324209	1.12685834271678	-0.427398798173207	0.708593383097208	1.18184573991258	1.22848744950822	0.567864757819956	1.12476974309146	1.06638395958383	0.930363508959601	0.5806039994048	1.07665401632915	-1.3611929670712	1.13740378648762	0.351108335844764	1.00790991054627	-0.239614532296442	-0.960996609146436	1.02173623531403	0.975055200663144	0.00724690041146439	1.04509381135499	1.19854274901468	0.359559982723695	0.958699524932891	-1.4654553239511	-0.237502154380396	-0.35413961540736	0.359803352388627	1.11623385290405	1.14726242163367	-0.707229336586264	0.30977203351532	0.610139552844788	0.472285767546404	-0.532649178602936	-0.521829125615646	-0.661515355735426	-1.6980457291559	-0.368325216493293	-0.410893831922357	-1.05995805216745	-1.75033447757457	0.999720258640757	-0.296867394270958	1.254977040682	-1.21244115113324	1.02308396028388	1.19014079443927	-1.35006738061178	1.20076509516147	-0.945038184428676	1.25692795873202	0.297181004987455	-0.0255980928321588	0.466643144737423	1.01613379904055	-0.227867110259201	-1.18171182870354	-1.11522226530427	0.340361426558759	-1.3994531155685	-1.93378128414593	-0.279276497379427	0.163586674346854
"ZNF573"	1.2123221551962	1.4349565627524	0.262092395203216	0.698392862229595	1.03387568869509	1.43317590846597	1.2597423738545	0.435923730476454	-0.910725071916553	0.0343602837277098	1.39656819771607	1.08581789692255	1.44875771997636	1.06329356776412	0.259893043553184	1.24112623272536	1.192082141254	-0.906549297432406	0.0101680161267682	0.283303488163622	0.202601580143384	0.42351295098135	0.174673766357454	1.14203219505043	0.854910820443825	0.878430316325892	0.348575844349712	1.1517847233388	1.07955206160066	1.39419034663055	0.800739141696325	0.989104625269185	1.31214409783349	1.02838767995785	0.455879026124079	1.38790790619788	1.08612085442264	-1.19635273923597	-0.102470545687092	0.116646420711601	-0.663454713989799	-1.17082423621775	0.3356314888586	0.372572754706138	-0.948223346515183	0.27823854381794	-1.49504346521571	1.13088508454016	1.11174170692664	0.921404150827934	-0.19620640313758	-0.0315995500622055	1.12682638770204	0.215620411142225	-1.09699953585862	1.21733781926081	0.565090412501361	-0.366011400886242	1.02962470299241	1.17580652101692	0.115753930191327	-1.12268715450046	0.596395711900807	-1.42572855298701	0.286977922397764	1.25572889314286	0.330793654212552	-0.131635222338224	1.39504209641147	-0.156395169702322	0.679902407789393	1.13771765939129	-0.350452218640122	1.01956049159823	-0.0902934062427846	-1.02740261541546	-1.20403803807506	0.541130946414743	1.02335942612966	-1.094980960846	0.187067079775407	0.430820212178232	0.856030071369105	1.4571704560214	-1.26874087922334	-0.875731210727803	-0.18354216333254	0.248261314089219	1.06586547298436	0.0430889191303975	1.01553823163268	1.24183637726007	-0.61399102888312	-0.549370451334381	-1.66994119915519	-0.877627970335999	1.08683539144935	0.991965865899265	1.42593446718956	0.435103167905489	0.10103216560938	1.15021214268856	1.08855660839138	-1.53624919084093	-1.19327233864131	-0.412447809539176
"RPE"	0.229140200670038	0.387786132213323	0.265792715115579	-0.973580486201081	1.23782123803451	1.17431908545309	0.285795167451534	0.0269589045728587	1.28215373686565	1.12768569840568	0.629499511320857	1.16575691130656	1.27367982201859	0.157709087846068	1.16048167910348	-1.55016167554812	1.20213073788466	-0.320991688177864	0.53229398686727	0.0749055941892983	1.23966987683092	0.572758713885824	0.136076674142619	1.28744718964315	0.268664485978873	1.23646052316557	0.0536636703083463	1.26533323581607	1.20019495757047	1.28135446029379	-0.380237867744663	0.234557471785301	1.21541442359421	0.366876062664415	0.107031516371362	-1.24767298754361	1.2073943168506	1.24787607251527	0.429346697630969	0.125676835121286	0.140637452237553	1.21397868973772	1.18303584578334	0.404801589435283	0.318872133131343	1.27113740331965	1.16052578822773	0.0885159094590611	0.599109563579628	-0.888555402004398	0.45623342530159	0.364066944398424	0.130793060187685	-0.624717868599631	-1.04742690323602	1.10335414798412	-0.959528526570172	1.84125792319603	-0.0544609143302209	0.351345077869689	0.431817317078078	-0.491543825746434	1.1836117237624	1.21439307490423	-0.9548554454771	1.17535522310743	-1.50790904570035	0.00661421266479829	1.20761348647758	0.0142131469244003	-0.307058098769031	1.19086313077057	-1.89372628878734	0.228838051372455	0.40728609090245	-0.160881162245708	-0.972643893789301	1.25904191010535	0.436156174568081	-1.65557062249534	0.169813823230466	-1.17769626625849	-0.0268453360173445	-1.50144028415402	-1.13801625857065	-0.469578187970161	0.0725790580266395	-0.0148940192365858	-0.562642829218315	0.0279893931568086	-1.67482835289673	1.22691927567487	1.12341763594636	0.515807888124652	0.419846173962035	1.16990725391555	0.526502424718368	1.23257805974221	1.21724181352886	-1.11089118606499	-1.54448992696481	0.13773278141235	0.425575092163396	-1.9095355363705	0.14401560876278	-1.50590259562506
"TRAF7"	0.707882481303551	0.985550652452652	1.21643422852903	-0.591950205150903	-0.809907351127241	0.774906144933912	0.341899431971916	1.94547485621006	0.184726240439742	-0.960460611084357	1.09195125566916	0.923677220084457	1.00352465738763	1.33863497318977	0.92106538624603	0.0681262776914026	0.804267915719906	-1.76872656777414	0.42741898117384	1.43031362740285	0.82132272453032	0.792939379424396	1.03676035092817	1.67801604889021	0.124734339501364	0.107798431777665	0.67391304631016	0.0100475417140051	0.584367065841605	-0.301474600150089	1.06530414406493	0.686946409333831	-0.372990827515442	1.2698041782018	0.721504807567097	-0.17264360855928	1.5830012336619	0.020426882170061	1.08538446740756	-0.180055736609533	0.632227831177205	1.0006740373387	0.529398675622623	-0.730290177347767	1.63358593601135	0.536137299166417	0.928196597297175	-1.64708577991629	-0.289300870231109	1.76290692643921	1.11322406901045	-0.208125073785093	-0.954738882562788	-1.18984378681216	-0.200979343806658	-0.546080774332917	1.8994527952464	-2.50963659940212	-0.327321210276977	-2.14544051417228	-1.39186682154713	-1.76259887386387	1.34983081329596	-0.337290659709386	-1.35869141570717	0.388162845961201	1.14259727854663	-1.49959362814697	-0.654726817010555	0.264065062479865	0.355440268699804	-0.167482051853761	1.05377619945664	0.100376227920428	-0.0437549982135818	-1.25473096345695	0.253660985486482	-1.67908134219767	0.359179024569397	-1.01518655119849	1.22083882387562	-1.30385272193033	-0.400784805828084	1.47642026189562	-0.341241528108915	-0.741382337268796	-0.0654535550661138	1.34753660671449	-1.25013412250363	1.8466352622973	0.447409650022705	0.555112376520461	-1.14703304888621	-0.34964886412958	0.762508868225682	-1.35123917848391	-1.44936338992731	1.6484336249906	0.579626675465828	-1.18132673102541	-0.535767239935473	-0.0941644056774504	-1.39179063255255	-0.639498659772861	-0.472041273076687	-0.424381442919823
"NUP35"	1.08859120607647	1.24267370988255	-0.276131058944571	1.30592314892909	-1.26854820360052	0.727867150587279	-1.36353937960099	0.324223968089343	-0.683209141496994	1.18931117125823	1.30538736249754	-1.36465360508041	0.130754470264919	1.15663893308184	1.43371067161971	-0.985012275297666	1.23137003034982	1.07496540637512	0.546722872334494	0.755764402844465	1.17259953790262	0.143834449293145	0.356861014836943	0.887526761197848	-0.0112096318374441	0.641275796775358	0.932961413350152	1.08174237822534	-1.27679589356177	1.4224575201454	0.138148358438157	0.0645930280923197	0.769235762567022	1.3058548039451	-0.00690160746626134	1.14583590532821	-0.38310177072764	0.644112424247647	1.24301731489876	1.27361938435137	0.24481727080118	-0.350345089631597	-0.139562378436899	0.622285401806008	-0.0361485164929887	1.26239455062812	1.36008499255953	1.11426978627839	1.1959184289409	1.17871773009377	1.11382064932656	-0.180522991417786	-1.23385497074004	-1.47190832187455	1.134476310277	1.09884758420766	-1.12445583175714	1.52846878690086	-1.3232675204836	-0.223425405419762	-0.116407292856132	-1.19827541472104	1.07636910110133	0.618080950930764	-0.290826284715566	1.18000892134651	-0.25098525315022	1.0889782618861	0.362178723554349	-0.154275660263064	0.661849630652313	-0.255867627761314	-0.235097215323763	0.0164360489545171	-0.705278392333604	-1.12257075366927	1.12134106276468	-1.03464110808069	-0.878088627085747	-1.05661317921426	0.402184247795596	-0.586559224552506	1.09366679104271	0.559813808665331	1.31184773901393	-1.12065090143749	-0.45412928532003	1.0779253764102	0.84953180490472	-1.07555870228882	-1.25445966988199	0.109437878163794	0.058767859720111	-0.402460862104054	-1.21106993820294	-1.39399464196894	1.11557749859895	0.432269416359861	-1.10757472952015	1.20735815071265	-0.00558989841871667	-1.13703997377241	1.1987935646537	-1.64418805322427	1.47551861822797	-0.961979688476007
"TRMT13"	0.839400073541163	0.969415371892748	0.78625375905708	0.838526221689242	1.16029719666164	0.369561798029052	-0.52059381859601	-0.754796222976584	0.122995202446286	1.04213628670861	-0.618986538461468	0.265880137768045	0.989415437002674	0.908869855491039	1.04740240394808	-1.45270629214021	-0.203106501569517	-0.12072484100528	-0.560070042185699	0.762671904807664	1.04561365080944	0.425634238081645	1.55737281038771	1.1389234383397	-0.0401258996558389	1.03223765746472	1.84028147710744	-0.572668179930368	0.464680539517715	1.45110135728184	0.697042918944879	0.690212474996827	1.19929186954741	0.953167959717725	-0.687043187439218	1.34955811389397	-0.901666582486191	0.858560748287559	-1.11480546677161	1.16285310915135	-0.52804321840029	-0.419057445664486	1.53828497577029	0.581022360802884	-0.233793966333471	0.44360269755208	2.55303735876677	0.764328924211236	0.858323202649839	0.565002103333834	1.56437407837192	-0.412088995133856	-0.472731545326194	-1.09020762765553	1.09541617576894	1.09997683450476	0.718003943404939	1.27971694821039	0.559837522688979	-0.343982501230504	0.810791090038715	-1.07459137088735	0.246662548533961	1.83311848709476	1.1010788098515	0.545931926331827	-0.672320318609692	0.554328836731572	-0.538833351708279	0.22631263090224	0.279624075170864	1.12514264117812	-1.48888677415766	0.81938010812556	0.469930131101278	-0.660031551037866	-0.966289882601495	0.417705544141304	-0.150523905728892	-1.00796261790042	0.94526342550887	-0.98951714073671	-1.1820238344408	-1.76436333920401	1.3320645919543	-0.323551750150345	-0.832538661873366	1.37511114469142	1.12588641708148	0.395021016689373	1.19946819007581	0.0470036266642601	-1.60164155944873	-0.274234436913614	-0.818055228646405	-1.0978885608384	0.929173294776647	1.32736639966261	1.21798026543365	-0.193599966764929	-0.945327461566993	-0.851003972648058	-0.928402213459403	-0.214134078606944	-0.490305964023917	0.401520706407972
"C5orf22"	0.226606723076248	-1.06298161386991	0.936975764046285	0.905513768475131	1.13214214862553	-1.24120858045328	0.303523780739527	0.981120571656695	-0.611874192480152	1.34631625829065	1.25702457459994	0.54591490047696	0.803646956437858	0.853072870251679	0.948573501372508	-0.262515544994764	1.05368453296505	0.722617188848548	0.844605234002697	1.18205765950978	1.12468827893329	-0.543650623989752	0.0661866828064857	0.657189346648492	0.138880113483833	-0.441888621290123	-0.463540900002926	0.64192798014337	0.0813904545639075	1.37452901601055	0.830462347460023	0.694845400574739	1.20786871436696	-0.903374180197056	0.919490305528011	0.457365763266686	1.34244319792489	1.21080849394503	-0.830442570708154	0.149584681330915	0.569924013248995	0.843949869652039	0.673963385720676	0.959650615335747	0.047195717015772	0.41464043953188	1.33125439994859	0.142430983578679	0.916758305854736	0.190950725295769	1.01580127478803	0.0423098393133306	-0.913513642397442	-0.146819909887677	-1.15638317375212	1.00658471996621	-0.936132623008261	1.208141563203	-0.818058808987018	-0.937191831371856	1.31421938286038	0.457393923611441	0.278363158020643	-1.31090366092182	0.368818238177419	-0.881887949595712	-1.46008855710499	-0.658574620857981	-0.852001532972761	0.142846819692214	-0.750881723367146	0.543888325340694	-2.90491032020182	0.614583024039814	0.178051829283194	0.895579960684106	-0.0404825231889084	-0.0891560409414899	0.805771444490637	0.459677603478565	1.08525387771133	-0.0148883815642308	-0.0164017941824994	1.47921579474786	-1.64731890072631	-1.21217797330568	0.732979322615238	0.756636716654243	0.356868474738621	-0.761045973200159	-0.885976369085565	0.00837086414063213	1.29381553661931	1.10889943898529	0.140398371863641	0.842310656423925	0.799729003321238	0.87254249285708	1.33630030738584	-0.936730695603363	-0.69016065472385	-1.10934007584913	-0.0544881140885723	-1.95562243420995	-1.0862922873433	0.24066043940623
"NMT2"	1.19486570596635	1.27021648705207	1.23433302230721	0.0891655174938938	-1.53602875941505	1.26379947349049	-0.00628642776217494	0.31957853394206	1.08951378906207	1.28364746932248	1.31796820347838	1.30430472280629	0.913777611765779	1.17485937956036	1.24127555273362	1.29681050356215	1.2517913356638	0.389851074744957	1.09261117802622	1.11200712796077	1.10497528223478	-1.27719813704527	-0.314261761512459	0.0998317164282114	0.333162415150312	1.15071707858019	0.700142360624255	1.23979524058061	-0.794547421648485	1.19208713648708	0.482419201934265	0.316738909930675	1.14812818124345	1.20315660996506	1.17766053608478	0.0324531815108529	-0.0607822644971033	-0.649696848220757	0.787540622858948	0.46462675033304	0.0730053306155437	-0.872969269061179	-0.0285149644259488	-0.128698852101032	-0.952325387100846	1.21017518811869	-1.30066267294468	-0.179671704463767	0.0315604935652393	1.21318202538501	0.547859480657051	0.419445649484614	1.13103212899251	-1.44691880968893	0.471895181770108	1.19186766961305	0.218672857114554	1.27360986518807	1.27843407668635	0.355584772342777	1.12891708299623	-1.05536095761016	1.25315609707616	-0.849507827093042	1.12705981774675	0.387960617301595	-1.51194862980367	1.18651766107161	-0.430173993397082	-0.45948641364079	-0.762735153297693	1.09973097965342	-1.35554491587889	0.391514140151513	-0.787056313823877	1.12657569745464	-0.318992527163271	1.26137530030138	0.33534447910535	0.312512710034507	0.0498947912924774	-0.40075072578039	0.581251837042637	-0.170567164942751	1.2782174277479	0.612189922192429	-1.06523914809512	1.19508041669304	0.229118621746488	1.19395459755316	-1.05022448528639	1.35770086693467	-0.0456742596783138	1.23223359643026	1.26471510118348	0.604118095274782	1.23047375225478	0.336240439967616	1.28425078591903	0.184530131062967	1.14359663636676	0.539014082955084	0.0363517837104875	-1.06850978592382	1.12981145569726	0.322377133182708
"PUM2"	1.26711769055914	-0.472447815013191	-0.497347823381946	1.158859483915	0.446404245487708	1.25396247970458	0.165279240644031	0.501329661578793	1.43598720265521	-0.348377768665842	-0.927139719679312	1.0355376100574	1.21714806417569	1.22451025467053	0.0121457534214683	-0.158678827918783	1.17580036600524	1.24443436795695	-0.322938402543781	0.0243958393975683	1.33206524942954	0.0179605159663468	-0.0642332775380247	1.2037738413014	-0.387699293915529	1.19833175876707	1.21687540822966	-0.334443668133305	1.07138351620141	2.20755941281543	0.0956178321894314	-0.334918110549164	1.20593484338285	-0.370609331759336	1.28861010029222	-1.14228711273163	-0.491794853478464	1.19254946927393	-0.202732889033554	-0.0220593207477317	1.05341369773426	1.30776811948297	0.0825239338059713	-0.57966825712491	-0.380782187463359	1.25500244251147	1.32274244459443	0.048193961250075	1.25427276677379	1.06716792561278	-0.0680656167243434	-0.309486824037664	-0.482980304148567	-0.374419680364741	-0.185870638613953	1.26895674122204	0.154211936870454	1.74517642370517	1.30484317324057	1.21604200444702	1.26359338692613	-0.333953902514958	1.34108070947816	-0.0434157277930596	-0.267298696987265	-0.309992343492457	1.16434588576355	1.279815867985	0.147651713520131	0.164524196232875	1.23019009669049	0.263041920376651	-1.78878998994939	-0.215027709601884	1.23350127144847	0.18259468709785	0.0650692994795826	1.23766600943213	0.202078534013599	1.2184473255506	0.0246435933970383	-0.189868963360548	-0.452907122487193	-0.00194345979074334	1.23183817320254	1.17738035646883	-0.327308853192469	1.13681542986341	-0.311686078514245	0.0262703342601231	0.0500203233412002	-0.566095506211313	0.288314274302121	1.12438108287319	1.25105845845727	1.22624779874538	0.267372366549697	1.37171183454466	-0.0470348750529489	-0.351857533609233	-0.252357804419119	-0.220412372940393	-1.82032707029112	-1.78160251926255	-0.0884490222258193	-1.84356154683911
"INSIG2"	-0.0303283775328718	-0.289058090410219	-0.0821454554987035	0.955690800822819	1.16007519886109	0.682450919612242	0.950067330214372	0.697669092401341	1.04630553141431	1.08621929955836	1.12332754473841	1.00557942451409	1.18705551566995	0.150075701723476	1.22273777404484	-1.07355981624729	1.01820800957286	0.533038894036878	0.344027670052141	-0.200055440285391	0.0603788537308192	-0.0401516447426944	-0.259063869898185	0.904293534122712	0.941055541285316	-0.0490279085463965	0.588837885653859	0.490215226210647	1.17610166348916	1.52816743006238	0.215709088764854	-0.747961645597624	0.472346283505319	-1.25149516885257	-0.808069447897281	-0.776691066121425	0.999540696888077	1.22291656681154	0.9167859259712	1.04289515439658	-0.3407626115754	1.13666697101078	1.20147395485231	1.13704579383551	0.317148868377642	1.16962287441475	1.36341802298368	0.473004353241423	-0.269083883956303	-0.240785662754537	-0.037411918234717	0.113643140400393	1.01971021901809	-1.57037752073512	1.30046595632533	1.04043293416488	-0.434421078755054	1.4476300505994	1.15701401562059	-0.32041537384475	0.781793376367451	-1.04759543157468	1.02703194193114	1.34272999276672	-1.03427049430605	-0.395979525719853	1.38628685235665	0.0877963186984481	0.218298728505822	0.510358091842883	-0.0596990988435529	0.434683789986786	0.505512188978987	0.484984818472273	-0.319138358253193	-0.863359865365478	-0.0156706425794154	-0.01646000663528	0.576485801269989	-1.85785286152278	-0.0130307750831573	0.460877793392013	0.938416538579956	1.24771591078373	-1.84354670355261	-1.57461218048388	0.531727232853755	-1.33462004322546	-0.30834481535643	-0.927212681888779	0.715580896426221	0.79615961692887	1.03538364263669	0.544625456813236	-0.0689827000237535	-0.036749022913101	-1.13471187030217	0.511260672212368	0.112353654910434	0.872247041547715	-0.844539010558872	-0.0432019382105833	-0.108528199699164	-1.75362673488265	-0.268570417227059	-0.91128032855598
"NXPE3"	0.175658209996992	-0.150983525765366	-0.362669836365629	1.23371123862018	1.19010063585046	-0.149186357116401	0.828327160214016	1.2409469203091	0.156022841202327	1.30906440851508	1.21330867956818	1.27343914267239	-0.0488567720726614	0.307970372870638	-0.111871368124658	1.26431278945475	-1.04856042801996	-0.247157377260089	-1.12195938611564	0.303709959215206	0.255582018938417	0.273080826593729	1.22077603903715	1.23384195308453	-1.23624704967533	0.433829048501608	1.15706251489238	0.303517860170737	1.19491292810561	1.68255266452015	-0.260974338215117	1.16068704426364	1.25162864322582	0.651207874133569	-0.54900387225326	-1.13015234731327	1.19512248342632	1.24033035598937	-0.354614948434257	1.23913862858719	1.1792258736654	0.4345773148788	1.22881395869561	0.215074986093644	0.96966628017363	1.26118801783498	1.34448264818372	1.21141194579014	0.203790097220111	-1.12789393368197	-1.16918277122027	0.425317074363171	-0.131294942346249	1.27253157367813	1.29763895905864	1.23495304563144	-1.24957961964976	-2.00082578849815	0.499740569460534	1.28300040193107	0.393759428947599	-0.777226746529644	0.581380638550755	-1.48540257361044	-1.23261553116509	0.276310380528774	-0.281031703011441	-0.00785536961495749	0.518625350796967	-0.151296287491962	-0.177947135473885	0.174506019652849	-0.653250563631297	-0.655088667750442	0.74902038793688	-1.36217707590384	1.28920518140426	-0.0201031371957103	1.11433229752054	-1.23732135529224	0.0178866412945108	1.1833247134217	-1.23416711486488	1.26794506133947	0.388655364779322	-1.22211961927805	-0.513713840889481	-0.671097065380542	1.20292073114671	1.27493370959037	-0.502101096346607	1.21001253693915	1.22930380481446	-0.413195803330848	0.718630122852421	1.29182527717827	0.151410941620147	0.0576595645742301	-0.372350283799076	-1.24895575185975	-0.417539137122116	0.173423702108099	-0.337267098475519	-0.926494981112409	1.16667020398807	0.499764244545719
"ZNF66"	0.828087804547327	0.504004148601382	-0.0961724770496062	0.569539993971391	0.208173458342584	-0.748789029272131	1.12790117642907	0.974949534128544	1.17991658694199	1.39008271902948	0.168444223468902	1.20170185973067	1.1802069645311	1.15491232832047	0.414730133589762	1.62814233729835	0.30496468140959	0.407739003148818	-0.855111829018243	0.818273689383183	0.863364876823822	0.979552384285568	-0.265209028994649	0.982614916340088	0.0684261658287812	1.62362207658466	1.06533837096798	-0.078390772213417	0.8803359944371	-1.62498404452289	0.139197712104432	0.913197264397007	0.85113608785903	1.10548907241887	1.49451106119893	-0.334713057548051	1.4725049918786	0.341195874523077	-1.16537658868988	-0.131947809862996	-0.245792298819781	-1.05131777029538	-0.180767539881644	1.20568562693464	-0.785185295870287	1.23294390858526	1.27738342217115	-0.157231089503012	1.11117724021217	0.780508089107033	-0.86875462484383	0.703289931805898	-1.09362676002863	-1.73785510897789	1.06375014053562	1.41197739336506	1.22663572069212	1.03256577873408	0.503524238746871	1.08486652125258	1.35216859017765	-1.44773717672139	1.05139113155278	1.33651422029865	0.0675584516671944	0.983795806112782	-0.439096665815024	0.86935625876368	0.201720422649613	-0.594521583764232	1.40678308976709	1.17880714577905	1.34064302634758	1.33185928199808	0.590002518483996	-0.106131250772256	-0.188015110916678	1.22302337326356	-0.694837814700528	0.253154196992159	-0.0350337997367538	1.09122524624441	-0.351881716219252	1.55735305373141	0.766783850424876	0.0965492800101686	0.244943509180345	1.31103969573726	-0.0855730541532194	1.01003183757306	-0.162084472896046	0.0885543760474278	-1.14785965864039	-1.04693950768026	0.827823874573233	0.931800523004515	0.917775938097635	1.27732795405621	1.37455943859009	-0.167094544602308	1.00415693729525	-0.269989766387882	-0.799519658750925	0.79095353992207	-1.0836783198722	0.53642005211219
"NUCB2"	0.66008658911825	1.0063078799562	1.13763312738954	0.422548148216675	-0.555490142598719	1.03272083369647	1.05783021967064	0.047922073668223	1.04151361841775	1.08489211354189	1.15613152194194	0.962442936044296	1.18951364141528	0.207708464380484	0.927256010734982	1.01883940820595	-1.1059027809716	0.582837057218205	0.0348574276041725	0.674842139042575	1.0052704208468	-1.00340900403492	-0.464217093273306	1.15316163296587	0.0762133066633348	-0.490231611193607	0.894019546113212	0.229519514791711	0.0718819745647747	1.19275864592098	-0.349493011093255	1.12139405846129	-0.453647990136305	1.19900534440557	0.243240359124399	-0.949762294689635	0.520908267385409	-0.725951216830992	-0.0728497620875921	-0.956228459096018	1.13423539065316	0.234850641428498	0.98322797331154	-0.917689501951849	0.56295906295338	1.06350115593918	1.15272379959056	1.1219260636796	1.24709375974837	1.1678923124773	0.980884510834208	0.208314528539986	1.15602474529366	-1.58653926716217	0.398691461800514	0.199280335325796	0.228140701698725	-2.37894219721853	0.682374215395437	-0.99321486813117	-1.78288296254414	-0.356547482053722	0.186661580909287	-2.68123735211349	-1.52730801854997	0.426575729420325	-0.166599218352633	-0.117238099973478	1.08379338025852	-0.378053935018731	0.0233308621240969	0.248724016893318	1.03739229022718	-1.16724750465098	0.145285733223314	-0.678872735129181	0.251909164067466	0.568118416522745	1.03334807021745	0.199033162074041	-0.00778589534796678	0.223287928748528	-0.955812169049925	1.57774879823024	1.14578752719568	0.0730309448426115	0.464217845455876	-1.04587877409806	1.06886293924163	0.439859381777485	-0.801686527620414	1.18459836238459	1.02841509392777	0.302088885644729	-2.03592210436448	0.272576509490644	1.03322837079992	0.0142401224268753	1.09604180033978	1.16831377053537	-1.09129323985981	0.273933770251006	-0.598139091905136	-2.45238662145254	1.0963341205461	0.582279586079602
"PDCD2"	-0.117310936331096	-0.474915453511013	-0.327224331208695	1.00121405581172	-1.58795793279175	1.18279546433113	-0.21725319100046	0.490211291752012	1.15972331500481	1.04912807228425	-0.609155349499642	1.01997753444554	1.15637585602163	0.993566581399359	1.30942052387854	-1.09965470993495	0.28509534622937	1.50181135691159	0.663226909231571	0.994512451964234	1.25244079488432	0.0947257462490082	0.404848169719373	0.257679613526021	0.0282198048478992	0.92356660236279	-0.575528075818319	0.117222393418238	1.09316959953293	1.10360769251415	-0.602234707016166	0.37560973850281	0.660856419596763	0.942414036770029	0.989018579557333	-0.146300498525997	-0.56361122036397	0.89488440069389	0.349622118748645	0.464288507229122	1.33853148872919	0.980753312671865	0.140672799878166	0.876285748157305	0.920095394940352	0.262742508476495	0.983958367862519	1.07404924150645	-0.583569817639658	0.0607715007937709	0.540951673269193	0.758322948120438	0.268226602542588	-1.54765570130259	0.885705052278955	1.16822546843975	-0.278658834816219	1.489269496324	-0.543681922858574	0.706352851156917	0.198483325393877	-1.00937088946644	0.660228213456844	-1.99202552842956	0.365034054423146	0.59053580846002	-2.01050711420606	0.937383028618229	-0.0551763118766923	-0.652576065194729	-0.14577656035394	0.819431429619579	-1.90258639074751	-0.0209878078932388	0.525705797140464	-0.845658390371913	-0.636179256524702	0.0818752654966432	0.0782976988956727	-2.12388464214306	0.137040632818656	1.22575718713481	-0.575638018647958	1.78491098395603	-0.771686839101693	0.259840555268263	0.16942584569518	0.390465364326397	1.05430526706744	0.437030494118229	-2.00983085634123	1.0547941220421	-0.488459262473401	-0.34641261695486	-1.02082435920216	-0.239062502363297	1.22908248275806	0.0447721460923622	-0.709672657181157	1.09383245591401	0.936285804550115	-0.0455908497878692	-0.812844183761887	-2.56318716532236	-1.7774271977306	-0.197395279669907
"SPAG16"	0.480813843842769	1.17157467860815	-0.0335434149540294	1.04741617477853	1.19733398022295	-0.318155926809465	1.16824887664596	0.271452098352119	1.20504053273214	-0.202234047918791	1.20741983375488	1.17017662966034	0.29088372883041	-0.326781220609317	0.562139814895538	1.16888742189718	1.15125208224108	-0.62641140956795	0.466591160038888	0.429351043571301	0.11870949470176	0.200725484753838	0.000304243627257688	1.08922880081591	1.0670810606844	1.10490634117041	-0.319267680410624	0.400108933251324	0.106286673381952	-1.88916093753797	0.280835988822211	0.593228258434211	1.05878505977852	0.508451885348724	0.66207776937799	1.09432081670893	1.17506847997283	-0.0996401715241097	1.1715396246259	0.261931404397661	0.709170072516871	-1.08117305325545	0.552573382157621	-1.13873845141953	0.545089527234664	0.383474062319655	0.532741890096272	1.00509229017933	0.451413804070324	1.0196157284387	-0.0315516304462169	0.224194323942836	1.05737733296953	-1.45198677284658	0.617052615899288	1.04648788506951	0.15860852605145	-2.15991916429268	-0.0859740597811154	1.13473615994969	-1.19688384764416	0.519088787384681	1.06032867831524	1.23728854019476	1.09719827954469	1.19139658054027	-1.31884723351166	-0.186040743120181	-0.609951208496533	0.290029473873592	-0.15795700186108	1.11440667824611	1.14830647304528	1.12058954283101	-0.279137321295442	-0.0578021633129076	0.317149515772591	-0.884484334191148	-0.563923297545963	1.07402049337477	0.281366216822245	0.11658465723085	0.184094215036709	1.27675071182235	-1.31340894453358	0.529216581899074	1.11014222277509	-0.973956780190349	1.15442558703213	0.139539484132523	1.24276732318492	1.18019065831502	-0.0501619106827613	0.216635595713432	-1.15540935897085	0.626183388955601	1.1231235707097	-0.0661079549807332	-0.110930283311519	1.08462718243459	1.177410247632	1.07924917594047	-1.17438614476591	1.21376844382093	-0.670576313618432	-0.875013998917751
"TMEM41B"	1.44611862437713	-0.311816049128667	-1.06939502389114	0.0123885522240522	0.162514354484228	0.455214634721086	1.04931352513425	0.666095691297326	-0.260325782630234	-0.331171554891621	0.680166611212225	0.796743409690187	-0.291607913761558	-0.927539279291268	0.354618868576141	0.910780018225496	-0.164206815208995	0.309010330780061	0.732696700152268	-0.128354086515801	1.09796291971815	0.867728100034015	1.15455517801915	-0.131349731676118	1.45947270412856	1.38521375794723	0.997552966296337	1.17617501345339	-0.387848019166037	1.91090228353046	0.0358178150849428	1.35468021696221	-0.0866750287039399	-1.00917219034574	-0.354401282526723	0.941780703669202	1.45161371559956	1.08366647957017	1.05712203132845	0.682129911073564	0.649084260483923	0.031929860503756	1.01538912079129	-1.41641527665237	0.899185741077351	0.338850821430754	2.18800365486252	0.608516751398355	0.423343315392238	-0.143577161633397	-0.579000494134054	-2.05770831920723	0.994809205184524	-1.16110736101806	-0.81556043300964	1.38183253148308	0.47795881144518	-3.37809155556794	-0.12793931872013	-0.867621090989651	1.17327941245975	0.264629852215916	-0.710780240868914	-1.25231055557864	-1.40863722884509	0.749328179901575	-1.29685224706937	-0.272392504631827	0.907354308892936	-1.17433002342537	0.470318999463262	1.37091180619344	-1.28848275830558	1.15389426558682	0.315389707995956	-0.346745614743503	-1.28505658342992	1.12308343065802	-0.0637326559091997	-0.280831929210926	0.88657515889855	0.427419628463982	0.733428618449766	1.39029947180879	-1.25431642110637	-0.0356714682883132	1.21968516925391	1.3119672331868	0.552154467901301	-0.585034708269699	1.0274297725069	-0.205696913386717	1.34629248862067	1.4583719255395	-0.0224157919491788	0.297650507021986	-0.0930015871010784	-0.367889905256311	1.2304331154179	-0.225345604611639	1.2671238941398	-0.429514035918525	0.273438737906174	-1.61076757293319	-0.587206101845607	-1.65350465122965
"CCNH"	-0.455818298601926	1.15206828772348	-0.107959543547797	0.922063631566456	1.14888951092136	0.877992950893043	0.167509235715936	-0.131746347442913	-0.832522108975717	1.19245398405886	-0.175578928625261	1.21436044372919	1.0589969120027	-0.592896273626692	0.547479874205644	1.10679762772353	1.38031197895782	-0.591785881225844	0.417838110831572	0.193367686595377	-0.646375678727134	0.392858802571507	1.00127021184634	0.890558079340138	-0.0412020752754896	0.811171608730765	0.99293820775787	0.0559013668440195	1.21323261814656	1.56397445185252	-0.0869850318636322	0.215575484542628	1.0536211230019	0.161635061702203	0.248392640373299	1.10173618067006	-0.316301601375174	0.990981588207466	1.24475381918345	-0.138615806291167	0.991997135337046	-0.204634126741878	0.325091794981951	-0.0322489732839669	-0.70840407137223	1.25165517039045	1.43268146730128	-0.0842548719126903	0.150818115116615	0.130254392289343	0.212775819143509	-0.261802768767195	0.0726894517788386	0.352896915232121	0.199503404313186	0.995924675002433	1.06932258199452	-1.67484111531184	0.828629240878701	0.0549424688252737	0.239637216697147	-0.305029590355991	1.12617300345991	1.11771281005062	0.205885416810428	1.07516721012226	-1.57161012850562	1.09499573236771	-0.746033009152582	0.312535690388599	1.13565825219666	1.19195077864077	-2.18876375896309	0.494376942209583	0.607778093163777	-0.968832889500634	-0.669634625012847	0.324446913096866	-0.748740849938168	0.202182327688772	0.937856331849942	-1.18218466207796	0.143257146787345	1.33636137533389	-1.1684325200736	-0.84771887867919	0.241314992215238	1.19985772374767	-0.0259715660841716	0.220848035082753	-0.301427206742547	1.22233388827697	-0.118503975884669	1.0285037265733	1.00680153194654	-0.573254398768691	-0.671065105172782	1.11169515744383	1.42580331824328	-0.488902988251165	-1.09417590301931	1.09941838627732	-0.971643262053091	-1.300127157924	1.13358605093292	-0.237577517394489
"PECR"	1.03399127752995	0.419507363025553	0.693375547660571	1.10655239226874	0.279282680517178	0.507886096781807	-1.03241965751744	1.03359985064595	1.08501391512109	1.09352646123905	-0.0567292046171777	-1.43149478706021	1.07006359518478	0.496699744682535	1.12580975693366	1.19010435188976	-2.07046396586254	0.375019910635176	-0.023649919478037	1.09647470611327	1.06400267059593	0.0500873488740756	0.420807494252253	-0.0981229156268832	-0.352018970655658	1.02696190348131	0.833744035371089	0.363682114410834	1.10285961161834	1.11112880703476	-0.739385326474004	-0.927981024377756	0.666854630496264	0.431364230545842	0.419359654285573	1.33326299798643	1.08946495845138	-0.405896854262718	0.984751534982632	1.00335817651316	0.492544739235248	0.660521746072035	-0.934128124525819	-0.587970925704935	0.96784284451946	0.435337760235597	0.990702499633293	1.00290184134492	-0.284391046053245	0.996336159339737	1.02209723641024	0.65913544829322	1.09129212074124	1.07445232325742	1.18559414367586	-0.870388076480391	0.767810125610999	-2.21837924786893	0.471498122315398	0.0468912738571155	0.386165448143577	-0.482921002565204	1.1004793484306	1.22309923447269	1.07765414010059	0.719789799601626	-0.341917362368855	0.19105516923793	-0.796873298483656	-1.08586819039552	1.09570862684318	1.10982425718284	-1.23193346352242	1.0428321670213	0.146528326934892	0.298895944479534	0.282958158796377	1.11486918760093	0.389236855225956	-0.294300001704837	-0.63797652094049	-0.557299039497845	1.10663500251545	1.42995908518102	-1.17454522237733	1.08446564414677	1.20061303581045	0.0538069209801666	0.4299786451835	-1.07397344029608	0.699498553168556	1.0599344927332	-0.808424225619972	-0.799830429073969	-1.06928460516434	0.529631767512787	1.01179960957505	1.05161835921782	0.176774084491116	1.07068211306785	0.207007564769631	0.440421756859998	0.24301114709576	-0.718105588737324	-0.227701641466006	-0.203951332938316
"ABCB10"	0.733924382900587	1.02853771574071	0.036457165039582	1.0859612071428	0.0922741074952249	-1.57373029137298	1.15143571820993	1.00778304865818	1.20369937182909	0.332015637027931	-0.998912423956474	-1.24419734972583	-0.805838377232033	-0.289399788422174	1.27494076400505	-0.0418706683222533	1.17804383437348	-0.452393798379215	1.09163029701824	0.162944325766219	1.23005584275818	0.933652918408369	0.202087783711501	0.702068408051147	1.08998865037786	1.08837022024432	0.0242108165772907	1.09699180354119	0.777999806651261	1.2357092917268	0.787551112043742	0.0496910403037432	1.16805024220561	1.0271361247626	0.497465155207831	-0.280175917184882	0.591664295675015	1.03032664699092	-0.0536446657604078	-0.552422280448652	1.09038855796121	1.11555806669433	1.14604992311513	0.0548795155487747	-1.13253956647293	1.01647201790721	1.3387223753229	-0.338870665299293	-1.47636996238395	0.398953366192321	1.28355616381856	1.03596433419908	-0.081781520478576	-0.308312061841937	0.217618898896144	0.753335141637065	1.10544344476392	1.24404701842874	-1.15854696264782	0.201077016161182	1.0981101666304	0.457588592948242	0.282312868394413	1.36610430161836	1.07805207822307	1.10382104692388	0.707728362658296	0.102559106697684	1.08173030137878	0.0624594036698197	1.15220881491382	1.14048736298171	-0.378002257862495	1.01521296193711	1.19780701045342	0.813544116067075	1.29755001080809	-1.07465262139375	-0.450088091192232	-1.13943336616521	0.386756692512413	-1.19913080390226	-0.28011315163501	1.44671926632818	-1.13392949368608	-0.0318503782900591	0.938569697181539	-0.329754021675728	-0.434848704772921	1.12507858460311	-1.18636414179423	-0.845921661446611	-0.123667356482871	1.19688295690527	1.15623954452794	0.987271533923883	0.00573223068080192	-0.0194609732263638	0.122226587575196	-0.0689471685933747	-1.36679748270796	1.14847609052506	-0.458101689463001	0.32309434670769	-1.06370437336336	1.10114037553471
"LEPROTL1"	0.0589346764241193	1.12703605044222	0.166708353363728	1.10865253680243	-0.736604506107098	1.28758297225216	1.50546599979983	-0.0928848386139902	-0.948869797465297	1.20707069480633	-0.94271885320929	-0.191115817126244	1.11447707899579	1.39900339250966	1.50531553840259	1.40892643293558	1.19119557570401	-0.381068795346067	1.33089635205406	1.32701069930192	1.31996806623831	-1.47232852617407	1.42103184741897	-0.24116276292256	-0.0318358813766929	1.65671221317295	-0.221335556647403	1.34074331939588	1.22647907114008	0.80020292761476	-0.20971631358131	0.0961707159841803	1.33595657647379	1.27434388596953	-0.354766603186061	-0.449074983464926	1.28117719816354	1.2701937226521	-0.822065862489881	-0.412927265488367	-1.10613679854017	0.0756479288856064	-0.190752911366313	-0.00403034267789933	0.970807898127339	-0.836084126660336	1.26438716319209	1.07577461784158	-0.0980126316158023	0.811014421335856	-1.3390315666189	-1.67351378266259	-0.762046557930239	1.24736661656934	-1.35338501274243	-0.403354424153167	0.0191882067514379	2.29645385599189	0.117999051428551	-0.711319377825867	1.42525628762842	-0.182809048482182	1.28556417948948	1.68279641719658	-0.11528951962917	1.35244330155464	0.0514759647310129	-0.69416106948007	0.056583332319044	0.186195947627501	1.4782738775084	0.500697576673069	-0.315717735982198	-1.2325134825988	-0.262391721502426	-0.380021982680509	-0.321835149594419	-0.870456260552953	-0.762386839066763	0.230280387791627	0.0101922782762204	0.389877311735671	-1.09123535242385	1.55006095344666	1.59399666043012	-0.432834591811657	-1.15353245993966	-0.394026658649443	-0.0818619432857087	1.10059440391091	-1.05536274855422	-0.397059676171562	-0.939687155705965	-1.10126126961239	1.08260038875447	-1.19517571348112	-1.01516899807854	-0.849787669903346	1.20508406862309	-1.0668531769036	-1.03134911517968	1.21614710561637	-0.92150894004062	-0.969225315550611	0.404475848765286	-0.58826866508031
"PIGA"	-0.505818163067198	-0.0118875967841851	-0.782751686985302	0.124878331717459	1.09674021655625	-1.37092739748555	0.510363827499059	-0.950420310117614	1.0865733602669	0.666922436918388	1.11245575996121	-0.0756059024116491	1.11843935262321	0.375373148439894	1.10807290648074	1.16805289324535	-0.018314263803955	0.531762223357535	0.239126356165711	0.302928346660592	0.347817347032595	0.0133180643345048	0.0665451713830951	0.364698798694116	1.07032412869825	0.335556489337012	1.05409621524477	0.175608088993604	0.437578942029543	1.35627533828158	0.527050038429977	0.211862374135635	0.37840061330178	-0.533472824202788	0.223361415109351	1.24262065241227	1.13827616478406	1.14610657104027	1.18886987559741	-1.01158560800414	0.436102238376563	0.257721994152524	1.08592303809034	1.09952712218956	0.294188678208309	0.161864549487482	1.13211520178055	0.235668986961217	0.0299040979851523	0.0666429516148888	1.10112175593	0.802361175222021	0.38489540128886	-0.967911770754734	-1.34264062515735	1.10077998984719	0.100508086892284	-2.23672675390729	1.08931378764975	1.10699034942791	-0.798091299151679	-0.647391153104127	1.06600886524322	1.13895678182924	-1.16323375388406	0.215939090983225	-1.94604988890309	-0.56056803235419	-0.713775727465602	0.0920460875658763	1.10777821281523	0.0117203654373178	-1.76813946308389	0.60028411729228	0.473792163247006	0.29019519151372	0.113609892195215	-1.04745118725268	0.356003721677451	1.05687618994692	1.06431128595279	-0.0184363055826652	-0.789125688279337	-1.48218994008536	-0.021969456644449	-0.0292307022028018	1.11430111568858	-0.0303355390305409	0.222550493311443	1.05886371214028	1.26592605251375	1.191554522488	1.11592015806246	1.119855593072	0.580700152476326	-1.08983033445084	0.231830657913308	0.489100564388919	1.08985413947525	-0.142347143928641	0.638425369853617	0.508920853420168	-0.928409366639673	-2.01307773677948	0.281685165839141	-1.00818497991414
"CYP4V2"	0.528065597909801	1.19652793411236	-0.0900537605138158	1.07212796567242	1.10670130974408	1.13916397514571	1.11874277881321	1.27807836594687	1.06454806020759	1.0731469221411	0.387573494432247	1.11826529319009	0.105933550177654	0.367871610885672	1.04083639288432	-0.598961004375964	-0.291125088826093	1.18114326894609	-0.303433767464353	0.767486841017844	1.05128913753792	1.05183080807086	0.31027306104011	1.04260792905825	-0.962432805094152	1.31576053068819	0.228639726904382	-1.21885162139696	1.10412232097094	1.27310248516126	0.623520048520436	-0.376767006552661	0.341876429411487	0.0470359350192295	-0.487974257249028	0.114695711842005	0.402063965220401	0.596175514158166	1.05762971169227	-0.127456902426599	1.16122517228561	-0.362412796076093	1.04115239239009	-1.11810517607867	-0.546052343229672	0.429760269716637	1.4063544379165	-0.247797576130784	0.107513505233447	0.0209404300959803	-1.38754105728289	-0.0370219817233532	1.02525955150091	-0.998155858981826	-0.407954095977345	-1.49738766920662	0.0471641637155166	1.60589847182217	1.12070374103913	1.20911682228918	-0.648772629306063	0.59601946135587	1.08215402542291	-1.66425844825762	1.07256103194988	1.20800072317805	-1.87985563837226	1.12237160904564	-0.7514750966848	0.0963230641878768	0.594109168479737	0.50266565966347	1.1484234818606	0.20270614372937	0.518007679786542	-0.0308578972966147	0.165096313330449	0.500938839315473	-0.196805805954948	-2.03143092253127	-0.590624785099539	0.0882084183451098	-0.207032101182007	-1.4362476880588	1.21360687344811	-0.697981488769713	1.07146036500565	0.365183574068292	-0.0444498440829551	1.12958138140971	1.06282867131538	0.276823885704474	-0.0616362216041132	0.0786611233331333	-0.166139585921592	0.564557531381162	1.14018455174347	1.05356595152759	1.21708514059434	-1.65029746485575	0.468775652412057	1.11365388266738	-0.989381473428871	-0.987000958268558	-1.02897199304739	-1.69140412245708
"KPNA4"	0.356864918319803	0.997144077211762	1.17890816369078	1.27084179021347	1.21033682328599	-1.31559803885826	-0.105833825078422	-1.29591042483438	0.907130645249555	1.22457071935936	-1.33344384471308	0.0784511002746961	0.771541759637702	1.28089521794064	-0.0276963661562888	-0.755578402981288	1.3712148798074	0.412479627782853	1.1727126236083	1.07747740333981	0.897261145833086	-0.146857117247183	-0.428999375834474	0.788007665715936	0.421674086092453	0.439005536865596	0.409378590721409	0.399420234832202	1.15119968397845	-1.18957348717816	0.388256458996543	-0.607845024876785	0.301071634619304	-1.09488024968704	1.2286902790482	-0.9276741820424	0.761353427484977	1.43285012571574	0.444465164826714	1.30219788022786	1.13911852502265	0.897866701388388	0.926370651632765	0.405128959405806	0.208930017903514	0.902480813185678	0.978008698644237	-0.63245589765945	1.19095593468835	0.753081375638513	-0.0988174454858858	-0.00102262873136512	0.527396375126932	-0.555190685053748	1.24987021251693	-1.48931059804924	0.552900465254798	1.169300603887	-1.4987434410663	-1.19846987469796	1.17088962835218	0.123792968535958	1.14162367650148	-1.45986568144503	0.633361019461617	1.06038791970849	-0.907689032009464	0.821430414396333	1.15227147239084	0.550360835222225	-0.334844545301535	0.446343761400783	-0.131759997545881	1.19155911653267	-0.244524090070157	0.236154705469933	-1.22326066898589	1.17943607256246	0.687883029575721	1.3211632925378	0.595148622663093	1.24946739714942	1.06233316197331	1.24678105268829	1.22995750919013	0.0332274609386137	0.874374797033118	-1.70689511753493	0.29599461626165	1.35147547873147	-1.45552747571116	0.368871615878166	0.939429786512265	1.35679905395969	-1.05265587730439	-0.00147793661225828	0.899730898035636	0.906234182868897	1.04211379459435	-1.1826359417515	1.1464714654788	1.15044217261892	-0.945652954404849	-2.1133784065462	1.06197254769823	-0.94184302996762
"GABPA"	0.571335158386313	0.557978975097957	0.84890769399269	1.89465487352428	1.00205166113746	0.958882071183934	-0.724009050507349	-0.83830336814519	-0.750125650655815	1.62071200921899	-2.1577640968862	0.633495419104892	-0.301249620473479	1.39480319223384	-0.318447628750167	-0.193829284408504	0.0224636607914659	0.871350312974502	2.02944878194036	1.71787848066145	1.34627736184931	-0.361264296495865	0.478033935744263	1.01209831797885	1.51593825715955	-0.33989728468956	0.679946310609353	0.352085483165788	1.0596549692503	1.8443824821385	0.776719099474904	-0.733203196831626	-0.384384428358841	0.00910944784535615	-0.0100702782746269	-1.45793552399191	-2.25727321157955	0.43789181283373	1.96491618810504	0.22027350110808	1.82347420672464	-1.80270387521948	-0.0810095730202947	-0.75312975806918	1.60887076597753	0.728819763597936	0.243723357913717	0.802147012042217	0.660371536382488	0.970684851225031	1.80782046216281	0.68902805454925	1.41481906572073	-0.63796249443423	0.768440994374433	0.0878670733672482	-1.87787201296933	0.901028669366592	-0.854075152026947	1.34360255577567	0.226740985900422	0.720041500633642	-0.463037809711172	0.564609210684612	0.80685256566473	0.653002366854524	0.0454674491949451	0.0482740293086801	-2.31552090217206	1.07136699631336	-1.331069229923	-0.098073100395221	-0.298673511534871	-0.586802388985013	-0.107834242765037	1.11900903227689	-0.165467507572986	-0.429061326801734	-1.3981133929464	0.626460794680483	-0.155436304327999	-1.34853571422513	0.0387311997092873	-1.05921603889299	0.566882485963981	1.64367459483887	-1.32053438698072	-0.783169529924096	-0.472681018540491	-0.635051297906603	-0.811648809139928	0.0147492109650237	0.298921800116732	-0.488412939715846	-0.507411680660992	-1.34499225789657	-0.0726189720849167	0.670316526260793	0.154717852383776	-0.890818984261442	0.905974628596976	0.210703259649372	-0.374468533651948	-1.91965522307955	-0.954493053655366	0.142535167436996
"FZD6"	-1.84742679005434	0.601275310402823	0.163104071401319	0.40053222474515	0.919919261164862	-0.119448437356253	0.208676850337483	0.119931871973865	-0.014144157341942	-0.104799206089868	1.0237684392648	-0.114440009298354	0.0804838977986368	0.294914996839941	-0.58472083490065	0.98835679437966	0.887511650324489	0.469837382369198	0.460036382810839	0.850295114029537	-0.0753697309467548	0.719898378057939	0.336333053474996	0.924175168765818	0.897861760259461	0.881635566437841	0.885106149997789	0.891153210752236	0.193011861898966	1.04107571842854	0.86033051697581	0.890759261458583	0.0909729943574934	0.216144045342796	-0.048963217715082	0.895612021234425	1.10914255651507	0.0708217324131604	0.995995012004826	0.325463266887875	0.420898023935237	0.0307202482548753	0.229329671151459	0.38146488359888	-0.0419902006252994	0.638800530806252	0.862134132466327	0.487297407916944	0.507303580772466	0.0697066507182829	0.164816448877117	0.954319049061217	1.09081729362118	-1.9906043047992	-0.214881715739317	0.403425750378862	0.98198139911389	1.19733586888701	0.220652462586136	0.389938933944057	0.958275320353245	0.241255795913648	-0.99266034272901	0.961794233265469	0.341543685902332	0.89016028293356	-0.476548739706456	0.940732825303584	0.471396074797074	0.455459434866518	0.288940681546315	0.851398146086951	0.34912654204914	0.312687207258524	0.236255234258742	0.497312815715435	0.150871957696423	0.10847498650828	0.0155362219953946	0.854763699189734	0.960382311543223	0.440250977155788	0.244559831265768	-1.9906043047992	-1.9906043047992	0.0872507328008813	0.950639900138972	-0.0562561880122601	0.719191013863145	0.60723661828124	1.02420149744094	-1.9906043047992	0.40641235440505	0.360823826463667	-0.186338900570295	0.632631977465241	0.907389359513245	0.854474766445081	-0.181946190867309	0.888230023840323	0.96213136231093	1.03272046866303	-0.163812751499721	-1.9906043047992	1.04043843571815	0.408508895801719
"ZFP30"	-0.375145012957659	-0.337292291490169	1.25767059805984	0.434024605995889	1.35097144836282	-0.0695611876800986	0.224737434280015	1.15778120777474	1.25818170952635	-1.03264934368827	-0.285341663146866	1.22172706594933	-0.96106965658626	0.0859425618698515	1.2202583320538	1.4056593057169	1.36065558978927	0.337707454241575	1.28421334722239	0.447557438122283	0.570812652832872	1.22977080427864	0.152364013844429	1.27266317974334	0.978608573717993	1.20659552142717	1.11562713351033	0.397308055158863	-0.769984700928418	-1.46132908359565	-0.039177149341397	-1.12433730186827	-0.788217466849619	0.568773471109834	0.367919830343291	-0.149692660920788	-0.519774275449913	-0.322545452265981	0.668328579056397	-0.304223202904512	0.380243644140198	1.1811686190835	1.34061319083559	-0.0520473068487482	-0.315187563495905	0.724701923477068	1.58722698490102	1.15998869477427	0.229830359583309	1.13739984131956	0.0960206843544806	1.29722258271771	0.637408743931143	1.29842378494585	1.33503405155065	1.22639517252524	1.29005297049713	-1.98927107402726	-0.995299255840628	0.457655929433968	1.21948852951072	-0.924866240633233	0.202038847424942	-1.79079058173769	1.35088408458465	1.13140095933592	1.17612268692697	1.14046749568813	1.18305795026032	0.17040855074054	-0.97328408722644	0.825307719013673	1.51793653769024	0.410714000821729	-0.243162986109331	-0.846169051665499	0.21900471509163	1.30992073445915	-1.19624579077741	-1.24001623802773	1.18153788485372	-0.649744631311152	-0.140793119997953	-0.361641662137797	-0.837375596013145	0.172855561595775	1.28901411860543	1.13116457704326	0.568892319984433	0.0366189908545933	-0.945057789823882	1.32886935572856	-1.1628689942805	0.00118213566416772	1.31211085762312	1.3073641580572	0.204971588757757	1.18931677490514	1.34766850995637	-0.921263166736141	-1.11046817854039	0.141488372897488	1.27220436515366	1.42781049300942	-0.0804609525100522	1.1104927062947
"UBE2D3"	1.56414710026577	1.21779974835666	-0.338896694610771	0.531458422947183	0.693527375334051	0.913264344725455	0.571319394534801	-0.524092162105994	1.78865792508261	-1.04244872551877	1.24177017702444	1.01137515242163	0.943507446924391	-1.08054902522148	-1.30616300537205	-0.0363533785927503	-0.331516340555272	-0.127950716068749	1.5411880646524	-1.21190903296395	1.03986038503444	2.18030958564175	-0.1949133241039	-1.00828969386668	-0.85180330359807	-0.387741284459962	-0.735014001822973	-0.410081662607763	2.21196038697083	-1.32916967578745	1.31975489738679	-0.0636240849935079	1.27704263636991	0.306091453789305	-1.22363729772919	0.977447696828311	-0.666106094046042	0.79812589449418	0.812111717627655	-0.560862197828771	-0.00327940310806423	1.01026387173683	0.638108313064799	1.50058475878036	1.39616004438786	0.623918360015011	2.94322516511949	-0.401971474085408	-0.362555498482743	-0.186171074980965	3.36504040213819	0.0805846637331847	0.408721579230211	-0.988568391426851	-0.139674604770883	-0.0729179279408955	-0.652769473119675	-0.104943984778602	-1.24248059239877	1.06634178909213	0.761377235227109	-0.0717432300898448	-0.681553775465093	2.43541973690418	-0.58317957004509	-0.655399169202561	2.04217470395481	0.601608679384766	-0.736535405887655	-0.31073189636376	0.55924927539357	-0.292781070732256	2.12984286406458	-0.579774446480209	0.297291177501934	0.262524042826578	0.770019906594609	-0.394260928276302	-0.574141609843237	1.36947897026969	-0.313493980452787	-0.383483547712332	-0.115311682682572	2.50769245803658	-0.223108038106778	-0.746731479401076	-1.2467864578895	-0.224912152556489	-0.516874953153719	0.189980504275779	-0.550369716979662	0.931852380523925	-1.33441908542453	-0.148992942311317	-1.44658798316563	-0.243923634469671	-0.0858750473963145	1.47780048339106	-0.931628934211234	-1.07203740296054	-0.431661106070325	-0.115694487534132	-0.223618244694426	-1.57786403475764	-0.375518322891644	-0.25608752374626
"XPOT"	-0.211416424147577	0.584107435743321	0.199227989239484	0.83477762175542	0.423131263136233	-0.45766768125236	0.642403684032324	0.721637199524557	-0.0968643662563811	0.788406867402494	-0.0011216129428565	1.56100978141117	0.605545292170368	-0.111799594811535	0.154044867464018	-1.37809728687708	-0.69966668267268	1.06339416522552	1.10498857877782	0.0680105488270009	0.211867874189101	-0.00588222580106565	0.618727328552547	0.0651663979273367	-0.282751742589143	1.23337398878485	0.909955323433343	-0.389229229175692	0.923464351809139	-1.56533360115955	0.587356992592776	1.42269547454861	0.64956015077214	0.45045151042717	0.301834156222016	1.64851453774306	0.810912910569258	0.598835794844749	-0.538961938837469	0.320057106650939	1.20774975277517	-0.434748162485107	0.662107063335381	1.18690072208967	-0.159113109883258	0.582513736885589	-0.305010172026306	0.298737487021559	1.07148534299957	1.10858118048815	0.978747412321576	1.15316866539127	1.10725879287358	-1.75988358421885	-2.02914730331709	0.310397192675944	1.26779778317823	-0.885315506185839	-1.88753167553757	1.89040362253487	0.164609917638874	0.56924983866409	1.21903476521142	0.381747410309711	0.78465713734885	0.551367789669045	0.782658716596443	-1.63829165647281	0.673815361210208	0.462623688213864	-1.76133695096581	1.34582538081936	-2.04903848909657	0.276746979541914	-0.605201484803865	0.771693693492329	0.356652846226893	0.420917112235771	0.492101377076369	-0.474352134974959	1.67465228876784	0.638210025978377	1.0022132792591	-0.810404953603431	-1.44936154859822	0.461192285959392	0.572337439782578	-2.23159148284957	0.888175324742067	-0.0741825834759783	-1.78322443075063	0.664418992312958	0.610811838842172	-0.0300352517713911	-1.55941273514011	1.27064720907466	-1.56097623923472	-0.69544944096871	0.507835122217252	-1.49010765218609	-0.0619527625730227	1.21840271894904	-2.14890073022256	-0.344509047696082	0.940543286990021	-1.74935975850263
"C11orf54"	0.0463959227607312	0.0346995284783249	0.0990920725815108	1.2779274652554	-1.4668129881642	-0.615390035027384	1.19282286058092	0.368412473856125	0.779396878247435	1.23840569144718	-0.350442176207497	1.6621341943022	-0.354827080275789	1.26317300180657	0.34695910770736	0.0439879533370665	-0.190707279198123	0.19727958354468	-0.254252978865507	-0.152160544238016	0.125515067857068	1.141615723593	-0.279025289530616	0.437929958980371	-1.0607602638277	1.19920427093566	0.257277837027778	1.09808581885028	1.27111963465077	1.07973011913414	1.19493315531226	-0.0849348848471441	0.754390923141006	-0.0322480387593282	-1.15460049255759	0.0161604132175292	1.14609752329784	1.36303329416133	1.170564128594	0.374970102704741	0.309871742112476	1.07416709964516	1.35012477592898	-0.460855603582335	-0.866509487382691	1.26550260250672	1.23360704866094	1.12796940765838	-0.304095019692406	1.07385439922349	-1.06978032714899	0.186249266385198	0.342417788780989	0.136797161531133	0.00529228284377084	1.11634430382524	-1.14059675466095	1.78448032413604	1.25797002051458	1.11065965505656	1.07159070583276	1.17867132786779	0.24108327826349	-0.0943489599861188	1.2159134095114	0.162587325847755	-1.2888521033744	1.13217229311899	0.347265625161904	0.406689256293197	1.30391031767853	1.14652719368517	-1.76090955708277	0.601674299730129	1.315115698316	0.0933017128091331	-0.458243670738343	0.298825091971261	-0.655510487443215	-1.16613601762493	0.0277569552124731	-0.0227266592292791	0.196283701366097	1.73497738296839	0.565707298586007	1.14821995902835	1.24558501928101	0.280407565658399	0.00136025848190576	0.292321039456432	1.14579321038868	0.601583118785916	-0.377274740505237	-1.08123212723171	-0.22279332703165	-1.41542705811288	0.00837638096862923	-0.029004095828209	1.51239259438545	0.280357813790967	-0.0317797126532515	-0.674449208698451	-1.322044148545	-1.09944450062918	0.549413180909624	-1.51688295715686
"SLC44A5"	1.36091212845139	-0.961139804170451	1.39611392458077	1.41837158551393	-0.961139804170451	-0.961139804170451	-0.961139804170451	-0.341874641311772	1.35703622091096	-0.961139804170451	1.46326869192977	-0.961139804170451	1.45549489045684	1.35785402214658	-0.961139804170451	-0.641166840098183	-0.961139804170451	0.47114473174757	-0.35795416261459	-0.961139804170451	0.554613808324953	-0.961139804170451	1.34777892434137	1.35084428235184	-0.0276450357991175	1.3742668888225	1.41170143174719	0.787053247388174	1.34909469320699	-0.961139804170451	1.37561126521444	-0.961139804170451	1.37926376314049	1.36341608809026	1.34564518101584	-0.666836412522497	1.42933945507987	1.45022757712324	0.418556322130827	1.39284887364697	1.36067583336446	-0.207131702719391	-0.961139804170451	0.0792218750667453	1.36446786476472	-0.961139804170451	1.66231462174801	0.987530718253348	1.340978612361	-0.123903385744109	0.284058333418636	0.827950010203158	1.36452830266461	-0.961139804170451	-0.961139804170451	-0.961139804170451	0.39901578134153	-0.961139804170451	-0.961139804170451	-0.961139804170451	-0.961139804170451	0.0290196016590723	1.37321892999079	-0.961139804170451	1.38621416997047	1.43698988171417	-0.961139804170451	-0.961139804170451	0.213500944199336	-0.961139804170451	1.43295089349147	1.35298253978544	1.51158740794304	1.42957027246339	-0.961139804170451	-0.961139804170451	0.664628244905211	-0.961139804170451	-0.961139804170451	-0.961139804170451	-0.961139804170451	1.34826209360287	-0.961139804170451	-0.961139804170451	-0.961139804170451	1.35621081016907	-0.961139804170451	1.3931022933545	1.38271280804997	0.660829526717293	0.509823975115228	-0.632595901845241	1.3563918652046	-0.961139804170451	1.40352873980679	1.34910120539816	0.0489436587871178	1.35414214798388	-0.961139804170451	-0.961139804170451	-0.961139804170451	1.38570739079291	-0.961139804170451	-0.961139804170451	-0.961139804170451	0.329533652450897
"CMC2"	0.290646304466114	-0.770016417670328	-0.873830928608189	-0.307391503052506	0.471143328919123	0.238785585466065	-0.0126341293660577	-1.18272221974351	1.27038480520081	-0.307349186855094	0.394237089032702	1.41147209696087	0.695197118028762	0.161386786467574	-0.30355696479687	-0.299846386420241	1.19696454938579	-0.186312236091206	-0.197385977119487	0.388545422629383	1.29343293661476	1.40581678200186	0.0837508592632743	-0.202932925451418	-0.0775728909503552	0.397257949709043	-0.5470867542315	1.46121724541793	-0.105506994636512	1.42333795992441	1.21077598641941	1.20295914539213	1.39336340172678	1.16252174714971	0.519843766598396	-0.32057787191896	0.158857696950392	1.30132730581193	-0.733546570531065	0.884732435219614	1.4267334801121	1.25926819038699	1.24611962314885	1.21464671618405	1.2486290252601	-1.18699313126445	1.30548891402622	-0.424207519895622	-1.08401826985359	0.278165385387269	-0.310847889865702	-0.993861014852204	-1.23578417867428	-1.0782439126267	0.334883130571026	-0.110902295212027	-1.2704764255687	-1.35667478817721	0.224296801502864	-0.461404963825739	-1.16903968825026	1.29597793468536	-1.17636323199312	-1.43364013743978	1.30511443256866	1.25063074563509	1.3088618402572	1.16281023981863	1.40466559874416	-0.0856557956330288	0.204278226426647	-1.25075711018267	2.09481399073371	-0.727252946599187	1.34909817817149	1.37397674286382	1.22572973044492	0.258204650894181	0.0798996231148852	-0.451191786143357	-0.51854487457336	0.108551665573951	0.409960901591095	1.19760195178888	-0.0609281840986684	-1.11555704695215	1.19560554040308	-1.13115888983972	-0.539839637476422	1.42006400184571	-1.00143451412166	-0.14633010709367	-0.113483536303371	1.22157818198582	1.19852060901474	1.36811574864465	-0.0858110413420581	-0.860539075325516	-0.343886652700362	1.43169443203295	-0.114367003555228	-0.10597108151713	0.0747299565817227	-1.85085250768027	-0.325066792455193	0.370000839967236
"MCPH1"	-0.467764120929308	0.0604129599432299	0.290164659165581	1.36064281146798	1.93604179726369	-0.736998603163645	1.28664511038715	0.0354937362352135	-0.860091828329192	1.22442362621146	1.42839670854244	-1.28041023080497	1.25093643601336	0.401699632324501	-0.177993582562935	-0.447035165047119	-0.0721932837807618	-0.108850457815879	1.27976551453422	-0.336497035370933	1.64932914427228	-0.0499432977513366	-0.460457237083803	1.15056404539165	-0.00137827712358678	-0.280146622954935	1.38444025845175	-1.18125843638454	0.876096362761679	2.40811362368726	0.271066002959621	-0.229343109510821	1.46530983298554	0.257316818752683	0.459499692563968	1.15883727501335	0.279915969302975	1.18293010281043	0.98865995565827	1.43444179263299	-0.971914128689651	0.111026091169262	0.942542718964889	-0.45447312764761	-0.566384730803734	0.249717183004858	-1.33394653111823	-0.841083396746309	1.55003538881808	1.12741162268802	0.302061801283918	-0.132928558521111	-0.327769377778249	-0.172964723255858	0.975544625007389	0.774648866126302	1.28452094997608	-4.2405269118796	1.13080290032577	-0.356131109179791	0.27454334911947	-1.28338107023158	1.18967346574945	-0.124605888436325	-0.963961055675662	1.3473428451591	-0.255839290318249	-0.401357390129659	1.44600565006251	1.14452945531838	-0.299422705660649	-0.612219897024868	-0.219384566217432	1.3972021701491	1.03622729652543	0.0587932203118919	0.86214459350068	0.221637298290198	-0.0905225830321812	-0.521688577032286	-0.533548356430066	-0.761026664941413	1.40493268443874	2.03657736985508	-0.831989692123573	-0.771311586140439	-0.425489548490637	-0.291909515931363	1.18547910332513	-0.374506452398455	-0.838690224499061	0.936251731087054	0.98848766456662	1.30574204363516	-1.28685227055375	-0.0167008984605881	1.20066194127344	1.1705503001133	0.675706118023126	-0.501820601303482	1.44461623179775	-0.793963047985919	-0.0244551494487462	-2.23128606780752	-0.15739672797903	1.27175683600447
"NIPA1"	-1.00801986628485	0.377997423016034	-0.323184350847503	0.726432964402871	1.00885855516844	-1.58920999850957	0.412061689806528	-0.310958772581621	-1.0406107616499	0.353862804376341	0.88792734129865	1.03636139249484	1.14937280361676	1.09986039000645	1.2114650676234	0.652992443413898	-0.254455975141665	0.783407367037064	0.41938811055073	0.0763556430071997	0.354963411440377	0.221679939869622	-0.0167012953921859	0.954068637828247	0.217596314176979	1.19312933145974	0.00409022804981639	1.01872755446797	-0.727620983397177	0.111199829387357	0.473438096655242	0.328796105499294	0.18370103409592	-0.000896278615995863	0.906839059222903	-1.43533031795852	0.992428278378296	0.360779807777296	0.481587477501551	0.309836587462641	1.1155198447506	1.03141343424354	1.11669455819299	0.145540719595837	1.20342350490262	0.465790240145451	1.65646295607245	0.331123479990334	-0.794325915765777	-0.148856639429327	1.21938419205974	0.980628372577857	0.199455773716629	0.391365724669802	0.315884840250623	1.1529518925191	1.23876708892764	1.10900303663059	-0.827443542088405	-1.07403126157693	0.376171989253363	-1.29366429957253	0.432475457146712	1.32874490754709	0.382629213464489	0.731636821494835	0.586249847394313	1.05873226119022	1.07512367053874	-1.15622890382793	0.386955570468032	1.11632691099797	1.21939362244032	0.213700075464664	-0.00264471974156606	0.063759334179497	1.01633081237898	-0.962816346489061	0.18669830826837	-1.20524338387931	-1.10701420059805	-1.26589271244539	0.0773346906227263	1.13858734742566	1.00398615593698	-1.40181263753309	0.359660304172156	0.0188191165917828	0.262864617615554	-0.044041024260941	-1.61502831006943	1.18092939910991	-0.369970376572502	-0.933664147969622	1.07772557327046	0.340312953946352	0.570102021832208	0.640984252313509	0.556031857016135	1.18946262077924	0.375665420625782	-1.34706741109158	-1.57918669729246	-2.33236496605902	0.594491111201313	1.25655806838268
"CEP76"	0.68752588467	1.18050699358487	1.10912861521964	-0.153960329417008	-1.16138131850628	1.26853026221089	-1.1277375813055	1.07171070169438	-0.712677194479318	0.645369764174613	1.1170164077903	1.16229143078309	1.31273831223673	0.344889971098892	-1.40675022676983	1.33463617247466	-1.34460682293597	-0.084417028951286	0.146111542192906	0.182119701583483	1.10562089295166	-0.0821008815949006	0.275332562637226	0.40207647761007	0.308967408124493	-0.402873154017161	1.0812675251425	0.330632832512211	-0.904305394255668	1.36795528681595	-0.451709777597541	0.530491237087369	1.17327266382373	0.360672780734769	1.21951647854316	-1.24887018815873	1.21196314090906	1.13713200516614	-1.1844152195085	-0.537520804344127	1.07524757522604	1.06249307813803	1.31685693432413	0.67757179529352	1.22632706343904	1.11790814017494	1.52869164274058	0.165271865236364	-1.21005253922126	-0.484676506751887	1.0830995421058	-0.0410105977926871	1.16389683025623	-0.264434624712309	-0.783582725926806	-1.40303075687942	0.370257100940413	-2.05143897923138	-0.421156319467618	-0.904522488512518	1.16251996483115	-0.0697394827538744	1.30274771635481	1.13240658669507	-1.04367200300786	1.16707688852928	1.16577924160633	-0.788142455395757	-1.02780830779551	-0.780127345238395	1.13215707459572	0.526345541486532	1.1650140918337	-1.08226590380737	0.331186773452153	0.191251855471732	-0.850755080580819	1.12756334426497	0.103090734794371	0.0154924299061053	-0.593428962850665	0.319952344870962	0.170108645806687	-1.22881210951056	0.337923898045803	0.150993403522261	-0.84515193831403	-0.510665180838816	0.420046525277811	-0.99195244404201	0.429777046291	1.13356025309176	1.31470828575989	0.346660175611304	1.232391652272	1.11630395978002	1.04722818696114	0.725302989654381	0.741220599232438	1.09468691106057	0.627147596780287	0.116241477954483	-0.521249345923479	-0.83053996516299	1.12141593058038	-0.527157447957859
"HSPH1"	0.0708002210962927	-1.41015861346477	1.41271777367941	1.71370046943561	0.950942791421427	1.36168574504335	-0.611188121246002	-1.14179694881706	1.01542406793016	1.59999431674037	1.38782926374592	0.141548963759336	-0.591721538971247	-0.188506209215052	1.5397535423532	1.27663643328239	0.794874370871843	1.40920736479907	-0.801485070190134	1.43271671487518	-0.0605631526701623	0.447052462552288	1.58163044403903	-0.490486367496829	1.47700015572995	-0.373468073258336	-0.268601203158047	-0.591928609393235	0.113199358253199	-1.17273308065314	0.227278008085796	-0.0555790840077822	0.227730309875092	-1.2532987804518	1.38048179820581	-0.706566794650204	0.0116077098292021	1.00080124832201	1.23941913410356	0.220348973786953	1.31618802612167	-0.095468787900207	-0.0458297576469498	1.32273935029863	1.0242131595626	-0.168851161495429	0.73149280769717	-1.25585011107856	-0.167871192415727	0.464128038931896	1.36717654748183	-0.371693636651299	-0.802710787296503	-0.143895772742624	0.434135255447903	0.019672412586244	1.31505092381186	-0.960289783500574	0.21025857578527	-0.341621393851	1.60709780145308	1.45210916891505	-0.916374314589855	0.849689174549468	-0.0297032982292327	1.19616837432467	0.161743895263612	-0.0496836424292456	1.15558245589269	-0.543977661747586	-0.961075156579068	0.632417975446069	1.19591525851687	1.18549611577746	-0.868430084252291	1.21626066850757	-0.225981164373844	-0.371986980421	1.46443960841721	1.21309955910996	0.875102748850175	-0.912530474473602	0.233245602960694	0.551436837427339	-1.08801643351217	-0.7376758979726	-0.575023555960106	-0.796315430448347	-1.22991391870234	-1.48935817201723	-0.875628039259133	1.7019016988736	-1.12614926597483	-1.09734554946197	-1.06330218477389	-1.26340457985847	-1.03406742221389	-0.0362338605893484	-1.20269602642906	1.49300061915795	-0.912747925121002	-1.29029244664007	-1.09032739685656	-0.963277085374158	0.104372764351431	-1.11030094073578
"MANBA"	0.0847317352969462	0.0152058182799058	-0.192495097765458	1.24038328259283	0.9771399896574	1.53697273391821	-0.18976475801922	1.50137469542599	-0.852495309657861	0.178502505963502	-0.0437558684308286	1.30749493256661	0.254291560324897	-0.187240232930791	1.39305265287068	-0.115578138178872	0.0903297435202249	-0.794759588729645	1.50765248973382	-0.250481285985138	-0.0404228327440326	1.53124474229473	-0.324794090128586	1.24558107865811	0.237512690333069	-0.961374359320462	1.75787387172101	1.59933735435112	1.11030020293064	1.21608332731225	-0.0230276009447902	-0.933564577559263	1.46134618117149	0.0688896826253722	-0.822811818812217	1.36358049295746	-1.00636052380431	1.34196640105719	-0.300616799459704	-0.0261407728771338	-1.12496912639833	1.12822354056913	0.732931319813771	0.958271582631614	-0.00930487013409437	0.124592530598742	-0.102739321235262	-0.666256631061238	0.03955355680448	-1.01956616559423	2.67869369266493	-0.35057210737294	-1.10546532265075	-0.0713497689815713	1.61722707303371	-0.471784028137643	-0.155411775110915	-1.95823456815153	0.253772505740602	-0.773645155644538	-0.899082939153509	-0.319678800495744	-0.0406154749643768	1.88411614276749	1.40637226673061	-0.700939257518057	-1.64230685802656	1.09212031985492	-0.080210673473554	1.2752912617197	0.0466087929097578	-0.139842543344772	-1.37363084416882	-0.444397228567759	0.0642893113275363	-0.294184486846554	-0.885331312731188	0.114880801836663	1.40262875921021	-1.16347578896203	1.32952901920532	0.302191172711656	-0.0813318752675357	2.38087031555649	-1.25619133761625	-0.334169846351371	-0.0531943741915502	-1.11766976222234	-0.594381732146652	-0.335579127134984	-0.936397054576642	-1.05988411021285	0.801543984118677	1.32428613377267	0.0873538236730166	1.24600005615734	-0.243755681680038	-0.225685970434899	1.31713640243328	-1.04976839995758	0.0291337199072769	-0.629799825692082	-0.347106485080645	-0.905331926543436	0.0911113946272733	-1.09673170702785
"ANKRD26"	-0.104902109500598	-0.827333689088367	1.18651856227046	-0.266286534038675	-0.317632801885322	0.317407440783985	0.399469086391143	1.40930018687102	1.31777444087551	0.334753181960028	-0.330986323448586	0.617066452017943	1.23748015573656	1.17924377691372	0.423456447921072	-0.0954275643258574	1.13422146969184	-1.1249784689555	-0.934983334210692	-0.713159832787293	-0.193803782147525	-0.621025836989823	-1.08624421097838	1.21762348830776	1.19361018111043	1.21361100423007	0.389014902444766	1.12812626752828	1.15412645140341	0.870677492696694	0.190744102185963	0.297773675308123	1.20289254255625	0.222991689818352	1.10563767695457	1.09517351597996	0.392073628856052	-1.19247523149432	0.394091189141392	0.014453688405432	1.20052107226643	-1.13421677633199	0.323309620595719	0.695406745914846	-0.661169355942139	0.450975331053085	1.46281784406914	-0.212110293676232	0.230888308605339	1.23508127203007	1.1767999331845	-0.694978203643614	0.194793579455312	-1.65973737912307	1.12734200049248	-0.424950930003126	0.613607007249238	1.63073958151804	1.31965488375279	1.36098384412832	-0.682993112113309	-0.946838538319403	-0.321574862445777	0.147960976740398	0.0919055925436503	1.3558332196004	-1.26376731583913	-0.201499604769666	-1.00103317784397	1.13573560837827	1.21985057063527	1.25140729787185	-1.77108356600932	1.29080891063917	-0.174304556840048	1.11925057149546	0.0922380242634637	-0.241560438552253	0.176769140489588	-1.21928741068656	-1.10095759012648	-1.19069714590545	1.25389848669734	1.36132966975448	-0.426860916100847	0.486098110119634	1.29324565080369	1.20429057240744	-0.34005344104669	-0.173232078935655	0.333473601674899	1.43938356303558	-1.05834820571284	1.42558361929986	1.11350213505605	-1.13457986718074	-0.400397891723325	1.22911282632919	1.21041622025085	1.26396555895159	1.37369898155414	0.28064362448744	-1.24053271867765	-1.90491949567863	1.14332550974611	-1.33247178597637
"SMIM11B"	-0.383505326968574	-0.119948241372837	1.05814779043638	0.405777468471543	-1.46165501791058	1.09115505556427	1.22305823162771	1.051300112614	0.808999138360335	-0.363789765193657	0.397722154879825	-1.14274279377486	1.21685208918103	1.14019454181205	1.05031392159382	1.23802177818102	1.14103678227846	1.1550967153705	1.08424093564621	-0.564708357686149	1.12451982316879	1.09321557746022	-0.692410790019042	1.17893215868032	-1.10692398109279	0.0379077056047569	0.302010631126731	0.233961474154376	1.30416184883751	1.16484066989904	0.0689170395671076	0.20875742967287	-0.63973148785472	1.08701539933151	-0.613025907868899	-0.00872956760417456	0.425998862610947	0.614378233670486	0.0819700895441225	1.20686794697417	-1.06353661012751	0.488188897380149	-1.02077049234317	0.404676523923987	-0.529567855520983	-0.588635233544984	1.39140076405551	1.05088925989241	1.0414641018744	0.0622019939096549	0.194033265461681	0.756397507412095	1.16171885595274	-0.853786708679372	1.21084792181077	-0.308438657930591	-0.364170210881458	-1.91458900467479	1.08769452583117	-1.25197265018679	-1.98583703190262	0.614513476469696	1.06183088162021	-1.93948377093639	1.1595649697119	0.46138506979025	-1.03461071454552	0.767126356263576	1.14048648055468	-0.589077506127541	-1.23276042998917	1.1643445010843	-1.73640600477401	1.08824422175554	0.1932438904128	0.560464406301911	0.454540227490473	0.141336765925496	0.649588924654807	-0.79749100025634	-0.933521310346423	1.30432311394059	-1.04942873300384	-1.6545449318177	-1.03853849926277	1.13503159577729	1.09689357768431	-0.141743212491452	-1.06724343039972	1.12914853509335	-0.957527912714844	-0.257266303203053	0.566591387755397	1.21141233659515	1.24400120361937	1.15724366009417	0.436929654257971	0.651213327856885	1.13510790759961	-1.30606679240675	0.363178241413825	0.115297037163267	-0.0559565990670243	0.444524319896279	0.421307045143238	1.18799468248128
"DCUN1D1"	-0.369120582874577	0.537233248810646	-0.48586101498923	-0.555933176067348	1.12989042922798	1.15945818492886	1.31596120446384	0.331283847294901	1.27616343370668	1.34124748757217	0.249725810446133	-0.0212496243278708	1.29066435019654	1.20910565294375	1.2774616956282	-1.00424804277816	-0.740698031066327	0.332850377986734	0.364542886353076	0.115006876309652	0.423210177753304	-0.548452446759204	0.125675014446512	0.6474369562414	1.10408908914036	-0.136298129434831	-0.722569453079441	-0.542139993325681	0.49249400240823	0.143993103911858	1.14340729251009	-0.414283099012351	0.313905818768648	1.10407882462107	1.21368382059109	1.10734202305837	1.24428703724731	0.0445793337544891	-0.827731964625431	-0.596625260825027	0.157010087237829	-1.10667324202701	1.09856941386793	1.03987268338596	1.22111260352226	-0.347799399019718	1.28070469480733	0.202440113001077	-0.634613324696423	0.693460912036564	0.372100219205366	0.161140009633378	-0.624561650560339	-1.74943041588812	0.339858116014566	-0.478694690746249	-0.194014909943959	-1.74028610458051	-1.49824496707455	-1.6659594300535	1.24601469611837	-0.511139615198945	-0.467459183622746	-0.887524956319385	-1.10718354359183	1.1216764064514	-1.73474805442401	-1.29275676172668	0.109176945572166	0.609875451354573	0.104050848074023	0.331650677788552	-1.0474530946847	-0.634399248959763	0.423018065670927	-0.619527089724675	-1.53984925002074	-0.743724449628512	1.10449603894402	1.31846772270592	-1.99601469468321	0.185302142660175	-1.46896131921882	1.58152450598758	1.0896919028051	0.279265471979429	0.991355088445466	-0.52326436875062	1.12903416060764	-0.543432779754856	-1.07326169537252	0.647797194289342	1.14826497991576	0.497927231670109	-0.79710482517468	1.14043100312976	-0.307692403467135	0.554020724523441	0.293928387975883	-0.638708940313696	-1.92767930331828	-0.390385593857118	-0.436018833181837	-2.13460204855671	-1.09749277140868	-1.67534549273088
"CISD2"	0.040195774940583	1.14555799130592	1.10907961069143	1.11398540398224	1.17089201718281	-1.38459471729686	1.04241599736991	-0.301592575682782	-0.166698050440042	0.096363915919515	0.343808678022077	1.01409779239204	0.920058763398689	0.205331312206306	0.658063754473574	-1.26856134150849	-0.680274868931726	0.473710529014385	0.999612308267988	0.951772090266907	0.977191055173121	1.2002580778421	-0.876534464661772	0.724963099174429	1.12164277893006	0.406742190714946	0.747527453485789	0.0393270341711284	1.29501237732458	-1.16783946753599	1.38643437124063	0.611289239191398	0.678721984268291	0.0289940015469814	1.05531029928806	-0.818962549299563	0.730186110162219	0.945356610125075	-1.25624075847162	-0.745602926650133	0.643031947209768	1.09856144144323	1.03810272462092	0.755217157912289	-0.328802490746909	-1.44870670691512	1.22688631396	0.52943999370474	-1.09831968312014	-0.160326614242417	1.14548719974088	1.32658267790991	-0.655489538802584	0.891661870698353	-0.116665097506991	1.11093595698814	-0.405145539520696	-1.79073797103296	0.366429098490525	1.08727903948337	1.07988863894811	0.32740702152463	0.759907991220683	1.27318417591096	1.17036128739035	0.911701478915324	-1.44036701868949	0.517532293861925	0.704785258769699	0.866961093435346	0.112458387246782	0.649608883577535	-1.43163514724171	-1.20192470225987	0.664742309164351	-0.151830295865871	1.26181949431634	0.683929801335392	1.04915627729669	0.990962758019108	-0.17196118840115	0.987828185950452	-0.205461240849196	-1.48643816211848	-0.698361438247411	0.0678160130882217	-0.172981390648866	-1.39353166336942	1.12058797713729	-0.463899802089706	-1.34947312898166	0.681135660533135	1.07650106485575	-1.17843300333898	-1.49387031514248	1.03599124948059	-0.279245230569378	0.647299071164346	-1.162420350177	1.02516533338158	0.944002710855801	-1.00773614460069	0.462462669934351	-1.48598532603143	0.329677681953695	-1.25497815520071
"KIF21A"	1.32280841646802	-0.72489970901036	1.31630027726461	-0.752152487996863	1.4221428639525	-0.422053922634633	-1.10591144615327	0.480607371242348	0.424243120060064	1.45803170344197	-0.509719181761534	1.28636163533433	-1.11031190987088	1.3534740951429	1.32505215797583	1.25353895724841	-1.15798934972362	0.653198869271052	-0.910672749233617	-0.0689690053222065	0.0728196042373967	-0.955625017471522	-0.346924346082788	1.23726814552895	1.32608895442447	-0.322797660048224	0.328941202618709	0.479379640683946	-0.736567487576982	1.20819162314102	-1.0253700199181	0.394101651245312	1.38320455469746	-1.04763558312208	1.42797637470013	-1.15661185836497	1.32966566866825	1.31017091461154	0.706800645693453	0.147215455673849	-0.289380342328675	1.46791559049452	0.429820512761134	-0.531900532399382	1.22049544891606	0.275401161506828	1.57322908162179	1.37986355120818	-0.688234081006635	0.458590236087489	1.27813158448176	1.36023047950968	-0.25230921797644	-1.13051881746511	-0.41026855316486	1.46767825915881	0.328213453560401	-1.30606353347726	-0.440315170693603	1.43645568638882	1.20864098789534	0.328893062992906	-0.846142989251133	1.37894816361581	-1.2157050137511	1.33928266244682	1.20162494774456	1.33881674995464	-0.209859987777234	1.3644981864555	-0.375517904266516	0.570146221016552	-1.25577949979945	1.28476034055479	-0.238831562488151	-0.552432634372423	-0.364186449037671	-1.17642617253691	-0.347703661462519	0.505098214195451	0.578555248394158	-0.415314267139601	1.32027437206722	2.13095929588376	1.47093299386029	-1.09780978407054	1.3215944592421	-1.19661124209065	-0.242132514608817	-0.0242952066046703	-0.109710604409029	1.33291024478954	-0.278854593958275	0.323824873294684	1.49369810570353	1.47056657615555	-0.12563182763178	0.030413469255026	-1.21206675233641	1.54900439259809	-1.10888949377621	-0.828210004939176	1.34467484703252	-1.26858572255756	1.38328356742805	-1.23435487897949
"NTPCR"	1.0402755744981	-0.904934384917193	1.08865947073552	-1.27508605646121	0.993783825466287	-1.50783051943181	-0.794457156789061	0.49786131735869	-0.906039242359214	1.19178513087313	1.19810408969555	1.26759628952452	1.05387384279528	0.487070310840926	1.30911014339346	0.283822827021501	0.402014157699227	0.336105981621385	0.692646223112231	1.12131625779003	0.439346145072344	-1.07956003182096	-0.357710766066017	0.989548610596306	0.327988929195668	0.469307146754114	0.533787497210667	1.18072325139108	-0.175831939256749	1.44038660422212	1.05932391142723	-0.836248990239069	-0.2874726942275	0.261140720689379	-1.09714105461123	-1.18207848114064	1.07132134293797	0.303082617724795	0.986429942760684	-0.876220636231029	-0.400391032304846	0.0425563815526601	1.0673260881032	0.454792381122993	-0.0808279443743871	0.301526945777279	1.49636574331354	0.73339014034548	-0.30662272583467	1.07774702548989	1.1881807955066	0.346486017709303	1.14216592475039	1.19886898908183	1.04496835391909	0.249410784629744	-1.34980631857132	-2.19146485656254	-0.868236313941755	-1.10523203477054	1.23477990829862	1.3022209358309	1.09787519580978	-0.114379097327521	1.14352636456478	-0.277486030036227	-1.71370895959642	1.090743788295	-1.57062530833967	-0.859062812917925	0.391237165925505	1.04528430102292	1.34136311123347	-0.654709596232043	-1.23086559005644	0.596191673501322	0.490789147197475	0.0831329239172053	1.13500753626454	-0.925061724265014	1.14720633911408	0.7406227059917	0.210267349715095	1.19688554475179	1.28516739988667	1.04366412192485	-0.48591816210811	-1.33542245993205	0.30767395350016	-0.742376047337849	-1.08460928792249	-0.465934833239355	1.18172331347655	1.10585788800329	0.929307994289112	-1.42652630396249	0.0318762809599998	0.125472459375807	-1.01063086418693	0.552561791312194	0.484215798438981	0.621759052891315	-1.15873675072601	1.20113015447843	-1.01508664948921	0.450441179009825
"VPS13A"	-0.786729345387812	1.45779757623192	-0.874114467469794	-1.53839309966298	-0.352875883748181	0.525885045744193	1.45019562339689	1.4457435783757	1.44274755883469	1.55816103915066	1.36764802078449	-0.690224886876782	-0.66786965852233	1.36038097600056	1.33750266640749	1.33326140423603	1.39870531338019	-0.589238275344734	1.3752402979515	-0.613727370571722	1.41600476540061	1.53387310381344	-0.961665896299281	1.32308525239429	-0.74522694436172	1.38206168396514	-0.759333359051798	1.2174387190982	-0.84614079204334	-1.66926490372492	-1.0473519284607	-0.527849434189804	1.3327913228965	-0.505730441236794	1.37454468441938	1.27034759211042	1.52414503268581	1.34273164571211	-1.5544213552158	-0.859073270629005	1.46757317592072	-0.655679332541059	1.36311953308269	-0.805248198736151	-0.610970203036535	-0.391160534576363	1.58298697973753	-0.882053776517924	-0.36892125564988	1.36253703957755	-0.422268618771639	-1.6258031732255	-0.37718046257606	-0.747491992263346	1.35160104000847	1.43446818739542	-0.820809956898691	-1.23683354582315	1.481709064132	1.55701879809691	1.45816770868677	-0.270111188319939	1.46098742185001	-0.624649030936155	1.35645942601627	0.0883509272832844	-0.519354617272563	-0.477744232866532	-0.97320229912287	-0.100532065240696	-1.08782288553995	1.36913726814339	-0.827132382622229	1.33642738156173	-1.71033212005233	-0.80532798767749	-0.617221504195682	-0.535699800914132	-0.444371237894537	-0.630906465434359	-0.479939348550862	-0.11801488401112	1.48052371462717	2.41449980149627	1.88058581184325	-1.27797985361952	-1.03021478691109	-0.735863678642727	-0.449773619879485	1.39799240251589	1.36607632248103	1.42976128919396	-0.658894190697005	-0.554894358950415	-1.04287717233669	-1.25275360731502	-0.709280652261024	-1.12581009960027	1.53543009811562	-0.123224211903833	0.854578378014554	-0.604757570981862	-0.415874829069408	-0.366143289283442	-0.704672064216221	-0.342586262914423
"SLC16A1"	-0.928955212226346	-0.720200888329177	1.15620606857551	-0.281577562245767	1.03733805766159	0.108241921036026	1.08676207459926	-1.33456075413448	1.02360751384093	0.670483662694746	-0.965279702922161	-1.52200184255638	1.13949301453843	-0.490344952215235	0.0538328398999494	-0.0787876093922698	0.14801960723685	0.382583967618414	0.544744346585941	0.37292975230885	0.591863145403699	0.252236608971774	0.174595014036469	-1.05980977030229	1.17737471535334	1.13626380419988	0.459802741244574	0.00627613463452416	0.0507518224776019	1.07367518978768	1.07205439588261	0.854111011394671	0.832943546170356	-1.06148808994452	0.545151090754925	0.530608452449749	1.15245673598727	-0.0403287176967967	-1.11683409981519	1.04064339914387	1.15115724238726	-1.19366128855262	0.0298366924901364	1.07620235024545	0.288605820550845	1.13489250591379	1.06855714459687	0.668101279256693	1.03542152876298	0.310183386804018	1.06793188674823	-0.258793176515831	0.389874293962722	0.728298701828428	0.52839727326971	-1.85446333272814	1.03632512106371	-2.32019527331006	1.09943840449564	-1.72868451121241	-1.32751360649476	1.09720968108299	0.247779967288083	1.24014554302225	0.0982455260754834	0.362698290538133	-1.43754950164546	-0.432891042652867	-1.07530277902996	-0.115994862089873	1.09718533595522	0.53723282344703	1.2928161812946	1.03480317451462	0.973847851293329	0.608525607506579	-0.935302807042826	0.382831637784791	-0.346559949976377	-0.75298232646999	0.983745809174773	1.10772227226168	1.05345014340243	1.44710616468562	1.17561497837327	-0.0868112103542107	-1.06922876781617	-0.560440336105706	0.320233817775219	0.665228905174114	-1.5907322014955	-0.0692598471214327	0.446571939529339	0.384448587266848	0.427016332732511	1.21258144620999	0.16739567825472	0.353024384774113	1.13261854474143	-0.0785092659885462	-0.259453331747753	-1.25408629647966	-1.14430987641033	-1.58751522993737	0.406675628487511	-1.20570225801018
"HAX1"	0.0246575542316795	-0.312977438990102	0.169183310271436	1.30917091286195	-1.36026274307909	1.36837879523903	1.31194453453792	1.30604301555751	0.172772603154811	1.28012260606224	-0.560161460019853	0.0921705786663745	0.227655428906125	1.02706585060673	-0.648351761274595	0.510501100254627	1.31701288290301	1.30661558108497	1.38930845344041	1.31741316485419	0.0962443884831095	-0.416069351318809	0.0456654912120445	-1.25347898764771	-1.13689197226662	0.0219568490943249	-0.619610051059453	1.28576603007841	0.101078061903564	-0.498276958929364	1.38093470672974	1.32146323686475	1.29049579431224	1.27167122322312	1.31888044143613	-1.12749302304454	-0.158767912525615	-0.561945672461104	1.31363754275575	1.37590781645976	0.292453829253828	-1.30295174259746	-1.47325598104166	-0.0412920749691153	0.130664510250064	0.191030063961891	-1.57222624412539	1.34906224517944	-1.0313396410286	1.39637252231628	1.07409081432974	-1.34194073499788	0.138309591026979	1.15139749467492	0.0630323872497145	-0.762682833282461	-1.36393087540255	1.76634863686786	-1.40932888610897	1.4256868066581	0.132732874755811	-0.122241309487696	-1.36004944270691	-1.07799578752462	-1.11693977400031	-0.0161781768724633	1.26877929659899	-1.32627687263933	1.31584447312986	0.0371886239545128	-0.471935994524626	-0.725912333802549	1.17033405444823	-1.22986587737559	-0.837188655498445	0.626111398767212	0.197118881957622	0.481021815077364	0.125177407129057	-0.1274643789298	0.00376231812478959	0.165570410799549	0.145087747567639	1.81027564465583	0.338182646812051	-1.14365873833882	-0.568987431340751	-0.470304681664402	1.25522725874071	-0.497648859097844	-1.20167097442925	-1.33134712415208	-1.27754106037805	-1.54760504931836	0.0391677726585642	1.35887266076912	-1.10666949831601	0.239620196319125	-0.0765223244293058	1.06235948185345	-1.24511726037329	0.139193726970172	0.00348817807191224	1.27979523949524	1.32779563250567	1.18037045659
"MAT2A"	-0.397158505544626	-0.591812926203731	0.697659773791605	0.65797361363174	0.487926298352248	0.285415148587238	-0.940697917693457	0.824486295229961	0.296130969468026	0.414560551028306	0.682502277596926	0.391916008734249	0.800249892844606	-0.36378505732564	-2.0198858670636	-0.731209914824742	0.358366465580105	0.503880750192181	0.583801828774186	0.585293524587264	0.2154209307499	0.487895096748355	-0.135231872629235	0.250923412201894	0.884738063154369	0.76870948183633	1.20674354939547	0.785996955702287	0.750285130155389	0.935515244828484	0.673233472348816	-1.88490219439591	0.521016844039186	-1.44472341948506	1.09561959399343	-0.369872549373971	0.749171136263775	1.10384115297943	0.552260523593346	0.705476940257597	0.31620116220864	0.949914396554837	0.692408029544328	0.415629003928878	0.703317818802624	0.929892216550631	-1.64845360001325	-0.17271413536634	0.974905394151681	0.901961616930867	0.851510927872582	0.45250778996272	0.802748759848891	0.286886201411573	-1.06518534231544	-1.01233650614065	0.794836086268751	-2.15254073725408	0.466780165490959	0.423490371155867	0.430677445021969	0.396866058741211	0.467828987101839	0.79306547598665	0.66822356875247	0.907122564539773	0.716134635303228	0.651586287866014	-0.27431751299168	0.808438609397972	0.968864355587886	0.845777518786086	0.765639239248793	1.08331701445633	0.302188774470606	1.16964244714599	0.110214318915002	0.0431129282136148	0.319511849774973	-0.533085138936878	0.767797989184891	-0.474638079112245	0.709681423493128	0.493088537147656	-0.345419690846074	-1.50349538338907	0.0291697235630529	-1.06594907083172	1.00836364052062	0.226504151541516	0.887471321978673	0.430578692087265	0.739223055917023	0.856119097066684	-1.13158245203388	0.561351833253717	-1.1315113170045	0.753286992151589	0.842026382785055	0.852917378676073	-1.18306567851758	0.941445372704446	0.512562606599723	-2.56325935586892	0.994715726023419	-0.0741613875865339
"MMAA"	0.141789141997253	1.264003114847	-0.83854554272354	1.25778772773783	-0.892941359767726	0.113787261136424	1.33650704911495	0.0645162849020822	-0.0847063652843788	-0.822777659131812	1.31490451496236	-0.816752344155712	1.33044618453975	0.210469873454662	-0.436212598703742	1.31217353870975	1.39489890468994	1.26355942380529	1.32682295917462	-0.0470432049529075	0.119276682185975	0.283877250868847	-0.889015150647792	0.153888982750412	1.28232521774336	1.31307421953252	1.27336815828676	-0.725305241515895	-0.230792181672462	-1.79859654418417	-0.164109028906687	-0.117348539528504	-0.816426153674275	0.127184125443568	1.30604219085005	-1.09754562754208	1.33369447922549	1.31071999724302	-0.546752367277304	-0.833553122764595	1.29772804226997	0.058940668891289	1.29739699824092	1.29020213178273	-0.152760749470647	1.2966093206484	0.135106649263841	-0.669015164299122	-0.203547910362786	1.28528910955556	-0.0229931859126107	-0.10810923682469	-0.915840601125791	-1.75249915085017	-0.0750238749316316	1.38809162513473	-0.0872744396749587	1.85959963269944	-0.917918518195364	1.3423308790477	1.31098092799539	-0.0910448190590824	0.249950928409372	-0.0835254603335797	-0.966037358608251	1.30161920044342	-1.33358672896649	1.33628800413311	0.193782399192457	-0.777533926777893	-0.7586710278634	0.323708978456164	-0.117456395800532	1.26410545254802	-0.852423867985966	-0.0946294220155952	0.214230014351361	-0.153665071451239	1.32429813150921	-1.59180858686476	-0.908973607303573	-0.326364716481325	-0.553793470687984	1.27341193072464	1.39593315859168	1.31613750362883	-0.675805356702027	0.0823750280100368	0.0351945749954481	1.32181269042165	-0.58026221796041	1.33344845654441	0.140206515414308	1.31245643633833	-0.7866569857353	-0.3976886835177	0.184987083679635	1.2596452825357	1.30844949535817	0.096922625263298	-1.31270876819792	-0.176059715086897	1.27173801232774	-1.06378336060624	-0.88909059417982	1.27059490427432
"TAF8"	0.17157110385794	1.47528022344582	1.32604662309555	-0.112674231451341	0.374466682309309	1.37077021622725	0.25190636342127	1.32109151651133	1.23855791946845	1.41624657115701	-0.329298944682297	-1.55789150158418	0.198018953384764	0.360026352036841	-0.700238775855946	-0.698060308395789	1.40779182381092	-0.770919603728806	0.137857682599541	1.34127565756549	0.385855810033633	1.22632270589026	0.536079989039039	1.04934711506015	0.161058997651026	-0.514331575692257	1.39575347243967	1.12450231060853	1.47299636331079	1.74253832034469	-0.597696613560552	-0.584237406277541	-0.532359141807517	0.464867638863606	-0.0460856853483167	-0.850873793749112	1.28491895865184	-0.310938178866902	-0.0713470636504448	1.31211489887767	-0.0249029807861562	1.22061986667375	-0.0256225136594387	-0.253148020051529	-0.577705661584541	-0.534121241094588	-1.23498924331952	1.21661055515086	-0.246024685840678	-0.165787607863734	-0.971057466452215	0.0336056060363176	-1.68530296114224	-0.49167847682469	1.2760398422045	1.20877643867444	-1.63055140356499	1.48824238452356	-1.29645072613964	0.25441434687654	-0.939371459441842	1.3649425124783	1.34984852477612	1.41633107927197	-2.17702512920362	1.32629620804652	1.17533746450244	1.36563030285	0.623536035579034	-0.425477514822817	1.15366369553472	0.0936042020750767	-1.3475135444927	0.468142954616445	1.33089996493546	-0.0533308249384337	-0.483267178050078	0.760864747505054	0.18867727390835	-0.410166485518118	1.27624492926986	-0.800440259130272	1.4844052029513	-1.02871335185439	1.4779486544604	0.620580060105552	0.439793795268007	1.40836820463077	-0.783804930533034	0.110592042504881	-0.574025711096786	1.35333053543947	-2.01211449189464	1.42836766575313	-0.148282406793907	-0.427963178514346	-0.0121999582313173	1.15842961815286	1.38975630853308	-0.579728512525106	1.24523110558866	-0.812607709127539	-0.312551681742107	1.30557472423535	0.0330753066201838	-0.268886078318039
"SRRM1"	1.30475066484105	-0.158674049763393	1.2653668908962	1.53992578995916	0.0737061592459029	-1.00169959659413	-0.365198155593112	-0.600999023062151	1.52842747182614	-1.5993376276646	1.60493739101386	-0.545356457399457	1.36644738795678	1.66357869257984	-0.103740392535083	1.56909064196522	-1.33190241798248	-1.07288592272203	0.031600945973867	0.333425585996849	0.468703764727911	0.241912260712842	1.32794539399803	0.4375863118567	-0.78497059539063	1.42168426257472	0.965102166187624	-1.17039002872354	0.0295752357059436	1.78498297987554	-0.874633765787849	1.53446169322886	1.21372444607675	1.40922601138361	1.59750284418669	-0.818005704452227	-1.05076834060018	1.28086919515913	0.239824734447005	-0.00481443660463201	0.210705809022223	-1.52414771391856	-0.0899689094156201	-1.08068638435006	1.37008721356546	-0.917140713404757	-1.34291481457117	-1.01399844414171	1.40759621787916	1.62133151579537	1.61245542023056	1.63393903518897	1.39177025044932	-0.781554329956165	1.34197050096514	1.2812059353102	0.368026146366005	1.52309567449279	-0.123389656542747	0.889613676951926	-0.481177939557609	-1.12377067329606	1.25975839521859	-1.0851406535153	0.246930189861651	1.04447881245665	1.20466802005695	0.654085621294456	-0.714071638682674	-0.242827774515228	-1.08453598669069	1.32873792503898	-1.3308841810046	0.146641417037316	0.234336978270528	-0.535348579049431	1.32849696858597	-0.667736606490062	-0.240809911642317	0.186827571063343	-0.393943460231695	0.259242958132994	-1.0660437926199	1.72493402181351	1.40040626629671	0.430757027731389	-0.250638565194668	1.38558301457778	1.52099682152801	1.00317370699915	-1.61497475082653	-0.78507783307821	1.46129631019832	-1.26721326106498	-0.510759082310492	-0.755331956306146	0.175621657208951	1.35663670724151	-1.76666577910445	-0.573662248649745	-0.583866612953501	-0.097568193386087	-0.574861326748438	-0.977287427453257	-0.325689252193854	-0.56272872222778
"TTBK2"	0.780461052674255	-1.23324263018824	1.18577797529255	1.1177629790055	1.02720012176793	0.575824455911656	-1.03152419676239	1.12568005982089	-1.29164760089537	-0.160391168765043	1.25410653143344	1.16836459922159	0.328359086324087	0.298929425238182	0.316446479394782	-1.39586452312441	1.14501745915448	1.11781208211072	0.996304628756697	-0.444501897420032	1.15805793443092	1.06010096691556	-0.583500612756415	1.13092398648644	0.937785971060118	-1.1865624926559	1.14990969113537	0.565070509082937	0.778005416332279	1.11977475491305	-1.31049104480312	0.639295250810615	0.118432331269114	0.527617735360241	0.528513461025843	-1.42896313609938	0.03746578104273	0.522742755863195	1.10251149159277	-0.388854911902795	1.08228602616448	-1.30005800167475	0.638118521465858	-1.34954019025857	0.36062815666264	-0.254615617986801	1.26347019796737	-0.392028159974226	0.424348404621108	-0.94783631035175	1.16268461189677	1.21080700076872	1.12278005115002	-1.1175452584464	0.0752262919471525	1.20867472183495	-0.28491633276859	-1.19771162291375	-0.899837784142078	0.225119740750272	1.22518834498729	-0.177654627541872	1.12334689608435	1.321192288768	-0.0899211784319318	1.24712913217141	-1.60809717058629	-0.502090576932405	-0.672529616722752	0.536403297389311	1.10367702804826	1.1384609575618	-0.999344123370305	1.1976396169563	0.190263709770402	1.11960024459771	0.521501445628847	0.543023746604585	1.04571716284843	-1.61344760489406	0.460025613212397	0.59317253080853	1.1265272196642	-0.671095524806431	1.18007253082308	1.2159916904168	0.70672339025726	-0.364747869069597	-0.940898284740327	-0.21316393245526	-0.134989085350327	-0.316677939720886	-0.135069175410289	0.218782704967207	-1.35853350996238	-0.387262835132328	0.0562245283205109	1.1125648163949	-1.00122535838364	-1.39461607196101	-1.170714843286	1.066465403752	-1.37573294853993	-0.228248841818328	-1.3568793691457	0.500622628589773
"SCO1"	1.29816209398511	-0.0945575500212123	0.133610220381341	0.020099817700345	-1.17793324013192	1.37307858041718	-0.611146717327689	1.26227865553843	-0.964140034604008	-0.880566099326978	1.4645885690442	0.0840416576139696	-1.08249819299297	1.31129621595928	-1.53789828038728	1.30044763838859	1.28342712643987	-0.295319213166859	-0.128360298973722	0.217899191233486	1.27555895851771	0.222595608074246	0.0170033038072113	-0.0884984993244345	0.443690168048667	-0.409483893551181	0.172809222836514	0.109694401733388	-1.09551075437335	1.31379398644619	-0.221212896220609	1.3122978032406	0.0951550342874347	0.0541024234576094	0.227374636386339	1.3190684041565	-1.04566726604316	1.29194575595417	0.219640016312618	1.28190988437764	-0.0878926571063038	1.31926742994802	-0.848385591759238	-0.55018012549131	1.29890347239182	-0.981435678010965	1.2236442855924	1.33123999200201	0.103196600389057	1.31135567774008	0.33080722679427	-1.13718778525489	0.129199492214964	-0.931897381671476	1.30405419659221	0.0735600605617971	-1.11064999462615	-1.62751477667915	-0.572723218972142	0.605459591447151	1.33514731199951	-0.212660155847524	-0.739975630758634	1.62730560189766	-0.743928531568946	1.2784691475397	-1.03134598877325	1.30091389475913	1.31848599695191	1.34288823373523	0.327927283462399	1.28979414021665	-1.26281853995629	0.140555041972619	-0.0542862918731683	1.32922881626859	1.35579720262258	0.395143382460095	1.22644211497943	-0.6076022711482	0.0371495571185449	1.27849863031836	1.36310094954663	-1.18734863892299	1.51826785740887	1.32254953280329	0.235150534122877	-0.902187113407822	-0.0265477688201464	-0.134221184959856	-0.985444095263698	0.385143478500418	-1.16356019755503	0.442330031065735	-0.158331932902077	1.28792277076964	0.793634708846556	1.2874369008781	1.36214730189229	-1.03246440687707	1.42196696883092	-0.321139971314822	-0.599901823793482	-1.37149706361071	-0.441251752789524	0.200110828899556
"DUSP12"	-0.173629868670114	0.438115766777287	0.522784001681546	1.1989396617846	-0.910707965564277	-1.21074134126156	-0.678541572581447	1.15915108942581	-1.39911826996342	1.2368356335176	1.42040657704285	-0.783571802721302	0.559150055287169	1.18094925046681	-1.45678681933715	-1.00406332960515	1.24947167374653	-0.0963943787827615	0.163481554153803	0.516996901512801	-0.527955042620204	1.09031854549018	0.698765515813164	1.07147423308095	1.04673182933187	1.20038062295558	1.06621005772032	-0.184524870167896	0.693064874890328	-1.25783478471737	1.09067093760051	1.06982617742398	-0.0147432901729189	1.07675106922946	1.03948667934749	-1.2563503716219	0.181825179158224	1.17030889433116	-1.2770947051528	0.531901272735938	0.0470638357764181	1.09208911022037	-0.141787871518587	-0.606076389759101	0.311663626464702	0.13657018597789	1.28600340253561	-0.247797843544413	-0.861657666769092	0.643165504925528	0.906330678998886	-0.143418438810124	0.0991746585678693	-1.09647332743281	1.27064535769893	1.18634024160711	1.03383035470398	1.19917650994781	0.492104036349332	-1.41789512708321	-0.0796936135662867	-1.01202506412351	1.09402257550396	-1.81401531835136	-1.24011215007872	1.08934282103771	-1.87771844694045	-0.511225637837895	1.10599750288667	0.539697907141053	0.417550204629753	0.311170446647585	1.174610508142	0.544240407362548	0.320661959341127	0.719489749554394	0.849293144445743	1.04690609974235	-0.35765375580148	0.51600450593363	0.169445514083527	0.520050389555927	0.0808347205026783	-1.76386271850216	1.27678016471377	0.141225721788952	1.16010666495216	-1.14742376251212	0.522183335825038	0.541731499621002	-1.00241537498708	1.10611832660369	1.06369803485991	-0.293597886377546	-1.33356071659639	-0.157669333105776	1.02745821751172	1.16044591163368	0.734478598263377	1.18195869092967	-1.50756523266095	0.280328053362039	0.437677821496945	-1.42310806619883	0.681914159817757	-0.405825132292698
"CAMKMT"	-0.0122680600702862	-1.15418056399913	0.297068208202477	-0.120351042197755	-0.11024112252513	1.21338173316989	-1.16502010576295	-1.4496754786075	0.0735476182451654	-1.30299407553939	-0.748699403576726	-1.14530545238979	1.34721201234084	1.185631002079	-0.959244049940102	1.29405790403377	0.65211073423679	0.166976279800139	0.310360396213842	0.299314703547996	0.905190629327332	0.670211799125658	1.18111770756498	0.991047884573116	1.14796626925298	1.22296556874434	0.426299476191329	-0.942258438547779	1.1125797229023	1.27044213517166	0.980477648819942	-0.425368201158506	1.03342162778405	1.04229086311424	-1.01013978673631	-0.603931369542153	0.466608623776694	-0.546864886364521	-0.181866737968068	0.0352589405283215	1.15411453666363	-0.846825358684651	1.20338560326504	0.819113795819411	-0.994250519944074	1.20946435921198	1.38166504199627	0.22475867477513	-1.16320827263526	0.785091600589024	1.28709626776557	0.312192949115406	-0.084749331320324	-0.640737645174584	-0.82030403257117	1.3635381851048	1.32506250131593	-1.70738257417217	-1.07407155243028	0.735112134595912	0.651238138135107	-0.0728364036098669	-0.729949159398876	-1.48948717946414	1.16542891766366	1.28148392798149	-0.665876638769516	-0.443385896414643	0.471749799191328	-0.113501126553601	0.22999322703072	-0.0193786283606982	-0.811748048885044	0.821356819667946	0.146465191575797	1.1982351001062	1.2444754309517	0.625524605955005	-0.135055675334375	1.23598728094036	0.0846970539045075	1.13011056327545	1.22316492417962	1.51720939930237	-1.2488294437458	0.578126937716617	1.07920127863214	0.44399395583524	1.23803739602117	1.25650416973359	-0.979032079185919	-1.1129214955382	-0.76978733831997	1.37287635052873	-1.02321349609841	0.252338390369199	1.11158707200924	0.740099404652926	-0.157118484765564	1.3104702882854	-1.18631105229769	0.0823316434477726	-1.1195988169693	-1.14036447487524	1.1855880087609	-1.13102590750568
"RNF38"	1.21636468608651	1.3268269603743	-0.295264925791869	1.22663189467962	1.35661804444866	-0.404729504484246	0.709386637737212	-1.11336211726154	-0.461938269217552	-0.396561828988647	1.34579950136589	-0.440691592292634	-0.139568505206745	1.35647597588577	-0.0757367727447051	-0.941396715739112	1.29551954106225	-1.78780312260146	1.18439930221132	0.0268702486679684	0.960327758808651	-0.0364086759660694	1.33277951211593	-0.273421905476643	-1.20614861133611	1.26944198669417	1.30809856745937	-0.0614721501321878	1.24228329572536	1.70964698044948	0.154042458919936	1.34353367590201	1.36252428627957	1.37621855098538	0.472850570731082	-1.3122140331564	0.0950153082661915	-0.0590450678934797	-1.12125494051002	-1.22511546352754	-0.231996035397217	-0.470819811598387	-0.262263650709363	-0.237173930133442	0.119203124399403	-0.564570581607016	0.925649613467005	1.23451534036394	0.172299993415906	-0.0507125891814499	-0.972627570075556	0.0967219939300316	-0.322849819987049	1.30764805915714	-0.867394283101698	-0.755354193007757	0.084138478382588	1.31809247401331	-1.27001616748884	-0.876354814603907	-0.027011935435613	-1.2593336445213	1.19779278379891	-1.06312963549419	1.38672235582257	0.924855487542733	1.23973218395495	1.29918711626889	-0.489886725103065	-0.161554163688802	1.18750349898294	1.23091698477335	-0.156860080641573	-0.0148217543039423	-0.8174473768377	0.0917563040538982	-1.68074244503178	1.32090699350704	-0.0189478122972032	-0.76737889610707	-0.298577633853478	-0.0630693239348872	-0.0683198689316057	1.53153274372412	1.31640367672843	1.19836309679819	1.24091177853164	-0.142265355033651	1.18630590945496	-0.0689901388607207	-0.136252697902284	-0.176564237712925	-1.06769295019102	-1.42633140295081	1.37319067373977	-1.49854354008919	0.354111584934719	0.00600292361284351	1.30429315078995	-0.922001941202438	-1.27304358470445	-0.420785349032804	-0.31589236072061	1.36778601814469	-1.12349596271978	-1.0448012737945
"SEC23A"	1.08258588895696	-1.07517824589399	0.865310935264502	-1.01890404444059	-0.470721372710673	1.36169752354704	1.54578010898878	1.56006905296539	1.34519017916562	-1.09123060290695	-1.06380509764557	-0.558700188605435	0.574247015093045	1.05111874164987	-0.343200856562628	0.503732065356842	-1.03963697968245	1.65012457230499	-0.348013897131355	1.49070127558904	0.702845231116046	1.32851240582844	-0.845680819166463	1.34883190062037	-0.444875561451339	-0.0704271113807448	-0.314890160358442	1.19778667885985	0.332800662645376	-0.914245935437546	1.20444440114075	-0.285572264224003	0.116299462452624	-0.70410395381944	1.19783819017168	-0.646918872020661	-0.696379345482537	1.16675474958928	1.41595390847307	-0.995818629077038	0.00863685338635377	-0.38662703722337	-1.03165720823236	1.04278965847368	-0.596799305582624	1.09704467046342	0.27534621110446	-0.679500589506169	1.55632690980547	1.12609501968527	-0.669867871721518	-0.716994558952878	0.726055793291002	-0.73907336588067	-1.07439217822165	-1.24419417219813	0.472208646843448	1.86410124241516	1.36499622939265	-1.07351721896433	1.66387495950318	0.512461101549734	-0.455670982126365	1.86837082885854	0.615504988471081	-0.705017806842515	-1.20683434675563	-0.818098548090313	-0.381777550234065	1.06359883869488	1.37126471943479	-0.342170177109335	1.62840600210742	-0.561588374398781	1.47342801037749	0.299877768040829	-0.513422866010953	0.913700064128013	-0.821973836193562	-1.05047531799129	-0.294685521783366	-0.543873878296197	-0.353200145333634	-0.611442023084953	1.42024042333783	0.31349723891862	1.17660390809051	-1.14126461211679	0.328114207470838	1.09001754866842	-0.704983851104162	-0.776884938601007	-0.467877548101725	1.82811042054662	-0.880101363212856	1.23546011113283	-0.822504475333001	0.0308610586085588	-1.21816112868686	-0.678470282732364	0.0877523395028369	-0.532790865394534	-1.29833548782722	-1.40518496951971	1.2366104338213	1.01835486176189
"CSRP2"	-0.934012088022464	0.994874073517753	-0.314270920053296	0.862261536795105	-0.791147339187178	-0.645351260307155	0.253567080482648	1.07138278028431	0.171085036304344	-1.81682065055705	1.17688160771863	-1.29798691006925	-1.11404417492399	1.00668438980265	0.290963042726431	0.464875306547071	0.0249922554114139	0.171493602081542	-0.11245175700511	0.705678671895007	0.0277301505519942	0.124174700505037	-0.832774659369365	0.325549424499686	1.09263180703902	1.00516031350781	0.309199528966452	0.942749417066507	-1.43434597793683	1.19981755283153	0.139214786205644	-1.06479762438432	1.05375059959793	0.71005457958968	0.101987313403593	1.01769148963451	0.91071726641144	-0.764250102114015	1.11704302577358	0.233283095217489	0.252816460982513	0.436201194613236	0.143145059656284	0.327911298148912	0.905931551991975	0.975164279922633	1.38516590866815	0.606955541684982	0.0857749475100978	-0.887378626205123	0.985471634808326	-0.130908690138353	1.11674680696553	0.500053209318607	0.916697733495592	0.380782629543144	0.995705426133922	-2.73347197392457	-1.29483264616793	1.10589705358882	0.673551614255805	0.536260003092905	-1.08282931649481	1.46064378625815	0.919489259422576	0.457417364114481	0.971029767071851	-0.837772429722823	1.01527804696097	0.977361839186828	0.642185343016522	0.556995978116356	1.02099740631764	0.485664227530099	0.995398548089415	0.260625245480186	1.08786112334822	0.203382367805511	0.60828032903269	0.0458778697375444	-0.228257990857588	-1.10488946282808	1.08785457169641	-2.26486635870267	0.897890445081564	0.755477705633343	0.039391477877295	0.64210876419567	0.920335326030034	0.0308449080497475	-0.345657122967973	0.969887909882944	-1.17032529341967	-1.46802012530116	-1.09574729992911	0.957531132516667	1.03050788385799	0.61327004786937	-0.831394143319028	0.405346980212318	-1.66773910706304	0.939380373782048	-1.03617891518215	1.06288549670643	0.154163027125661	0.213663902951744
"HDX"	0.616383984358451	0.0436327513512883	0.476131350391284	0.529926783755883	0.490712109463637	-0.191836480771378	0.0768496743610326	0.98520804335598	-0.400551695066096	1.0081194563392	-1.00399007174027	1.04246255314808	0.0469037262990949	-0.0591716705315115	-2.22457576284796	-0.824229389503685	-0.633221367832854	0.578575220728103	0.974265554493462	0.26826394611065	-0.178400299805285	0.969973559865341	0.286446047021612	-0.311315105525253	0.954026317753563	-0.452539390791676	0.946741938219905	0.95421937697193	0.995639538112644	1.25598861374541	-0.0232013872541438	-0.44051939805446	-0.664596748150576	-0.454061606033003	0.94255688227109	0.409103468211108	0.0274953560284724	0.965912460041726	0.379899116425165	-0.54874401912246	-0.00543375855747658	0.447649444910253	0.376280004800113	-0.219740263132405	-0.340871777126453	0.518248162158116	1.198906983203	-0.635652742122213	0.275866646845247	-0.171118830386214	1.08094306477776	0.431864641722801	0.949693622241448	-0.868729976946067	1.04366364632649	-0.661298168307558	1.01347648977861	1.07760296497295	-0.872271854101378	0.368134585798001	-0.713234135692511	-0.421251534952759	0.967844494154179	-2.74968014403884	0.932633485066242	0.371915896414111	-0.899412353615366	-0.233334787201088	0.14194465193682	0.945596180945589	0.269204442210397	0.972656779233164	0.999482805348565	1.02360394224035	0.161769108842707	0.154685340405211	0.627167069933471	0.447763216598975	0.17484718989929	1.02806303295248	-0.144197579036721	0.540462383957253	0.576759985009523	-2.16987828907987	-1.70652166802634	-0.345062554407572	0.5462626456849	-0.991636260753995	0.382034648250715	0.256850999574597	0.172582894453945	1.01821133188171	1.00084373625855	0.196152380628297	0.969696387325337	-0.632725667850493	0.572209410496128	1.01181152957564	-1.41861838614894	-0.725950833720327	1.06345472141993	1.04521357863523	0.952370194435559	-2.28620992929272	1.05969777396643	1.06605656506398
"USP36"	-0.980873164003953	-0.626948503130059	-0.674102048789732	0.91754717977619	-0.491988467028386	0.850386540175326	-0.128870487758719	-0.0763854913066483	-0.931774740676759	-0.702514262035314	1.55659810551406	0.511249841226988	0.610522958308011	-0.0135363686328435	-1.19594150421343	0.153690000051742	0.0630183536301258	-0.0942902110997355	-0.723333701193159	-0.353892652357485	0.78401456447256	-0.511557836432132	-0.557367507711174	0.549500205680041	0.501614764882828	1.08913672708318	0.396137596711393	0.376864652054758	0.999999297571805	0.280382400942667	0.705409791518405	0.247340431477226	1.54073979155043	0.997040632187112	-0.490878457303533	0.680423924307264	-0.431974227124317	0.0819086542356411	-0.0950175890241898	1.23639420529567	1.66442996624427	-0.835493512154925	0.866870087195832	0.0761645218777086	-0.01785434676981	0.205140976335663	1.02647372494503	-0.764533171137565	1.07362225867898	-0.36015431394054	1.02134844204284	-0.620002816034615	0.374625040017417	0.518959087303809	0.47380552899448	-0.924849014586989	-0.948279276273963	-1.70248686191455	0.259259123492206	-0.569944583440265	0.374823482696143	0.0666802063317436	0.703342989042713	-0.116281772205159	0.430224492324133	-0.0647737536813338	-0.936970099620834	-0.0111028341731611	-0.93937266378149	-0.978258174460676	0.0724744939335082	-0.143658654182797	0.383307347242241	1.85540162848142	-0.0721248065909296	0.378673331898874	0.741646450862771	0.228449470514466	1.65584350850362	-0.613203045060386	-1.24285198541576	0.0805498263845961	-0.0966698253070142	-0.670878551816709	-2.69010039140447	-1.42195637459455	-0.312787329094722	-0.704288140800731	0.67864847788285	0.18069141484765	-0.430303200838458	1.51705404978484	1.56645244375577	0.0224934642242229	-0.677931061886966	-0.444370443698713	-0.0926783994837862	0.600828212626327	-0.0430651781265829	0.342595875000357	2.51703015467267	-0.853253712898637	-1.65387252667629	0.0394237764693645	0.465380507315645	-0.340804081207474
"ARID3B"	-0.846322479579434	1.26704006322034	1.20161930007506	1.08484967732509	-1.26037956622315	0.0350990288669308	-0.995249043304549	-0.72885202232271	1.01929088124879	-0.00354288074934344	-0.997501623193777	1.40915902413924	0.386092450394574	1.13722392511687	1.2139224893785	-1.10122598564182	0.427214403854426	0.0411515419092691	-0.745819467512768	-0.680601186349673	0.455606141880252	0.394651311435705	-0.00293559861943864	-1.29261502336599	-0.0183225860677108	0.631556990086272	0.474481985244482	1.18429655526636	1.43044830935542	-0.119406598064406	1.21669428705855	-0.483566872020267	1.33999732296086	0.0733076339321578	1.27297769303289	-1.04541030179478	1.11990238554784	-0.984776620884254	-0.976240638444123	0.492623073358822	1.11718587629273	-0.968129695632698	1.34340152551636	-1.02521499022764	-0.0245743163516721	-0.714676220905916	1.53506597448518	0.222388993260973	0.676409051893698	-0.52123795807858	0.862964130874514	1.33420413865809	-1.30564956776889	-0.789686286973177	0.992146656421292	1.32547148212578	0.69351670277819	1.40450847157077	1.138056889793	1.35513468247651	-1.32247364551729	-1.31393928096769	-0.789178134716778	-1.48302648430617	0.389951947158489	0.0948922397403959	-1.47930186460153	-1.3288757308472	-0.160489585286121	-0.24471288771049	-0.383460328153442	-1.11019479813368	1.43170464339991	1.16567323695953	1.07232058739847	-0.233041852169418	1.15316580610616	0.783247038731012	-0.165424464207614	-0.861228605886261	-1.35430376249242	0.435358000636252	1.20829727041917	1.06836108294724	1.42121766983262	0.879450478553252	0.659323086207655	0.197675045708537	0.921824242963084	0.0226492990922693	-1.23619463125266	1.10362424381941	1.23252444599653	-1.14062465963165	0.513634754074414	0.200899111114782	0.393630572209869	-0.457788570415698	-0.214410782450981	-0.6848048480689	0.16095703767773	1.15725811779035	-0.883317487831405	1.50299042909886	0.597089810285354	0.778616121703719
"SRBD1"	0.0495087688838973	-0.681809938012672	-0.270599263125917	0.5464825607112	-0.845412103544491	-0.572372335238511	0.01911742878182	-1.38298513681965	-0.931198454792207	1.17628623635604	1.5873987520856	1.04311684143918	-0.902184859200006	-0.352638549647285	1.78375229345517	1.40203055564049	1.60610313349051	1.13778439484792	0.91934105109408	-0.770047678514189	-0.514506880025052	1.046658385895	-0.385996229087758	-0.248622824504667	0.0244154978375333	-0.864031431790236	1.31129862725952	0.210257259448772	1.67727033720813	1.5883798259552	-0.931171830449081	0.0998488373002355	-0.372369061899032	0.0538902546066784	-0.639115096928557	-0.879014576736061	-0.954039006432879	-0.720007851816793	-0.243180177475761	1.11693607979682	-0.131986300061965	-0.0630151760983012	-0.288637721607335	1.14200176584457	-0.159969272419012	1.03502212316635	1.77800907634467	1.30809804578984	-0.0838590232206785	-0.802652350163874	-0.164997554471039	-0.198815720625964	-0.0300698746132877	1.66237139511893	-1.19683499873149	1.22547342335268	1.388584438577	-2.3385571116095	0.777486582689135	1.27277379495966	1.09487098347101	-0.384214554028798	-0.737282047041934	0.784056869790638	-0.75798201630504	0.838227406365298	-0.514973502285481	-0.129404179728382	-0.00773876733326123	-0.865580677554388	0.107733590672124	1.04625364776768	-1.79825715146413	-0.880103388060152	0.208768961819384	-1.11027356344767	0.952835811613075	0.453698142524461	-0.79646449355763	1.39272175575249	-0.0156210051908799	0.135053214620548	-0.629560973757573	-1.11591145479002	0.0136988992951714	-0.222140077961523	1.09018621497566	-1.17198292503143	1.27083736260203	-0.954886627577597	-1.31869985737995	-0.939939055584888	-0.627637853945229	1.6237509841634	-0.884395891957747	-0.0288654940941241	1.25364507754814	1.08670984064213	0.221844440017584	-0.919067257974532	1.60278548202325	-1.23505727372428	-0.887949908446324	-1.11896162641408	-0.6200591151497	-0.566855987712145
"TERF2IP"	-0.609960682396382	0.00437205122925129	0.402809897610503	0.807750746868757	0.805786359300246	0.863643158515048	0.667176748045878	0.742332044041416	0.760667884197342	0.835439276971884	0.880604611043684	0.815461977828546	0.85356894991852	0.158001889869621	0.857846730587259	0.849224745337139	0.828059277350346	0.770063885506723	0.23124499589655	0.849724634058866	0.819694281028828	-0.126643931345414	0.746071491053247	-0.167493733121091	-0.272686848235084	0.273329614945239	0.0511726483338164	0.196644108101337	0.130400442022539	-4.54405411073726	0.0964757422595878	-0.0875011531221059	-0.845119712318307	0.158574074790205	0.765319497535919	0.089635067180077	-4.54405411073726	0.362962468205128	0.29940128961252	0.671766277679074	0.134789698494241	0.305507529204839	0.951352972245839	-1.36384980000787	0.0131239029312677	0.386590611210692	0.209791920941559	0.248090897934974	0.0785698008788061	0.351640964129422	-0.32948841456281	0.21172890612287	-0.217837636034777	0.680616210838629	0.783193650843733	0.874775918816249	0.707520068470357	1.08577136625546	0.821582667598474	0.818289934876001	0.846149300996535	0.77111361000242	0.790398369595538	-1.22087211167894	0.178421952206476	0.45730185489973	0.159629975819618	-0.0451871491229328	0.476048865258041	0.427700514343215	-0.156794365063615	0.753059538588766	0.753670016911881	-0.222696282665703	0.467198645256636	-0.505317611497299	0.743120673033217	-0.13318098213377	-0.461982135604363	0.92515354522551	-0.648980822034998	-0.032103019526734	0.0484848078866101	0.959971285416556	-0.49892630238159	0.306665640076394	-0.86637339947873	-1.84924400056943	0.169770827956423	-0.461086842657534	-0.14006978391476	0.893575020719317	0.4926794433168	0.0971500964394217	0.853616609943851	-4.54405411073726	0.260632433000367	0.731034429097865	0.814853030318028	0.0599679245667343	-0.449522180083842	-0.271579294602913	-0.361354018279314	0.0461124774250872	0.820206249542121	0.244025875247662
"PGGT1B"	1.01405242944941	-0.639850756592318	1.32157786651743	0.633707811908522	0.336549865390095	-0.342731943120975	1.07572549633042	-1.41757315108586	1.39412993879961	1.1835858351931	0.00118335259802469	1.38334129440401	-0.290630040392943	0.254625111184671	-1.32656073685264	-0.669105950611871	-0.457383963859815	0.948542575371567	0.538561914046027	0.868241752471028	0.715886722347467	0.843762665014842	0.464715215651432	-0.747442516043106	0.389480572074811	-0.740949442475219	0.33147850331768	0.0478018436125791	0.121428020253239	-0.889345216097336	-0.494115012807127	-0.379615776857876	0.342231980209986	0.436164243103681	-0.0553125628365651	1.63087840126692	-1.30012758657717	0.703339471265716	-0.513510852244496	0.32876481610184	0.450790478572438	-0.0906916371994739	0.580953302356868	-1.01485194718681	-1.40996662026326	-0.502769266351613	2.75894430674562	-0.547129017930012	0.199982395113494	0.0395937987017175	-0.917289940083668	0.0104937324838	-0.174763066936076	0.47939393989934	2.2237577063054	1.92703615049042	-0.406998097281646	1.66020542408239	0.968742851374906	1.01619877007606	0.224069703872884	-0.699967130510152	-0.414660121894455	-0.445974811026779	0.693696757157083	-0.690835526508744	-1.40046795434434	0.547218236094467	0.673229585546017	-0.798012266405547	0.947339654625755	-0.459522334845199	-1.40129544533927	-0.432634263337275	0.856278271098627	0.409636679264411	-1.04909212292831	0.84119943967706	0.109522732285812	-0.398041694771902	0.681391838160638	-0.621201689076472	1.0490659826868	-0.200949868446986	1.66764985420848	-0.155611597574473	-0.582303544983017	1.85024550690776	-1.04721678110783	-0.432859308961538	-1.53467406709332	1.84480613136821	-0.853114916558191	0.949972820371293	-0.657933965783961	-1.57689648559153	1.1805163529075	-1.16514329498817	2.34098942180414	-1.12550125695709	0.533510861240916	0.742067516721163	-0.339128185079769	-0.165426594477548	-0.590763184088706	-0.943951634044893
"PIM1"	-0.543987828968565	-0.243689968559371	-0.689412905481163	-1.12920263171697	0.81752005633543	0.83300281703864	0.793728792511939	0.890278714828406	-1.77448818891509	0.888877210860123	0.823295273384595	1.226807141486	1.07221695916972	-1.78900312450892	1.05205930122557	0.785218601463491	-0.193545086036677	-1.31141255022844	0.371005901973576	-0.491086734206817	0.942962223942621	-0.135967635532816	-0.742603456010673	0.832341690754982	-0.079637103474399	0.782142340398518	-0.243717835956997	-0.517096411984424	0.734301353847085	1.11197248561273	0.676543754729995	0.0669152281800695	0.841344871249468	0.0322796299884911	0.524844985613176	0.0459278886753969	-2.05808406665261	1.05017343989982	-1.43019476388653	0.763345655794934	0.84047676794245	0.845008834993807	0.793872609905344	1.01155450809318	0.742088642088411	-0.572005166759626	-2.36299571139145	0.705688330702463	-1.27612383385589	0.632258473070107	0.0942353129143734	-1.47595676633616	-1.83704040818093	0.596307347494623	0.937233741062183	0.836504853006059	0.713507888410435	-1.33822130627468	1.0210787517021	0.890102018462769	1.06056854067619	0.998824899740644	-0.00257792924295796	-0.727423671243696	0.778653213439195	0.162650686065285	-0.0223024100802679	0.397074008740114	-0.152814431080219	0.0391908715262416	1.20395473151135	-1.34669308340262	0.70641179814896	-1.70454646749605	-0.413945597171486	0.904106911144729	0.962492433763761	0.44524756395975	0.870005902887276	-0.875052899590063	-0.38100881688217	0.78791554765456	0.380599922491381	0.96066174561213	0.971665275945283	0.16894416118279	-0.833348805144354	-1.96802702935551	0.0591874132684763	0.739704325026354	-1.42218428076137	0.831710546363268	-0.719267266470341	0.783372787098617	0.925018958607194	0.895348511308162	-0.168042694144193	-1.6151001689801	0.714327060732869	1.11051032832354	-1.14248473384152	-1.49050290102109	0.876672385153308	-1.70712042885425	0.704791087446396	0.81421937015977
"NISCH"	-0.717524691025016	-0.741465353888696	-0.722398170892908	-0.414537842319108	-1.13790230355	-0.239946689621792	-0.188165231789653	-0.376956386429749	-0.616893188848723	-0.504835787494978	-1.04812606018312	1.49343118259839	-0.777405936267324	-0.58134641834799	-0.54028300322982	-0.989932254945957	-0.827360832337365	-0.873014390052166	-0.327302328823779	-1.17264654944004	-0.872766322793066	-0.560269943522526	-0.492778166239999	-0.149971331666375	-0.414468210683069	-1.21036673872461	-1.13085625780674	-0.557439358925609	-0.540733149317105	-1.26248205689605	-0.748491269717393	-0.297132094851594	-0.460696261303685	-1.14559123637588	-0.435344525853722	1.47498353524177	-0.672041581699823	-0.475065109852609	0.306246942805751	-0.101890090206655	-0.931929107570572	-0.406188123076766	-0.633414983439352	-1.10323217334704	-0.602284483157838	-0.631683162346817	-0.910744918571235	0.0743855360849922	-1.3293271267115	-0.476328344411935	-1.01258041327114	-0.0510785877590168	1.5979465352787	1.36493518670867	-0.726378520219099	0.176388933327698	1.3061637034055	2.50830038618519	0.265908637293483	1.15422551727696	1.13889493278113	1.05702738717106	0.984996640444989	-1.34394721414159	1.30966477575113	1.06862511342639	1.44545372456089	1.08019785988288	-0.268457076912631	1.14952863040253	1.26973107371543	-0.0854711613027649	1.41254974886723	1.42033645754032	1.49698795167134	1.07454052762904	0.697755723438955	1.42839297115239	0.155438876423839	1.25342377766347	1.10694218792046	-0.305464491565187	-0.134191753835024	1.64830346329774	1.37340850537729	1.06464401275079	1.26853640202047	0.584015472045547	0.0191593027320246	-0.103859634050976	1.35523105517364	1.47052527472562	-1.34439169024955	1.41360275868474	-0.116167488533169	1.320954827694	1.23277346687082	1.04906465694329	1.23164904995184	1.16323811751223	1.30189892774238	1.24736405518644	0.420326094043496	1.41259219978416	1.45706162111187	1.43770725157199
"SGSM2"	-0.284582947838864	-1.40072473822484	0.530694811101901	-0.000518707944187969	-1.07939063721792	1.30132571904084	-1.66342311455202	-1.21815692449078	-1.7609826595732	0.616056680077267	0.112519998501508	-0.487046408836627	-1.07045001577586	-0.00363155187131446	0.26955723784035	1.29261101256984	0.901437634625521	-1.05200681580864	0.110472824615255	-0.901577382574004	-0.158672495232508	-1.1027439130406	0.131878155543898	0.330000404033502	0.0475453274572612	-0.250062481227241	-0.197247902859983	-0.122202449187056	1.24493610410484	-1.46061738213918	-1.20127266372696	-0.405411751042326	-1.18760092770486	0.330728072110342	-0.346934637848116	1.22766092503574	-1.09429741826766	-1.67746872555039	-0.881138417926971	-0.159745604072945	-1.06343624844027	-1.52333906799975	-0.99001656630644	-1.36053647938737	-0.0583355512917591	0.33603266080811	-0.833306230761103	0.304094542516425	0.312985172578991	0.129220485559464	-0.327185570596191	0.441204962924484	0.521378329629113	1.28678896577175	1.2720261980692	0.294519000137508	1.2994309218659	1.8238815730021	1.2020347999779	0.345619056765464	0.106818485070813	1.2626032657208	1.25743829006101	1.18341623730695	1.16444812452176	1.22748915064396	1.34431505133581	1.30223583947255	-0.445008967274263	1.24142345433061	1.23720027560755	-0.110278278640044	1.24151448513102	1.34129755329434	1.26763855656055	1.31453135120798	1.25999409851197	1.25422495948679	0.225241253730475	1.31049995477365	0.251167026641329	1.28073582114029	0.371841360407362	1.26376824184616	0.0782892596620703	1.23237771260153	-0.917109665601054	1.27023974385215	-1.09366529697764	0.0748388258686152	1.29951561718404	-1.04737412003114	-1.11873146426143	1.29966968893555	-0.911716974855507	-0.0394375540299741	-0.06333726927018	1.32818742235361	1.2794975505374	1.32673864737709	1.26173461981872	1.32404633112558	0.318979423184082	1.58271940870382	1.23220115143253	1.33890487215764
"TUBGCP6"	-1.39252535697629	-1.2308686660878	0.87033823398883	-0.202557534215975	0.818529724660529	-1.45945572671349	-1.21813057726665	-0.257491163161292	-0.701569446443292	1.48526533116915	-0.291968216741028	1.25340824082762	1.42179558720304	-0.417858971607424	-0.76929322809008	-0.132194055283107	0.507816281297878	-1.05288858180007	-1.33174008383398	-1.04335331929534	0.639050803985807	-0.673389887632583	-0.334036185668875	0.0707359131218457	-1.21479382989062	-1.27540127831949	-1.06547287356036	-0.266345672281461	-0.568192927314143	0.259922926388611	-0.735248992877589	-0.994964040540119	-1.44307891430154	-0.798622369548196	-0.531468107672342	1.39578758324378	-0.605363427039935	-0.895069889740412	-1.26474807772104	-0.518528729255112	-1.23630082769585	-0.597095282460107	-0.998796392681568	-1.14926790060179	-0.707282987023375	-1.32502663300638	-0.159302178255526	1.16442322968134	0.0693921666076035	-0.372326366378899	-0.698055401726359	-0.272684182389603	-0.252005731577643	1.45521374450901	0.280133869195237	1.16264168481622	1.06379969913439	1.50518732851653	0.733165307980003	1.31285056822881	1.21871008805525	0.502547740101376	1.24092881491292	0.847534072239693	1.55998697297521	0.801392647872572	-0.237085417538435	-0.476169238526969	-1.28123018645953	1.22619651963816	1.15668885617802	1.2536875089453	1.47839806481964	1.28290184158875	1.18807718894549	0.0674985479147278	0.104451344600474	1.15654153773794	0.84553676059685	1.49073307521092	-0.365934944980245	1.20917657270935	1.03055473654609	-1.22378034545761	-0.815442072895495	0.934227763928544	-0.64239699698546	1.21189485006552	0.705913640180268	0.444643551313178	1.19496567219261	1.05740866704871	-0.208516571082684	-0.394931501548519	1.47511883047343	1.31697564334223	0.72103232444728	0.991955233826742	1.54530368751483	0.597000773921281	1.0505396815183	0.923550196245425	1.09984206777547	2.03449299792627	1.08901744478278	0.73950733266462
"RGL2"	-0.800176154163578	-0.73514502688059	-0.24038212450277	-0.789801251874179	-0.971185100616712	-0.712393398213761	-1.13049665862008	-0.0280069886741376	-0.749150930659378	-0.837758846190742	-1.03315586095732	-0.580080538880035	1.07525435019366	1.19287335945338	-0.874142741078941	-0.765280063461663	1.17877100481318	-0.0943889977500291	-0.721479551140537	-1.17106436472107	-0.77129189025915	-0.935638581363072	-0.72372156186108	-1.19620964311564	0.00480049357036965	-0.583505839033112	0.982760425453631	-0.942451812416455	-0.644979149735922	-0.777955078229452	-0.871087157211834	-1.11521381913184	1.12380429068143	0.120117936391993	-0.371272692062628	-0.955832347503177	0.900323109997646	-0.826790070094513	1.19859297060901	-0.936275843439249	-0.868422402438903	-0.777411520916898	-1.20986809188202	-0.885187387820519	-0.54746681939209	-0.822052789504123	-0.550614782317951	-0.797422165545337	-0.729589522436127	-0.101784460102225	-0.710116434694903	-1.42282095877484	-1.22164816861095	1.99425352811451	-0.905433870476567	1.43936881471758	0.223073918290327	0.148656450334044	1.06525901971599	1.08388324380626	1.82146232088992	1.34659172578691	-0.711832694543012	1.52781088395193	1.71436945703832	-0.0787897264910972	1.67911748581887	1.48856333423322	1.1503688512311	0.696523402802186	1.12374628136627	-0.0614937395445199	1.97469986446981	0.791047209517102	1.36648396301891	0.417574259196283	1.14654858437966	1.42760801125867	-0.653371693077587	1.34497822733258	-0.622784780072649	0.921214168041417	-0.597133376157482	-0.00235537895257833	-0.833041253370001	0.204313926316472	1.50335419699129	1.14887858157439	-0.136956420620337	-0.494705604888706	1.39980966796368	1.1399376599844	0.951959107035609	-0.994215351085635	1.89731838890805	1.31807387338316	0.0484222366596209	-0.124389284349294	1.26275643265532	1.02875176073119	1.28164464573813	1.16642609623354	0.0226827186894869	2.0015613460858	1.3121261163072	1.50764141527128
"KMT2B"	-0.557344504863668	-1.12787366565022	-0.0195524098117931	-0.0853008752064034	-1.05797179990521	1.26539165861453	-0.45035294341527	-0.798380999275003	-0.504580507364508	1.12815823971061	-0.824505950226241	0.0656637324146081	-1.83874583093961	-0.913614389564974	-1.07933082429833	0.42471551288109	-0.60843854131677	-1.2748973553252	-0.875655721764781	-0.0784820031388424	-0.609622503153065	0.0667948121638154	0.144522178999712	-0.390019639893746	-0.578940160850519	-0.495103200848827	-0.515978974667175	-0.263413740545786	-1.20627405270621	-1.92032510064572	-0.370774844920031	0.6647977879136	-0.487233353999896	0.17605878662337	1.06803732012296	1.52309784044554	-1.26763801712523	-0.932343664524924	-1.19471234951504	0.240449759247212	-0.766101559442993	0.510433386356908	-1.48777705306633	-0.993896792151498	0.39388915759669	-1.32197961118866	-1.18193865722276	0.0623974753411849	-0.463712606646169	0.329716547610335	0.478533628587762	-1.14248241457645	-0.974378746404169	1.28452108574347	1.23723767175701	1.16963562328605	1.18114542550149	1.69992563240809	-0.359577390406168	1.12345612996026	0.00864010040197289	0.426563481524071	0.326532276974727	-1.07329112367152	1.25858632959598	1.24875097424542	1.38873911134239	1.30265327249619	0.297299135360189	1.06043044230041	1.1838229056422	0.0375351911256332	1.11296132448754	1.35864573609608	0.934868213353384	0.639577777586771	1.20005229510952	1.2450434608327	0.336209326010544	1.36417200335829	0.0230227960021372	1.26173301483405	1.35207795008442	-1.24428581121502	1.27029541965492	1.26207236383062	-1.11729027886182	1.18252243826484	0.61754106641038	-0.347425292727632	-0.658625181737639	-0.279457382359785	-0.807695556967761	1.34585091989866	-0.258257132718703	1.14203029515549	0.991304396215769	1.35952581404634	1.16668488223294	1.40862318104862	1.46909029570311	0.996366221231396	1.5038321125545	1.49753464635399	0.589528516707029	1.26735974851708
"TMEM234"	-0.118862097592869	-1.10139605347027	-0.909268829613858	-0.930748446557893	-1.21511637464312	-1.14212896968705	-0.382808379574958	0.295502368871149	1.09396076396676	-1.46074708164442	1.37904010825771	1.35899557733425	-0.866367219166978	0.0794252526838065	1.32889122040824	0.474278400838703	0.562145760292827	-0.221984284237743	-0.973316973277073	0.566437505829527	0.00456565563260871	-0.881044327474292	0.271183719241022	0.113089860724656	-0.618262055876851	-0.209626007170361	0.257196895407978	-0.0140468100072379	-1.06150220107242	0.241372247062882	-0.984668982278773	0.0378490947772309	-0.92008099334274	-0.895938134117622	-0.224239264486629	1.33827249615663	1.11166058203896	0.0788849922752209	0.134188265359595	0.467639898779186	-1.12407501623566	-0.190238418060382	-0.964808365106772	0.0266263751647055	-1.21293149913045	0.169942775972209	-1.73720059733907	1.14400704210913	-0.501084631696906	-0.406886150021308	0.214835055350314	0.5314404839106	0.234958477348328	1.15825511504779	0.220369184229001	0.280097360442703	0.549559384648599	-1.46612716657261	-0.0276487106295309	-0.60298390458372	1.27716824025943	1.2938673346143	0.678261414033399	1.41930618043068	1.31841100001416	1.13349970461611	0.314467140934934	1.21367222189651	0.0893559791543517	1.23227607697283	0.511544774207278	0.482134986886975	0.0849011951256011	1.3572264574346	1.23121149022926	1.10516908620792	1.17046947590207	0.228239280329421	-0.352045516212537	-0.657518858584622	1.15468565806767	1.161161390821	1.24182827735131	1.39717868665943	-0.398321729631136	1.13390363764704	1.07994834738689	1.19365711185805	0.0774848956953426	-0.101861508793996	1.30870338720191	-0.112083737267817	0.319045086439619	-0.220436180628073	1.31005524267251	1.26809451198013	1.13663021705494	1.16544642164005	1.34850725001483	1.09293017999656	1.31686216344699	0.134138748437662	1.06645822261281	1.18926162392777	0.220095408589819	1.09165865551777
"ARRDC2"	-1.20793136581429	0.0789443891064038	-0.370476751837068	-0.0919262764663297	-0.845904711351457	0.354817241993711	0.0222376547180946	-0.266444750449176	-0.874541977186732	-0.0243272622834641	0.113365602757441	0.192320407312976	0.347871612275798	-0.177924861371755	-0.983246845524108	0.359908268977516	-0.691175096716729	1.21573857316375	1.08004627562129	-0.562267648443413	-0.609160792377486	-0.124022057482837	1.30922976974833	-0.830009755847604	0.389218490305581	-0.317129369146484	0.395065129806639	1.33529789845079	1.37571383480239	1.35998463700631	-1.2457031312002	-0.884817100676448	-1.38263329270924	-0.354141647794831	-0.401399349161998	-1.49677122487319	0.239562526665216	-0.283762043315033	1.42139238942682	0.374692944622862	-1.35267967330955	-0.53120485178105	-0.27514416366548	-1.5126765366131	-1.40699394652792	-1.05977176540811	-0.226318054579127	0.134400321268074	0.499683618757583	-0.0271674149056096	-0.835277513380124	0.00231851836327604	-0.333345379459562	1.38040553903281	-0.41763112729916	0.0628449863045512	0.508041074589758	-0.295793955822139	1.18572151276397	1.21864687413892	0.16538104180282	1.38911041319105	0.187759618427822	-1.62416628893438	1.4587255425503	1.40757482079031	0.281173144137602	0.171935527685805	0.171849205798242	1.23034428055167	1.34500711272169	1.24571352543017	1.46709523432257	1.40172989020604	1.42868613535773	0.275070057869832	-0.0151381004148864	1.19806304006888	0.567988635367966	1.35307209105601	1.40693281523661	0.548021968707218	0.170859324079445	-0.973520598200509	1.23532693608749	1.33216965339922	-1.01708291908339	1.08702080450939	0.367510174474994	0.208765138629689	1.29815047933743	1.43782771257216	1.35020185625431	0.112479042549502	0.257827334279272	1.44523827439778	1.32278633826106	0.243256186383539	0.436310741256765	1.37003665053475	1.23967379120509	1.57022820616874	1.25681717944924	1.28549296544812	-0.0550009871261996	0.146527214108744
"ANKRD13D"	-0.634542884328595	-1.15886340794652	-0.697114620693899	0.175973950766538	1.27315341533905	0.191841383174168	1.2880564277044	-0.992330342114465	0.687919000892122	-0.920212874834793	1.53301014957506	1.5303081060675	-0.507123294058176	-0.411951115422393	1.39031610013788	1.43239236400896	-1.05528439198394	0.219817003897018	-1.06390395459875	-0.330374887944503	0.187354082078676	-0.583032495785858	-0.051229154916093	-1.15381405552845	-0.528804157930973	-0.831575866086303	-0.597278475508958	1.14160472497141	1.46927575071337	-1.14418620394228	-0.947140950914478	-1.01820895408975	-0.741226605964873	-0.956047969697234	-0.925589936699602	1.21444790230552	-0.602359919487969	-0.757035547211028	-0.941618325150069	-0.337152159025575	-1.03795254407143	0.519833723561518	1.30924367220642	-0.778494119794092	-1.15641329737719	-0.864596214629794	-0.933284887947468	0.115869647875241	-1.20426578832373	-0.73337024572413	-1.02638952678529	0.490412286646873	-0.971302780709393	1.31627266509364	1.43141361444456	1.41682699709433	1.3856138842217	0.223353199069778	1.31639198182908	2.08417064849856	1.63443208120316	-0.660698432003583	1.30507605807581	-0.935562642541846	1.24993782635656	1.79032121549978	0.700244169799013	0.244259898842407	1.41636440041866	1.10045923988288	-0.557969206851872	0.178360149879595	1.3369330405785	1.02120754082994	1.367806790998	1.37344631342749	1.12399828452793	1.278377777982	1.36349609313145	1.38520430157306	-1.1979572471865	1.57517617615998	-0.0944376751146465	1.44654506038651	1.46975271386111	1.4821867459199	-0.74454781846438	1.50056979073978	1.44241905986768	0.029526846234982	-0.779193523803408	0.0905841189896551	-0.177666370290945	-0.0390149537977758	-0.133826536738113	0.151061238315545	0.697705735495139	0.437776686063038	0.0696026663509763	-0.289067525253728	0.0827169786779586	-0.0317747581642462	1.4399715393825	1.8290985234029	0.307685004798119	0.220984244697032
"SLC12A4"	-1.06007823305779	-1.07848355229318	-1.20163573980782	-0.00844639650876611	0.559563324319778	1.26586045301517	0.165305706893456	0.243010353192618	0.219473389624075	-1.10480921931622	-1.15883304683869	1.12806493879701	1.14560060649821	-0.21873448790953	1.37281402019216	-0.442178936440809	-0.486474770359246	-1.4018439240476	0.16273634596511	-0.97750057155062	-1.07127379803795	-1.12989330019454	-0.983670352649907	0.164921200154018	0.143698925951451	-1.01869386989191	-0.422626600577458	0.358073780029297	-0.0660333287295438	1.10860064192992	-1.22110450573774	-1.09445821045214	-1.03752782852937	-1.31370038402129	-0.133094767542936	0.037504653568562	0.153587316628228	-1.61736221451564	1.09230394528447	0.497053551122848	-1.13859959305526	0.189649122696625	0.18239316722544	-1.08733828549016	0.0908516067010089	0.167948730550097	-2.63535922754194	-0.437221025850122	0.219481214863685	0.0179353749933382	-1.08473656951715	0.653901924137263	1.22336862660421	1.17349321437833	0.169058372512579	1.04741655116294	1.18399617507796	1.6234967111571	0.232537033230274	-1.14097969022833	0.0549374391169092	0.42925703225045	0.179013809117871	1.11415576071431	1.21986314673999	0.21036722205212	1.18790285231434	0.1943569266396	0.189103773288871	1.09642167637919	1.13591261086768	0.599978058223809	1.26721672722859	1.25705960554404	0.564253258802531	0.605958825316211	1.1115581451039	0.137811377312026	0.72586326167763	0.238277238565446	0.567909495200653	0.714392606499182	0.269868746566703	1.36524763925675	-1.66881890009848	-0.243721973566059	1.22280252057099	-1.08974351886321	1.0890656529494	0.600482903230311	1.31838732843254	1.11701611102657	1.16448426195048	1.26368210234764	-1.04293274397454	0.624481924757433	0.414004834658832	0.217580835790013	1.12158111036387	1.38631997104169	1.08410480166893	1.23751493134098	1.18529672383746	1.15958408017133	1.08848108441308	1.14356955057506
"KAT2A"	-0.548474278324947	-0.377559232730242	1.26743964058015	-0.698422519563705	-1.22051314819934	-1.27168893083315	-1.14106117235479	1.1675132007157	-1.00944915757189	-0.982764326379187	-0.878973487279121	-1.07601887765664	-0.440747752855537	0.248515162443342	-1.19726368228082	-0.953785693175588	0.59032229323425	-0.304954676059984	-0.335155890524772	0.0168705156100373	-0.11633770094538	-0.0754686767813145	0.287521491850202	-0.180368649357259	0.271872715232841	-1.22424493724806	0.161065939791645	-0.0100269648795332	-1.01091859185678	1.68109426391882	-1.21013643706325	-1.27374856526769	-1.13315329871195	0.280150976796089	-0.154176266321048	-0.989330609450584	-1.15345677321651	-1.37430204881024	0.166162552936671	0.467958386371526	-1.58672757565818	-1.60759988014517	-1.30473351166165	-0.544122957611069	0.322757462457174	1.14403584030511	-1.791467500608	0.0506634786123439	-0.856784058363568	0.527726679876062	0.411835254726863	0.22849494890339	1.36186433212288	1.21771911686027	0.304332836650403	0.0545586267579205	1.38034172215346	1.40342302867378	1.22188189048731	0.10619163274457	-0.899871849020787	1.31357276489632	0.0952412222788413	1.12549356068364	0.294626969687748	1.26452882481059	-1.02300348881979	1.28922966946454	1.16856216347106	0.256594445335577	1.30275516464495	1.11070005313118	1.1712333255525	1.26869765424042	1.28305487145991	0.66923823374456	0.0781849041475172	1.30553371522682	0.270333557103024	-0.237949248507197	0.867326571187202	1.28662521467685	0.262692613942733	-1.60535974820007	1.19558119065573	0.476030922548794	-0.651801741732774	1.32106050316896	1.23369135207999	0.432454106814641	1.23736780331774	-0.33954237396637	1.29201165986209	1.36549099392574	-0.450417952456152	0.447707381775093	0.778913199461467	1.22282373923812	-0.485833141230502	1.14376395730414	1.3344343949852	0.569253029492278	-0.6457626478663	1.35968142149222	1.22843503599533	1.30380133963894
"AHSA2"	0.492632137198835	-0.0166020139794079	-0.4935139793472	1.2083925638626	1.16471646309754	1.09921535827116	0.447877035853661	0.772123202964191	0.429666393582926	-0.334211816369626	1.03959395834692	0.781864449761511	0.914037411465398	-0.135970821597821	-0.197850277336564	0.686351454683787	0.707874920209756	-0.0819999616392267	0.0784819374749487	-0.306066351328015	0.116654835013888	-0.0320159839520994	-0.0482830542818524	1.0736169358287	0.422122191968452	0.925571783593838	0.545132370234894	1.34188257748364	0.337153937448703	-1.28980377553295	-1.40765466042305	-0.006383886190555	1.22088385111231	-0.168661537287559	0.217567638926462	1.32189092024978	0.525640921140756	1.53299000197738	-0.207431024288954	-1.07320330754625	0.895656127716728	0.0708241840765115	-0.261663511365526	0.371801325976361	-1.43938329598165	0.249990941123307	0.718733284046713	0.876391488370578	0.554347079291165	0.177671610995971	0.0229243258866094	1.45746060318199	1.08976117340302	-1.16692419330749	1.46530433754598	0.690395640551612	0.523968111293722	1.12456975263203	0.978456447000929	0.939151470908251	1.23817674927286	1.1503362456373	1.07653133243915	0.327138929705828	0.470194037148378	0.547907996724061	1.18509159824781	0.539871701102291	0.455746459978398	1.37493828617665	0.403292832848693	0.428657503009453	0.84915061514222	1.21668982636672	0.914002420360816	1.29841438879077	1.20656086172306	0.592622848626753	0.207594703537937	0.617458522604035	0.525234269971549	0.91446211717963	-0.586393459074451	-1.4706310584807	1.49943730008502	0.86054656071663	0.175308665389385	1.39254952767214	0.363593557103973	1.21856147790015	0.152241052494754	0.88408221334591	-1.06788852609959	1.19462697566709	-0.546837384167199	0.867672760115262	0.271130303467	0.815314304714861	1.12273323200517	1.04002708490307	0.884639282401987	1.08348101055242	1.29438500679249	1.21090405216127	0.480555807011563	-1.23762687666551
"MAP3K11"	-0.726649757603951	-0.497202468075023	-0.957102145362045	-0.527637995101981	-1.27305834992569	-0.0133412137396236	0.274917878905429	1.11438692208184	-0.950853009311625	0.141265820065223	-1.12496590445693	-0.46439694293639	-0.275308094148785	-0.392412567920202	-2.10003483250607	-0.699841370592585	-1.61409771764121	0.486376534209781	-1.10637850339574	-1.50721959644758	-0.734105648641939	-0.521930858675104	-0.522274651536378	-1.01505304622993	-0.724428231337112	-1.15421424077243	-0.395951115449932	0.591218745527611	-1.09531138820121	0.419252340218253	-1.85023199307854	-0.772420210470501	1.34483545340066	-0.482592871077288	-0.597751794601915	-1.45793021853444	-0.386611833818834	-0.290765918952285	0.0889441435717071	-0.524617942520324	0.00626484813571908	0.287241419885816	-0.425935816451563	-0.432480700911463	-0.923716328248772	0.43884585657131	-1.52259975172539	-0.530181780235803	-1.12036427755317	-1.0193320300796	-0.239487784043071	0.13741534579563	0.697078412959018	1.70582320782913	1.36493215062441	-1.18124211545132	0.939991740309253	2.6684073002013	-0.0116476049686997	1.16224785222544	1.06472419413157	0.870817735979522	-0.190521659742708	1.48459202563755	0.890932002395952	2.37453585285738	0.922754364036749	0.980956295845928	1.2703108729548	0.888247691082075	1.90987360566691	-0.302578371714383	1.61279073483828	0.98168196438962	0.869465847156362	-0.164868351419996	1.76250625305271	1.69543270792919	0.868029041739288	0.936362982638917	-0.512116648905947	0.0178829537389522	-0.463035451541987	-0.536901019073296	1.51943628062843	-0.327732176425824	1.29431841744652	-0.797595562044299	1.28334792501554	0.279625330973455	0.279692222657963	0.641166973517726	-0.441081152963876	1.33071753508364	1.01669027158626	0.0362918556405053	1.00955065355671	-0.598600216620884	0.283156756021158	0.594215602643264	-1.20722025600832	-0.203612540703442	0.890032569471835	1.88698977858058	-0.533175115780088	1.50031555507314
"GIGYF1"	-0.375719142636607	-1.0712839476991	-0.4752545706251	-0.259807224666458	0.652921016204669	-0.696464527164139	-0.793446748942212	-0.0820224169779323	-0.805878420217175	-0.562728953938703	1.25989752849529	-0.653062285329844	-0.651118225543766	-0.667470708381179	-1.06965664707143	1.26457978221675	-0.636007557896339	-0.420771000568882	-1.36426855996222	-1.53237674578966	-1.06453984432856	-0.426954775798182	-0.017061416979386	-0.211212971965549	-0.0407079664054161	-0.965172559851051	-0.0476040919544274	-0.842468488089669	-0.894919667922752	-0.707216604960485	-0.7356189949803	-0.720791121959174	-1.33363338216825	-0.0997399418425226	-0.628405889516959	-0.278701881596204	-0.884794100833777	-0.901724986103093	-0.456396050171478	-0.406862855975771	-1.17925160476147	-0.987831762747386	-0.890420898705234	-1.51411205116775	-0.953518637785993	-0.481054960626481	-1.6515580559264	1.36352553704465	-0.86742908757067	0.0347891355850522	-0.562727039731495	-0.150935263874849	1.40245945318373	1.09989541421692	-0.517918398384375	-0.557238941819882	1.10654892101854	2.22805222595712	-0.729023219248255	-0.14190940853603	-0.427504944546063	1.0868524166312	1.25131576592727	-1.38421374425515	1.05055162032677	-0.337629802571364	1.18551280305427	1.28996541698528	-0.525347505702155	-0.402389891700249	1.45249915285794	-0.334411680635631	1.74121405963087	1.31749430556665	1.33203338229444	0.00303953085675656	1.24188542043091	1.29338051712557	-0.589305327382376	-0.474250846303446	0.0339882917438684	1.29411943808224	1.22758180173601	2.15540612948211	1.29537818011397	1.45021331808827	-0.334897087650269	1.34947420768048	-0.660147401077328	-0.0675252565774967	1.35869917068794	1.37380829667688	-0.116842592036486	1.35516278322408	-0.401887778525535	1.31453077601328	1.10450151424275	1.2707655635265	1.06078697855785	1.20473801713327	1.24543773419408	-0.657688001905466	0.653464115143471	1.34363271497625	1.16867415873068	1.3967404034235
"IER2"	0.194986792761391	-1.80503881870694	0.410628175312635	0.5751462979432	-0.918620683934259	-1.80503881870694	0.930732912473798	-0.00147361348465922	-1.80503881870694	-0.969438576672204	0.920102745214808	0.574528889397008	-0.261057896227471	0.485057642276109	0.0968060575934361	0.451715864603313	0.642619614481542	0.215413769396129	-0.769448074052199	-0.917966483713002	0.390104133860569	-0.401835330166548	-0.602099302327406	0.971400286781173	-1.80503881870694	-1.42582734256628	0.116253254131769	-1.80503881870694	-1.80503881870694	-1.80503881870694	-1.80503881870694	-1.80503881870694	-1.80503881870694	0.143576774755934	0.566294650741572	-0.929457039376136	-0.720585528749779	-1.80503881870694	0.906863222230614	-1.80503881870694	-1.80503881870694	-1.80503881870694	-0.710328250386336	-1.80503881870694	-1.80503881870694	-1.80503881870694	-1.80503881870694	-1.80503881870694	-0.219589704194445	0.362362831618532	-0.121548240820151	0.504844334115463	0.922354018409347	1.04771852349728	-0.307930304755038	0.968146049173391	1.05697978824603	0.974446124186858	0.934747013721108	0.471923637972277	-1.80503881870694	0.631002356598843	0.803371072102648	0.946593011058945	0.94887281940941	0.23354546327475	1.07867891497911	0.923566030639967	0.934812537694538	0.937601007851143	0.937840978800342	0.96230326159028	1.08659709405435	0.693528291264695	0.876042530757182	0.904649653124552	0.950448769747004	0.923286900352984	0.9532124487149	0.236952026703353	0.587488627741633	0.949156992591852	0.32720148396218	0.987263587728336	0.506177797367106	0.645266394414096	0.649161150302807	-0.202586631265751	0.616955771823401	0.474655333897053	0.970091642116852	0.947006639911581	0.300816418989593	0.958985477568775	0.386340730522713	-0.306498315303678	0.443562783630735	0.0193362048257255	0.0690802246545669	0.508057412030077	0.607738775160822	0.883537330545049	0.910953150104145	1.07097646978702	0.896795395685949	0.984226305766393
"KIFC2"	-0.73864743884714	-1.36623629965985	0.0887092775690975	0.881994417315687	0.830743027326666	0.507655511090772	-0.46322002497551	0.0508861479135467	-1.00705365301152	-1.0643229692644	1.25833619662995	-0.0227347691032009	-0.986211163302179	0.796169226379414	1.30681395742206	-0.00719421815319747	-1.23248490162927	-0.0124585320533756	-1.09508080239941	0.112080238819585	-1.29134867826029	0.723710329402805	0.662083900637013	0.151201676543512	0.101383923341458	0.226619001338677	0.63465405310931	-0.278175005000455	0.961552127302702	-1.6519621302249	-1.26272135234441	0.000477655201580179	-1.18925174709204	0.786425427397355	0.0284731445019256	1.2632754736326	0.797156637917906	-1.17081728991091	1.05925822351456	0.0807892911387286	-0.245533130162672	-1.20433651896409	-1.22403505357898	-0.771198086207094	0.150637594585711	-1.13438807796589	-2.23824262228389	0.0762923673321419	-1.34822720191878	-1.04515473619488	0.208426757748175	0.800988923638114	-1.28624676184716	1.04249299293224	0.833136526638564	1.33470562518161	1.08384387641032	1.20681198137241	-1.13448580735935	1.01699688693132	1.24949061245161	0.0864407604099019	-0.0614825486434428	1.3617691317907	1.15173726670634	0.77785882785538	0.898778056640741	0.835091535280427	-1.16300198810101	0.7287318929501	1.1120342420498	0.87215006847755	1.0621464510279	0.806657429605797	0.347574256845754	1.02552166096154	0.58590237497515	0.5473670734223	0.958645243358974	1.17160014650967	0.408844850901352	0.916743520432579	0.556370582627866	0.743152340025893	0.835397290143707	0.866962627862215	-0.32370822271959	0.874870204180375	0.737789804472351	0.273898478932819	1.17439339456298	1.08322930488277	-1.21989501972026	-0.968995243197691	1.07570224239726	0.069352567241648	1.02753141483019	0.884183638000377	0.970393110242562	0.818333104682342	0.890178416995651	1.06194268329786	0.911524363705334	1.07998845355686	-1.12551029031206	0.833546983817677
"WDR27"	-1.51407387130369	0.604779366948058	0.23506276969051	0.383568843559469	-0.0756987736454651	-1.64075593861166	-0.786275001513234	0.835434763875489	0.271486849747869	0.439407584670049	0.578513751735562	0.316561073530744	1.09986606901862	0.934412451123791	-1.59496439459381	0.0785250048410018	0.633640163216007	-0.416796906243008	1.12123835533738	0.91603717286378	-0.969821525900672	1.10025903200628	0.77015478472219	0.740869987376105	0.745782609937221	0.331764906862575	0.785332278804502	0.36014860341754	0.585278860233141	0.153087153847528	-1.56678963214925	-0.938710195430776	-1.01018093726132	-0.124709206487157	-1.19306880858971	-1.4327036542655	-0.279243276525331	0.3026700197773	0.701050671344923	0.765616045869674	-0.371932308939499	-1.70945770617305	-1.01179353602345	-0.140430375872927	0.263170903767888	1.3330821060702	-1.92385775851918	-0.207232222043024	0.167142676394137	0.427243374163397	-0.984022779032875	0.266477063018097	0.645811921561905	1.1637986663719	0.899481003625549	0.975740108589742	1.09694720916202	1.46753664708386	0.902466774878256	0.906608048479011	0.992109412635332	1.02282200910228	0.499081474573839	1.28090378736593	0.605019200468494	1.45623715215112	1.19798867763732	0.843154639688426	0.130089911146621	0.276562492967719	1.58728746765233	1.06461127823755	1.25854374483652	1.16756628477237	0.478433041073986	0.246052716839568	0.714939455745433	1.17041591295113	-1.05937268067793	0.527190617910984	0.414859128075937	0.622210124681982	0.284180754986974	0.852474906109142	0.204119955462609	0.256901704261304	0.158134786147498	0.889299577464839	0.792704157203227	0.028716236575511	1.14882091846182	0.901509098925469	-0.313267275649838	1.23099080639668	-1.36059841784043	0.345319449051631	0.00710496232355276	0.771606606734083	0.914256312914888	1.13877249158733	0.536439581310732	0.126980640692966	-0.589186771303276	-0.689016977259093	0.359488253821976	0.802310008129031
"PPP1R12C"	-0.238497187942857	-0.469784030988554	-0.387526324867447	-0.560073628608839	-0.330999427662819	-0.162799784717806	-0.886907291755444	-0.139952675015345	-0.316834948113915	-0.0676156234548214	-0.0607652773584222	0.298708970968758	0.855997395189298	-3.49648147709785	-0.339343361522337	-0.222012195982738	-0.124333765289305	-0.511539974762814	0.00176365311495315	-0.289203894605911	-0.371001980771631	-0.481852108903134	-0.0409367020387122	-0.441785635397539	-0.862709058954251	-0.353830258475054	-0.0461131635615039	-0.0053079301261516	-3.49648147709785	1.13452543152302	-0.67259815207977	-0.205193213850514	-0.357007886917497	-0.479577927444416	0.0615304039842174	0.947756477176836	-1.0385637746635	-1.43917395302283	-0.168144384201651	-0.535862526133191	-0.0994189299127488	-0.0445160998348948	-0.233888677514192	-0.37273467521635	-0.0699703979761729	-0.201259106628275	-3.49648147709785	-0.402038508982039	-0.350293755843398	-0.0658816236982351	-0.633430108961815	0.564372098513476	0.751060505286556	1.01015671793226	0.0621700364574026	0.85025716513671	1.0370303096687	1.20013691914079	0.741796226300177	0.916994344802047	-0.191960714051902	1.09997538860285	-0.612826737806388	-0.491010072713741	1.07117512531206	0.837602766310074	1.08113867428445	0.972301318853084	-0.0191232632448073	-0.0109767581885863	1.06956229686379	-0.219339047549448	1.09099363701344	1.00742935800087	0.0584957553250485	0.53180368029919	1.0531457425275	0.485313330425756	0.90809744123373	1.03075586696348	0.853057613734054	0.473420599733086	0.909318482099507	0.0876329839439011	-0.187108647812323	0.798152941870246	-0.00853046952188166	0.302400617639697	-0.237093959219288	-0.0664312864962274	1.10116546672898	0.961309503880909	0.150621619754822	0.781193086202376	0.95271795165746	0.835808858197966	0.200294927632186	0.247145786671251	1.08517504943885	0.975252287698966	0.334835454507471	1.00472145695089	1.06770247765097	1.09530401582483	0.772298014572827	1.00249796822275
"ACAP3"	-0.161633928048887	-0.00200068822173045	1.21407925007539	-1.05717445105323	1.11425636125729	-0.834959236750658	0.900720130292806	-0.200806531344381	-1.54292936496184	-1.64809459922798	1.46254319148167	1.36265040333302	0.735077333010581	0.352016019612364	-1.08884544253653	-0.725469838138364	-1.46422351769407	-0.185688564951695	-0.684590255972185	-1.20110684918938	-0.129788110585307	-1.16967786818477	-0.742251742836505	-0.0379696240270253	-0.824141669859632	0.747411829628791	-0.610561949805959	0.143390580563523	-0.457202292662434	-1.43304569562575	-1.06867488830281	0.0314695002371068	-1.27366100820968	0.0386187750414744	0.0880523982942786	0.365505644954363	-0.983752684895465	-1.20436576380844	-0.556578567468741	-0.94350168791138	0.0652142270438087	-1.07894792916068	-1.49119219040278	-1.2264388725134	0.286759828895091	1.24578145022112	0.161930824547766	-0.20181529830265	0.362211873847028	0.0351009731431826	-0.130636471674907	0.0622981226926813	1.1597911894578	1.38307661530207	-0.699790550975748	0.163897493929687	1.15108607735304	1.05960044052893	1.29388039180696	-0.680545001622296	-0.548266008147723	1.33124550782345	-0.887507242209595	-1.71568577336229	1.37427482312692	1.308100973904	-0.277592322032936	0.767297954145242	-0.297336435583716	1.1041156418692	0.580703922725459	1.1912290162941	1.77447819943289	1.31877956221823	1.20473890152794	1.08802336426872	1.479303182017	0.667118620544357	0.267032472895902	-1.10190686569685	0.220392170142915	1.21394446483967	-0.210388310302122	1.17395052314413	1.11368628192347	0.149490892121277	0.618250241621042	1.20214724504353	-0.130409486567415	0.181814250629154	1.16134446998116	-0.888023623555424	0.183793534013892	1.19772778378317	1.41132085542343	1.15773453480161	0.230068869804191	0.178275020085176	0.24051387839149	1.16538108961568	1.20328150879337	0.190560645372106	1.47549237478202	1.51934322527475	-0.145154925147216	1.25709425302264
"PLEKHG2"	-0.0848661271375369	0.353190579418934	0.272612962321922	-0.62768175834853	-0.947065199830076	0.55235314581349	-1.2491813718795	-1.25391105958275	1.1142431161529	-0.895542015883705	-0.17531757849521	-1.21899090738535	-1.04478323826693	-1.10201722575263	-0.208643629475252	-0.0716513797194085	0.604252704371893	0.869142375099626	1.15002897258087	-0.664964737622808	-0.778807095299523	0.500673703996431	-0.98343887586537	0.465060144510238	-1.19006808188219	-0.700221209129111	-0.0905775603518034	0.444204078592334	0.454688047286531	-1.81536301497281	-1.22763898675371	0.493605082839132	-1.06752174644334	-0.14353772674607	1.08891321198974	-1.06543435867484	-0.365605557249262	-1.29325019973399	0.00390857732376578	0.421979429783627	-1.05109702343381	0.464952923533271	-0.529760814795648	-0.196028341047556	-1.22342089878809	-0.161828907369852	1.10890829396481	0.0934837151007335	-0.54311039544498	-1.25076378807759	-0.819160495634533	-1.29251010999888	1.22676211683466	1.23111651197201	-0.0362643961204106	1.13826767049106	1.24053758923441	1.53476951059103	0.464134531499397	-1.12379351648355	-0.0820723436860644	0.516094979705399	1.25654945806712	0.0193671158518261	0.551565484044872	1.02536738963782	-1.28902756162471	0.434054928734295	1.23132978069129	1.10810740987957	1.22381189989569	0.153268892904504	1.13324687352614	1.1698349738967	1.25330702681196	1.17947259966585	1.07955827602872	1.17769762626041	1.12088421659238	0.918901209413596	0.602499860858768	0.367801429610278	0.218234659443495	-1.51246232492414	-0.289285031352062	0.375291295611547	-1.33543558754013	1.16840473317752	1.16791280645755	1.10455526229223	0.296083640475755	0.663432361076198	-0.0227831223276488	1.24005112187869	1.18986542568459	1.12419906439872	1.08082424176324	-0.196866514908162	-0.992118763974423	1.15688419703141	0.286689894069416	0.328061094719707	1.24987567054449	1.21707504787199	1.15686947034844	1.18062064335688
"HIC1"	-0.89876449247849	0.0027970184698464	0.906083830306459	-0.870829290910961	-1.62679687883799	-1.44125794569295	1.08007158445634	0.439726284160666	-1.35747580347514	-0.349687090151601	-0.543229836111818	-0.309315559270019	-1.17213436076246	0.640318631711447	-0.104625822098141	0.749349792984314	0.238216632906063	-0.178476010082373	0.462156766690872	-0.0489996226294202	-0.889981898665985	-0.900543548651089	0.509178463141351	0.874278844448887	0.806878885519441	0.504129271037994	0.929070159996897	-0.101370023753501	0.195354756459002	1.14021358201001	-1.0145061200968	-1.2551630447581	-1.0752735817649	-0.38949160732621	1.00599941863618	1.08643542712169	0.640246821526332	-0.936803402257928	0.170161746321186	-0.353516161888277	-1.46065665072549	-0.923129609859588	-1.00937151354865	0.461770651315665	-1.26860851387005	-0.989645526187725	-1.8693183821397	-0.45918487674952	0.482641894201671	-0.0287442949551292	-1.26054042921062	0.27709250331353	1.24955868094188	1.06000845187669	-0.952078304492244	-1.08387397162978	0.951027532695716	1.32601098830975	-0.715526553821931	-0.718896409053561	0.788900514724429	1.06771836786315	0.513492491285546	-1.99499392794958	0.994913289133059	0.2908136653211	1.26819745798223	0.713735162815331	-0.847554107342149	0.954099033199034	1.21652971494622	0.984815804464286	1.15052950655208	0.966933570340215	1.08670310937622	1.08677620224588	1.19294062168995	0.774558021776766	-0.21389515439824	0.808372516926682	1.01234744273032	0.464570197542891	1.11733327515072	1.05370051897809	0.589202289174757	0.943157274783307	0.828845309519285	-1.52630165516304	0.435308947400941	0.97423071223638	-0.168043287079157	1.24486664429046	1.01850806779615	1.18809929845437	-0.684614190879552	1.16686930882361	0.341953802466997	0.313827579674996	0.950463089851191	1.22176117728811	0.377201365402064	0.958670207825234	0.759967673580809	1.30641923554709	1.09953661973347	1.1730463244206
"NIT1"	-0.93204087014748	-0.887058076227044	-0.256882572435145	0.109955634791905	-0.371914779936415	1.08575602054339	0.120655941432707	0.517943306973161	0.0895923628158179	0.168711541149768	1.09457355611936	-0.90373194086061	0.200474559761222	-0.623660237732985	-1.22911326198502	1.32798509482481	0.40276494845288	-0.576063305439692	-0.26220753066875	0.158050576946285	-0.708947913473945	-0.196923639524247	-1.66582399059277	0.00648736156498015	-0.3865126194955	0.0639076121274359	-0.961999553842176	-1.19720739966034	-0.978248116129129	-0.924878477241149	-0.998645983575672	-1.28993087307688	-0.600127434486378	-0.743989952311187	-0.593850428746869	1.28754544422585	1.04545202706063	0.307060493860387	0.266857922858469	-6.31058190282245e-05	0.423716301068779	-0.262147745155082	1.35276468771691	0.264592303058497	0.148184194661624	0.662476015277907	-0.363712786346993	0.0995431540318435	-0.568780042944929	-0.799957041953481	1.20346172631595	0.0329415933619163	-0.00343874292183332	-0.882808283143458	0.152315806873738	1.44013359753405	1.29112002437964	1.89986120806281	-0.618882784467162	1.37940425935078	1.61154629651725	-1.18639257448698	1.46071386149542	-1.0816141747207	1.41351481313707	1.27400739122877	1.43722153544471	1.36172249019319	0.951590781958019	0.95421978175917	1.3903621010132	-0.306678475909147	1.43951903310829	1.32321177367238	0.918108901587689	-0.273284923580951	0.133057120029681	1.27291993930406	-0.198378830033947	0.0965025755746278	-0.34960189766422	0.0664238201327225	0.0967453253727601	1.50845971266399	1.12042615711462	-0.656287329596282	-0.296100074152949	-0.185900731468411	-0.563546019440298	-0.878851198310971	1.16924822950592	1.6170538265342	1.37482473720306	1.37199189135582	-0.0124609885527792	1.04340111549827	1.11780189445374	-0.369169186025288	1.54521072271912	0.950656388365898	-0.414654310720349	1.48070455548202	1.51868581849941	1.34634069396165	-0.885791178884769	0.953934842572291
"TBCD"	-0.720267094201276	-0.45199583559742	0.770266360258987	-0.792474248257367	-1.39511243263576	-1.16439937885642	-0.480048138888382	-1.05281139111923	0.311997261891578	-0.826397806548466	1.09893110634283	1.37671641309275	0.372280749750604	-0.0633112208319114	1.27618493539261	1.23378501560399	1.08125740812965	-0.424242516764498	0.429566573070993	-0.83455438047654	-0.329757077017986	-0.537439313288615	-0.421072154015483	0.536937180098664	0.626691150722454	0.986946732472721	-0.647047140648433	-0.278569990172825	-0.797683395532417	-1.04457210930517	-0.144343646992178	-0.585637798309466	0.602248595477275	-0.709356835949647	-1.82201593141235	0.76533489784823	-0.849043958074454	-0.708915564636496	0.53111092425636	-0.120989302255061	-1.65017474440843	-1.19231157115501	-1.08381191688134	-0.069413231785372	-0.70398038740812	0.488358819862763	1.08243516403907	-0.463352404802209	0.0428150212363667	-0.388501508464291	-0.503928641207384	1.54362126683854	1.47803553823176	0.259038996818313	1.39499174112324	0.997799575487814	1.2166754498027	1.63605085771669	-1.16601537161986	1.5298248621502	1.23296126634534	0.052031545845117	0.16360500821009	-1.83789474099862	1.28191069785422	0.0830248895172438	-1.54217292912219	0.925450589195715	-0.691099067555443	0.0914265600428458	-0.637832013522194	0.631646175588893	1.71007878344642	0.841125438664127	0.650361878056104	1.00447236357411	0.954464074761751	-0.447272946696202	-0.199244838631229	1.59377965414753	0.258750620853381	1.18055124705891	1.03993640434039	1.87181510360296	0.208195300198476	1.39558531836981	0.713185074460054	-1.31099757354891	-0.421266108402723	1.03905808340315	1.3396548819892	1.52002319143851	1.17631315857369	1.25193907091053	1.02786508811546	0.0322495886578375	-1.16859610238048	0.330010034340399	1.07866612945287	1.18216828900395	1.46033348951607	-0.695758486427114	1.34036011877143	1.25123537712815	0.0330872283759562	-0.165256288155613
"HOOK2"	-1.07710934445753	-0.197996518301554	0.276576310542886	0.193057007711484	0.530428311480343	-1.11637002755107	-0.212787962723541	1.17685089655153	1.19159607723253	0.289620628927544	1.21354726906892	-1.18568750350625	-0.582978931908253	-0.84323197074253	1.18369222695573	1.29780655846148	0.371408069713656	-0.253202286172764	-0.737781468460019	-0.848077083754687	-0.22004136477171	-0.358428818760788	-0.794501474003426	0.200327967446096	-0.0341628273512238	0.0432821057451344	0.220201387074723	-0.111067774758901	1.10434058915038	1.23240061066944	-1.1818761976494	-0.147962379371481	-1.1093462917102	-0.638041175646363	-0.217071077287503	0.368739276120976	0.295803711706673	-0.28250534074709	0.414880312676849	-0.348322557959724	-0.583701344484971	1.19048620379004	0.235089692520335	0.152998538477587	-0.0676946658320274	0.0975264318904424	-2.13065703398042	-0.0620971094093757	1.18386365247083	0.371634393206852	0.0947022288153863	1.16535153639769	1.20213458470738	1.16300725230993	1.13906238761051	1.16782289961754	1.22599773168421	1.72274282721806	0.0469913116264654	-0.878583996258471	-1.30845445429521	1.202642484146	0.403729074812465	0.0748733479132511	1.26047917042256	0.359565949309136	-1.31913595117637	1.18636183236192	0.308719031399893	0.261497367071115	1.19010290130548	0.364483993125566	1.33499624321713	0.632247543497645	1.17084059515421	1.1730594598638	0.281967994492102	1.17251734691296	1.13380810756105	-0.250004413029319	0.207039359896667	0.486774743194179	0.326701598981878	-2.0399665435719	-1.32595458001011	0.199159063127734	1.24019090377523	1.18767859584905	0.564373850154873	0.261722616929107	1.29543609677288	1.29520360812289	1.19364104017306	1.26732777923961	-1.11256101020089	0.515350004947101	0.214788485361946	1.20522572260673	0.405998292190945	1.39027291934621	1.1935057644915	1.24911095214302	1.23854921570222	1.24343160955351	0.211550246606622	-0.94286191426371
"ZZEF1"	-0.761979664211527	-0.105047047678363	-0.319519649930535	1.23129399135437	-1.19678005069778	1.20577411559935	0.598099511147919	0.000109437016153915	1.05704359287366	-0.495080195282118	0.512368313426725	1.16118046397424	0.252767082135855	0.281296212209179	1.18161177012031	-0.540926539913735	-0.801383337720107	0.246262477712384	-0.690718609286372	1.25872779290354	-0.115822069049573	-0.703654979435056	0.404713523197775	-0.199745857010311	-1.33316204088643	0.214450804715479	0.182163671840376	1.14760025772272	1.21708899000079	1.43415765264097	-1.04197341235898	0.0925659244522995	0.283624948520357	0.0350824304665278	0.0876616550318111	-0.0023064792223727	0.0452556242338131	-0.0621154819967483	1.07525729613943	-0.159513603762044	-0.771562007266721	1.21088796175002	-0.0903442051367711	0.34250490663187	0.466122473310677	0.108542392088503	-3.04903676840214	-0.0537229045634	0.186674114626323	-0.607947459782059	0.44793380656477	-0.164134494907811	0.115276773609932	-0.895085649862527	0.25042643049197	1.14912293831589	0.367067340035052	1.84680345228004	-0.0181796673022984	-0.180604545495231	1.24637877473411	0.396701030241146	1.09241751058869	1.14897465440587	1.1078223468241	1.14882872684179	0.0344412973254386	1.18441384662028	-0.967979160819034	-0.147722985443593	-0.0533358486212955	1.11783732442763	1.19281066127756	1.12606991064536	1.26271244560314	-0.135241592051604	1.03188346451588	0.912863616737234	1.32255350583766	-0.638301756922722	-0.0280230060431239	1.34197890344765	1.14501373420435	1.29216160979265	-0.708342774254068	1.26531796517088	1.17891665126633	1.29459330666236	1.2710234744432	0.271413530164402	-0.838630227710825	1.20144750760413	1.07336086910078	0.179871261537533	1.23846707696693	0.0392973570022947	1.0579534034219	1.09615789002979	1.07711594255032	0.200157049307109	1.22473253867027	0.991382063655223	-0.618810958289967	-1.13539027224348	-0.00214046788697329	0.180518223946654
"ESRRA"	-0.134525428433959	-0.99230676082206	-0.173686783187309	-0.87966977291771	0.781487198484102	1.26184177509815	0.805512006529113	-0.015531897508044	-1.44162297166094	-1.40073706659116	-1.1063455172377	1.2329814186315	1.18139979037915	-0.955979830395375	0.612768061994636	-1.34793843854699	1.26263677559742	0.0118951958441013	-1.66558726038838	-0.866565897482462	0.36931124429421	-1.03852694184114	0.0321154872544851	0.0782858807131172	-0.146145134834349	-0.496120032234684	-0.535099131796385	-0.131253649883307	0.481248860668771	1.52227972338589	-0.879822579631062	-1.66156294302889	-1.1344165048756	-1.04007290977417	-0.972637488046297	1.15509848237583	-0.920145694186322	-1.01455813417152	-0.58159240124369	-0.124532565292252	-0.209857593727387	1.15689852474452	1.15516730912089	-0.0712969722491215	-1.19488693434231	1.18541996460752	0.748497642425808	-0.353402236469191	-0.98885744994994	-1.31893274139956	-0.790184131372822	0.00297939354810169	0.551196180487598	1.52330475155172	1.19861799293683	1.13196643878708	0.199084701140091	1.52445927641362	1.19421479745264	-0.433294884951718	1.28623120357103	1.15307475632852	-0.00425249367959675	-1.46130323196218	0.677987869580441	1.20975567599507	1.47365959885078	1.01081418009605	0.199134913224296	0.628346962404026	0.572120669904494	-0.105151218034972	1.33742630315325	1.3914603044249	0.283201133863362	1.19208105683372	1.36077552212105	1.16524095480369	1.33446376984195	-1.27628096174807	1.1458957684437	1.17553815626581	1.13929174587396	1.68318879147805	-1.39836813278093	-0.136278203226262	-0.17919363284769	-0.162498222756363	0.103757365141912	1.18489137331191	-0.638321971608885	1.14098163931932	1.22296241565318	1.2714502896507	1.41735321690121	1.27616291770461	0.00667487742076771	0.0893196274359944	-0.43267793345586	-0.139508571893704	-1.87484913903992	-1.14714680784734	0.304789384876293	1.17927057619939	1.22093771163662	1.15271430109091
"TNFRSF25"	0.652011082576104	-1.92960973084208	-0.0582553909588377	-0.9397162079686	-1.1935645812948	-0.0578626625498747	-0.441447298709119	0.31955881396537	0.669829475170671	-0.536611477116354	-1.32907628278747	1.28769855849463	1.03152117691531	0.754394129733142	0.520595600113342	1.44570711358151	0.742836367702516	-0.39880104083299	0.332715798491229	0.805740004838821	0.786086060042443	-1.8124062576801	-0.715200050040399	-0.131892956349879	-0.643820809244843	0.991525416442275	-1.2618145045858	1.12500878087508	-0.791077023101399	0.53244323312218	-0.0684903808592809	-0.410172442328098	0.784244466730282	-0.619531122459224	0.924563643582132	-0.657214356257059	-0.742406721829068	-0.184377893405711	-0.163830643820099	-0.108048520366463	1.11328542926773	-1.10287419406495	-0.962167077022582	-0.392557258595994	-0.375176206399651	1.02520494511766	-1.01727131599067	1.21038551150363	-0.444481835549833	1.04153351310882	-0.133046700525334	0.38416998748232	-0.965489997764021	1.39846180116003	0.884917882685422	1.15036624365291	0.353082916953351	1.34248431195162	-0.850633315084327	0.730511293482914	1.21306775183371	-1.14904271673788	1.3618816995173	-0.948305920589169	1.14003109406595	1.24939321983209	1.3061467577685	1.13852698933145	-0.538145912681638	0.984863008381698	1.2143450519051	1.05257628839307	1.25646680355386	1.37577691256548	0.529252883226083	1.277848656893	0.70044241763535	0.897707904757452	-0.674494155775153	1.22924137421615	-1.50947990425439	0.978282761569913	0.925367711086818	-1.27041851486968	1.28446085604996	1.33360803300946	-1.40605265496542	0.729323044920191	0.654999772455182	0.421875485563608	0.45117221722151	1.36431516921481	-0.523612837964852	-0.660539943713157	0.944482569523264	-1.17034033006638	0.346297309957094	0.802933613348125	1.26082577223506	0.901004647633168	1.38987881426924	1.24077505253332	-0.122501817017111	1.30206611549527	0.911850893416107	1.2298190182168
"ARFGEF1"	-0.179724824404676	-0.404005848698844	0.99225721064692	1.28075853413461	-0.62118684082518	1.5108238720072	-0.990639814768181	-0.937089446401174	0.681649110119443	0.363698134923398	1.49101817236695	1.03959267503919	-0.612983113286275	-0.492020288710076	1.7661073357824	-1.1624669958104	0.887152243795396	-1.0024210314779	-0.504121102115915	0.198837979808808	0.121810796113376	-0.45175394118517	0.484448468646512	1.24423054787762	-0.410177809407642	0.82477456364145	0.377316373800827	0.0953667234537534	0.109602185659492	-1.37613583152134	-1.09130011369242	-0.795745859367898	-0.268140708723514	-0.329700633918493	0.0801383420156138	-0.301640611848193	0.208167344925785	-0.228955147959719	0.194440021263719	1.38353335716772	-0.0310052955453524	-0.451791653923307	-0.54222865761383	-0.496289518441086	1.33520603932479	0.0899171192764211	0.015676383770261	1.07776817619603	-0.426035673405326	0.0648252926209491	-0.761250343804975	-0.42163222492457	0.707635051967281	-1.76128298932037	0.781373940848414	1.55773636243501	1.41045755770065	-0.476280001338843	0.552985515945386	0.898815856810751	1.29825056774728	1.64604464915722	1.04925034823315	-1.946771058963	1.65502792607478	1.36855390266121	0.874212917496081	0.525686067648324	-0.624373604177223	-0.53284073845813	1.62615011860459	1.51251386894856	1.51273109443943	1.76099432567196	1.67950047954094	0.230605326563175	-0.098277762730874	-0.372711609771214	0.826757464851168	-0.469149016246525	0.480523343980325	1.70151942099144	-0.185945703231229	2.25792042259268	1.47329646602156	1.26057649594498	1.75085227832811	1.60517656164877	0.0640638978472746	-0.0151508036782633	1.52264467856233	1.7188695133517	-0.313915476886859	1.4514525182384	-0.983110891373274	-0.526453654383134	0.706980117659812	0.20234415606667	-0.767401619548799	1.83224471635794	1.70160835292618	-0.047484484473278	-0.42883441195533	-1.8946355125016	0.095651007024434	-0.7290928335106
"DMPK"	-0.938015607525437	-0.232740739644967	-0.329796136671021	-0.0326236515626996	0.46281904619719	-1.62941957979677	-0.418323889522001	1.0944916257765	-1.70157881203928	1.21806901352974	-2.14705255490118	0.178129533674646	0.691850048814058	0.0707734440220006	-1.03998703106127	0.242637019108833	-0.994854682214053	-0.948340580210554	-1.31480135187938	0.217787704204899	-0.871950318993977	-1.25252573311314	-1.28486070946492	0.373526266602996	0.173950359088914	-0.170365900068594	-0.705986715699404	-0.598802430904951	-1.25156922591812	0.206521559393828	-0.948190765699505	-0.863888136425739	-0.955870067063367	-0.249654254863437	0.623245775861175	1.39480831728557	1.12879847480423	-0.477407113108806	0.478974905377489	1.07184227776325	-0.944522761613295	-1.27132284199237	0.128154190511908	0.0943917211118064	0.184691264495846	1.11612867828654	-1.44878610821573	-0.220548847929993	1.16932003232107	0.0693805530856204	1.10183088286851	0.812620484362159	1.11065346365083	1.12753852527142	-1.78789458010203	-0.633698665832193	1.23999136600675	1.22257296083322	-1.76701303626352	0.102316612398673	1.4155730875942	0.554418396262159	-0.898006920983192	1.40539273109489	1.14810839402367	1.27031594575813	1.28874207013007	0.574696925490058	-0.556544813896258	0.834800996815971	0.282998758078995	1.11377506257847	1.38237592217715	1.31346681962697	1.26971224181706	1.1622426583561	0.71181355070268	0.241773635626656	0.0975061420433126	-0.212318827005408	1.14186129619375	1.14575418600949	0.415525617885976	-1.21692770801387	0.179779012210145	0.0779123485805299	-0.601676848306751	1.11561413609248	0.415229820570574	0.0506031976663978	1.25518889783617	1.33308461760092	-1.00168259698207	1.29970512405197	0.0656704919072667	0.153016081454645	1.11414661976093	0.349153311864805	1.0835270974809	1.12792305446638	1.35936889702554	1.16759237272276	1.11182404411051	1.08836799375543	0.288899964134477	0.306270965040019
"PPARD"	-0.544350684892331	-0.485148630580154	-0.110968062950489	-0.385350023829464	-1.30310084078118	1.44324419559353	-1.14107647970316	-1.1560790533958	-0.678366935680616	-0.430443497542674	-1.13813939590529	-0.610270601924533	0.02403880882339	-0.572755512466284	-0.339593890520305	0.367401314237975	-1.14032509719668	-0.245090841428465	-0.986582097830789	-0.238430213664407	-0.778884272162691	0.105235448790082	-0.511597268197277	-0.347461609854513	-0.737794468612757	-0.771412066263356	-0.469073052292945	-1.02619619868292	-0.702060292047096	0.0509911430621685	-0.501646698158002	0.0871983567094457	1.01345131668987	-0.496218637115342	-0.281371313319201	-0.244350336206317	-1.16340595260257	-0.631829964591446	-0.932518526117295	-0.649363696880956	-0.655349411150277	-0.938194983523968	-0.865214596938926	-0.927099959332655	-1.28599854707869	-0.172938283886031	-0.890732147518846	-0.227961958872892	-0.652592813452442	-1.09052911998236	-1.15597655504618	-0.238166379036589	-0.433094410677172	2.12767123910273	1.19070497687398	1.14580817517549	1.25938270616263	1.1813615285015	-0.132372324673827	-0.532846631177086	-1.35002836166783	1.76963809031757	1.19317026259567	2.72135101590636	1.69240959571356	1.31023781294472	-0.705877598815688	-0.481997441311647	1.36215172591369	1.35917920062134	1.05420497675349	1.52706649507996	1.41367689768389	-0.0490333932933721	-0.0263688825068421	-0.181134395538824	1.17365653573595	1.06835382471529	-1.19424201292746	-1.18172805901093	-0.61298792557137	1.46245519944371	-0.742541002276004	2.61476696382529	-0.605225491354164	1.50501640197278	-0.0753895004970213	-0.728202505457331	1.33743563655022	1.12851310255361	-0.143545227439082	1.39175787235551	1.46299158167211	-1.37791258385345	-0.920366686597204	1.13979107436851	1.22274765131787	-0.855740169972811	1.15129053177049	1.96438421135208	1.21038741930068	0.393025399662508	-0.854866005485469	1.84614282611252	-0.393665158294778	-0.156154588411671
"RAMP3"	1.03654920751311	1.32523792323058	-0.555280994434924	1.04585699723869	0.308473339808997	0.240476248086784	1.04248195166386	-1.04270079277883	-1.16803769351347	-0.235044774033655	1.07793095214027	1.19456235066899	-0.927984909465391	0.47099266715731	-0.428017496069482	1.08163854398613	-0.150504496647178	0.0391392447442639	-0.0491406169539237	-0.704861461685906	-0.495620558032841	1.04165298942632	0.344487534583609	1.06190531067785	-0.961121441187572	0.377305569551936	0.30148421994616	-0.247541824909575	-0.836991569633228	-1.04588678612547	0.349565556103829	-1.36819380725514	-0.626964424076208	0.381916309256518	-0.616505572096419	0.26988865915068	-0.608554403582068	-1.28402246516917	-0.160529862330948	0.649117626111353	-0.128107272650809	0.278104386003313	-0.760345482522789	-1.07861285267044	0.531278097267269	-0.932424115527087	0.573352045070114	-0.489454155951169	-0.887880058107406	-0.168744814538963	-0.652082460398239	0.560943067060629	0.682234405601227	0.516289449640913	1.13330500157591	1.13356871756705	1.04185959395379	1.47066147119215	0.999325958044446	0.390266793902837	1.03406288460317	1.11640724715752	-0.826911466729718	1.05502102658935	-0.178848511093779	-0.190576228733437	-1.386223721898	0.992553269046702	0.194071040367039	0.254393478856008	0.132255020841657	-0.644182995543866	-1.63714700482326	1.05072893853635	0.123250268064793	0.480711148745069	0.229014001492775	0.00302676432501775	0.312650565246975	-1.34678796221075	0.036207640778575	-0.788085331876943	1.12482388765402	1.04300480237569	1.42020293338275	0.988449673225262	1.23693059395907	-0.638715929286015	0.412739053880749	0.586792937793368	1.30607495873649	1.07692704855504	-0.166614827552137	0.360332001008977	1.22678688243575	1.04637160468862	1.03197773851266	1.03113076202302	1.0582267201094	1.29911721896646	0.293190624362199	1.11740819151628	1.03926685889689	1.4786134638971	0.939109681675122	1.29238709241167
"CEP164"	-0.0622821092327389	-1.0311309305704	1.44632680567369	-1.02886834522869	-0.232425496584792	0.809056778102327	1.29179735123232	0.143497480823358	-0.173644851518601	-0.795970609267219	-0.638447964465176	1.15127579942054	-0.342376377533368	0.111300273758326	0.782268245806283	1.75997053414253	1.79828221291472	0.0367421628674329	-0.807331284496252	0.064386892546183	0.07415002547693	-1.22051752478717	-0.958147718876537	0.0105643712027179	-1.37702912646879	-0.544946414259813	-0.186495645648489	-0.0542716550484594	-1.68421339713758	-0.045251484107763	-0.558332431576651	-0.138757821008568	-1.1527994024936	-0.178013568652435	-0.292927956102592	-0.383611596980612	-0.592171319571008	-0.152613755215725	-0.936859272181073	-0.808405083210115	0.0969530420016114	-1.12621620498898	-0.546191710764027	-0.0748793787089048	-0.820383330387058	-0.773324644254758	0.389316394625693	1.24435316623001	1.02012259633789	-0.444920029770023	1.51459254381147	-0.19778902682043	0.135761642023663	-1.38221133171501	1.79052102215803	0.823315148693761	-1.8121799568746	-1.1978470514352	-0.897294907823641	-0.0505556244605795	-1.28309127258054	0.745391728643359	0.22223024516962	1.99964729263663	1.46132254185817	1.6537324920288	1.58113036279017	-0.416268964217897	-1.158771570848	-1.32759622768906	1.66854669589356	0.382117752724423	0.838021482901234	0.9327752139357	1.14466344625107	-0.762130388195177	1.67059997782836	1.55055620527671	-0.978022225422363	1.70589279116332	0.627788869704901	-0.402127189126687	1.34393669124645	0.912986634962758	0.740627498487518	0.762204649552341	-0.469044577866851	1.11713183765257	1.67364018162319	0.182794889586061	1.42490048777521	-0.621021542181613	1.46902179093496	0.85539219005817	1.24190945884018	0.885439209588418	1.44907427048066	1.96448471325494	-0.321942352726247	1.77305639002045	0.756739670046605	1.55430514325115	-0.760426054281769	-0.254887927780215	1.76277102706857	1.02640031269924
"PLD2"	-0.871001685966998	0.130050512729461	-1.22888346415742	-1.18608406426684	0.684139181861416	0.434769090877871	-1.02850433981434	0.973052282480148	-1.05988268422181	1.16651941829126	-0.849713080329585	-0.936635283343417	-1.2709558194271	-1.13405213037725	-1.39167559382494	0.566132180263928	-1.43754951504406	0.648673992116256	0.851202673217413	0.0658218402203979	0.0901009351936927	-1.20239675795931	-0.894879669701823	-0.672083640404469	0.31925902946626	0.237492873629165	-0.347076891217635	0.189674251914157	0.091328626172998	-0.375147449640454	-0.0585971920677552	-1.08133304549422	0.163934452504511	0.0414022176174073	0.805137078348151	1.19905504067164	0.270772282158387	-1.17700381665281	0.831645168494955	0.299965591088259	-0.918419342450482	0.0825033371667147	0.822673548888942	-0.500643951255567	0.566738132791375	-1.2394557340482	-1.63736955614568	-0.327113798794953	-0.0602061214764946	0.349795438203066	0.599776532812846	1.20000206534809	0.969957744576688	0.581084165209334	0.93851486191902	0.480899988652569	0.616548185319877	1.49170681793301	-1.20707397812544	0.586024643964103	-0.796591421416738	0.611201726516226	-0.416547532180666	-1.24059876546934	1.23953186392293	0.868232581803213	1.24581280845094	0.954806323507473	-1.28998561621406	1.15106517331936	0.350294748729646	-0.372662026351387	1.10251594488186	1.12726527406611	0.974643228770186	0.807350477381486	1.02082717514652	1.00901981303613	0.961609839482782	0.709713610217185	0.568072458761401	0.950847078951855	0.097200107181924	1.39791856713651	-1.40336370294913	0.283161212816831	-0.394608092428158	-1.27175925056478	0.536548721869898	0.615180539789876	1.13325330586374	1.19842767737585	0.263942652765822	1.08852698888109	0.949550966772088	1.10071649550769	0.958493492091228	0.127314792659754	1.07036802242812	1.16930426942621	1.01818105393014	-1.03213638033306	1.16621843109196	-0.345825585139125	1.07391605545624	0.976484166610274
"AVEN"	-0.650813951556196	-1.07628400501271	0.178919635720054	-0.576453181869525	-1.56847792616453	0.529045841537371	1.13872870048435	-0.370474052143476	-1.25865709644009	-1.38333753648456	0.54867962732993	0.477802439216412	0.552553908109997	0.423886469582684	-1.27530699800843	0.462930307335732	-1.42597962590417	-0.874300248377447	-0.102595872820604	0.592977113109416	0.547474048456163	0.415120020689674	-0.32663764174316	0.799877095776364	1.05302081069685	-0.897702492746356	0.994483991921828	-0.174314048318783	-1.08287657983333	-1.71676880326636	-1.0789383401988	0.0618494305365943	-1.00598862112693	-0.501040308734403	0.454629680858724	-1.28042844353617	-0.227968173579898	-1.24812963016917	0.542344903635874	-0.0615534814490626	1.17833554815964	-0.486885641632269	-0.665870495231439	-0.856059757050312	-0.339699298940522	1.1563969029458	-0.952731877744767	0.590144319626921	1.13093004018566	0.345356033494654	0.0650636901667118	0.636020077534352	1.1604589616378	1.11151518801214	0.452311463977953	-1.48974227093077	1.02286317270629	1.0983792666714	-0.702492845365591	-1.26205461914256	-0.909500295509975	1.13985546633415	0.0441302130046034	1.28033167139303	1.19346576837726	1.19167543372869	1.16669177077108	1.11983795655292	0.485580749504973	1.17645952644987	1.15236529082722	0.548589598974557	1.20785895258371	1.11785246807685	1.11185566992073	1.09634079697433	1.14237050320349	0.998889396985764	0.491551224953341	1.12787771908874	1.21976590706134	1.11976753727975	1.00143178855987	1.11424296508431	-1.35973413835726	0.556193315948922	-0.846660387432698	-0.761818356509425	1.14912673908599	-0.0928026250908026	0.233849829503839	-0.957904394504432	-0.656774382600622	1.12867387184783	-1.48066657766857	1.18213191254948	1.187936608575	0.506004788166891	1.23190446807572	1.18890514993722	0.669334485943587	0.120465325412462	0.230182257396692	1.13127528965536	0.470455429067344	-0.266387736216574
"LMBR1"	-0.0298878107515538	0.348985610823685	0.105027769844409	0.624244042031503	-0.239275820623453	1.27235179595964	1.57312297256655	-1.09430975941549	-0.449103129212968	-1.2053419174385	-0.383645929750578	1.6198303802116	0.556852916241297	-0.904335175001064	1.05737093037587	-1.12480916686522	-0.196662824962295	-0.614970067755752	-0.264575861084208	-1.08198439718948	-0.445396021000255	-0.233820615875901	0.888499385519383	-0.902396742425917	-0.454927218292638	-0.560818951163816	0.254535658297621	-1.09740003426168	-0.344062048548611	-0.513106183692554	-1.07491344857228	-1.0810298275802	-1.12719077370373	-0.714660134042894	-0.941027422884585	1.09407243877102	0.376652970835729	-1.10110193203355	-0.214110190879153	1.12805063745953	-0.607489965504543	-1.0440911902462	-1.31822565227607	-0.516116577703761	-1.01898558401875	-0.981229706606678	1.54460885022241	-0.299339940681857	-0.644548445603191	-0.189881375771594	-1.08102732328089	-0.673801610132727	1.09978666046461	1.70397139597027	1.04711477890087	1.53188504019415	0.624980585395426	1.6233593856593	1.20958558637602	1.10780268911236	1.56609709999585	1.42142205003328	1.11657864644501	-0.691883848273673	0.649327176065618	0.7503699098592	-1.0667037972834	1.12825679452123	1.25351661419854	-0.130000323045263	1.11979019770367	0.0716316419407139	1.84224880802136	-0.24661213050774	0.764456986531189	1.0852166894271	1.17125030603117	1.22992889895376	-0.0665332125796413	1.67860211516432	1.072220725525	0.211583304198822	-0.351765629816463	0.345816400042016	-1.17023415383411	-0.0902660491465075	-1.07454491154255	1.27496850737199	-0.571237674732187	0.010683122037678	1.42359161651753	-1.04654812570794	-1.19985873200091	0.378712749810724	-1.06154989484927	1.51067930408926	0.0978306094583652	0.566330299724631	-0.106308543685509	-1.11087146544207	-1.15031895933713	1.10102517746322	1.29759648359992	1.75938720626814	1.11723661981795	1.34523808501476
"NBPF9"	0.19424855956625	1.04487232300411	0.824062811659398	1.51341104235507	1.06310329239686	-0.659761258848737	-0.546278505437766	0.461406245066116	-0.431345812732164	-0.599195314844988	-0.0961592921500144	0.662829229510393	-0.319692354605247	-0.275613695129897	0.747639469240951	-0.78837089966846	-0.49464257813065	-0.404547712341573	-1.16286783168803	-0.66735063347019	0.781048767157711	0.333529648756885	-0.814456420971992	-0.513541201534158	0.61499700637806	-0.0279151489140683	-0.933549630341298	0.584229853647638	0.213209333304404	0.97568577035745	-1.65569423814832	-0.893718480765623	-0.499567788748226	-0.294833726197684	-0.20609566762535	-0.0263373980617027	1.4305242134482	-0.0698737727423445	-0.26841387746094	0.567367569449998	-0.500953993758537	-0.0332401066073298	1.45953407275757	0.059167962605214	-0.597369280498576	0.954013585887398	-1.16694149756649	-0.608395970303437	0.834593955810023	0.865980169794634	-0.606579111198528	0.139678787065977	0.980629028556531	1.56774817256679	-0.626504416640026	0.228663290673702	-0.0277841223413113	-2.08998763992153	1.93546355549083	0.856774619791184	1.27123235201994	0.844335648169	1.14088045100803	2.22569064012101	1.59006625738625	0.841497198076891	-0.545542684163019	0.888600833120853	-0.242691631367738	0.574356391171243	0.648409519028432	0.82648773035647	2.92314087051642	1.27830933867481	0.994097535128964	-0.275045610176853	1.39670795582874	0.993461376867557	-0.832592945531125	-1.21977866608914	-0.915366327062092	0.429105463115338	-0.306855729659199	-0.0109793067394645	-1.12995829543468	0.397395742470164	0.414331571979372	1.11056834274869	0.123572106999858	0.823091641363557	-0.562950683022215	1.5472744120898	0.567446678898157	1.58827577369489	-0.3287885161629	1.07976747738332	-1.13261742849224	0.817539262334846	0.821123649560489	0.714578894075679	-0.0103047282778421	1.53419808909738	0.0671165381309705	1.53658399606826	0.753287929090358	-0.0845499160707915
"P4HTM"	-1.03178151280116	0.183318214493574	0.254196197825746	0.482437096419738	-1.66572091439901	-1.31704569325943	0.514727162186666	-1.40814097263575	1.07636559412654	1.05331850349899	1.139606424561	1.21980834211974	-1.29439212346401	1.12289443820229	1.00037465227643	0.482797566007655	1.28321093377601	-0.665625338824814	0.622727860662222	0.304370479864987	0.781948715640541	-0.0104734579079611	0.0599165472268962	0.782354970064597	-0.0563219789393077	0.923507658619883	0.492683841521804	-0.284665860410833	-0.318398514117227	1.03670688897989	-0.186165306770914	-0.339250598464873	0.994039632693861	0.692003746705871	0.724205108489016	-1.31046079999405	0.920096557605664	-0.0658116279903137	0.171314370443955	0.568415162496738	0.769307028463803	-0.946076514947338	0.803662376750487	0.591348556374132	0.161217529635218	0.592946666920854	-0.360030703895032	1.11377078033785	-0.789239824290404	0.473985799975732	-0.741916800360644	0.970515023195212	0.808813791148933	1.17700052366793	0.725391534898278	-1.43537789617287	-0.0296432444418222	0.97876593536825	0.466153763990632	1.09170616826725	1.08475587118115	0.548356946693778	1.07372688255544	-1.97881987637514	0.971160238365641	1.00672616649418	0.221269052556822	1.03841681953503	0.837254744666082	1.0365263706993	0.393018561538265	0.237586486658201	1.04330449757875	1.14076127695597	0.886216461518539	-0.694263569952565	-0.348368807476914	1.11221347001169	0.582135889645709	0.551485990913652	-0.153020425506809	1.18158156598756	1.07690180204873	1.16939203925755	1.13517712157544	1.05141991457701	0.223887647846186	0.663288001306951	-0.093513102298651	0.462192240373918	-1.11348004153736	1.41112915211769	-0.581345821271589	1.12213096956596	-1.1819647140882	-0.17349662560814	0.993487231020984	1.08920117560417	1.02513383452921	0.989404167456824	1.15471926735483	1.10080975469828	1.00437563380863	-1.35098793042641	-0.398041430434252	0.662868561113501
"GUCY1A2"	-0.834610663700341	-0.000957240983489242	1.20653411477774	-0.34770694342922	-0.934625295211567	-1.1333395273393	-1.09689439582113	0.214166277533968	-0.51746201286526	-1.18803867089057	1.66112758898118	-1.37048427198331	0.0385662847362803	0.0266011249548967	-1.12475347035362	-0.803385496177266	1.29250965769653	-0.430165570052551	0.194982126708244	-1.03986849935135	-0.101333209374656	-1.04004781858293	-0.999514822524004	0.137765351342247	0.296090000002248	0.0127754919526451	1.36129165483813	0.19811918846105	-0.772361695226063	0.0290843146458848	0.0796569484611636	-1.11047933658749	-0.0194398703708199	-0.378827056327236	0.345757052164394	-1.30812268479071	0.273047946012819	-1.07107717881014	1.4803820862431	-0.775138883381545	-1.16588393458765	-0.564551140335159	-1.04009902186961	-0.872843954615594	-0.442437097476877	1.33414703780912	1.26008485441776	-1.07992687145332	0.547225477245735	1.07611342421326	-0.390391236983176	1.46668467884818	1.5992408821366	1.52375968764228	-0.00389065520896986	0.472274652825259	1.24726080499339	-1.42998009942565	0.218077728026192	-0.0117787820478148	-0.959683773083182	-0.311608938233364	1.2413215707264	1.2235215635398	0.31961014819905	-0.0674213502351373	-1.37507602670359	1.16609358549261	1.20052526872458	0.209805066844503	1.18085856590828	1.29936892650477	1.1233939378464	1.26243063749068	1.23163572802702	0.914742091533819	0.763544370386735	0.030375665838585	-1.05167371281407	0.756563393678242	1.2335243461456	-1.06386974615635	0.15471330732227	1.28762284815007	1.38352489125677	0.0399962777110455	1.59230030120893	-0.704881691863539	0.827136551505314	1.25759516662518	1.7847921068968	1.39852836737929	-0.083013888957507	1.20916164370707	-1.1588047989356	-0.541942136198703	0.634159514858322	-0.282987014178207	-0.0342217066738091	1.42653805291355	0.810627323362752	1.15915859599155	-1.09067701299456	-0.916096294979825	1.0907036409109	1.28081569805812
"QPCTL"	-0.479375174250871	0.655379702150989	1.03761260691884	0.264369350220883	-0.80151779829715	1.16295387606635	-0.601229865003516	1.13346434477078	-0.0918153681403433	-0.871147916697772	-1.93977346070225	1.23144138924593	-0.584362659162135	0.0797812260184262	-0.410324294310922	-0.995786868530251	-1.95823631370327	1.08737037940374	-0.36581031530109	1.1530212179406	-0.652567421764677	0.668063769997742	1.05108269708064	-0.698175758000949	0.119225016301711	-0.00891254615298696	0.594859594040112	-0.661893615719196	0.409517655489407	-1.26771196735919	-0.97289146177657	0.406982333090597	-0.806954656330028	0.598584561653419	0.128927791338702	1.12159444902683	1.10545728254221	-0.788234079690408	-0.686168467099025	0.10747724064782	0.430187562538967	0.333243203220645	-0.419721169140581	0.0433220024651806	-0.45504947971711	1.09550716879685	1.29274276155407	1.04694514506382	0.00212121715160305	-0.524149247948809	0.182250475575395	1.25442328463008	0.660191323476913	1.21114748957775	1.06849789979918	-1.94958472628557	0.103783312295542	1.48618645246503	1.05135954551632	1.19383569576108	1.13466061357049	0.596812497764534	1.14100380340079	0.156825595398644	1.03935940311033	-0.0699305214302785	1.20395085758309	0.490190256052851	1.10437126459637	-0.32581321644875	1.03671561715464	0.166886652723722	1.03256047161978	1.13061217949927	1.04394969983785	1.06925070446519	0.340066278395128	1.07976609920019	0.420493736568643	-0.706956205892898	0.401274187335993	1.25248297035433	1.03275766881997	-1.93593771963898	1.25615685941323	0.271267455762527	0.726184259143582	1.0711215589122	1.16546731698023	0.201799034490059	1.04898624572278	0.106742969439734	-0.655169586379842	1.26504765472351	1.13142634602806	0.346475750411721	1.16175658113785	0.0187425606604223	0.313743321870815	-0.858124036658342	-0.523586360688336	-0.63195233348152	0.135392673187292	1.22019898245391	-0.308713149665211	-0.473148282325655
"LRRC14"	0.682008022374393	-0.0409233665762538	-1.04424688952911	0.347647623840134	1.01701554265854	0.962780646505684	0.621331806819708	-1.6752629268176	0.830667114738459	0.534493045045869	1.2239969681958	0.761409904200915	-1.14152360187489	0.292862506906003	1.00503234473905	0.706218766725851	1.19512832841477	-1.18671466561424	-0.0469357611916063	0.128046077301468	0.0671294233435435	-1.06170777783022	0.647562923210352	-0.218844582285601	-0.986818956974596	0.439209761726915	-0.576153153810368	-0.322254469493749	0.97219272753078	1.13819261884108	-0.148450800836125	-1.28628480949493	0.971193853226045	0.307993078212375	0.0192492979851206	1.0765176835161	1.11855561272808	-0.898412293833817	0.681882642258292	0.711456677992293	0.623641746716376	1.06436683817506	-1.22524014751763	-0.952935720971759	0.415481802527803	0.90946414296082	-2.21753597071898	1.05496977875664	-0.370352039258565	-1.25504240330783	0.617059184299243	-0.655576049131465	-0.124651403201551	1.02380617141754	-1.22934361843013	1.01588294711947	1.10342728360733	1.06015255097473	0.900807797970213	0.691040001736976	0.784122428854411	1.04395539853782	0.980668482949924	-1.57867981068632	0.986325375277569	0.897815680033033	1.22474023433685	0.599370556796136	0.0162238656554549	0.0118129100386826	1.10332344807976	-0.725447268607664	1.08459567080025	0.969026704672089	0.972870297419584	0.805635878254501	0.970321072641109	0.81291686316727	0.638685629273708	0.45622228330514	0.669522348677741	0.740722658662901	0.315701603508734	1.22603011562848	-1.67943327508559	0.938094085185824	0.288567641047337	1.18800273470835	0.132653208417222	-0.986787008053704	0.90686425057025	1.10299832942247	0.0687294543115851	0.58494705280321	0.980663836926048	1.12261532242981	-0.303682374983749	-0.311220269234201	0.76410550751895	1.0100091728317	0.659669932496271	1.10709894981051	0.972105298026753	1.10993066130609	0.640736285041169	-1.25013556691263
"FMNL1"	0.280605866412743	0.493989712790088	-0.37271034448218	0.439137014239641	-1.78896178520823	-0.829536138105999	0.258187488739632	0.716661477310162	1.26905355309725	0.109985071054201	-0.826692422924862	0.291730439463791	1.53441739498845	1.48669221144649	-0.866516432444552	-0.706123382570558	-1.26546794027218	1.15379418567478	0.232322274567371	0.304671032100981	0.155259184518486	0.571487822882336	-0.636061958998101	-0.679069816048376	-0.28957845284512	-0.420402021863154	-1.56574256732407	0.375766479042578	-1.17698247456612	2.41931528078502	-1.52235904238277	-0.86583582743185	-0.358626942819369	-0.34249767207541	0.216048308412485	-1.04291288240194	-0.389691692006174	-1.2183166259321	-0.90589653346847	1.41762489658591	0.156908866562407	-0.800758312774117	-0.353167804511182	-0.525417538292351	-0.663609899208398	-0.864231509095307	-1.36102780269679	1.47560296648188	-1.26775442946305	-1.07235252220023	-0.70439830720899	-0.229806720655912	-0.860801774270607	1.48639734836273	0.354018032103831	-0.0655544300958552	-0.998582278916689	-0.581362455023132	-0.161165751663619	0.89867504556916	0.397196005293526	1.1342190994196	-0.2761224702911	0.243794556038344	0.327960966838667	1.46445081815198	0.524500836903702	-1.16263392471751	-0.835731241730624	1.41943594824618	1.05291755144267	1.19914193621736	0.27854251155387	1.25104235939529	1.1524159117085	1.94428223806793	1.56939881981769	1.46409509990924	1.62872806801212	1.10869343682427	-1.31823038517024	1.40449798393228	1.41194476484722	1.5971183720181	-0.922196623463725	1.07064559982114	-0.532674355095759	1.53857433745465	1.45655031202659	0.262287284585637	-0.905455645302659	-0.563201052348582	1.51934042131592	1.30305278242275	-1.06089425167677	-0.849971779963142	0.0971256231838802	0.516292570749784	0.345264808858644	-0.22160325558133	-0.913604083634357	-0.391184385632611	1.26174962492771	2.20599689637563	1.83975637654481	1.3029888882585
"TNFRSF11A"	-0.7389887180467	-0.589230609081066	-0.230391546032905	-0.342861721591726	-0.0481243436668065	-1.75155853004775	0.236846884116169	1.16893772330502	1.23573659814444	-0.594800812973976	0.345451596206137	-0.637145463257244	0.476715756746747	-0.243609068965897	0.205617782748626	-1.13832058863866	1.32111389984131	-1.05144679811442	-0.279450168316638	1.27442560532916	1.13699279360133	-0.877518207132535	-1.16156851450859	-0.722463438035256	1.32029739571973	1.12582883041436	0.575367861165942	-0.199078375845215	-1.14981335204724	-1.45797350236214	1.12545742842706	-1.29052253141072	1.12364878516745	0.461382874255025	1.11464589634098	-1.39527368341413	0.681861531196147	-1.00965568476905	-0.744558332590436	-0.173781818676033	-1.13482124603405	-1.29256172284721	-1.53461903804925	-0.887807657040589	-1.29290687451497	0.196525938403137	-1.88928332756359	-1.01079299382909	1.11444177888831	1.16045472657709	1.35565922435172	1.23894343776036	1.10811390277767	1.27977105946118	1.14600396234807	0.148211096125604	1.09361642537845	1.41631130952804	-0.847143361890492	1.14283598517412	-1.33749266811845	0.881624333260033	0.552656604506172	0.184767187609702	1.30697226058097	0.785778731127212	-0.259306032154479	1.15668284373791	1.10925466028689	-0.231191081039343	1.21616063308652	1.17175889727145	1.61223771203265	1.37636391122461	1.23032553308267	0.322059386423878	1.21303778022725	1.1476697984295	-1.19440777322766	-0.284700078400004	-0.041081064905171	0.599035729779601	0.564032456519719	0.501693158925711	-0.880563673300063	-1.06481365038025	0.179503515993233	-0.685962904574335	1.16921493537888	0.810238587599797	-0.470698364489534	1.17465582281936	1.11955684497772	0.234731924230729	-1.02212952316459	0.272463217603384	0.502884469167681	0.29217884910253	0.4473799358133	1.22319719896778	-0.828241537796571	1.20043546466198	-0.789378504172613	1.21643521585754	1.26989838698526	0.346221347871033
"L3MBTL2"	0.592318276212888	1.18651000048125	0.0990180340111234	-1.16306266138125	-0.165149257157682	1.09970959702555	-1.56402504452183	-1.04788419027297	1.02898602336619	1.06658533759399	1.29551092459895	1.15508144413823	1.12535833670993	0.28329545929429	-1.04393927537667	-1.62587527581326	-0.370143815940608	0.375327546546025	-1.45445325788149	0.0342555794622504	0.244103623997399	-0.0800292333631394	0.179217948161925	1.0655102181869	-0.00746830769400951	-0.442525153448474	1.04311287387037	0.550757353970841	-1.03943951858887	-2.76487696603603	0.101524294043806	0.54015926549658	1.06995050351405	0.0590072529417159	1.07216187339201	-0.968295765270352	1.17058545231708	-1.20406802815233	1.09918819623772	0.0415223472626185	1.06601564048612	-1.23327393021471	-0.420918818143874	-0.150913976829204	-0.0752651622880838	0.44957548993743	-0.892297787257605	0.316720579101078	0.284300344688556	0.234242557865019	0.0793337531575668	-0.057583640942344	0.0141871139440795	0.50147207472036	0.379606597226892	1.23950544334634	1.1197530583264	1.03941654979774	0.121841523755292	1.27149559439994	1.2385858743278	-0.232864261688712	1.09527523501572	-1.48317576574029	-0.378729863732101	1.1446083344444	1.12875792452046	-0.0541660601534226	-1.34237825458488	-0.173255573165291	1.0496827765436	-0.803374536172396	1.05650108362341	0.311145811362513	-0.847422378654652	1.0923351999516	1.02434984918857	1.03149534189252	1.08821533495834	0.46406452352602	0.255372472935329	0.0931385588682939	1.10094348381666	1.3634887630723	1.23761429345847	0.431782388321888	1.09735720909333	-0.39664311303531	0.583546061013668	0.406141871553136	1.13478230069377	0.352996290848488	0.0152194749194492	1.09865298274852	0.305380684051946	1.12737605420909	0.404441550309231	0.324697294797697	0.110155439195802	1.22905738103711	1.17154375188708	1.18790043745992	-0.196536137516289	1.29224486413351	-0.48713820870353	-0.618995777786171
"APBA3"	0.713939734378222	0.0927762937812713	0.347371313760496	0.259394796840379	-1.5268495020467	-1.10685661840585	0.0813041163752515	0.285275527510309	-1.48184922306261	0.11075164014384	1.13775425487818	0.838747277063028	-0.234518543273016	0.469549330892962	-1.47456784746614	0.367027922658699	-1.3089599572844	-0.394428915887744	-1.01838242887898	-0.598146860070788	-0.615362877790928	0.246466492621244	-0.933508474432243	-0.646650606352573	-0.978190334279714	0.295655784988139	0.259115548473215	0.512017790302634	-1.05908348237682	-1.80454323479418	-1.33773647361047	0.517380777689451	0.29705101336701	0.553935536187998	-0.397842196333337	1.2614141388215	-1.17078513138526	-1.336121988195	-0.868325043305062	-0.0815728266068606	0.198974199525533	0.0985077764013381	1.20737200874886	-0.154333721676833	0.389851447023133	-0.106034931181768	-1.15863002434194	1.16072815963241	-0.946773182467094	-0.953412578622018	0.215026523565251	-0.647202329160309	-0.968203298325755	1.26121624389324	1.14571497404808	1.17771545028319	1.18088891886462	1.58880971710848	0.803305676970344	-0.00197938763477275	-1.08387530500596	1.17491156640366	0.406074771226803	-1.12605782523498	1.18668953843847	1.17431835550371	1.28151783455198	0.26109149544971	-0.0319940261961208	1.13513280226273	1.21966299236836	-0.432876373363284	1.13231542126501	0.369392615686582	1.19891315402044	0.0985752147169288	1.16310374775321	1.20992038727395	-0.270485671270801	1.39946927051583	-1.07886134617195	1.17782818999126	1.22664185125586	-0.32412404234828	1.34253751169585	1.22864038477399	-1.00282536598553	1.18294792136209	-0.0262882774206128	-1.27984386393006	-1.37146810811002	-1.16653782534136	0.504399343164085	-0.121610700642569	-1.05018565728698	1.11072718500425	0.573901557478691	1.08502886006531	1.20096961720379	0.314365619755949	1.18788197705501	0.152071583803868	1.26509988761179	1.39769072463439	1.229644941922	0.670588505332047
"MKL1"	-0.975595029428475	-1.38889825076077	0.294004733378072	-0.149389675205595	-0.0865552929600499	-0.466525446822705	-0.126225497122506	0.319730765841134	-0.612662748213112	-0.200514262904175	-0.938049910677012	-0.70899457298318	0.00366135062710422	-0.0832531872206047	-0.654944518965061	-0.591526649512473	1.53119442136768	0.00796543680476172	0.308505868331785	-0.494861334093013	-0.220471518664436	-0.623787143226069	-0.642526805141137	-0.846211364616236	-0.393509712482112	-0.888955577391652	-0.0651564324461807	-0.991568674949097	-0.357609961692121	0.568222714291863	-0.627791449737413	-0.168126951596659	-0.480483298226394	0.386337387261106	-0.49409934493391	0.207155312653116	-0.205705887412728	-1.0979330975864	1.20573557833276	0.227544662806858	-0.436813415676843	-0.448012005237795	-0.815572989208421	-0.387173143950911	-0.927852578880674	-0.360663839031491	-0.0122334278182393	-0.212908836229069	-1.33800205991103	0.660011241419276	0.0903274590176392	-0.9577878127016	-0.991205527351979	2.42771960244068	-0.76133723994882	2.220821378565	0.846909232314988	2.59227340733756	-0.920609586400007	1.03153754024806	-1.3315736247354	0.529579188800004	0.833732840423006	-0.364137897530176	1.63621020471329	0.0721084650040724	0.0587333715326929	2.12749790025812	-0.209194733578168	0.155583506720177	0.909373006013449	0.91762124685656	3.1068820352528	0.561920776655723	1.48922966797384	0.88311981783423	1.3620926042942	0.339826650967313	-1.1027573989646	3.03772643927544	0.820565240561176	-0.755209518049946	0.635829625008955	-1.19863875167516	-0.762028197754347	0.471076560550925	-0.491628325021999	1.10097786876139	0.915418946660041	-0.378494012807668	-1.35528423749241	-0.700492280832579	-0.168452861109828	0.238791358948786	1.12492140758717	1.98146495709317	0.890245131187275	1.0881003296426	0.192208116512754	-0.596588688127132	-0.620353666661827	0.9263323589713	-0.482559204194211	0.19016299214671	1.83066788197224	0.994956771968815
"CD99"	-1.20502625203806	-1.02789695415496	-0.293892601657472	-0.34357384009072	-0.988535030453421	-0.205919301877105	-0.652605346784165	-0.814356007250825	0.596083427765432	-1.08732338157571	0.297461944039632	-0.510975005590871	-1.20161522705493	-0.814411889177253	-1.16881974289883	0.0544705478965644	-0.618213358692015	-0.022088127192469	-0.530765803091285	-0.618544210716769	-0.702863095823541	-0.774556903485629	0.110803894655962	-0.249902972079094	0.139239944118251	-0.488729005190307	0.0912219532624822	-0.550116731256874	0.135007715803135	-1.33741147783252	-0.140584173586505	-0.593729878861391	-1.1674413572881	-0.615899983483189	-0.8773822133882	-0.27093738042615	0.450719201087774	-1.07380654654895	1.35223390454255	0.0286587049947699	-0.765158035581735	-0.434092238034069	-0.0118953376428389	0.00937590554331918	-0.831955447265641	-0.283906880931333	-0.469496721513222	-0.816715623943284	1.29173594283103	-0.672123546638599	-0.74243414084969	1.1289835805651	1.65502265867905	1.26903369311021	1.59353017386704	-0.789425683925743	1.37376778075313	2.03665362008594	-0.49522205644367	-1.11240557067179	-0.649390169184034	1.81311816463775	-0.232743584889774	1.30746418039509	-0.696155248557317	-0.94398739147831	1.81685790901885	-0.0699480703441303	1.33476484994892	1.20926885603109	0.453875107053948	1.23215699177114	1.84729555417735	-0.221482471449279	1.28360861284048	-0.337825884825653	1.35592616833673	-0.0914171877530998	-0.798975205139282	1.3083195928222	1.21175960128593	-0.352946634329063	1.30547220242685	-0.820553700783333	-1.16444090021311	-0.720346933463625	1.44134196311489	-0.675418509019625	0.418688352371339	1.25581106368197	1.37130064825118	-0.103255465400643	1.24175234505816	1.45189442672845	-0.376139649286442	1.21347117563735	1.2553182584196	-0.958776003276596	-1.31288929765991	1.32198629914688	-0.120652406322133	-0.230076335419461	-0.879144625499294	-0.129593579412592	1.84903103126852	1.25827371223431
"CTNNAL1"	-1.25013448076887	-0.211228859634761	0.0152411355549111	-0.758542934135938	-1.25687675296268	0.0175797685606482	0.961677696896945	0.525896458909198	1.03696257448687	0.700183523725367	0.47436215033783	-0.28327756270106	-1.09280431360115	0.396102739767488	-1.35214377072731	0.119262459066123	-0.860277366911098	0.636391039191203	0.970167704050283	-0.252409031535906	0.646614044262309	0.0161626160456468	-0.932335806696468	-0.0930623365874842	0.787833027411436	-0.876130744587515	0.976333356785687	-0.356691025982417	-0.143731673580073	-1.65170415325637	-0.215923938782681	-1.18442461154082	-0.91565463917051	-0.297852189393758	1.0026437976335	-0.957939627684892	-1.38262584308959	-1.39149972370293	0.596415101731548	1.04853948255232	0.961958721057238	-1.43871251981952	-1.30133080897798	-0.702117832201832	-0.365112146247457	1.15719133162113	-2.20026453817844	0.409922556844827	0.41133998211623	0.108893772117033	0.601531285050923	1.20337008251693	1.24558408476951	-0.485472343633482	1.22423829637942	-0.0642907903483603	1.18442524259255	1.45258025434724	0.567018118041291	-1.17703143067332	0.844373689717892	0.863042941535808	-0.0988063080358667	1.40319763481791	0.0114345758745816	1.08333998668772	-0.903973280552061	0.714326918277894	0.985966979440097	1.0535808752442	0.32325250582592	0.245365142502256	1.45139860732689	0.199397281845727	0.969314085799378	1.08822475576363	1.01480013357071	-1.1263822113598	0.183301474729418	1.01240331087809	1.23847024594567	-0.214649530641454	0.52107038473311	1.38286247333174	1.2599192794516	-0.323287530871108	1.27347140375949	-1.0459227912189	0.709920043559117	0.140625093897459	1.30581542863905	1.29781203654583	0.848124848357927	0.530225604377031	-0.343206282222363	0.67160555575603	-0.066294533102257	0.401318187273365	-1.0215907966788	0.98469684773307	-1.45909845515824	1.0287499202208	-1.25110705381793	-0.314881328194749	1.06302727796909	1.18079431013029
"KLF7"	-1.29972768105537	-1.1690405772343	-0.538158923071984	-1.23930332418773	-1.36235878478864	-0.420300476784547	0.353549169199017	0.448425479430638	-1.22831318763147	-1.21642686558523	-0.271294845853408	-1.56162175409087	-0.0292947832567999	-1.14708339631526	-1.17602558065899	-1.37272614186644	-1.08366677630836	-1.22236992620504	-0.641157850687077	0.791556469286346	-0.640793892326851	-1.35454418071897	-0.303119221588581	1.07498108903514	0.411704205323937	-0.0462548402737483	0.683040904339485	-0.867897461326843	-0.705634561583854	1.65644399183602	-0.750721035850041	-1.03260141257361	-0.940982380158414	0.181348054971456	-0.519252179093433	0.278845620471269	0.249972619314883	-0.499315816605293	1.15739396025587	1.21378043427095	-0.717353563482432	-1.55251884141379	-0.312284512141334	-0.456868509969328	-0.950508138285955	1.4768707959324	-0.923967853965386	-1.44562546877368	1.07721810264988	1.13889895421853	-1.33631107880784	1.1983941061997	-0.031206054438511	-0.913292626871959	-0.704834104871505	1.06769184425349	0.042717948368555	-1.56732093330247	1.10168857605396	-0.484679181761231	1.33500473336125	0.574779939089432	-0.12470300894874	1.24363059116665	-0.325550732800187	0.095454685657782	-0.0460200454254433	0.80755560991275	0.452918243391512	1.29641942508074	1.25286951719946	1.16722820506344	1.0815706789903	0.263497487516496	1.10109861505025	1.17694651007961	-0.226956028737748	-0.722158135257922	-0.53840803871403	-1.45233162453606	1.36052209394096	0.552578690849561	1.24402291732018	1.47660224064881	1.25909245738327	1.27320639077965	1.1459973355274	0.842038358058634	0.150152583401426	-0.0497558442550667	1.2799983271569	-0.268346590302665	0.598908357596516	-0.621226603189197	1.1616398348095	1.26309522440872	0.26980009245129	1.11564106070519	0.353768087819072	1.32235589634311	-0.236638896596884	0.828954520791411	0.279452596027744	-1.37166142623581	1.26488769744356	1.28917064478795
"PTOV1"	-0.341968303655566	-0.759575530478317	0.372380779156966	1.28968917294111	-0.00624083462853061	1.19570902455567	0.362951306434044	-0.945487811228086	1.23139290485059	1.48739336361477	1.1352608954392	2.15735440347238	1.80990165198894	1.16920671411765	-0.869705024651573	-1.45334859055356	1.30374100682356	-0.790352207529345	-1.38851249976356	0.0709926233022711	-0.269132528079374	-0.984092805122421	-0.939102352778426	0.534129615288925	0.205064488685304	-0.590466345859983	0.51655647286493	0.16343630262303	-1.61444430500716	-1.67190862117193	-1.66572802414568	-1.26953790572036	-1.70634637471792	-0.374050222897481	0.23515746565191	-1.75101902597342	-0.0751230050524157	-0.715376211317153	-0.751139872302183	0.826809801093066	-0.599867263542688	-1.47510992198663	-1.340893824207	-1.13226162856502	-0.942655220813393	-0.380079820536542	1.04973145958749	-0.619391962172155	2.07473841916195	-0.590756386172721	0.576565299368072	1.05469233710222	0.938727717100306	0.682995237648095	1.06742414007469	-0.201319658784112	1.10935209065331	0.588844560099803	-0.308639310495816	-0.493990255978	0.784687874167121	1.25345188336529	0.740984043320652	-1.01123229805653	-0.0567567933826136	1.06043102252039	0.0352856044949081	0.724110940225816	-0.0848146363318905	0.542792170905372	0.14516118432877	0.103886621916189	0.851973987224932	1.08974175643447	1.09207841908304	1.26142060632485	0.519127033332782	0.889933986481113	-0.95262813531905	0.227818430072591	0.0106784804746768	1.06032358454743	0.898447329569267	1.20015781290366	0.947982491908297	0.0132614287339344	-0.36670741212102	0.388869567727257	0.576792582258009	1.00986581001482	0.0579711311931491	-1.5450929855077	-0.232536144613605	1.09211736178478	0.592787297573858	1.30598125857122	0.527653592380452	-0.054051722576355	0.91517755470725	1.47138869568432	0.551086340294728	0.526313535647993	-1.03225134557263	1.19972001795995	0.200850147169555	0.709505402604923
"VPS53"	0.769979815910863	-0.882556070244034	-0.843291763194569	0.236631403520153	0.87259514243455	-0.997414286617761	-1.41253021752032	0.838848210028248	-0.989541633209173	-1.31269517008267	0.866208738306691	-0.862719164142805	0.625913584960502	0.059741878930567	-1.19919768859093	0.497032761210089	0.732169507401968	-0.969539782766926	0.207873111714404	-0.364095439343284	0.331572633582218	0.315071882637588	0.161955138102967	0.417428477501154	0.168659415244896	-0.423147569807088	0.381789901534675	0.225865417474175	0.730164530962552	-1.89796428005095	0.100328511442244	-0.0104091406415876	0.341005682920959	0.384483849601406	0.330910311622451	0.190669459739045	-0.067279741144915	0.681852350624711	-0.623630296699975	0.262738599322561	-0.622445394864425	0.250224129795574	-0.399953033201016	-0.897580179481378	-0.701445959746047	-0.985321458837243	-4.98523970117394	0.377609080346647	0.322042500421242	0.331299767931302	0.747900936045732	-0.46842400450413	-0.678404701094581	0.802130478737324	0.805923082500986	0.743914434700064	0.301775485782957	0.935046677519229	0.866471971551164	0.669403410826793	0.838189771082336	0.415793189946423	0.755945666888278	0.864971349494978	0.373464802243019	0.786418630847559	0.677459580020252	0.318880545243089	0.248453132210771	0.783147073939791	0.830034597044536	0.848534190546746	0.74427306104741	0.823117033595508	0.243725205369125	0.153195238600835	0.840077445460548	0.317714311409135	0.793711643125226	0.719450911296944	0.321094849451804	0.666898598180681	0.161672272903051	1.04118850820406	-0.641554424285891	0.0646036682061341	0.836668161604006	0.214922702900973	0.402837733673344	-0.662204239539794	0.760867810250392	0.70393290169503	0.798605255758067	0.70411795854144	0.23350743374104	0.246104351564382	0.335462054834441	0.459489152064733	0.755040213914106	-0.0585422098543428	0.841990560007945	0.251727839375789	0.759130471573767	0.782475461134079	-0.991435608119703	0.190487393412926
"ZNF662"	-1.28084901378428	0.196927535923543	1.25069069897694	-1.06255072109598	-0.23105675438273	-1.29257015547128	0.871491785514101	-0.201857648525291	-1.4170771845461	-0.469302198427268	1.27872653615242	-1.12510244786603	0.186411926430817	0.752708404560465	0.577346408115937	-1.10801711868357	0.00858133025940024	-1.11191670010094	1.07385503210448	-0.506045097843047	0.955524589884248	0.687924325781737	-0.883206814602187	0.601511486589583	1.25091753997451	0.070207312404139	0.0345013448031786	-0.139976709899438	0.138048921550926	0.2821488124116	-0.222740059457174	-1.22164515011693	0.42609022373458	0.113748044853237	-0.467343850052052	-0.323244141841071	0.851172714436417	-1.14036517149663	1.42229547079675	0.835689523057438	-0.848080066872419	-0.789047229737616	-1.31154050436953	-1.18094947712002	-1.03039013550196	1.33000917949542	-0.803481625678922	0.533408281719754	1.03844895267015	1.12408815803493	-1.21476800496382	1.09096673657381	1.36579016254393	-0.0349569501622618	1.23799834039197	-0.0194665288211615	1.08844197679327	1.16340927222841	0.636227029905073	0.239054341960375	-0.0931702706720065	0.75825602489307	0.554344119944806	-1.46357122736261	1.34919886360173	-0.2148741128397	0.504953919988439	1.13714684171762	-0.594352977209145	1.15543988303135	1.12052277327567	1.23140711612634	1.39027151243431	1.23093101509363	0.82232609833565	1.28854066715623	0.987640643374213	0.799135718384448	-0.896257297287944	-1.23788518957264	1.07354003742782	-0.169479630197073	-0.661525686637313	-1.00468971909588	0.203958164699974	0.15152255053722	1.20836254722878	-0.344054552588953	0.441270837176478	0.686546471296922	1.40752075471488	1.12852377749526	0.575660169576308	1.25864509403489	-0.933345307919278	1.0484020060883	1.19466245171114	1.06056863649895	0.744297595263751	-0.614312462902098	0.34553474728769	1.05620557024635	-0.434734775953328	-1.18836895225197	-0.131481242156305	0.692549494393807
"ZNF428"	-1.0840181992445	-1.10092279557317	-0.141432259577629	1.04748408100702	-1.19498132653745	1.07274718469171	1.07189824937395	-0.267996804114626	-1.20868397647255	1.09037339528451	-0.075940925637302	-1.01740786189673	-1.2027190282369	0.411702838032308	-0.300386971992768	0.390137936529411	-1.30625698358209	0.840423855919709	0.54785358377802	-0.0132983196853849	-0.891479077040409	0.298715877837706	-0.222433500774059	-0.851814765370599	-0.0161447417749028	0.0359510745965694	-0.622458500654548	0.502661494959156	1.05520149664419	1.3449021274102	0.138932695821736	-1.02338837623635	-0.315436141343989	0.528931914919244	-0.859852722103	-1.31002245751577	0.39021893558997	-1.13082042928203	-0.133738870636097	-1.02361972310215	0.274928167448891	0.419309708063057	-1.08153754536466	1.21596327350222	0.138095534760089	-0.71449834275219	0.146238071426392	1.06162956881671	-0.0771294252140258	-0.914420793974192	0.548792476068117	0.163358120054892	1.15741642089321	1.05758420128709	-1.01024908218716	1.16617808147448	1.09190707279087	1.61293002299521	0.0273069202511617	0.110032109838061	-1.07945468858534	1.34246111987012	-1.08306602451035	1.31317999865749	-0.041446387451257	0.577671335010236	1.26807123165323	-0.674294814563662	0.0497684157531919	1.17187533195405	1.10463807677736	-1.0902081748782	-0.266022134336838	1.07405419063752	1.07335708522471	1.2616584499905	1.30556498785618	1.21627609133818	-0.483626469519048	-0.000424713952267657	0.256751381549645	1.23433731303197	-0.236270584908415	1.46117481050767	1.29233524668744	1.11803300884219	1.11484548937192	-0.698868132111711	-0.00104207168798371	-0.746666995491722	1.12622619304114	-0.905055670332211	-1.22673390165638	-1.02776398663699	0.583758028762368	1.36100947013333	1.07663982797053	0.0163024079018761	1.3114411454527	-1.46643424746815	1.26600677822339	0.0954613320952481	1.17007715901195	1.37901721527366	1.09487557286676	1.31548285306805
"DDRGK1"	-0.485536546129175	-0.865306953226267	0.0077557805139236	0.327600920005303	-0.684473385148744	-0.814628305419604	0.80017843421539	0.71456675875473	-1.13758339185464	0.460024672465395	-0.446866887515133	0.521367563376828	0.815663925602163	-1.06741541962083	-0.94976199216823	0.60787670744207	-1.55501497121644	0.482747349186991	0.406163758572156	0.338883671344523	-0.788564623341435	-0.966329537756156	-0.116160223710134	0.248539257305277	0.625820182082448	0.46399773790921	0.17713150606038	0.281651960113235	0.220304946329003	-1.94722665808106	-0.941297998649008	0.134369159118413	-1.22881646681089	0.422759285791197	0.725253978988358	-0.537365833847873	-1.01213624616263	-1.34281656656397	-0.587568895087049	-0.0227716833991223	-0.987674267643598	0.146889150640378	-0.8330954894543	-1.10579838181636	0.0738024677445096	-1.35314360582875	-1.46541841651788	0.293788436197348	0.79059991075258	-0.126821306552715	0.898478836232348	0.960500455386805	0.231885040554794	0.95840022730451	1.10226447441122	-0.71949755138774	1.00139789782711	-1.64754823947063	-1.01619648899406	0.92692328421535	1.01407099913323	1.05676034622269	-0.193946198659128	-1.5646029342199	0.872924408588056	0.707432337746496	1.03450256995779	-0.669705667317603	0.516491975143085	0.455203936441137	0.348197189757986	0.139258607706758	1.06968726350199	0.867190220931744	0.653827689556467	0.981482749979646	1.01484374897071	0.792419989001863	-0.501826867544764	1.09438925084935	0.143358356881132	0.15502474288345	0.823180171730098	1.24063524607926	-1.58980731198089	1.1518650986578	0.517997242137842	0.596106837427399	0.238566060687633	-1.40496855938012	1.08808653284895	-0.77136489916162	0.232468332584817	0.900530899199173	0.965544809062504	1.0438576050465	0.750830407923361	0.921998638588983	0.587581886183366	1.1467914906336	0.870870772439858	0.687206309316243	1.03892546813993	1.03752782495999	0.462511731807287	1.02552417116323
"EXOC3"	0.487953258513485	-1.29177699989965	0.907791097474675	0.591575853430682	-1.54010118915604	-0.232114371111055	-0.165373221807889	0.273589134505614	-1.86080503909229	0.0633283145509354	-0.146011049331088	0.333318108262647	-0.0997598018731783	0.864196543737914	-1.17524232286828	0.945110998471231	0.523817865691445	0.153288529152112	0.42416839305977	0.0657205887859133	1.26560318785618	-0.576647649176181	0.530830023741279	0.813529202580342	-0.1935415565775	1.37388027769242	1.01205421561718	-0.336938466781267	0.759232140360474	-2.61904881628918	-1.21968172769883	-0.695413049978844	-0.375310803002218	-0.320360344031696	-0.223941859489942	0.976845149123476	0.145216123359397	0.0672304813039533	0.0310529059503287	0.902012389914578	0.30407058420079	0.887867919558035	1.06940565475435	-0.894972281902729	-0.798183881914384	-0.0715499968859274	-2.16574258107629	0.782968681934018	0.036164161961516	-0.744042794556601	0.907783179882227	1.24213501765961	-0.874678285815042	0.0515191349374627	-0.682414657326035	1.2541143560242	0.847053269739851	1.25393396551764	-0.91163393578954	0.684946925889059	0.479880776758465	0.546448937114013	0.567551251810418	0.933224247728122	0.855848486119545	0.752964149176526	-0.426863625039143	0.611356280862994	0.780586323639972	0.791522707318976	0.0534990201396878	0.742742729321031	-1.09621512469362	0.975621292952105	-0.453063907871707	-0.050136338149482	0.551783972371489	0.0396073047931686	-0.0549914097209777	0.938099501333021	0.426114303336584	0.593220308871686	1.15739145916138	0.705740745100131	0.908169780445533	-0.588440324925159	-0.600794366093811	1.02076769319001	0.255862927344667	-0.219493034700773	-0.351810263087049	1.26305858326703	0.680511325273007	0.874735704674471	-0.228525288892651	0.25262227996773	0.133866270881938	0.839924046899511	0.917561438219426	1.30104321672371	1.00593959469451	0.820662163717446	0.971481754416652	0.907068751569551	0.94765633466619	0.731904459650169
"CENPT"	0.456035232660866	0.442176579701736	-0.169111368072614	-0.0290510018867625	-0.992114652461022	0.428817655999985	-1.37952162149043	0.998111726747448	-2.15828522791952	-0.593640818944914	-1.04654979217454	1.2352125565036	-1.09163720460419	0.464443065311092	-0.560969081806091	-0.478503916660075	0.491590252746986	-0.920149425484127	0.508238009480677	-0.924852327350923	0.257491461010214	-0.485485054425548	0.42672404527274	0.095789399655282	-0.975408372285325	-0.964412618481555	0.0222466381906834	0.408584850956603	-2.24884329984957	1.21720414474175	-0.499457502882004	0.588589524273241	-2.30767673447408	0.379624352346437	0.198421198007244	0.782175339972983	0.781571238862745	-1.11103151882116	-1.10802109535442	0.746899652659756	-0.977786056923236	-0.867955255426484	-1.18167843615493	-1.12221341154914	0.571291346758812	1.07415468343454	-2.91759699984258	-0.290578049686825	-0.130530171756268	0.408273672042366	-0.254424661746216	0.820602169285474	0.221374976390062	1.1225262872414	-1.0702076064878	1.12252927219201	1.14892926063018	1.6911879655291	-1.25360292384495	-0.621175390377308	1.12344683662006	1.00869554359873	-0.971660124625223	1.12564488651013	-0.115194831940051	1.08240842206766	-2.7495623198725	-0.208273265530088	0.653959985153753	1.14318021129722	1.00259367496807	0.232168730945919	1.36735954560779	1.01891986264585	1.05494340947289	1.19494639208649	1.16082956962448	0.883690935446906	0.545556470942459	0.701806344774687	0.960716264306527	1.04965680466606	0.886141239970941	0.928566279970825	-0.924109248728472	0.283522336023453	-0.649150847956117	-0.803588943783803	1.0336565280653	0.638049382802219	0.00112646798183608	-0.704187075777315	0.620871719714517	-0.246538538616822	0.86444326342381	0.0578946117800048	1.16112670046532	0.186405479192743	0.811704327566605	0.465383822579284	1.04402523047248	0.915436931590169	0.81798026405911	0.548691655687816	-0.468370527827413	1.11539549301825
"MOGS"	1.1595626793014	-0.157382475246995	0.185873499344458	-0.268014641386739	-0.842579791466841	1.12892949427708	0.463736620996513	-0.275537918177928	-1.2438004322869	0.749196757639289	-0.452370313248284	0.471742009798666	-1.02409139411508	0.26660859669898	-1.62537201592002	-1.45271943496421	1.19695493519589	0.351166335870121	-0.971452017992056	0.496094309465065	-0.892545357910191	-1.1589768002517	-0.982625907716198	0.0540526203566443	0.218442507345405	-1.02524917177635	0.168797206320644	-0.407853301300515	0.261883330798474	1.2702704390585	-0.29015970437399	0.605542365246076	-1.07030878478954	0.41518759363439	-0.193805179138876	-1.46685089782463	-0.49227712821854	-0.741525862623885	-0.894840824685888	-0.130777410346615	-1.38213680149293	0.0123904788524464	0.165959767688864	-0.00745843210201567	0.358869272975548	-0.993693535321055	-1.16582752033889	-0.287670668849662	1.21566911262323	-0.0354033613696205	1.0854683864233	1.0605103561559	-0.945224856170446	1.277006430961	0.502861137189911	-1.40875430274868	-1.38077142953025	1.4983594141147	-1.36280756487196	-0.18069329627548	1.1056393720443	-0.441473127779647	0.44345837114448	-1.93053813474591	0.378589617800449	1.07653992899265	0.224412044798018	0.0122448723824763	0.508622154459604	1.1179830374312	1.27386330338873	0.774632193029201	0.0592383753555405	1.10991476566396	1.31846853253789	1.16528127781812	1.16255419837795	0.666141829117052	0.334844395813114	1.17214618090073	1.23207716013276	1.24859208633486	0.79523874473721	1.49499135365624	1.23833337823345	0.169008257419499	-1.01056643521426	-0.264819244876468	1.04492401733467	-0.555502535488813	0.448224260569586	-0.297793545714233	-0.989262573966064	1.22787944202483	1.26678624010145	0.128463868238923	0.550422859708299	0.162281082838071	1.28390086840513	1.29122702508552	1.27780151664576	-0.249328121300221	0.433672709874256	1.5206622708971	1.23954427415275	-0.377537506106004
"SLC16A5"	0.955632865077728	0.951693030071262	0.944505401360775	0.289500591427549	0.254201312296983	-0.559220691035841	0.965620553882491	-0.808057667741201	0.954624500323619	-2.00521442505108	0.299893885963653	0.984825702146582	-0.66633618461199	0.282262763208193	-2.00521442505108	0.563006661415231	-2.00521442505108	-0.750739825799733	-0.895165006877563	0.36331054765493	0.205205463974399	-0.136646115746959	-0.250588446953319	-0.0757087666828119	0.473222463008183	-0.417772172107727	-0.39443236597407	0.305069081362296	-0.0976863599534655	-1.69714196557916	0.182859891599808	-0.400452993197183	0.979609957222319	0.467113211208574	0.946286842411663	-0.79416812032121	0.984739667208	-0.459494427686872	0.516552875784512	0.437048306276361	0.400564567276707	0.237019443572434	0.996207881644859	0.268925548892336	-0.561077419521232	-0.516698613404756	1.05244441416899	0.350017082614341	-0.218416390739976	-0.464308074974071	0.427881636387107	0.990095765226123	0.5095236123818	1.03500918818651	-0.377593251828143	0.00507237203850061	0.500885560987451	1.18830563229598	0.395799253339379	0.980838553880137	1.00857404720176	-0.0315307914721599	0.216113782319415	0.999259544186866	0.992397880130998	-0.265145755455535	1.00702717929729	0.984354328960318	0.0653599321092724	-0.0159151366009903	0.62655741222897	0.575559088288909	0.996068397376583	0.968278980306112	0.975518485689127	0.974172475356622	-0.410248136927472	0.950692067191703	-0.338843393154466	-2.00521442505108	0.648335019572883	0.583606539252941	-0.340835233749118	-2.00521442505108	0.994217413067798	0.145852559069272	1.00196654675126	0.202216414478607	0.101773749879606	0.513543854413557	1.0082821157621	-0.263457882350954	0.428749732011682	0.952243189654214	-0.497694475800503	0.496814058914555	0.96719987845101	0.388182050239345	0.974048232992329	0.57277386005879	0.998119973291015	-0.533889327522226	1.00819632294047	1.02880930747822	0.998155419820387	0.990024598545208
"DNMT3A"	1.91217264011301	-0.574103326761771	-0.837952702419801	-0.938270107291498	-0.45577590520291	-0.567941561910456	-1.14919373599803	0.044193781653174	-0.303137872287726	1.4334958183842	-0.788012684448481	1.49085118848254	0.931224801515623	-0.203641165467037	-1.14415473795044	1.73960981996453	1.31946642794902	-0.351853611339826	-0.500790075442335	-0.783038554870483	-0.187503165888288	-0.703054232129517	-0.915975679478382	-0.304751814980007	0.0289102368061053	1.74586230265406	-0.247470463181408	0.644528894173928	-0.435794124478672	1.32555116788424	-0.47478401568518	-0.846315259967708	-0.0664974120778165	0.175582203640751	0.445196826943673	-1.14792783192043	-0.447869361594996	-0.67067273560521	-1.09657086002975	0.024271660935188	1.20641417730031	-1.19599432777823	-0.745640715965441	-1.1142433522394	-0.911949618011204	0.237019199077363	-0.28465707282202	-0.130249963593551	-0.0789795771963159	-0.391793716623714	-0.308081932887462	-0.399123791305443	-0.469637257811056	-0.341363002932184	-0.712783127631061	1.65840880273036	1.28426033959793	-0.703739575892241	-0.596951356024443	-0.720136739861398	-0.912148134950539	-0.745553540432332	1.54691545541599	1.56784998020426	1.3396783073695	1.52711595809009	1.21849529772792	1.58818724523468	-0.208703337395988	-0.35268336379208	0.578282881378841	1.44088869692397	-0.604548304545289	1.26134338013387	1.31020372902668	-0.194814193948944	-0.0915621864562796	1.52803420881967	0.234581201217443	1.57998695999051	-1.15745091742091	0.817658701090748	1.39672022092219	1.50646332445029	1.24095490064175	1.2620114084521	-0.937014325832227	-0.916299618318035	1.45149982775385	-0.726516083374539	-1.15415425198193	-0.112698352161805	-0.843964491699727	-0.69390751709136	-1.10532255862219	-0.787362441730858	1.71251240323031	1.1030525122912	1.50449211457861	0.243819026355089	1.35845227697359	1.17914464127473	1.35631682916089	1.65124972881318	1.5127478147371	1.32794575803777
"LRRFIP2"	-0.261271654407687	0.179765845325938	-1.22450602927777	-0.773539228702396	1.02549124152301	0.213645276555861	-1.22257629647439	0.0772421263555868	0.547570277156806	0.789212158975117	1.06236992186426	-1.18775436991447	-0.6286868490561	-1.22529351919083	-0.330996505545727	-0.246385201918831	1.3121828903786	-0.301481587540805	0.744793738564181	-0.00353361249635983	-1.16411708236653	-0.631773328351792	-1.28604447438377	-0.351224640276573	0.937343050146879	-0.276478082671059	0.364589875618984	0.179911549220005	0.35983688733685	1.55334058253937	-1.3097118851551	-1.1748426361092	-0.09011224559187	-1.3512779870925	-0.244845948693769	-0.380005525364826	-1.28947024452475	0.396774863270148	0.997847142882359	-0.752419102233162	0.267122849704316	-1.46962535591208	0.532885493630308	0.512597111090554	-0.21772498052486	0.409771933845565	-1.79857043105968	-0.742184502394558	-1.20598869788987	-0.971958256254018	-0.414687570236721	0.0392188018350067	1.40981926199877	1.87079777103259	0.941405467548425	0.0529615410678123	1.49188522767688	2.35206111123677	0.174726133685814	-1.11347759952489	1.00558650686028	-0.271946490340212	-0.965729138858904	-1.04362082912323	1.10579128212242	0.9390623910896	1.91944497100377	1.14535295573544	-0.582377233802444	0.498469334089377	-0.756321777408923	0.0712557403675091	1.12990310613636	0.749704967278737	-0.285480141961763	0.574667076139057	-0.237664408468341	-0.335001051169022	0.15802981388885	-0.233009451683682	-0.502680048947535	0.29109950665185	2.41986562282468	-1.12008786055354	-0.191905361563784	0.00350688828453936	0.834279599730569	0.426631487028616	-0.766665948397953	0.561327041288515	1.18513617834675	0.652499678180949	2.05324182347272	1.82195179637079	0.583283026140062	0.761223527357945	0.767283085016176	1.30967438961149	-0.256285418061919	0.963613362704926	1.25324661504881	0.726958506084483	0.189695655415354	-1.08195946218636	-0.695668128922216	0.540396367774519
"NAPRT"	0.0533023842363446	-1.00943655652593	0.978289977984167	-1.33518808847568	1.15427478180171	0.263943974797871	0.990071729581445	-1.05727225316258	1.12197981346715	-1.29074401412255	-0.203113799599063	0.085293211508178	0.283255363872727	-0.494217018041658	0.0893224847099632	-0.795289376862258	-1.54813005775441	1.08946862777722	0.333380221258331	1.02339253645028	0.959714686865337	-0.649260575529917	1.02445475873103	-0.822377046677065	0.0671018070613249	-0.463913930606984	0.305069118395303	-1.07688532323038	0.347285883718197	1.2066896948017	-1.09759980101497	1.00223394494875	-0.671096885578847	0.450196619558573	-0.792578380478769	-1.57321257873554	1.03056613250079	-0.802974164405498	-0.345839646155272	0.196178500820506	-1.02512599149821	0.308321362623138	0.334418020266842	0.138109474760778	-1.14325484271987	1.08279190371672	-0.912583814192444	0.269479336622097	0.270173245389567	-0.705084995833217	-0.535289744288581	-0.722385480066757	0.0984681934377934	1.02572201715738	0.997413036809151	1.11280296854951	1.08593730635235	-2.23860521745889	1.01781286835349	0.0202388697217141	1.0882763316252	1.11846334510512	-1.20389471140044	-2.07539134501979	0.378834989472638	0.971284895164943	1.19787377176784	0.388136596940174	0.899245009892415	0.655837273150495	1.09059222563274	-0.809805746759654	1.0804864491117	1.16301748450303	0.499228078544525	1.03847539370478	1.13619937403139	0.181253500768411	-0.255000135558308	-0.516092813397043	-0.930057811559518	-0.107633590430178	1.07291054172124	1.38263503652436	-0.267865841099173	1.0271640247516	1.03719369466137	-1.38225070787387	-0.134617214086042	0.692119272565119	1.0540078560555	0.668824021423683	1.00158211279904	0.735061576385468	1.04868168372561	1.00508366873968	0.290656972859263	0.15174818646193	1.14419748854507	-0.0420303292890222	-0.78331619891548	1.02334425547213	1.17799382955227	1.27742198973042	0.660232971566655	1.22670827799025
"NR2F1"	-1.00176697493038	-0.247318414302228	0.281386118446246	-0.884804537236846	-1.21003199848535	-0.997778697785611	1.20865898057839	0.734561806812163	0.193892096756339	0.502056590963328	1.34902312449616	0.0546107608168479	1.18827990753964	-0.687959212949622	-1.14247139724493	-1.08412942906139	1.16491713350306	-0.651529175456852	0.43747440533404	-0.965098781184968	-0.459230250077126	0.520522138305951	-0.47345050711953	0.525683124915601	-0.276420661698585	0.199089299792761	0.432389548697749	-1.01734602851687	1.10378170533986	1.31550521678977	-0.798707913489656	-0.204928993803573	0.378550188446469	1.1711446644969	1.20755683975166	-1.34946988754879	0.336720417575891	0.204954787644318	1.38265084783342	0.743484094192294	-1.14953322235743	0.392769618375085	-1.24982682303597	-0.946778317533182	-0.110532062270717	1.06418487799748	1.22923993855452	-0.738213131620775	1.22798916698967	0.29401569957887	0.287784863022258	1.24441527399531	1.44451695995451	1.19503848197479	1.12761144375679	0.708952663585593	1.27717514763723	0.931141328267694	-0.165661310708719	-1.27024693185121	-1.02604817077769	0.165737803610731	-0.803875448765947	-0.979154171515924	1.14614513616912	1.09607858134639	-1.04266962203545	0.28788648611159	0.681614610568672	-0.136212760526464	1.05940077753941	1.33289859399949	1.30458926272484	-0.44521674330296	-0.661420972375895	-0.130172707331711	1.40770656966544	-0.234469299621764	0.34704645818654	1.24547641030226	0.101013535989861	-0.120122924294171	1.21698317268101	-0.114916333680423	1.06478748099952	0.584637028386924	1.36589708398445	-1.08927443428494	1.37837146773863	0.631434184494793	1.26856127677315	-0.119764973852782	-1.03631000246196	1.21924989086392	1.25854198803354	1.19270250706088	1.1202183841193	1.32680427921494	-0.278828476134266	0.722700498737263	-0.0186617033681919	1.19673231726014	-0.0638233647734054	-0.942340363095972	0.023174567873823	1.22763331549937
"BBS2"	0.0739887817349288	0.593907413383766	0.412635550767034	0.839833674918423	1.08705948950967	0.339662448814471	0.508156223846836	0.851347444482223	1.14349697160808	1.16175465071872	1.2437722975995	1.10802168430826	1.10966779645126	1.08614427481885	-0.735554277571914	1.29644785207729	0.253577171190065	0.243795023342261	0.261693885638374	-1.25348844732768	0.366538269647493	-0.786391523719418	0.479884005171043	0.33095856264604	-0.17530762670064	-0.818086908407293	1.03920139166316	0.221250322257455	1.19279154135174	-2.82251054957333	0.0923030185315488	-1.89187981906293	-1.0446375866474	0.926369079563105	0.0297526525761152	0.375299185773573	0.843288215431433	-0.257632987428108	1.05860009517347	0.194848224940796	-1.16624483530426	0.199686972768928	-1.09677112025095	-1.15100192587291	-0.819485156191578	-1.34315709520331	1.0949875967352	0.519530863826993	0.118489333373845	0.685707835633103	-0.924150404368064	0.422268423669177	1.01373364638882	0.540768446136245	-0.77017957486719	1.02747073458913	1.04627971540828	0.293047576657005	1.16344388984713	0.261849927722074	1.15429220125196	0.566620643374197	-0.285650420042454	1.55259873290764	0.621145440792306	0.0203546161557922	1.04703630946674	1.22570531491016	-1.06689921751369	0.518582158019522	1.02048120909452	0.940975236726435	1.00891225526826	1.17206408595113	1.03300507950701	0.25372180854408	1.085884556308	0.2646711382157	0.337288610356104	1.03946792455135	0.288835268912222	0.522701667241792	-0.784840585102127	1.09083811884577	-1.77580505315091	0.175470515166348	0.443444116082991	0.0781824603656448	-0.0488780995528603	0.342610896311981	1.0552207637989	1.22634863839257	0.354739566338541	0.981735408971051	0.607049137866793	0.178413320698471	0.342609408896097	0.997610575000342	1.11473458999553	-0.188035544390806	-1.79762799191143	0.414262207369344	0.577600344871177	-2.06557133153873	1.01920791402695	0.437166051446253
"MAPKAPK5"	0.884348342242339	-1.22342480689882	1.1605300428001	0.515261876845639	-1.3135735776552	-0.385118125489208	0.884597071205177	1.1291639402313	-0.829991506019978	-1.21497772034902	-1.6588489250918	0.654500206146189	0.50796145273977	1.2742139247148	1.22872977451846	0.816707763602465	1.24489532038133	-1.63675407771058	0.745467820836961	0.17808665584704	0.0327462878994108	-0.0961804282568422	0.868303517676187	-1.08017478812629	-0.0726889541178066	0.687654374503074	0.959200104094665	0.0505177528472981	-1.16778441976811	-1.78397949694808	-1.29906811709481	0.94259997885442	0.796241873866201	0.85207124182564	0.0867068632752628	-1.29251036170133	0.982787789091741	-1.00279464829538	-0.0402283904090925	0.892148071199258	0.115504657137385	0.143915230086357	-0.133699645125044	-0.153888492214038	-0.0973932003768975	1.04967656147788	-1.25445789996591	0.00874354755066981	-1.65671166800304	0.738118677168073	0.215086905721757	-1.76221846472395	0.508974695703696	1.19478548188389	-0.930822130482305	1.02869549860176	-1.56162792154075	1.13211288224969	1.09535631575595	-0.60099934243735	-1.10678037063891	-0.0153790764643359	1.20786230899887	-0.150535237282664	1.22108994696219	1.20479401377927	1.17320168046051	0.614775560449661	-1.33215179294614	0.631207882254755	0.980505036615419	-0.157233872300087	1.17479793134088	1.3041384070854	0.751763914595917	-0.261027665558045	1.1680338004756	0.916544066276762	-0.308614882498428	1.19459944087003	-0.346708661988188	1.06999864569999	0.950248755200829	1.24816438837536	-1.39667786790672	0.971280032698719	-1.16026697891472	0.288221764077375	-0.123666770438262	1.20658558505199	0.810865290068041	0.991047853697122	0.885177771079347	0.865467022415497	1.07908514466533	1.09843216439871	-1.31667558703146	0.655174793763555	1.1062558341943	0.919505484359295	1.03411013824833	-0.680694220474359	0.789704766159644	1.17638814221028	0.582307653387413	0.901278587518673
"PPM1D"	-0.19488287038151	-1.41886592989336	0.575941109961193	1.04497257052925	-0.094042338804503	1.13616581574597	-1.31683773572942	-0.953646477148015	1.12814905363505	1.40289549904424	0.476273946186725	-1.0121049915837	-1.1527047194051	-0.0262509595913758	1.3586500352914	0.0369518194684476	1.14402253966516	-0.339900375374006	0.387683445720958	0.137942635246615	0.33189848270494	-0.147110431899675	-0.686079979069088	-0.401542738537732	0.418761917099382	-1.20766984425279	-0.0647982804960046	-1.14874999622497	1.17409931484985	-1.64774720997178	-1.27221167712761	-0.965458157345167	-0.678901181442278	-0.0187105921612419	0.104404698354741	-1.04102410394894	0.0798695948126462	-0.679348705170418	-1.24373126927479	-0.971852457159554	-0.0165375721787183	1.07705936112556	0.76300299295114	1.07813117956059	-0.950558415941984	0.248867292550005	1.45235191811445	1.30873271665321	1.20822186366391	-1.25940549211009	-1.30578594424578	1.2127527986017	1.30021859513622	1.1244894161108	1.05702086222318	0.440221446175136	1.24616115559163	1.46137137764391	0.875816676694705	1.06484163332129	0.753398779895072	1.21314895008956	-0.847375173648373	-1.99248189077029	-1.22001742455282	1.07791744921539	-1.28981798292017	-1.02464727202905	0.342942492908742	1.17548850251152	1.15592763502265	1.04978230510477	1.10706300148451	0.461779440566947	1.13299682656064	0.621248199081582	1.09298157997214	1.24751765481839	0.470176912831827	-1.5079956138988	1.18871320820326	1.12814918202232	0.687079072147536	-0.935908755597859	1.3078213166483	-0.950296793912117	1.07814613470684	-0.065233927204698	1.19606824858345	0.26362927703246	1.3055910422428	0.497119407419506	0.270914336725734	1.26572527874995	-0.238687737104436	1.38931755239826	0.615701609986669	0.556802884803633	1.09392249063435	-1.3886629451067	0.297795575762862	-0.355578451179066	0.602313121852619	-0.506399944640117	-0.133781711942139	-1.07032845015519
"ZYX"	-0.22880199121228	-0.0719942512146261	-0.9444476409861	-1.00417029600432	-0.392560862037841	-0.314589419861422	-0.426665955705452	-0.542438643035038	-0.719040833461243	-0.804251360462516	-0.766418851565028	-0.914646753432496	-0.694198802062881	-0.841421240066896	-1.10133744170937	-1.19133955597691	-0.882350546542829	-0.866077264496881	-0.371308591481583	-0.636390878564265	-0.99136418274537	-1.07529936965955	-1.32599285301304	-0.886728976060267	-0.858276210133943	-0.855075464934867	-0.970777377215189	-0.606483670240744	0.682005772247248	1.45596755946454	-0.232758663174158	-1.23769509718281	-0.044585934990321	-0.88078657199983	-0.287345901051954	-0.516187684268613	-1.02354541682873	-1.18871351185629	0.187791624271796	-1.0301448985871	-0.953703799866472	1.38455145769754	-0.314833750838633	-0.80360800130835	-0.488544524509892	-0.273853193289715	1.43107776737144	-0.530640928922197	-0.959773566113742	-0.622363226418437	-0.937730688330721	-0.465365872136202	-0.309618354059116	1.37917440928256	-1.07541369641266	-0.757267467385935	-0.412672396315579	2.20115447872248	-0.671840769137947	-0.876043552155114	-0.629432401565224	1.32368104554069	-0.664448274003709	1.8729171574535	1.28211203109398	-0.570602269412538	1.8092730959663	1.1952936877904	-0.545278945452803	1.28364763752698	1.23166258205603	-1.06315854926213	1.42118119009511	1.34584128117992	0.0912673616665829	1.40224981015691	1.29575126808587	-0.469574692280632	1.34135641937448	1.30000007319118	0.0530253765427899	-0.361509998806798	-0.493158320329374	-0.919953815441464	1.27095272304145	-0.390013768651658	1.48079025776378	-0.877331081083136	-0.442992057794981	0.0955236593425826	-1.01667144518333	0.818121892309953	1.28631224618617	-0.595830461582977	1.4187194581172	1.34814999921895	1.21165874784653	-0.959113194026464	1.39903506129571	1.37949923477324	0.00110010333789893	-0.876931773563399	1.32653776348059	1.44140722994783	1.48424838219374	1.31661393773924
"TUBG2"	0.0832940047286231	0.255640960870947	1.00793456132862	0.375425790676418	0.470041765887935	-1.20033644920988	-0.85029430982441	0.0440809418605506	-0.762884558181529	-0.928643153969682	-0.912573811880939	0.985020013894661	-0.944053528322197	0.552394349254157	-0.990433947802718	-1.16499635359419	0.636680154899092	0.0750146441142531	0.586475916266168	0.402498367897862	-0.879275591297291	-0.840380608890502	-0.230402656818681	1.0109066537271	0.543405745968692	0.364603107606569	1.04902654330263	0.569265965643032	1.12080499830471	-1.72655600917463	0.52248342809337	1.07178754795848	1.09687847450968	0.0985929558823311	0.157914821954708	-1.47697235412629	0.718106141084296	-0.0783713133513226	1.02262022774796	-0.59142284691809	-0.64365278797762	-0.967791817403026	-0.184480760089607	1.02150772841285	-0.875079870621815	0.993146074183739	-2.37470651836641	-0.129998769912417	0.461346494215168	1.03219198875269	0.372865309223438	-0.0977726051534474	1.08398197476482	0.756910160894487	1.08671607611099	-1.24893986181185	0.34700474292351	1.23553810639672	-1.16213408845064	0.397202131687427	1.04560759412342	0.356990848772939	-1.09388420032663	1.25142959823583	0.59256453328399	1.00478320187931	-1.14439793556924	1.03081009395356	0.746286934437632	0.306111714222858	0.200484364388739	1.04075598305939	-1.39272642221226	1.04834922665903	0.740553917370032	0.489872848766798	1.00981789915892	0.113644667338811	0.0387650552227463	-0.587660293196404	1.13121782052754	0.989836605143298	-0.660988160758477	1.26416854475234	-1.94254023240593	1.06214524431352	1.22635754227722	0.282681407982593	0.950768141004436	1.12985118511302	1.02703901075134	1.16071764834997	-0.920856797850433	1.15174248694564	-1.10405413997343	1.02004932258164	0.26288643652313	1.03426350484562	0.510923240821626	1.25725018879214	1.02391779929079	0.980209392256612	0.671927350391987	-1.2313635554303	1.08285279212982	1.02826239240717
"ATP6V0A2"	0.160472834535099	-0.313617390989782	-0.280456407371783	-0.484512555047149	0.138889831236444	-0.671578648716712	-0.167378546227081	0.946552446668236	-1.17190106058824	-1.40012696724331	0.921070792943368	0.0689499525423666	0.775937654546031	0.561007249546147	-0.752028043213879	-0.0209396984040989	-0.97743865676516	0.28202616528609	-0.17914796633088	0.235844409068265	0.467340088894556	0.274249236886428	-0.953414904142742	0.811937436352007	0.14766011264504	-0.585092481342649	1.61881819305796	0.40370360857237	0.685019398066404	1.43394744965796	-0.702093924120063	0.481101971306057	-1.18392101442025	-0.473290263604257	0.364958272087862	1.72695260594193	-0.384032074981059	0.0245210181270559	-1.0918907686342	1.90072160019154	-1.12320188330547	-0.457226828176368	1.40220049828465	-1.24206604261787	-0.894137786030373	0.81445389569311	1.852541202589	0.795560939957821	0.77325975363028	-0.310236128516626	-0.26774612048931	-0.171561051764612	-0.701309722876174	1.78461509819909	-0.547287789649181	1.56747821130994	-0.357412496341964	-1.56338788809334	0.190171180339233	1.43610723192007	-1.05084269156476	0.718376516182939	0.166736803401458	-1.38868143470077	-0.669445432364332	-0.123108398380701	-0.885449824227237	-1.07350787783754	0.941378963932317	0.644751527672693	1.09452498908966	1.15836163161013	1.4507999896299	0.8382140820083	-0.489953304950268	1.15047079702141	1.84542294624148	1.2326766246308	1.51237745792927	1.23292925534416	-0.707331601118927	0.788417524049565	0.0776833210390128	-0.997462939846098	-0.558381633567138	0.922552137106099	-1.33415540803104	-0.338832078904462	-0.562981855934454	0.670626315323044	-1.26696806263543	1.53822350357663	-0.386529898345481	1.83435028680432	1.67280882574305	1.26644384851683	1.74489225350406	0.110475799537448	1.89233781298374	1.61006153371371	1.43803035578527	0.0528087354641695	0.671636940456029	2.03737797302045	1.0231041428904	0.392711060805767
"TRNAU1AP"	0.0479994834403987	0.242145061289972	0.34227233569856	1.05431599376092	-0.285034157005262	0.419245509820526	0.475284993069924	1.0045745744292	1.34422662681669	0.565844459370812	0.045431468809427	-0.00985810357403655	0.826320001530685	0.734195811003448	1.16598438347739	-0.0874495727214362	0.767634340910493	-0.82111312187525	0.324649129298526	-0.789253383999347	0.25557676994594	0.726494038320881	0.80520941481784	0.460004439626795	0.0566806300093375	0.774140805971979	0.646393424947326	0.632816385144281	0.819680794396334	0.119658382700209	-0.789108497039496	-0.844961201021312	0.303385024814604	-0.688397219555343	0.109120262249646	1.48087684679357	0.852545624259733	0.946066511878916	0.384484935493588	-0.165217751713077	-0.362640377544558	-1.54946432084178	0.412162647327135	0.481899538521417	-0.617557411787761	0.86794462727849	1.1588111593687	0.82006874151522	-0.688887500881098	0.792033564737508	0.782433192291988	0.00996543057098669	0.581439420012283	0.17332971524893	0.999682189149973	1.37769336743916	0.897244750875842	1.36832535775732	1.2932249489263	-0.776543648007244	1.24037081604127	0.178696049515708	0.739218125170239	1.37156735582852	0.308593317291579	1.3970250858103	1.23049450858736	0.852933980502759	0.135353847303216	0.888526714797964	0.893401401982285	0.46828756021786	-2.39229018624891	1.25031308142123	0.199506884361059	0.333833283544531	0.935933941242747	0.323546351930092	0.233293360847473	0.745869587221569	-0.48924328427551	1.44856509738062	0.725775618400445	-1.52055923954872	0.880119058545211	0.77868118992153	-0.558400468333156	0.481107904368658	0.214401511939882	-0.416868271208249	-1.11359673539256	0.973295828940394	1.33740524364784	0.965019407114946	-1.22107632626026	-0.0494480541732057	0.724827517139707	0.876592555010987	1.32265197437614	1.20198282173008	0.37136605555444	-0.598828790117282	-0.932854630706606	0.0467715998515573	-0.720836460323659	1.30609797782396
"UNC13D"	0.678475311796633	-0.386694367411288	-0.670760183142317	0.389727533083862	1.21962181426737	0.249728118628934	0.912583201846393	-1.89602640459075	0.0600182328824131	-1.61087967670474	0.729514618354118	0.90386742874221	0.849942979515055	1.03584074791097	0.140717713373428	0.87218208251074	0.365532724602634	0.915152552188068	0.462639055889563	-0.786094254022619	0.194500547156298	0.117141301316728	0.203446650418061	0.448566192984991	-1.32126476667944	0.178578044370757	-0.0439228173446415	-1.803519261418	0.654883878654777	1.20368474835829	-1.2109457351093	0.131537871966851	0.911183678114732	0.565528635415098	-1.18095053587196	-0.794998163731935	-0.0614046866758546	-0.782915506004516	-0.0496464290997848	0.45753537410843	-0.415093748777786	-0.878584910262656	0.810844322823235	-1.0666821233165	-0.560083671342455	0.567493857800539	-2.56870626075606	0.926547700517909	-0.528288725250222	-1.83206144228954	-1.14941289681694	0.489673679413462	-2.06459686315083	0.880222697907604	0.325330340801786	0.519177298547532	0.192953171280512	1.14137852687275	0.468275521353443	0.884725327321508	0.991117387958957	0.914273571322782	0.933135414791904	-2.1793283211121	0.467383127816488	0.613182870908216	0.947596783027126	0.411774730343864	0.394783425948405	0.432747613108619	0.623172906692637	0.911492312323539	1.02669463618872	0.495769137033025	0.440758732330354	-0.446088247687843	0.190940663973713	0.85243941409257	0.676978615359804	0.898748491932778	-0.511113089546295	0.20467438762427	0.218310987539587	0.987692604953976	0.937497773844071	0.980943503692576	0.429967294557541	0.726502696619701	0.0226160784254898	0.377175679510688	0.70221709720681	0.918243485015691	-0.490295072114273	-2.08550702547231	0.810148098678396	0.785505419128446	0.52512204028009	0.698679991078102	0.0566814104763084	0.887410944965569	0.775938504811597	0.48001561137189	0.860890622055329	0.878194510281532	0.819923416941568	-0.236228184031571
"COG3"	-0.174853582223731	-0.325960139812886	0.330735700742049	-0.753815641795502	-1.12071915906471	0.77649194075404	-0.617130864329609	-1.42611128073007	-0.955748195819798	0.735760616465958	0.944269614212921	1.28860393656793	0.0704275110382263	1.02206109509336	1.23225407185527	-1.17090015863745	-1.26433901348468	-0.904151889480079	-0.992800928613896	0.0366754597289774	0.411714133575518	0.0664041915096974	-0.192041859868134	1.26385445035101	-0.578626031924399	0.987698790677792	1.11190810637922	0.59267069068687	1.2496071716183	-1.8853031083651	-0.231931538200986	-0.391936906455481	1.00269319143064	0.963432556567909	-1.1294084901303	1.34368369895527	0.59012855631297	0.585509436271801	-0.193090095107277	-1.23223827800572	0.314115328854309	-0.512478238136212	-0.839210786931798	1.01003487313807	0.212612149984244	1.26644980291454	-0.232645011688859	1.44584018203397	-0.457655674907251	0.590324794810162	-0.714372603252075	0.0598479243812895	0.989887240795417	1.63287956027053	0.0823536139574058	1.46941394309028	-1.10569212585229	1.64182754128027	-0.217235832486337	0.343567593491901	1.26121679869107	1.38977282436369	1.08111861713013	1.5074298374706	0.889757532044831	0.858088993937716	-1.32246592037974	0.613012193775496	1.24915826330776	0.0266092025316173	-0.900093737779509	1.26845517830528	-1.03541566819071	1.14501418805939	1.28132179742244	0.136791352555324	0.0791241990375993	0.583020969850236	-0.312654633400662	1.41094920342221	0.914967742106719	0.0783882815519838	0.0140431151224685	1.23970278063276	0.0914157052887938	0.930824316101103	-0.416075384999915	-1.3745837352914	1.05961989074021	1.14836442017154	0.488179274138479	1.01164951759945	1.23977025399396	0.985726223671173	0.277042960345332	-1.27868798052879	0.11632467089701	1.2728386868954	0.00430438460237244	-1.23297150905931	-0.8001187271284	0.174317976528147	-1.38451915199868	1.38442408475054	-0.243032110725808	1.38430317869336
"GPRASP1"	0.707197452998297	1.04286343681151	0.226326230326114	1.32834370513118	-0.872758274825219	1.81684488113716	0.921318866254128	-0.796660865673618	-0.391628426320238	-0.0014327394165985	1.13875712667121	1.08729602120258	0.956142149613662	0.99341197552289	-0.320451492912563	1.5386821160746	1.67848245368248	-0.865926798757068	-0.0451558775779038	1.28409712452196	1.42777388208307	-0.26070034351434	1.27635792330601	0.597780314446899	-0.51371052501961	1.01683847303031	1.24162292696234	1.03865958396758	-0.0569796224089315	1.10068148879089	-1.13397842889271	-0.240937373390813	1.02483332819958	0.995103508866477	-0.160255175533438	1.43965809906938	0.770886856756104	-1.35949713457845	0.865529104452297	0.64837351492794	-0.510610040852651	-1.1803639234905	-1.16837823130139	-0.809185849771489	-0.335778965910196	-0.0497743262698657	-1.2567681333125	1.35824655953979	1.22875530374792	1.078427511787	-1.36880631807233	0.254238118485773	1.49244809658932	-1.20320550789739	0.346066647356238	0.996432111834184	1.07816858562609	0.785615808131225	-0.722255721701266	1.61726136295429	1.61754875645098	-1.32766306955282	1.34333939407373	-1.30917372241056	0.712616040838458	0.988767304567751	0.272762606304575	0.973445523698037	-1.00317421348238	-0.218733171834996	0.952140554025109	1.08111634246347	1.42328029944648	0.990170175276677	-0.396437330681163	-0.287635377571398	-0.16068689424562	0.599939266740472	-0.117772828594952	1.7192940145747	0.578788963160353	-0.130720962347707	-0.745346467840911	1.5218535992647	1.80293194543934	1.64043638557347	0.801182862893808	1.17272201418357	0.880947779539488	-0.00166641317080467	0.277140351476556	-0.131503518818005	-0.775029278580224	1.74465833083927	-0.637206790938636	0.927521117059281	1.11099571722348	1.55959714897212	0.957679003802966	-0.865766700919037	0.410181487375911	1.63944595601237	-1.15459500075365	-1.33300044836867	-0.753242598388636	-0.106369114793524
"TNKS"	1.23588993382	-1.799061512415	-0.900465687519667	0.389213893330046	-0.738281048781218	-1.20383012064055	-0.195795713606516	1.28863465016262	-0.224362253232181	1.44786725149649	-0.0489298607187035	1.24995946550457	1.17878952539618	1.15980473438939	-0.0295891803154519	1.24991251723365	-1.08618197960473	-0.384937846702618	-0.406852916392545	-0.942190381861084	-0.0582656350686153	-0.344828827875567	-0.117707648370455	0.853336001953445	-0.359482762992147	0.00619548789182905	1.11700460453023	1.21272278221858	0.0010799205704667	1.59573081094042	-1.48066520776632	0.00178343170970832	-0.307867769600013	0.105284296410135	-0.500934975163816	-0.851569427838003	-0.0470160959746404	-1.06166734778866	0.213608725042989	-0.508073742067152	-0.776121487076919	-0.594911860353616	1.21579335660512	0.413813081971431	1.20685309712862	1.35048149191055	-1.13811004218579	0.206512558424442	0.440581015890622	1.2611123331709	-0.69825764066299	-0.467496388417698	-0.990699021755423	-1.89611831084634	0.129623166968157	0.46767910990575	1.2156167753462	1.4441054412612	-0.619803489464735	1.17336525230572	1.22819537637765	-1.0451448705354	1.21926009041192	1.54184374690733	0.31204589903504	1.2878392780059	-1.45849653887278	1.32206320690257	0.0100292326663177	-0.236344777125403	1.1567803103764	1.23122884344421	-0.534966865059446	1.28256171106914	-0.416873413914383	-0.322441438384947	1.15041330397483	1.12073874461198	1.1981196043213	-1.31297551592223	0.69344756173368	0.574670709722832	-1.15737040833242	1.44886504797169	1.87575191924213	0.198443655807854	-0.239158045681573	1.32148727209894	1.16137969375875	-0.360439287355846	0.00315490207289008	-0.7654320547079	0.71421319236264	1.18599257523138	1.20077981775634	1.18692523077873	-0.05908521937358	0.0234971021164087	-0.0663750490770837	1.4396257425939	1.43367059194198	0.00428553081052562	1.17136461131551	-1.34034296010286	1.47175402476119	0.499990394323745
"KAT5"	0.980621933620006	-0.954784788267928	1.00968276984682	0.41081102074434	0.873106483193994	0.21807930985136	0.403308168762629	1.21040545448507	0.98552675910566	0.207864574767321	-1.02693857996362	0.177843194401633	1.05127638051401	1.18208369005259	0.380441641985546	-1.01324246857495	0.503395762947423	-0.714832179097182	-1.09134268791095	-1.06013586364508	0.184249316496089	-0.999249547067526	0.456477754437011	-1.44664766931141	-0.979583559131742	-0.602542674950736	-0.151949098097415	-1.01226547191899	-0.118940501314798	1.13278459045743	-1.01647890416418	-0.764122379842203	0.978432908944927	-0.670313377554058	-1.27298569183931	0.114926183888068	0.190418241147437	0.535705322898632	-0.10072850339729	0.586401075660408	0.315991674899653	0.429345377888833	0.345901725548405	1.00351935326043	-1.24671885394249	0.134758639490812	-1.68699792268935	1.0811217550216	0.444423156534596	0.462049518396014	-1.30790214161431	1.11222706026627	0.448089158440808	0.705598933276334	-1.12880659284583	-1.24831088669991	1.15149958909814	-2.26889396765076	-1.13019571750074	1.18698747603376	1.1521046180617	1.03024584554807	1.10320225548077	1.17666515895433	0.290587302419677	1.05401842159769	-1.29560840703756	1.11509370851287	1.08773077670016	0.814874033531913	1.03950660139934	0.436668818165749	-1.11949070521113	0.685278472390549	-0.0391516794583907	0.39617834662408	0.358511242614381	0.407168411573587	1.13980942935017	0.415004369515633	1.11366209468286	0.0796895889639886	-1.05383801827841	1.40340220480658	1.13981138968596	0.618950715934968	-0.190554041341626	1.15710456420286	0.969625136946424	-0.171535332898915	0.306053850357788	-0.0867282711183905	0.369244317630813	1.08069589481565	0.979665473109932	0.6892485623264	0.479611659024438	1.052474482713	1.08530665533681	1.15829189621486	-1.2363645784339	1.05276311594997	-0.591417671517942	1.20392845919036	-0.187706124548955	0.286934398597198
"CHIC1"	1.2110636356411	1.1946419759199	1.18286718594988	1.17755079968169	-0.440105196731226	-0.251278378418026	-0.292511388697283	-0.610464063354119	-0.906068981792338	1.16847747522014	1.19306353960458	-0.36127557690202	-1.0250594651745	1.2562034137298	0.540989873831172	1.30569060317271	1.4796670065137	-0.541310575492792	0.593286359245065	0.0673465671767052	-0.0030918778839061	1.20686700544428	0.768521945048361	0.129720027834969	0.240174078561723	0.651533676348718	-0.17232734119261	-0.183423393637544	1.17107064962817	1.15216956656974	0.0365672695167596	-0.497462146893498	1.21222477860427	0.0807893922838353	-0.417416174411366	0.169361842443189	0.0779143226179169	-0.442359139773812	-0.544334318321658	0.000480319693761858	1.19774987404322	-0.37969250899845	0.167887582958702	-0.59522991528539	-0.543391502515436	1.27213328991803	0.259759152839351	-0.329018375426268	-0.420715910196277	0.0869630600811129	-0.197493694458552	0.717427928287172	0.663566661463174	1.51775832277908	-0.822477766170324	-0.468895852168349	1.27089639291726	1.83543314734508	-0.553804672852093	1.60753194124273	1.21077361361861	1.37638387811063	1.12526563085251	1.5498859463713	-1.6488977328465	-0.669666242842245	1.52585182740106	0.463690354010071	-0.280863023114716	-0.199102967425625	1.27068888213479	1.15986876097175	1.59170049776111	0.139263149538483	-0.114338933648502	-0.290125798138504	1.17645195567201	1.17086073682458	-0.79686700228684	1.24950350689508	1.17750067127553	1.20049267316342	-0.370176562439277	-3.30957839166376	0.0118466629455134	1.20351033505954	0.0989795610552435	1.28419889764432	-0.106766937679386	0.324149280667769	1.20625395170214	1.23621071506284	-1.20806281379609	1.34591267403246	-0.342387296747785	1.19934272795109	-0.241088835934979	1.17828969766175	-0.202203203995539	-1.5589245977607	0.334798107118949	-0.534940151467343	-0.17594425634988	1.51984807372921	1.16993619352715	-0.447473977762309
"NSD1"	-0.00334758026474533	0.316642489536283	-0.0954089153881077	0.681759869756825	1.16367617088253	1.34848027262237	-0.0605223679060695	1.18490748712637	0.561929827724447	0.734345901691204	-0.920678906558739	1.18487936577275	0.477388165469566	0.790655987817624	1.20572708632982	0.661380580106981	0.7909296450871	-0.641281298708445	0.0384843094982984	-0.171771215272539	0.651305217062223	0.405457328021662	-0.828517556025224	0.834104795967726	0.459963553591442	0.895042959691596	0.753345655584132	0.0284280129101263	0.378443481530384	-1.41847710280557	0.467860355636404	1.37575642122329	1.35855320595971	0.592686013147128	0.7011298747087	1.28505282783814	-0.820835712545865	0.107908234035257	-0.369978578012331	0.0752714519901305	-1.85034436825272	0.970947348357838	-0.15084629500746	-0.584344344613471	-0.194265050030081	0.479490097502627	1.25175478036639	0.828698324367977	0.69089893807397	0.059876341253389	-0.228680492907281	-1.78474208601	0.554580985114157	-0.835447493089492	0.717347712111447	1.2183651621147	0.966635948986453	1.42903555253889	-0.59029403690134	1.19115080920959	0.735719368517523	0.257793881857211	0.999117749052878	1.17138854237511	0.906239861096778	1.30752052784736	0.583406375109439	1.25399151836069	-0.002819487526827	0.963969018126208	0.559134361782283	0.356378594826817	1.10016047338556	1.14962280343264	1.25909325450636	0.0993158437886729	1.37436859704329	-0.644610920031232	1.08502294380107	-0.467166097282159	-0.495867147947444	0.272027422163638	-0.0302243294504877	-0.379294157637125	1.09910532535999	1.26757807601145	0.275477889810943	1.1436796751698	0.884101995264243	1.08736269409488	-2.01705925378172	1.1215835700444	0.463174689792116	-1.14706484865946	-1.7106148268995	0.871391643923074	-0.408915811131836	0.946134976467582	0.9930218958185	-0.144169893497427	0.9804237533396	0.296181478782531	0.326619002775716	-0.728295892621558	-0.197803280682823	1.01325868600575
"GNLY"	-0.00898604077954929	-0.110903850169234	-0.162257106249375	1.06344333507552	-0.363893868588275	1.01070087729301	-0.952851752781105	-0.391005670111878	0.104258027099453	1.08340614424522	0.243927401914775	1.17819749126863	0.288513575508274	-0.681117534938812	1.13432571246811	1.15422688219434	-1.23281523203688	1.06592225733458	0.9220440417069	-1.19968132129148	-1.04339994479782	0.248248010742976	-0.232892582205116	0.703061925974134	-1.30226884138037	-1.04070752283938	1.17280440306905	1.06215017085614	-0.0448785997883207	1.42309582984185	-1.06387361809051	-1.30107916689725	-0.405906230089348	-0.450056413443373	0.241948936915247	1.01036207064022	-1.23870945629588	0.020454000138243	-1.34703911193163	0.202338721198126	-1.19218803467941	1.105967256347	1.04033926182375	0.293116844501918	0.263441717333835	-0.365879631806714	1.19917807615794	-1.12827861550346	-1.00240149460044	-0.891728913925573	0.280057210455646	0.551150500518365	-0.148867097991991	0.0493296843560401	0.764894555324601	-0.15025877672496	0.382069841525892	1.49731786716824	0.127307375003857	1.20235357511285	-0.0701617043214848	1.07506543562143	-0.673839842090982	1.4552418188019	-0.32481749145143	0.68108336459677	1.17026638711306	-0.481902124875556	0.275821513283531	0.253391881468205	0.448728854212504	0.57192047386281	0.405993728379762	1.42105445047395	-1.2712793583774	-1.27955322264841	0.913488593353177	1.09080015119775	1.16691333220272	1.55012329256467	-1.36013630507594	0.662385348713199	1.49693813785475	1.16742839335629	1.1883490242759	-0.329520838907094	1.13586966597467	-1.29161231834254	0.945508921065538	0.820735723558673	-0.783659952920669	1.42824095299737	1.17851845725007	0.0697219591696329	0.703849716852904	1.2480427689952	-1.07042198431524	-1.16344396360752	1.17361774952366	-1.13190488794571	1.18985227857617	0.689399224769518	1.0997542659419	-0.262213096944651	1.16009105351922	0.068814273963197
"CCDC102B"	-1.09816688504152	-0.432854918696205	0.00781124384182003	-1.1037449679654	-0.67989814909758	-0.311929413825579	-0.153502183525475	-0.0480273886283597	1.24459288797158	-0.492190629016723	1.12177154935369	-1.12235737616355	1.47427330691012	-1.02904168622391	-1.44404827099308	-0.762998083220291	1.06940380797382	-0.684796765627219	0.192650760826443	-0.627400963639731	-1.00791828858273	-0.969305677908168	-0.78903736938868	-0.513541634766048	-0.492273992462484	0.555114392552824	0.0250918895804741	-0.106458790132906	0.158561173984676	0.141521923391677	-1.1939437951403	-0.880730565894031	-0.563824379133709	-0.915377231864311	0.42364922761336	-1.34012416042021	-0.918169960666824	-1.18712430279951	1.26609258310617	-1.03724404223162	-0.625647964881428	-0.217222597379938	-0.573269270984559	-0.42035533980343	-0.619459872537323	1.44842053685052	-1.16725042096345	-0.405817864143558	1.40488116945687	-0.237865033723748	0.216043696843129	-0.191861534470943	1.60366921662304	-0.0886970362102341	1.55644775820076	1.23853358825551	1.40754850552342	2.27285559922536	0.348639759245851	-0.28977822902914	-0.994476071330565	1.28400251557212	-0.83062985929189	-0.348145894039531	1.26386815442938	0.512980974488314	-1.09323645920091	-0.716712388752163	0.0880760145799649	0.378558641764147	1.45318045708119	1.24053993734103	1.59150259051417	-0.0417182669090389	-0.444695723103649	1.4176494450836	1.40377300295744	-0.831444290669994	-0.326659632807349	-1.07340588292675	-0.599175602582584	-1.13143848487643	1.2356295795648	-1.19407362538592	-1.09020377554298	1.5192619371276	1.75937635944685	-1.24447796281458	1.24320964004295	-0.417761756951843	1.30658868180153	1.36695689072486	1.64467799448143	1.93619429289587	-0.509465052334736	1.27019143386964	1.28458482203673	1.44521231387816	-0.542937363499289	1.83422043231705	-0.395968918468853	-0.611262690608337	-0.250496376194771	0.0354676900891385	-0.332594179366773	1.27545382079095
"EPHA2"	-1.07136934050348	1.16645968332471	-0.200730057109252	-0.623960549226565	-1.00650941472637	0.250906918627669	-0.655430762699322	-0.0958665689913197	0.0416229189387014	-0.538838855010972	1.33863752364156	-1.01499913976813	-0.517009788342632	0.296068278726466	-0.755607062127025	-0.819130358552421	1.09885595501266	-0.908367148925513	1.02830149080181	-0.979614148466224	-0.218642004429173	-0.0525142987778235	-0.0636161640997482	0.551193981951351	-0.101557104382554	0.804272881612992	1.10991602888097	-0.00163787045818248	-0.409823724563213	-0.0448953623408257	-0.0646392422031943	-0.888702941325909	0.470991958447787	1.00240285799467	0.00767624935024175	0.594099663559053	0.196818449155429	-0.949099810340159	1.06959100640989	1.10303470731023	-0.331157504933778	-0.993661439621433	-1.00924758907258	-1.02747592743396	0.236694774404532	0.538180672216816	-2.90768283687663	0.181813524632117	0.138201518935361	-0.769327566211918	-0.47895298993814	0.439864778052368	1.1897085599162	0.255069146146811	-0.404583810682195	1.22407924922303	1.11061182037567	-2.38132467293278	1.02155875660153	1.14247652816331	-0.956529150010092	0.293767119274564	0.997051287721967	0.64690980331578	0.994876343918664	-0.236748596769895	-0.758503497182508	1.13844089211289	1.13707710967106	1.08572980862942	1.16391361262695	1.0582454831509	1.13966379188042	0.563779633206464	0.56175289006866	0.046505307907566	1.04529680182525	1.0084053684323	-0.697078139250606	-1.05581283232949	0.246657680812793	0.956923744036786	0.261475264021356	1.33653784702874	-1.13729687517646	-0.651228577662452	1.12689777650858	0.561533161453724	1.1679753450723	0.162945825370198	1.25088147013459	-0.81194855249196	-0.904036250338748	1.02501167539006	1.01477754663896	-0.700347858842874	1.14144007372782	1.16476668732174	-0.0326511944332586	1.30290108334043	0.997974017213198	1.03960869946502	-0.100126658800916	-0.8455455098946	-0.159930416118979	0.420584283067993
"ZNF264"	-0.617512515841119	-0.948460177335938	-0.659498044922483	0.0480183142233806	-0.44572273327924	-1.20666392195875	1.39399191361981	1.17534990053034	-1.04523513507621	1.13312880733711	1.16927959332904	1.52792989897174	-0.343354141311894	-0.634178599195081	-0.302952499961913	0.146860547124681	-1.501921975267	1.24621066604715	-0.767249085241254	1.12096331934407	0.112998101245008	1.3158360408283	-0.231828918019401	1.10796701798965	-0.706828466023432	-0.325025894684735	1.26607976259756	0.46377111555869	1.26408833685467	1.82424820403114	-1.1381987348672	-0.969539787143121	-1.0934531781291	-0.623468622819524	-0.169826589631098	-0.966849023465265	-1.03524939522951	-1.00172281119919	1.16801502334169	0.16709919029806	-1.49798552903324	0.73001351704519	-0.53705847519625	-0.919071174712288	-0.918576718813128	-1.04782915808391	-0.211073378866868	-0.766052150151416	-0.833330558224223	-1.26951902633432	-0.0615324755825485	0.0751737741846568	-1.13184036579352	1.4054860018894	1.03063231543793	1.20374371805969	-1.20085181728489	-0.783550949802306	1.10196563653192	-1.09022631278417	1.76497748363097	-0.426803654414395	1.28198021083876	-1.17320562872923	-0.351702449975374	-0.360294212438525	-1.2660613841754	0.0966909442897927	-0.422191712930592	-0.291800417895005	1.3261074968768	0.655363233094921	1.30852557469006	1.15885605843928	1.24678465181825	1.2916204102312	1.09845396403139	1.58881444763443	1.20859537157848	-0.950888013997093	0.67074890212199	1.7070096377032	1.46977917233472	0.471696483391111	1.31341961518562	1.38671121949921	-0.174179641434867	0.664779872849132	0.402015994024817	-0.618051962144111	-1.479277188385	1.32654519586234	0.866472755704756	-0.924414003481605	0.907861330917038	1.53283762178639	0.15349342975247	0.138305983680517	1.66523730394605	0.633509736183985	-1.00650692725512	1.25213929241269	-0.674243939793903	1.21210189342888	-0.329988306330174	0.516052417138776
"BMX"	0.226552241750678	0.368369735315545	1.0022332468247	-1.66010011489387	0.734935740845628	0.321294573790635	1.14811556988736	1.01271995101133	0.999925437465155	-1.66010011489387	1.07513927653061	1.02046637416865	-1.20165860892766	-0.248199186548197	-1.66010011489387	1.19229915285312	0.229245365388533	0.470694370277834	0.592134190060053	0.285440742689188	1.02069729809013	0.0462891512125618	0.402279483469131	1.01935193173075	-0.233062562676151	0.251309831726912	1.06219052592411	0.0910711428675593	1.03552014256986	-0.609135334059227	-0.0528604960539766	-0.256675718802452	1.03187142623704	0.0936263869101894	0.87348675534205	1.28250376510304	-0.297940570966852	-0.345351790339221	0.0815058504553684	-0.374358479778581	-0.215919056408111	-0.0182624936224069	-1.33413563146416	-0.07643274151606	0.0344618393653709	0.532966268850173	-1.66010011489387	-0.0816655556953594	0.217439551800116	1.03164584180273	-0.119600047229816	0.611912000399942	1.12115034514827	0.743364738969078	1.0983446589473	0.300706787759131	1.17265208540856	-1.66010011489387	1.0804946862005	0.45081276702125	0.146001716983777	0.431186746833499	0.134498363706081	1.20766658624164	1.16306206031948	-0.434174460666962	-1.66010011489387	0.655064766001323	1.09619949737932	0.312357955705746	0.507209570098484	1.07303670435838	1.24448873424282	0.452205843445204	0.176177925620234	0.769296409639252	1.04571730480915	-0.160221219967905	-0.104456456062319	-1.00456440849694	1.13478245527146	0.599924836562658	1.00118230980014	-1.66010011489387	0.408621858194115	0.217101182532986	1.01281396731235	1.01765908045009	1.07621101325773	0.49855780816616	1.0163311810996	1.03483972838675	-0.108815997658681	1.00330127577541	-1.66010011489387	1.05590380279137	0.544360759855887	1.01936343720265	0.934636058628613	1.01623585636688	-0.838833830889182	1.0662737643738	-1.66010011489387	1.21002426320367	1.10191151481905	-1.66010011489387
"CTTN"	-0.619148056618733	-0.636654976827303	0.529285955624829	-1.21935417147411	-0.456901762710403	-0.507980108967119	-0.613228726317923	1.00532393523386	-1.49053022943745	-0.364194521269441	0.286350655916126	-0.00708660935042447	-0.992147497543392	-0.138861789290659	-1.50644357585463	-0.606733933750442	-1.15160660333412	-0.588958180525856	0.709381750244437	0.576582587385245	-1.4367209333413	-1.20904452656548	-1.44798897988918	0.700476832036817	1.12825126043497	-0.0495797662220155	-0.887697476121753	0.195736740399021	-1.16657186351348	1.30834987964048	-0.271167562066571	-1.04324821713887	-0.610331421249546	-1.31082975887514	-0.281745499729062	0.482371049563252	-0.213779672810394	-1.15435190747668	1.08092354790569	0.203002106797374	-0.425020424604215	-1.25178069614102	-0.477281081868552	0.96462688756363	-0.280462042076151	1.23049724108405	-1.15389837645228	-0.134546900885664	0.550723161875593	0.505137585776896	0.701309417321064	0.439057101680358	1.40869904659827	-0.913884420244692	0.362164262306053	-1.44713431949702	1.16784409421493	1.39394473558012	0.431997781020754	-0.34904635349585	-0.202312805857246	1.04648038429049	-0.88398430148087	0.689728881372562	0.7264373362128	0.657214206135801	-1.27749190200664	1.14459388166114	0.417527657530301	1.11407958735432	0.309392968569007	0.672120229970426	1.23037180722871	1.29941056036309	1.11491038583964	0.94826978705435	1.01180766141872	-0.117762182708281	-0.932054799926345	-0.810502983665661	1.26046412243675	-0.136798023074617	1.09426872988081	-1.20794298384299	0.0181573965033287	0.830223613394685	1.1648115945697	-1.20515953659951	0.102107243476086	1.01881027550787	1.28090690995884	1.18681749626993	1.16071787852781	1.26005199260135	-0.280627997020215	1.25144051227401	0.363344016510189	0.140724981597369	-0.045400246545605	1.40657169224606	-1.13417903561266	-0.46615137924806	-0.169372287447188	0.827130290248996	0.828751118389639	1.14098855797812
"FBXW2"	-0.0596459209056959	-0.909576294576906	1.40683471947003	-0.314569117660211	-1.0269810103154	-0.00371260579255922	-0.0678198172853429	1.0147813902846	-0.0563121074669128	-0.203770338327763	1.53517533025663	-0.317159095452059	-1.03044915687768	1.15221338312392	-0.994251472191625	-0.0848230234281137	1.3926702775174	0.146495946705703	1.4636449113897	0.155994833692976	0.123235735924575	-0.0556594545742203	-0.186143235607387	1.20905817467388	-0.342638612362954	1.01935377161211	0.526130776839233	0.567943818662208	-0.709788127206099	1.39436750980156	-0.572980743936531	-0.2848380136996	0.643041833346137	-0.366041114301766	-0.129526131078782	0.0770912818502431	-1.00449057861525	-0.228200807749323	-0.116630830604006	1.36717561392862	1.27168688733677	1.12481950880377	-0.967643098044675	1.43482210220427	1.16719373562513	1.15097197561192	-0.951742911336559	0.781585256444246	-0.0277844291056539	-0.986339509553269	-0.485041077253295	-1.03458908189131	0.122460887978855	-1.62488719598978	1.20037553993685	1.3239323182827	1.13585124670044	2.42827383427248	1.12243337067309	-0.276219393609887	-0.769526854614737	-0.535274722102712	0.825965238362282	1.86629710216846	1.27610057100534	0.900823818403979	-0.522824253105959	-0.390579902699316	1.61837085927667	-1.2344699611797	1.05047367035666	1.04081387296155	1.47355208673119	0.241820924346281	-0.809256807864813	0.10009315222498	1.47453574307831	1.32503013429124	-0.289513919717165	-1.5921539687434	1.24802842575879	1.11437294617084	-0.43808406533534	2.0901555607116	0.228314713914393	1.33018773472282	-0.477067412912658	0.184333325174385	0.360891422993323	0.554474508261547	0.982222272279181	1.24278730301247	-0.623020811437427	1.26376897556075	1.14839385988304	-0.48079622561061	-0.848641920393493	1.60179519033925	1.2386918426435	1.50594679271084	-0.483598654222588	-1.25211146249337	-0.318556576668335	-0.388423979373239	-0.105341321599715	0.121896122650269
"ZNF142"	2.03380216678959	0.472884940344272	1.38122396209533	-1.07702481699237	-1.24071921748466	-0.810483552853005	-0.784881324878417	1.63362070530902	-0.849632692379899	-0.073360735291399	1.25695072101499	0.518341022629932	-0.997709890250209	0.956168958330546	-1.00052574561076	0.722715972691218	-0.927013534063154	-1.01857694754003	-0.51507298138735	-0.579678434837404	-0.154296792143218	-0.185529935792102	-0.0497953108676329	-0.612272541345769	-0.994239889534097	-0.0512025680745409	0.844864799028938	0.63136836491037	-0.94282378035415	1.98319192275841	-1.07954060222521	1.68810272980563	-1.05044960237254	0.612608461891864	-0.241587519720472	-1.00059053254482	-1.18508010106558	-1.04322169288155	-0.815861351866953	-0.176045215650137	0.590860915897832	-0.99119528459915	-0.94237418479344	-0.360327552007105	-1.10685102889003	-0.993177228025901	-1.28405858615181	0.0116767577460907	0.173599778127301	0.86600932370701	-0.243556288165102	-1.17617478879885	-0.2914656786369	-0.10779539379105	-0.00643645612342512	-0.935802097947191	-0.838412167252438	1.00883612269922	1.9417686833963	1.23558332152879	0.992754661313003	-0.454054088976799	-0.619553709315547	0.451222685264848	0.393798775059741	1.46127755573279	0.983531348488405	-0.523580018315781	-1.16506838948956	1.68096364128019	2.28368158918259	-0.00507764835136211	0.38759389531043	2.1564651318627	0.53555608834027	0.51260831071873	0.840193948704029	1.69280724313168	0.232037031642514	0.653385226787962	-1.301091175909	0.132597371660456	1.49977539378632	0.00916806382124978	2.28863904750351	1.13743773937664	-1.02107139622694	2.21015357152013	-0.15372204750218	-0.856775700436229	-0.0708644394425041	1.80769867849767	-0.602295858222694	1.45772371216371	0.580962398667796	0.147933135933648	0.215333959220815	-0.285508148393442	1.0352646027175	-0.238881051584182	0.941706565066053	-0.165179974793098	0.348155172584049	-1.15764227858893	0.72516809358001	0.2019751678116
"SQSTM1"	0.550230106323167	-1.15637654530818	-0.132796039402406	-1.00240425880901	0.369091172988601	1.14442678003065	-0.774958346785184	-0.788153707862614	-1.33487190610901	-1.16227391459481	0.385390024861785	1.17203739559243	-0.979319922530894	-0.904538472654623	-1.28764672629994	0.276654256758195	-0.520658964825598	0.27141272320965	-0.711131575337713	0.569029395418559	-0.868293605872073	-0.586567044133456	-1.37730933707779	-0.364384014230604	1.2332357903503	-0.0175100388093945	-0.907269770256717	0.428391943945783	-1.33959654050891	-1.28665926382417	-0.768086162662535	-0.616707824984577	-1.20168962414681	-1.19985304047337	-0.677348054190213	-0.668348855536319	-1.06891002036731	-0.690840427119593	1.18615596218524	0.175442318852361	-0.702076273868106	-1.14636589123996	-1.34054366677283	0.222400475752592	0.0973300421620163	-1.18057853823852	-1.0028540919163	-0.234621779438018	-0.915044205972044	-0.723645874360992	0.43585516887231	1.26104375704902	1.35867982000355	1.53533542344131	0.404377285465047	-0.418885280234612	-0.687536943635574	-1.03386617342557	-0.584039543584681	1.45002286729926	1.596405017628	1.36177176301469	-0.571156444365839	1.60037956643723	-0.75434495227565	-0.472051590127516	1.54931835082598	-0.22008679579229	0.440678396092362	1.54373995031066	0.494285041700506	1.19661704645819	1.39425225528889	1.51802570393342	1.50801865720395	1.22828214117967	1.24077949996928	0.140797225306381	-0.770216649472525	-0.819223081963039	-0.740714175271602	1.21524942278733	0.565239228681198	1.52544379473905	-0.141642982421397	-0.104826947659764	-0.328409266906045	-1.21387905097348	-0.479136677545463	0.34162967777758	0.308438111873865	-0.679240485350657	1.34400474048309	-0.36339678502212	1.26084572054889	0.714767682231102	1.26051451603297	-0.0945806755121795	-0.00104868243707994	0.060517154787938	-0.945979243109499	-0.768911805616866	-0.818923504124118	1.74147106860827	0.441524228844313	1.53765432213458
"RASIP1"	-0.709715492105041	-0.992648065636976	0.632276051353108	-0.341538143305742	1.04387830997784	-0.339464412838137	0.599159095463717	-0.719748084051742	-1.08863863572037	-1.03292939805676	0.415849593737383	0.132616099554186	-1.32729130424361	-0.0397055727614614	-2.50863247311585	-1.24376341917736	0.936961791629829	-1.24011063596448	0.656835271705212	-0.576835609005111	0.570419421255467	-0.785162302916686	0.360797192571032	-0.336084307937018	0.0649592244632069	-0.757525458660667	0.693373416393042	0.324634511473469	0.295186563220292	1.16541866217339	-1.00887058178041	-0.682212483715212	-0.554869557626533	-0.705942379049972	0.581177496365407	-1.22937053267176	0.906435384667708	-0.762545756559609	1.08087633141255	0.412404402214413	-0.88656802517983	0.431357360302198	-1.16294978795202	-0.392182393307266	-1.12707039025628	0.399505042333583	1.05098435703839	-1.09398116492221	0.487691144926006	1.05539746860493	-0.789710330665434	1.14246522961615	1.05298803147259	1.10361117469358	-0.899045893716209	0.937373649053508	0.966574142016179	-2.2591631497534	-0.0309740040385453	-1.36598801478864	-0.167477931502204	0.523849735837059	0.979179436959041	0.950397939224968	0.18804768374108	-0.0606297007289351	0.703447718164515	-0.59940240012495	0.493648103502456	-0.420280800081346	1.03839430650946	0.975797929028567	1.13743694582417	1.05317250813415	1.13258837146712	0.483836836140387	0.935092013795392	-0.178028916547591	-0.109152392987301	0.82507229675755	0.989788454038418	-0.884888434182605	0.200250227163765	-2.07027548136407	0.785562738937688	1.0087264006645	1.0223834476089	0.294877546688942	0.947790236441372	0.217109625695685	1.20888824603503	1.04454113463806	1.00546758832553	1.1789072177101	-0.291137650044057	0.0651275959904244	0.471129369220292	0.249747733006448	0.470634569873726	1.16966360346293	-0.825011899861924	0.240761846586448	0.335638696332786	1.01954192675169	0.630208049417696	0.972436133107645
"MAPK13"	-0.429286139214573	-0.160955091746757	0.489385545975887	0.250501118848	-1.35066016933563	1.17672271290165	-0.352660464042225	1.16875491193266	1.2208005696299	-1.20824201329442	-0.47606248631788	-1.35530662931566	0.150622232723105	0.398574970798007	1.20027926328224	-1.40972076315933	1.35974069018592	0.611697365257181	0.250238687021308	0.325806789632982	-0.643571766502068	-0.335826712876216	0.414832463796327	-0.080072459654109	0.373436481576861	0.270093308519811	0.362486655748822	-0.887552074210622	-1.20399618612844	-1.58907096200389	-1.47785454500723	-1.23914098922547	-1.42323001417997	0.510656178186908	0.670566308057009	-0.425897683431997	1.18387717899093	-0.45961666412105	0.66560211105285	0.202409764439862	-1.38847692272201	-0.135159445152327	1.09558374394611	1.05755345046443	-0.702896297765105	-1.44962390525931	-1.75629194774208	1.13818408826599	-0.21350373643644	-0.206868607641884	-0.570119953669514	0.448071468820073	-1.36584714058086	1.28659878210864	-0.209326390007069	1.17010410451587	0.24152459154322	1.00790092728062	0.648483417932204	-1.46857997265051	1.33854440327084	1.32242910278091	-0.0683260920848897	1.39802313597849	-1.3174291619515	0.346883457978482	-1.13065727594595	1.11154163107366	0.314478311622192	1.02013774014669	0.160832619155286	-0.205401111353987	1.31943270514243	0.573536772280644	1.12093389648669	1.16120939216637	1.25207472625406	0.369102951806948	-0.66618728959039	1.21595871936985	1.12414443927364	0.373336540397508	1.15903070522357	1.79565103281457	-1.4318434655856	0.401467517629804	0.588568862853116	-0.676822362430312	0.314936708747535	-0.718059916600482	1.20053917519639	-0.591210282837115	1.22359768950048	1.28039751942977	0.226064327303684	1.30219606696728	-0.00213649358679665	-0.428975327899295	0.555670194235063	1.13869579755651	-1.25706539376998	-0.21441444468745	-0.477084093115852	1.14665496672213	1.23172141211865	0.315708373219277
"FGFRL1"	0.187724804991186	0.984725383140737	1.01499505795593	1.00254193075695	-1.33857772998349	-0.796994176178826	1.03240390528173	-0.525626346962008	0.3171226225188	-1.21114613563488	-1.61633538342207	1.04902906963061	0.987402174708925	0.677461311413581	-1.55115429633474	-1.27798006044469	-1.32323493051414	0.0897104653408604	0.625781049781976	0.489342494741424	0.521409129056341	-0.266167771369358	1.07945219956218	-0.0325301989080725	0.518086787796781	0.288321848278462	0.0534560215432141	-0.235079649939478	-1.13435131002954	1.169053463484	-0.722251622970416	0.598704852114823	-0.927821150077605	0.677543736400284	-0.402956866222901	0.543080789145991	1.24280682602124	-0.0718038741879511	1.09155798307153	-0.364453887109541	-1.27307738960583	-0.189162831861961	-0.7082092382456	0.171650149026766	-1.36473774003011	-1.14334724750208	-1.0723654701001	1.05582420034827	-0.0230050541686515	0.64751796246416	0.0172217246644914	1.10913221990765	0.977109343512212	-0.554607307380321	0.994953194908282	-2.09595362837112	0.658300052167026	1.33884021018823	-1.08646931214984	1.04831917857487	1.07547448534557	-0.587508446897519	0.991398945921364	1.14954635171247	0.411667802250857	1.06490492392203	1.11420169180676	0.675441794230582	0.0267396915962529	-0.59410413905648	0.705304195064063	0.730285711508062	1.26244118376767	0.971649102364352	0.383974198972759	-0.0637223191649863	-0.722274874686322	0.562090769998153	0.304338109691856	1.11078181947082	1.0667343429359	1.02223529566222	-0.262844022596932	0.356260972477281	1.08962413019372	1.0386829174077	0.996669923218141	1.15235408582001	0.959130168229128	-0.0667285229798963	1.18418860586235	-0.0162378911133574	-0.0526107573737229	-1.35816288471323	0.0350160135070598	0.269403096940909	0.381229155844972	0.242979554422409	1.10641648697192	1.12646962299421	-0.989003362121553	-0.361265251038481	1.02999225230972	0.0976679877835727	-1.07201230272221	0.032289872663321
"VWA5A"	0.0680882203576554	-0.170982331334376	0.323145125581955	-0.74736151460031	1.25044351369837	-1.35862327440263	-0.489320350596868	-0.698038327063453	-0.885696890010228	-1.33482121119127	0.565687515096644	1.39941723036273	-0.995806970132423	-0.968371152850603	-1.05916325595577	0.380890082341144	-1.0016183497765	-0.116656756006437	1.12492952223208	1.11792377266224	0.559743603205947	0.542933589029945	-0.155432144771635	1.22395969764834	1.16308899562896	1.13883629135947	1.0188837496415	0.376690832758865	1.14314153376559	-1.08882565173261	0.820581401700128	-0.125559506844688	0.308406436804448	-0.0616651955267611	0.492508020998059	-0.234168284963335	1.00776775759638	-0.85577696948329	1.09461128015356	1.16086651436695	0.515852380820981	1.12646697032354	-0.217547933136821	1.11660650973013	1.21803672608543	-0.00642498407252234	-0.148560590637666	0.331973589327181	1.02644927307334	0.102046537724197	1.0543669977416	1.15597437242832	0.398618701798986	1.33448624236866	-0.929339839499038	0.275792038273415	0.0436928380259547	1.57354612112002	-0.079476505152894	1.15125702263019	1.34928560461058	0.333022987154672	1.14843241746821	1.34206612970735	1.25703903579275	-0.0526111823294233	-1.28036252891189	0.38031357577707	1.19306060668124	1.11724430022869	1.14410758058204	1.22926262586494	0.537121023230412	-0.952748632073886	0.249286162894633	0.69633702354638	-0.133014856930948	0.165430855351857	-0.753070589849974	-1.21457388374585	-0.92075850230832	0.398148976811726	1.07614433723579	1.07935794626302	-1.17582378822291	-0.0645755796684477	1.23417864375341	0.267751159224174	0.210989292080375	1.12128774077844	-0.15263485425387	0.237934894063925	1.1227806122102	1.19191119117237	1.32607323069454	0.178215566313635	1.17981209370232	0.248849450703056	-0.669215714244518	-0.25915147653879	1.14904959294562	0.0292640703617823	1.12191930911601	-2.06783532122189	0.169474082754861	1.18490231955962
"ERN1"	-2.10223385233682	0.0903584199380823	-0.539098152197655	0.606994707008952	1.22873765900649	-1.22739387316051	0.213148667756103	0.446172166437274	-1.14521095147224	0.577547870431064	0.656241830956146	1.22075575065359	0.620725671761056	-0.890985166944003	-1.4139121598064	-1.23801664778147	0.940957089196919	-1.36968719902373	1.06922795523785	-0.64024763165852	-0.0549190867516665	0.139301188805207	1.42032372746218	1.11504147832184	-0.061542812837383	0.545808252825852	0.653122841993913	-0.219993970703662	0.878611688251663	0.997636825268544	-1.34155900889507	0.940165617159285	-0.196899492511536	0.115719128704029	-1.22402165654995	0.690972351844963	0.442529354400689	0.742348395905887	0.902580664347575	0.427934566658876	-0.965520705839546	0.874179083876579	0.408958050339515	-1.23129101160687	-0.42698325886172	1.11069357606388	-2.22575950709858	0.909750501608107	-0.656291360669799	-0.00760373176953632	-1.07314345478972	0.901617519568271	-0.86748038780677	0.208668291973802	0.76353375604131	-0.849589362979857	0.741972449047909	-1.62114363740927	0.931878391621423	0.621423582396583	-1.49799618247764	1.39365067301085	0.100084826523031	0.968263298475863	0.74458094231426	-0.0508197237571628	0.445544441574316	1.15818910647268	0.489959323492402	0.219413335832105	1.38188933840532	0.507423997744176	0.882414761914416	0.798147029226884	0.867510342007541	0.497218323322377	1.25963843147105	0.406409503463824	-1.39557939899041	0.400181550463329	0.617682189963042	-0.512387612791311	0.845229982717239	0.53391410775296	0.761226930391105	0.693457402250433	0.735881958684999	-1.20506708590308	1.06184914046304	1.06646419591622	0.869186793828544	0.83171068338365	1.29813621478528	0.133489204173118	0.520928838478001	1.09920404220239	-0.22148793446933	0.772584830601744	1.17137464779771	-1.48482966484391	-0.0282606653976697	0.0360324083873849	0.50475053094153	1.00306748181062	0.0716372586028332	0.275820963309958
"SLC52A2"	-0.384718285800872	-0.119504716754197	0.722955964654738	-1.30854078678748	-0.164484400219354	-1.22111967471221	0.616917868817398	0.738471753846369	-1.24596140085119	-1.15263241545171	-0.904144932308543	-1.0107104700527	1.07805206320396	-0.940209376753411	-1.25310522664643	-1.22480912291272	-1.0885687314507	-0.216925532618865	-0.606266228492978	0.456499094573354	-1.18381995980051	-0.525220705778272	-0.983490853951127	0.314713996630323	0.208118692953019	-0.258405662225016	0.204703647376855	-0.128760868266444	-1.33381625145798	1.17108354564537	0.0348609973959781	-0.571833760555881	-1.20038201062193	-0.484773701126197	-0.0349681712991584	0.164489705466659	1.1077583840961	0.41349903568492	-0.840852168576481	-1.15019129714021	-1.03471452917733	0.52475043105454	1.17160241613217	-0.642424641854713	0.319440908092764	1.05178623402937	1.55298135387253	0.422380913141598	-0.156583722705244	-0.0383643834782351	0.799174675984133	-1.0119988264713	-0.81867451092315	1.31142275789852	-0.026644928644969	1.14331296804268	1.15319063973944	-2.09364049178826	0.106178305081507	1.14082838728046	-1.37192579055219	1.17932904496756	0.591876857447037	1.33587567631281	1.23671581787333	1.04048116716582	0.412444786250913	1.20745379869236	1.1598221760516	1.1164907070994	0.32000634556484	-0.650522312402174	1.35417516644442	1.17657249276365	1.13576393708362	1.15887315622226	1.21891650087026	0.470103536637744	-1.0193315973661	0.2035611751816	0.252356735184319	0.470803856545661	0.442458008209234	1.16593875798688	-0.966461532906131	-1.05031942964067	0.376225942711896	-0.596094114166259	-0.945641432096929	1.1726192590265	0.0300357082229736	-1.30993648702113	-0.153300976303401	1.11814029503386	1.20262988261119	0.288865108737849	0.277938791264726	0.677236042365847	1.14847334717347	0.48605851865129	-0.856721425090735	1.043885092372	0.416293757878866	1.37181050279615	1.19815487403823	0.375748222852197
"AP2B1"	-0.00963546864378395	-0.944342554591463	-1.03949358768771	0.977744873953151	-1.33758779437344	-0.113449734009347	-0.164638525598111	-1.19687087863986	-0.731069296726206	-0.388369568251155	-1.72557408596838	0.97951472325328	-0.0575083580197303	-1.25127690563569	1.43023073198701	1.22246480075869	1.32826087881832	-0.152549780007461	0.521173894261658	0.2935844848058	-0.270586609361931	-0.893367540084793	-0.988148087606044	0.343204505218667	-1.23870054445788	-0.0101554023381076	-0.79938708717721	0.0192726908617084	1.20878884861516	1.66789786125446	-1.35133288020732	0.325214415234265	-0.748033118688465	-0.58415169620047	0.0979327640739863	1.03541794210014	0.304857592827257	1.20212668657693	1.21564243827609	-0.995179839131903	1.1581803576513	0.26301746304398	1.12777344087656	-0.00977429431656964	0.0323781700521487	-0.381074384811987	0.206950344533111	1.00178150097212	0.175369407451995	0.0820289236702001	-0.227766143528336	0.27765585989775	0.991573166024828	1.05624208539595	0.69730607642528	-0.160771974943374	-1.1994666672329	-2.20355158355444	1.33508603613359	1.30150422681687	1.46547332114628	-0.278352274499118	0.217597703095227	-1.40707486852581	0.582744586039192	1.15671265726662	0.539664017456615	0.23789570606596	0.167069581151408	1.25993123091364	1.12205473831669	-0.583569231331435	1.21682759741575	1.12334135087312	-0.0521793959771531	0.45093606843688	0.278485914534576	1.07560324038965	0.232722855679523	1.31359700991493	0.350384354488913	0.732978628453671	1.19821005998364	1.15766646621214	1.33083521366567	-1.04752663559655	1.16772420933325	1.09855328702045	0.285623352170122	-0.436459794899594	1.09271734604293	0.405308507223768	0.1355643262298	1.40493079452637	1.02925982802754	-0.000438208666525455	0.211987341838858	-0.640527016246576	1.12188217139139	-0.289662878464243	-1.59417791942344	1.33048352031862	0.423812147365854	-1.75553287685567	-0.527906601039921	1.33729174101256
"FBLN7"	-0.485725327599065	1.27790480793046	0.527001489696015	-0.669479835991119	-1.24336940458962	-0.592282456955014	1.24033421387085	-0.646209934916213	-0.539507048941554	-0.0904783121172126	-0.747604556037696	-1.04542602627792	-0.106241351777593	0.172990203890776	-1.21505279940486	0.198914035313817	-0.740525630423094	-0.693950956257589	1.300499934107	-0.174297770270992	1.33828157580971	-0.968381883168391	-0.452598156948131	-0.900743453823091	-0.480179730749561	1.8731843966509	-0.560948434102855	-0.239528910903533	-0.238935924228683	2.24342260409713	0.102707948801977	-0.723654835374926	1.16087558832183	-0.163269268258131	1.32013161896532	-1.09069690656532	-0.668691178050009	-1.47588938540633	-0.672642237877008	-0.941229308872289	1.36091306371436	-0.880424014873468	-1.07913979131916	1.41082295989726	-1.06706953135947	-0.852779467354937	1.8041443893214	1.44610001059755	-0.702899227619423	-0.144271516798317	-0.316471161534475	-0.737426970696512	-0.156671937719814	1.36105694997278	-0.582362568841293	1.46108429070755	-0.0526601175766745	0.133566536766391	-0.739494115571332	-0.873638114309373	1.75523719454893	1.22419923373152	1.31163127297101	1.52066152981755	1.60756244589229	1.39102956574401	1.57158717412461	1.19328532173526	-0.81034729880858	1.31754486198418	1.24709880302881	0.650817270922763	1.39242653261824	-0.297870972314596	1.28443296435615	1.20848305303368	-0.289226903521082	1.39567958965965	-0.588182619065951	1.24748632551466	1.3855823063449	0.370182710246837	1.34862554369126	-1.46760289564412	-0.283413848259183	1.32207518554187	-0.906338488875351	-0.147814283926401	1.31431448279347	-0.31274367862985	-0.780143646382622	-0.954452369005579	-0.727896799405423	-0.422572811740853	-0.56616201588468	1.24282530727292	-0.107822027646306	-0.178334624484372	-0.217930811543987	-0.919837633302671	-0.748194991721683	1.32526792935709	-0.606876209296597	1.60973053829242	1.44412205479556	0.289990417952009
"ERC1"	-0.0740626397227648	-1.40195057912512	-0.338290853917085	-0.663005863111734	0.136479998277156	1.16578905949291	1.16469395907365	1.18024849148319	1.24552072680211	-0.341232794042434	1.37555405389909	0.0210863465070112	-0.338169443417952	-0.24622650071697	-0.252439534391727	-0.19740282041156	1.05124898293619	-0.867226424689606	-1.28009664513111	-0.898765148627425	-0.911668267439211	-1.07599567101274	-0.565021744899693	1.24760008757038	1.23385239865374	-0.499312043196053	0.227443721432359	-0.564624324619535	0.184238197785355	1.83954829059515	-1.39308296933902	-0.524493446445788	-0.183209873368414	-1.0513572790854	-0.0784820527474544	0.409562548423945	0.107922717570981	-0.569550570226133	0.326518767173116	-0.197567791087283	-0.711510819786348	-0.0382565616580064	-2.29139250576171	-0.057477813429652	-0.16290111548211	1.29256729973323	1.27763303070721	-1.43649086157034	1.33343190020296	-0.0597181354468749	1.31122881529587	-0.597952998199902	1.12098502301527	-0.480055405048686	1.00483912557269	1.21477505932821	1.12750474047839	-0.573159682317016	1.31639299332157	1.2488391546118	-0.19508159151484	1.33261693612057	1.28136339428702	-0.217270760515812	1.26954720500988	1.19192277016652	-0.534487533630817	1.31009904644478	0.272301394192254	0.382938797481128	1.26055734134039	1.34867220583868	1.28913250486881	1.19524385646112	1.13760429847141	1.36305911205874	0.14881893539289	-1.88676652436553	-0.199542113618299	-0.357973525344365	0.221027847051928	-0.411066563555408	-0.216430612284235	-2.38188368227389	1.3705825162688	-0.440434201871123	0.0952355082806262	1.3057091838504	1.34881830462518	-0.89270352386703	1.24414953035381	1.35025667416804	1.30501234062698	1.20456443268182	-0.601880844982402	0.161288115639398	-1.1324538515674	1.19991583344875	0.0771539123478691	1.50270199441603	-1.47524959311973	-0.0743323977696143	-0.184760827423449	1.15301473196738	0.520071046036953	-1.59403506972247
"ZNF280D"	0.420859882432045	0.396546379048256	-0.235312242563102	-1.17510075136807	-0.444277233208611	0.00644377235861045	-0.84304255591168	1.46794787183128	0.0712151440818306	-1.55730859137555	1.01908498215812	-0.568674441086505	-0.214534646029942	0.82852128328967	-1.42570935201205	0.403195084854613	0.597418498819844	-0.839111620075447	-1.35699154204366	0.355121614021553	-1.13660724141737	0.666154517369032	-0.365937699703411	0.590228606654036	1.00488909366968	0.927389172343782	1.17511799325625	-0.00182248037550155	-0.232771561857536	-2.34938284065087	-0.0345491787806186	-0.249690130028469	0.798702981167394	-0.768888626455028	0.250122123729826	0.686072429188988	2.03888673753887	0.281294732813615	1.34285641558442	-0.991627579357136	1.07937009638701	-0.233207320406723	0.550792728556528	-1.4787019334405	-0.115124909893384	1.17265827515345	1.55014796058481	-0.691141171913973	0.391453239587254	-0.513802171557148	-0.351423463101163	-0.0777238351371107	1.56384434664492	-1.15153999909386	1.74613867586884	1.34987724352251	-0.0309071695494161	-0.162190281974613	1.32532732920638	-0.367962325378823	-0.701974132690397	0.95895565058375	0.727065389230819	1.07819052057335	-0.0835524735248843	-0.399556142305894	0.672703120686525	1.70056761411354	-0.241854913669422	-1.13556606097764	0.060716833684325	0.671258226838395	-0.816185333607355	1.12024873826829	0.958789253279096	0.187480645468723	-1.2200758202424	0.509071788994585	-0.677289501658549	1.14619893415888	-0.0843866424616439	0.948983880124433	-1.59426346313567	-1.2756541363678	0.799305310384752	0.443211073027939	1.23672198955042	0.386728418437433	0.608267023169231	0.860797725143789	0.468109388103036	1.23731255771777	1.79523591678343	1.52223502990109	-0.368413639164182	1.99437179905123	2.10952878547623	1.60198263406112	1.54225510790994	0.00707128812817389	-0.859347811360597	0.433354916127063	0.0708351208594109	-1.71420007424763	-0.240651729119367	0.161235631309259
"GORASP1"	0.37264304557755	-0.977648166239618	0.179502979920188	-0.948427340245644	-0.102291869971255	0.265982950860066	0.468183850708552	0.928646605469682	-1.34280262265469	0.356595450906834	0.82409722822612	0.579426855292739	0.735784974783081	0.441415707296503	-1.73233017080883	0.0729286409061734	-1.70558959469643	-0.745197123800021	0.612032421672171	0.424590206959895	-0.934676009865955	-0.842171869612637	-1.09726611508288	0.543037139410619	0.771489978835324	-0.953084737602033	0.666524659572795	0.0992367712608434	-0.161680078452785	0.716075494684422	-1.13102366209038	-0.983302512556441	-0.987200446362379	-1.1399413440235	0.377568309025214	-1.63788626599362	0.822225158663547	-1.10296635729992	0.738496710648272	0.130653197167669	-0.916998811849218	0.167867714346504	0.578613639523689	-0.258271115622057	-1.40609874224743	0.70557313744113	0.970850760958829	0.180340726009452	0.534625676938096	0.893909706274836	-1.13256674810969	0.949633312042953	-0.0528901462264072	-1.11859732352487	0.167273005774459	0.788409726702789	0.905331525693837	-2.86316444834141	0.928068662546578	0.0923768300246145	0.753800091654233	0.0861651736713718	0.554036343945274	0.099228027310315	0.710122001097391	0.80084658758765	-1.93826263574812	0.184735529961838	0.141966851018479	0.56751617674996	0.531316438530438	1.05500261897086	1.54026842819285	0.982867824816645	0.905526127511398	0.0868951757099765	0.310651299331974	0.937312000193862	0.835195692259966	-1.95113064401871	0.926183660702987	0.865028530681881	0.633811767246511	1.32162135449477	-0.994921210337549	0.265798923357086	0.872702813294184	0.66183900862926	0.851880810358391	0.766204214647712	1.01514838405432	0.971462556075595	1.12790450816761	1.22766856522482	-1.41050719396254	0.476988860093319	0.972063464892017	1.03538930441575	-0.224205998295221	0.928045259970925	-0.585281582595574	1.07161762117001	0.852099427774133	0.450804137966518	-1.57108109570386	1.16956464721133
"KLHDC8B"	0.245517145119357	0.430484964501214	0.373324324002735	-0.987755495016806	-0.509407282087291	-1.03496413976311	1.08029961939734	1.13901051539306	0.0543174789478904	1.06698253707289	1.04112821933984	-0.0426074735498153	-1.08060086207937	-0.00811800327574146	-0.602071463874866	1.19425339826374	-2.03455594394561	0.446153870437353	-1.01176911338068	0.182374163697968	-0.219321152303853	-1.01286786526713	-0.7351393504411	-0.0234151729190957	1.04328698279523	-0.113544359579621	0.0957313046870765	1.14619909671016	-0.199853403058594	1.32453323952864	0.292506530884467	-0.0943958307003658	-0.786345819450738	-1.20152750960734	-0.94981480025899	-0.0193883898425206	-0.492044497113878	-0.613768714185768	1.04748299088785	-0.954060762035231	-0.104016939118478	-0.0590959689092362	0.0391207564955509	0.409905790713684	-0.294168061135786	0.541617702676013	1.14168473534369	-0.0907029981291163	-0.944596814040688	1.0423733839275	-0.0610867778299072	0.55474571935998	0.629568257616396	-0.229743546518167	-1.02247107869752	-1.25519885210265	0.213464786164206	1.48915276280124	0.716684519638251	1.10223229352089	1.15497308693308	-0.842587691822502	0.666812775115703	1.27251785671229	1.09147790262942	-0.869751815862696	1.25638288619327	0.618731202766882	-1.17312521606822	1.08272516798568	1.10695124700709	1.14293193380653	1.16873061941051	1.20526019440123	-0.958301765209514	-0.382436241212102	1.03355899561446	-0.636517756578915	0.382877696931307	0.0515152950042092	1.06321899268334	1.13020376665556	1.05255422559319	1.28781019934711	-0.995213374492443	1.12933458621631	0.328643687724442	-0.0679371175528695	-0.655297986879499	0.122662733237012	-0.737682646488714	0.784133052349573	1.16681609496915	1.1149364390326	-0.564691014749891	0.492783222177297	1.13427944768873	1.05977031230388	1.15037275004088	0.31356981337188	-0.601306826658101	-1.17385698426017	-0.0318996660160785	0.250276916630137	0.486198498599242	0.828629378383085
"ANKMY1"	-0.822886595080165	1.1787920405391	1.24972878660304	1.19671160118608	-0.879067593153807	-1.40137467698886	0.491724826480749	-1.60701003260104	0.468041548491778	1.27883173616287	0.0187320696500746	1.15834524389241	-0.78682233303224	1.23428749807687	-0.622299555785894	-1.22494268049859	1.18677952582733	-1.31830819310849	-0.330207162436436	0.356736248827025	0.502684897408724	-0.163378323677142	1.24365632161235	-0.061236658817877	0.0428029906316701	0.569024384809743	-0.233693851685429	-1.34046039175041	-0.0272217136716571	1.60109943944259	-0.666793854262759	-0.114103470497585	1.16183153189017	0.598437833235957	-0.748565201383239	1.3235194852398	1.18050813759254	-1.21198663922525	0.61559374972325	-0.22331631359549	-0.73933238768091	0.418068748454933	-0.695542258630664	0.174900237057813	-1.29167682631246	1.33326681485791	-1.46284987038425	0.353783288427818	0.269415795022464	0.0518820282644588	-0.217023545728352	0.923616221706269	0.671621251690301	0.0639544681123582	-0.960795077876032	-0.635015956417233	0.394520732883516	1.27961308341068	-0.132912301282382	1.29197688052654	0.475618730809468	-0.891581741890762	1.33817903795431	-1.33280743829582	0.454940683159644	1.34726252802351	-1.01712585648827	1.37709452547916	-0.958209308267955	-0.889549270345252	1.1372706571261	0.615153508313861	-0.708902203499559	1.16673679228338	1.18012352443845	0.633489505726031	1.24261155390003	1.28984087344351	0.482583145179624	1.12792047320075	0.0722177041218957	1.16752914591554	-0.110867184001829	-1.8079675958654	-1.44286740981231	1.38366616808452	-1.08787924326912	1.22333165789352	1.1661272083163	-0.359707258362101	-0.0961082365147128	1.05238877752647	-1.05987567891028	0.487089703810395	-1.3097557434571	0.157416909119596	0.296780741598085	1.30945562452028	1.09945977322288	1.26444641978513	0.56530894605131	1.14802608347633	1.24518597231353	1.28397270631006	1.27740123362444	0.485973084161865
"CLN8"	0.0074673198438614	0.625293414213175	-0.0756775037173429	0.543491039511746	0.236381965273175	-0.725385162604664	-1.05360680548945	-0.321220126186227	1.18552200909951	-0.0146285044682716	1.11858584489927	-0.568527356830092	1.20423681811424	-0.0361866994791246	-1.44926232207574	0.529922547682816	1.46315981113491	1.1124160753594	0.578510385667119	-0.200137941034299	0.382469290443877	0.00807872427962408	1.31305902925799	1.1256661778832	0.518748080441499	0.148127651241577	1.19504125183199	0.228054454938726	1.36351794819545	-0.441572494906755	-1.38312300271164	-1.60269346697586	-0.235420391717197	1.07864624091574	-1.1284305796814	1.13950306233196	1.25818842180649	1.15393202301335	0.720728248416621	1.22344379299363	0.152613378549766	-0.124514311727026	-0.0173951235110597	0.585369928588922	-0.329463836360083	1.38378850950688	-1.29396699419304	0.75099363683811	0.618979167711452	-0.350719974213211	-1.27203596943341	0.547146821249972	0.121610479750463	0.311809145323303	-0.775447754675256	-0.0164328068034278	-0.316097355102645	-1.78648795686484	-0.116053093702942	1.14118714314643	1.16278642245648	1.10325790057881	0.218610001164653	1.14947354984247	0.648645770670435	0.172785260483253	1.16584841308557	1.14562588520124	1.12072924155666	0.544824366517103	1.32658382049734	1.14107503289277	1.12644107791648	1.161939860339	0.215186972070609	-1.0236054502059	-0.380266726363005	0.522522443305122	0.173475666227948	-0.978303065265744	1.22773407474825	-1.414359988352	0.0573802613944974	1.72988624292226	-1.53642368296919	0.728538251398997	-0.542274658115499	-0.0588797899373788	0.0137668036177919	-0.0529036653893987	1.16456338510518	1.12705900629985	0.814781128087145	0.913147102661601	-0.495555912969586	1.18328795919999	-0.824018812075033	-0.00277885994352797	1.27946582654383	0.382195988408224	1.13183937423655	1.17184610393413	1.13604018158298	1.14044789592467	0.167053933355818	-1.27089399433597
"TPM4"	-1.71146027574173	-0.966109868857312	0.171991857248159	-0.867789552652968	0.307666682228814	0.464059609654311	1.04368918374647	1.06016865159315	-0.377217987807241	-0.572799187928725	-1.46116306046443	-1.1107797061961	-0.0977402749539893	-0.522651434767881	-1.1589483120317	0.935857342242328	-0.0141299416426465	-1.12711645738613	0.559384323560419	0.430827429555021	-1.77244174962657	-0.435065903839907	-1.3060234302542	0.427219333308406	0.513812955049802	-0.0779018440138272	0.231970581013776	-0.934244036756326	0.325113774475332	-1.78700843052137	-1.04728504622628	-0.2286129344509	-0.957472963785834	-2.29845586113832	0.999598876268266	-1.62979581578904	-1.77192015982303	-1.34487496862675	-0.197929778085739	-0.478958987079087	0.32422218348256	-0.347751213834242	0.61305767307426	0.363218348405514	0.471584636234005	0.986591068955151	-1.16338236152374	-1.35301469254795	1.03258139420569	0.2460554974027	-0.358707306171085	0.0721615062446534	0.98073152242501	1.04583304534542	1.06167803210381	0.545495391518671	1.06666078583805	0.606104384387656	0.486845732859107	0.123169394163116	-1.33419203442128	1.40118538032823	-1.44525299629156	1.09604225100937	0.615391662288716	0.785798133071695	0.099748963744238	0.247065469224712	-0.267408580255311	0.907233918795928	1.03726519667631	0.262360180527311	1.01049589833838	1.11936053658788	1.06552385628854	0.948167173724808	1.09116961870211	0.59764713427421	0.1399216946852	1.03689980869551	0.884350075366123	-0.370682226182815	0.290063089408449	-2.64457091227714	-0.272788217128054	0.474410207957372	1.13973898757604	-0.948246206604989	0.596277118262489	0.805792688314491	0.483651108174299	-1.25468486203364	1.18036365374613	1.0120713278588	-0.0955750993723084	1.0574603999572	0.113751694372096	-0.193521734489075	-1.12188655222277	0.853783393575907	-0.497214865929631	0.441679158470737	-1.84620180517042	1.16579397788255	1.16891251749333	1.12715936547603
"STX2"	-1.63070504362721	0.388981010431445	1.31132824681498	-0.728520318603041	1.10689255722352	-1.50389914115631	0.539628782195452	1.05891992367594	-1.30099843804111	-0.218874339373758	-1.14671742163246	-0.848434141092866	0.281736224268953	1.24373226733368	1.21576270975271	1.05255281856722	-1.0182113576156	-1.51956021271292	0.404983897566985	0.120123912127837	0.109346848484492	-1.57218096521964	0.397192926256	-0.386614387818749	0.946824243327351	0.991998357628145	0.289838409993161	-0.395425644607131	-1.24860004254538	1.14361226835962	0.550869787024049	-0.634621741756366	-0.378567374734472	-0.433346104892273	1.17264301363073	0.285804374235084	-1.23587142475212	-1.29655713839721	0.29909501840935	-0.851415229485754	0.520831711129103	0.229525191486243	-0.57214610696603	0.34785990668457	0.459714867598024	0.0264351655938152	-1.10494028237127	0.598537730013588	1.32970990297185	0.462113314869954	1.0909517560367	-0.32149228056405	-0.268233468002568	-0.871310394032778	1.16272752171834	0.191882311786193	1.20642858174954	-1.93522646336217	0.685055320689308	-0.110759761481895	-0.79845062182476	0.206363281058092	0.164231479344329	1.20407440661563	0.980280765500695	0.419149783816015	-1.50432088079815	1.13683256745545	1.27842286452306	1.02974730580455	1.21182918547159	0.993843844827904	1.13791538864291	1.06967469714137	1.04300709651796	1.15771299923389	1.2865403582196	0.141077331360083	-1.52542784252555	1.29379217908265	1.17371130265142	-0.39684160255287	1.1052428608255	0.00450026272172389	-1.49203088607889	0.221014530189974	1.30259393519443	-0.565230355623971	0.515524971632449	-0.257186844657621	0.317861026888282	1.23182218410702	0.556825592058176	0.209584086674645	-0.764252357271154	0.478867904754053	0.356325692534652	0.35020348040936	1.18698431376603	1.0493205629819	1.00786814676435	-0.616356066859394	0.30877073020415	0.448852594884375	-0.378604034801283	0.33291665429185
"SPRYD4"	-1.25535685002274	-0.619762602749112	0.943049319661213	-1.4592880678895	-1.51983654451328	0.461641844551349	0.0831215879835131	0.574745215987607	0.801659541161399	0.118594274338853	0.71126105869778	0.00334907896255706	0.430144818416695	0.870689598030416	-1.2692520231455	1.13164511150866	0.68368669412136	-0.744049936515753	0.243138755864464	0.233812873593582	0.630572441066503	0.490382212681843	-0.266343197674889	1.09591317858832	0.781807603572929	0.474990244203797	0.280207668641379	0.492144803213291	1.01723926218445	-1.10350342486443	-0.374842531118576	-1.3423272173232	0.630219976555095	0.173059089157887	0.839245932078032	1.18995762158282	0.461245007906969	0.857392508198927	0.335306917928258	0.694069335810989	0.536786196731434	0.439085123232209	0.613007498533117	0.741566869868073	0.831103762655157	0.834368691516522	0.977021102591829	1.01448785716779	-0.648436858052536	0.643930101483244	0.409425478730348	0.737441370094408	0.194054297996081	0.472527382378077	1.09142404244842	1.30094676566616	-0.244546094630979	-2.78890732974259	-0.653678074179391	1.11675442323426	0.860010856736616	0.0852684717775155	0.62473178088964	0.597655780584933	0.519081997845408	0.512854144250893	-1.29919729313425	0.593740092635171	0.744059628968967	0.586115938493013	0.652847730569696	0.512329427469781	0.209519053620012	1.21705204836077	0.287956921597767	0.781044805067001	0.548851269137837	0.938858968593798	0.77659184099895	-1.89742730789262	0.443719158718736	0.331338026081784	0.949365444160687	0.16466784627939	0.474042826543895	1.00145922935867	0.246083167183782	0.147085726218994	0.902393059984868	-0.0653755539530384	0.112360154323013	0.90166558801715	0.437329664482362	0.783270303842639	1.13655174108974	0.755631061182744	0.368210910964183	0.348925088475716	1.10725775322776	1.00287739612336	0.930361613866497	0.424418764082078	0.272999871022584	-0.2874357724686	-1.10606798229841	-1.55384925206344
"CCDC144A"	0.572675707219043	0.301808896334114	0.0678054734407007	1.19649918083016	-0.981765108198843	-1.57360429763521	-1.08056825776089	-1.07251563352413	0.176107009285001	-1.5375160182982	1.26237540170253	-0.0569850195543171	-0.936458722671883	-1.3326084757183	-1.87532552689097	-1.69677178389761	-0.37022914393688	0.0846269951835898	-0.364438444173544	-1.36365806919869	1.32186692245881	-0.783404684185708	1.26243903754656	1.38450669062092	1.21613601251489	1.28846866011303	1.22709218115843	-0.886270745580951	0.304206232852369	-1.13644939061732	-0.0592358844203726	-1.48192330744282	1.13849607632511	-0.14701208895032	0.369478112128993	1.13359421166721	0.585660857188758	1.3091684082545	1.27032700835308	1.09135932019773	0.220617322430864	-1.00719736845292	-1.03281236884901	-0.492088274169583	0.74917586648696	1.39070686946248	-0.177079108160025	-0.0603399935316208	0.147282885875944	1.24289379363929	1.34985019545719	0.511223076216389	0.00569162534983185	1.14211155593187	-0.371145118132742	-0.656111061846467	-0.269712470339008	1.45212293671527	-0.641817290085772	1.08908891102028	-1.6392518160739	0.512203859579981	0.867845573753786	0.70958297985236	0.579372562745801	1.0923257462282	1.21716330374892	0.911215663508794	-1.28626980995622	1.27489160406124	1.08494440438583	0.606844745375332	-0.0339667424469515	-0.761184016021507	-0.560065651936019	0.405230346622217	1.18470579924932	1.17167096995114	0.504986516929435	-1.03841938912735	1.10401312288109	0.691958862658366	1.10080005162784	1.60118737533353	1.18288740395272	0.21445419932146	-0.447406440689673	1.23686349571331	1.17484816865748	1.39743047993793	-0.591225884752292	0.334982762114885	1.07425546859339	1.24091436387148	1.34622565831841	0.302435257460344	0.377354996533827	0.190757146477404	0.306558738840039	-0.972494311488279	0.417921462554695	-1.38351464675963	-0.982636229795759	-1.70736116702848	-0.146281287759516	1.08809823538259
"RPGR"	-0.178509843170191	-1.46370877419345	-1.02804139281639	-1.15336426931142	-1.17926494485352	1.08335828532618	-0.947550506788853	0.912627545856879	0.921270462984357	-0.994839394997245	1.19319939201617	0.954634882600817	0.0159208857661894	-1.19468816619262	-0.374085143000811	-0.792729872111104	-0.437971865748323	-0.421156010350106	-0.962626683721707	-0.915280293159899	0.446764491024094	0.152543774282402	-0.878773811406543	0.547969251226632	0.885133292265494	-0.430926214424953	0.944498348335146	1.15619889105396	1.13170277767571	-1.46467204465809	0.0124997175894523	-1.35923227055427	0.277275774908362	-0.801461681738433	0.787139670011611	0.879978432122711	0.876122036546729	-0.0843356929823244	1.17961330607086	0.222229278975721	0.598838092689742	0.218644115096741	0.264751989229267	0.288899934724496	0.473158773649009	0.801742652780032	-2.81576096211343	-0.366719154532131	0.869526148961066	0.388977005192617	0.945838520062453	0.238414209842826	0.955683297420559	1.0764823913092	0.369627619708533	-1.02948257974127	1.14196430864032	0.368007093173013	1.09266080373462	0.940195139471336	-1.39626095817477	0.587536372821831	0.98116069911537	1.09760670436728	0.847424464114777	0.494539047054893	-1.84769815613455	0.917629555261041	-0.0782850220045776	0.614418464932343	0.175474833407376	0.365357992285739	-1.63420032410903	0.350912955972983	-0.162204036818788	0.711390492632177	-0.318302834431207	-0.854276481017002	-0.530430692109196	-1.58225150379706	1.06112325548483	0.110514221335643	0.285761569312318	0.895602929689063	1.10795260032431	-0.249039146814159	0.815643808674688	0.552119748071113	0.583078960423227	-0.972214757090689	1.24551463584396	0.97887274914791	0.976855799227524	0.984910472467847	1.14810723509549	0.906991672299809	-0.25764217568159	0.909900413758696	1.12421227866304	0.926146673072251	0.990953695974225	0.848935312897723	0.709683974932033	-1.70233183246492	0.613707488279299	0.664191822901189
"FZR1"	-0.332666444381052	-0.267541355590868	1.23779322047145	0.50142312934307	-1.40683832873078	-1.09086738122051	1.19547710218898	0.288189781257962	0.0945921090298377	-1.08422688103773	0.784805769030226	-0.72315743159745	-1.10362480461744	1.21834370648932	-1.31318149294228	0.12586531363686	-1.21670522554962	0.201213847176156	0.15144645275456	1.18206752291052	0.36685639145597	-1.31608157780816	0.442014833594145	-0.444932198795925	-1.32442934433577	1.19576236620546	-0.335897171000836	-0.257534488641998	-0.351121194367894	1.42046370427964	-1.11695999346667	0.411470306363622	1.21083292936324	1.20513415074078	1.33645452439619	-1.19222895083635	-0.48656093002139	-1.21929291041921	-0.0935891036743826	-0.120202289193517	-0.312596393278191	-1.36660311394736	-1.19933267717598	-0.573966205457558	-1.36519759104049	-1.29022676107961	-1.71421629695228	0.527421065286023	-1.0273365020651	1.22025340437821	-0.392047827598364	-0.0175647852642339	-0.0736213924348223	-0.302535550994169	-1.07254536841422	-1.04322718705857	-1.07539926753422	1.76884275125943	0.0838255044422452	-0.332102982812938	-1.26479016657935	0.545886570553924	0.446682130975859	-1.45744564727228	0.171954106065449	1.22366582559075	1.36718156957005	-0.918987075161574	-0.15536118247784	1.23433692289904	1.31690254251449	-0.134785853042589	1.29424941341019	1.20840128610347	0.17030335972362	0.0326016955369055	-0.0651809626412477	1.30373609482877	0.428075979386562	1.33074837504713	1.37105942952397	0.172833099967768	1.24376852082244	1.36695253094397	1.19178817677136	1.26223855087966	0.493724459417253	1.32911263307909	-0.340178417368971	-0.92391384656998	-0.490214218111851	-0.60017940474157	-1.34337262711261	0.260206422547548	-0.0447536965509024	0.504165461622869	1.22482973040918	0.0683274224181701	0.452311422381103	1.35230562934153	1.33704627686651	0.3458441249683	-0.955199729640535	1.34732491896257	1.18469942935531	1.27508312651109
"METTL17"	1.00454105561577	-0.333537387383259	0.4877152506839	0.138836876530058	-0.110743522197158	1.56876028793407	-0.764185705631724	-0.0325996425516521	1.55633337408683	-0.735162522807669	1.55646746383581	-0.0837783668917316	0.914998993315879	-0.285668895638134	0.368662905619313	-0.95208992757209	-0.815123745765691	0.0275695019092181	-0.256403866713304	-0.918167221337805	0.995765350553533	0.71599165240899	-0.00251811258301092	0.363768556380144	-0.185459321702777	1.09327763261481	1.01888830257794	0.488254860453694	1.58428336592079	1.96412747196652	-0.403484089632837	1.06730062083691	0.844112858663908	0.0345806171707284	-0.623880141827668	-0.892170793304741	-0.725195409401187	-0.768041739909827	-0.25385033537345	1.71413359809284	-0.00108278642579816	-0.656448079228179	-0.867991094987758	-0.0454436651611307	-0.747718702240577	-0.204773138031391	-0.066701656933301	-0.763271936839824	-0.365927322048485	-0.0413964987522109	0.682921330782835	1.49464032676926	-0.884569109244655	-1.57355617869054	1.42688780935217	1.25573347650627	0.657831935523952	-0.149116273447807	1.45245519751622	-0.884632371038736	0.447845058064237	-0.906710719504152	1.17806754895531	-1.03389714491688	0.0260178527906164	1.0926103321245	-0.970886211421205	1.51095318121949	0.451631272532201	0.350115367135427	0.561662246347758	1.30282480244061	-1.60960935911903	0.603572973267364	-0.300054218589101	0.271042445250942	-0.855196467289037	1.4253283634375	-0.624592064799866	1.48733613659691	-0.788501768175053	1.01823167814356	0.425466621806761	-1.33873706892299	1.56722277329686	0.169152983562387	1.01443728542793	1.25917418769152	1.15260261346059	-0.641334127923104	-0.719455118477571	1.60804852406431	0.89061158059391	0.00443106438231066	-1.0806483378169	1.02807354349666	0.429396992196499	0.062819473925237	1.5308739436334	0.944601592249097	1.25480352709745	1.42205722879402	0.0974253508139389	1.05833446765884	-0.998780231269593	0.476812868485961
"MON2"	-0.608755849830901	0.446545268582552	1.19336508047408	0.230942055222339	0.272803690668038	-1.24684473473869	1.35752740444983	-0.0385081913675774	1.35605747628584	0.00491897238727753	1.45831687718154	1.3201094709784	0.118460565151706	-1.08134537548604	-0.825691118351262	0.503370123401967	1.14984300489769	-1.31474968648214	0.294336517056657	-0.39508304930996	0.0136970243116071	0.442457350036073	0.129652049365681	1.42479311295115	0.109250068911484	1.48682361201675	0.804088273378766	0.0842378706995387	1.42846298996466	1.47977507797576	-1.04012781435575	-0.282117517195032	1.09233937803308	-0.18035170988047	-1.9161461668051	1.40288702475888	0.0488513989439797	0.418255628291368	1.51930194805658	0.343893845296458	-1.16068818894244	-0.456539867256695	1.1839510610846	-0.163046069491836	-1.06011684924993	1.37732645809482	1.58314324330285	-0.241076416074524	-0.190053098866637	-0.329071522302396	-1.22349954064344	0.235126110555197	0.952652711699847	-0.92882377554067	-1.45680158779881	1.2907673733032	1.43624744213201	1.52876535241459	0.583661376374481	0.238152367074211	1.41932146776583	-0.966121793705091	1.24439150397773	-0.706430263659334	1.21459786879121	1.30092481744454	1.23611199365136	1.3306755453786	-0.100026507113432	0.854413494784493	0.991522533223309	1.48578230154318	1.31954133756758	1.42597979280599	1.36870276346473	0.400640376786512	0.443689671916618	-0.957828302429194	0.207612281439178	-0.638312819709704	0.0638143439640654	-0.0730148046248326	-0.247223732106411	-0.974619222322063	-0.745141738249641	-0.622996701075827	1.10710385221868	1.05552326910413	0.288842534983933	0.0836478545611573	-1.31803263540083	1.66203223899459	1.33738495916568	1.40795491838398	1.40580394403928	0.324101047896561	-0.00434218327501996	0.851465584869318	1.29359595603794	-1.32382933926933	-0.327922804510186	-0.621058059671487	-0.30433601499826	-0.0542799623341242	-0.822720172746718	-1.37404329176733
"VPS16"	0.285494744280556	-0.711318796180995	0.482359371148449	-0.549333982127489	-1.04965728712716	-0.942870228339869	1.0095180838468	0.511850559077726	-0.904017911437619	0.91480379981281	0.807496317861954	0.37817768096768	-0.824574846823362	-0.46823883630456	-1.20737220006025	-0.821703367127135	0.285532199760107	-0.111995236382818	0.503778205359045	0.237944333939636	0.52623602269635	-0.727936210910439	-0.597653060575017	-0.53868684114816	0.533932833118788	0.90436397830445	0.282708376003258	0.445524387862322	0.654312384858107	0.873842849792412	-0.19210660388497	-0.542235445826923	-0.648859948180028	0.378459312205133	-0.173452017580218	0.831263713135887	0.876239030131475	-0.687144012388131	-0.68695849059542	0.823711754137287	-0.609460317817395	0.481472082001583	0.78988778920795	0.370002513171835	0.837164891602371	0.982558838180549	-3.77100333876393	0.766952984854127	0.381766442562748	0.757209391195135	0.738521108050254	0.659154401067263	-0.0154011985430144	0.814527502288578	0.0352938077790885	0.0494847616897868	0.801593332951794	0.536503389118731	-0.295274978364348	-0.720664836677951	0.74192258714387	0.378844712960112	0.309425221864129	0.886664599636007	0.8227954618956	0.847181218795014	-0.627042171271491	-0.465177688518163	0.516462431980578	0.106115333078335	0.873576518722783	0.1346329124838	0.201552388802782	0.435140280830315	-0.930699034638802	0.824815174178957	0.828115405392863	0.856520730934014	0.648913027439524	-0.769458180045871	0.379753953946299	0.719016083647687	0.848360321964397	0.954101147198903	-0.861585829794573	-0.556115534174585	0.408826257783581	-0.787055775340769	0.55789160011706	0.781384263268954	-0.579183624068057	0.83275241107729	0.551627239436328	0.998843202702254	0.80676885862655	0.387902083405277	0.795348203672937	0.124563089159917	0.303410081832455	-0.404121978732592	0.710940445477782	0.657116762103796	0.686998167642245	0.767192192560094	0.437064351220628	0.77696077260792
"PDHX"	-0.302171285992195	-1.1591138287648	-0.673810197147755	-0.0556274274141092	1.01253019925549	1.13336253383369	0.672246090068308	1.1487272808144	-1.0417219523735	-0.0365951025433846	1.04353795400175	-1.21521045284456	0.645027649216361	0.490282401217924	1.02329111211048	-1.35263702749623	-1.01815785526184	-0.128257478761873	0.131975185745614	0.676090185578073	0.504287428493704	-0.375988829022315	0.501082646817773	-0.84092155815063	0.444864773600982	-0.440843695660638	0.510740529749222	-1.22276105834525	-1.18271484175047	1.13064857554226	0.0266316054604413	-0.0612205267165886	0.855667209178575	-1.18670836263447	-0.989670404217841	-1.27140286211533	0.33873592769707	1.10910005699294	1.03288544087242	-1.06720188778393	0.808761546274753	0.642156828294153	-1.11940626370537	0.970809360841697	0.606141694740101	-1.2339829621206	1.09707724768351	-1.07448887066692	0.364625547125251	-0.307385243687865	1.13208774589668	0.610882087952455	1.11902932500256	1.03108033959574	0.99190891054795	0.387243122306177	1.02453427948939	1.29914481184639	1.1586061806053	-0.0592239654590165	1.07777339708349	1.04153567688408	0.403199729949852	-1.9037008783361	-0.138313728854946	0.291211708604366	1.04310116302184	0.210767743005356	1.02465339898486	0.397233350223975	0.243961445996702	1.12790308165496	1.01945574811311	0.417644659108746	0.395745425086751	0.225132912968071	1.08169780844214	-1.10495544921957	0.490560633891464	1.06373090409662	0.40253711093141	-0.33863536172511	1.12461408285646	1.03422316169811	-1.60928543348889	-0.0747301509300917	0.954664534236475	-0.464088240326682	0.197604570817112	1.15430472009722	-1.06879546442368	1.10362158216314	-0.7129754874921	1.13019750796519	0.432671172054001	0.673482063749519	-0.137210068936847	0.979501343778136	-1.46688629300799	1.05532699617767	-0.343887832124295	-0.655749147635267	-1.28929543524624	-1.46261176458579	1.16301187958037	0.962753301355277
"FPGS"	-1.14370645962137	-0.74601358450381	-0.399129878027465	-0.701341444731952	-0.624164783958919	0.91165957026021	-0.209794025273524	-1.34083048346116	-0.729783097092348	-0.671711198121886	-1.23501636048933	0.0954828548722709	1.05846835672732	-0.204960020948068	0.103996922824677	0.894955771863724	-0.800090098787941	-0.410638995299644	-1.18975631557507	-0.415809434081966	-0.436218033501808	-0.554321319412416	-0.336760380160328	0.290968326640126	-0.90333619983556	-0.639459731793415	0.190454091238151	0.341802084403357	1.10042297724806	2.07119076430371	-0.894395386680581	-0.323165111550764	-1.57156556805563	-0.370382841822511	-0.213525637111352	-0.744519611923516	-1.454054898274	-0.669846852701032	-0.564299782933189	0.382144313715189	-1.25692617774749	0.983627152076528	-1.08321989207285	-0.6785699061443	-1.23986718476869	-0.103789717093243	1.23552610439836	0.710232015976038	-0.318572285267243	-1.13551660862123	-1.24476972448579	0.838684839334297	-0.569773697643703	-1.32020090913286	-0.593939910119134	-0.517068358660715	1.28978685227504	1.667176655674	-1.61959259968965	1.20058940331475	-0.333222365913407	1.12822552078288	0.85895668892432	-1.47795289102468	0.953682855226628	0.630413050064079	1.67502513214196	0.680032316877734	0.169300890664912	0.753294084732356	1.13997646825138	0.683585468241161	-1.63740076881034	1.57212790329031	1.3740161603803	0.829759284603244	1.09698149971627	0.702018889969425	0.306813706408431	-0.917954743608376	-0.538426428439308	1.0933955448591	0.648436630146141	0.684609186600334	-1.3149221919671	0.639783461606569	-0.669335104415944	-0.626579455301837	-0.454977436412622	-1.66028243153774	1.06181924952792	0.796202093355604	-0.627810077342334	0.690662447123072	-1.44255459444325	0.887658910075014	0.59600758988473	0.645995604910467	-1.0642045862624	1.70554871921655	1.01173828403928	1.11623657077051	1.59835181100519	1.62810213263357	0.568911977877841	1.17382849198613
"ADPGK"	-0.174656030237296	-1.26986295089575	0.39962297301099	0.23918602479467	0.954974136813142	0.0431039227425177	0.152610328865488	-0.908082906389614	0.413130261564716	1.1776359047413	-1.25790711135841	-0.966930692882608	-0.235880352143597	-0.92006609689154	0.343218976457568	-0.434299297873134	-0.466455461858911	0.301630478833823	-1.54803497590123	-0.377041390828191	-0.897891398392179	1.04476255015803	-0.337355868805816	0.117276316342645	0.328528671365861	0.345815885874713	-0.440883223877032	0.31657520906682	1.12119488478808	0.900896993915232	-0.835627224679968	0.145837787631874	-0.387367016049367	-0.744722593441105	0.42501370342582	1.14650691416479	-0.482172058566764	0.426302406569504	-1.09961361122398	1.14298365572797	-0.865577251472636	0.416489924864404	1.16534936720563	-0.141809267616347	-0.419825423363948	1.36223692916862	-2.45537176092311	1.00800178495085	0.44797719534419	0.0402554218221983	-0.315948514487765	-0.386792346671013	-1.28104338939136	0.338941855754658	-0.633958942515369	-0.87778815271877	-0.0791005215242637	1.30379369799284	0.852705258047007	0.743604022567802	1.06014665959399	-0.056139394294304	1.24265621817659	-2.11847232049898	0.295164123860122	1.01166812629599	1.15094357793976	1.08330320910759	0.19696614241326	0.380583360398332	1.09876945479393	0.759242740677566	1.76133137675055	0.415875654369686	1.18306035729853	0.740214840198366	0.336047349465139	0.135099323640932	1.36236572156431	-1.05049336954181	-0.0292434588321877	0.534682276301046	0.451712616298521	0.494994157717237	1.06924194261814	1.03578504512284	0.127590201616977	0.122005011536657	0.537009029226358	0.360507193509323	-1.11474955690867	1.15135188706805	1.21876313392102	1.25344249734048	1.20694656761798	0.813934995257735	0.243466891580943	0.398989703042128	-0.118608920093447	-0.939347546312251	0.629484862975136	0.375657996094684	-0.125871663367561	-1.55767440160202	-0.462621965881384	0.0325392710896975
"KLF2"	-0.171693838042224	1.2153080400088	1.07678737452371	0.0500704357784533	-1.01487695431163	-1.16920204781252	-1.27539205817349	-1.26536978038761	-0.848900830293462	-0.285628890659576	1.31096136010889	0.58334420191205	0.567964412142732	0.133247478972431	-1.05523522086258	-1.20502507077078	1.22270209408383	0.0273049362102158	1.07088888379061	-1.18100230052728	0.982822993326372	1.31012684568098	1.30901212243589	0.823166212573713	-1.1300146155043	-1.15149131130285	1.40307199662935	1.0977058608788	1.12692888169514	-0.872607345940377	-1.10735620203737	-0.420730251803636	-0.375830334176249	1.40537771823665	-0.136712423717265	-1.17897220506016	-0.400101019812886	-0.715382935045758	1.29358796283348	-0.167101035393628	-1.08181209532711	-1.09107881877114	-1.13579383350122	-0.979731973087933	-1.16802529843975	0.706976683262055	-1.1539959720318	-0.19889394048295	1.24531905966283	1.36864272761769	-1.28095640361895	0.481137545594139	0.998306236175951	1.22905017819546	-1.17206740188566	0.21750069298258	1.28039575170666	-0.635935879057343	-0.268708902840275	0.138669925576898	-0.250510907728931	-0.43004597719969	1.34115269366865	-1.30572400689944	1.04556692070749	-0.554089150674247	1.20098906025786	0.467302314691482	-0.0225807797950602	-0.102910120541668	1.72476944028245	0.377825423742481	1.46024322167474	-0.507364144527833	0.307312162838542	0.0872234188135409	1.28540966358276	1.21277581906775	-0.171257918337839	-0.925061218102001	1.29099788116472	1.22556420931318	0.0676233977051031	1.51760358726776	-0.107400374439837	-0.142582573862081	0.0596920377690528	1.32588280925578	1.20616992125614	1.24779819163926	1.39566292066934	1.2489623218588	-0.241311915701288	0.820304298709557	-0.970603493577545	0.248715710936517	-0.673159163690708	-0.248101101270301	-0.517329820844693	-1.29520090958768	0.350958288161356	1.69869409423308	-1.19344533982377	1.1617035597857	0.229274088887489	0.332403641951686
"MORC4"	0.696214217319263	1.13345239381535	0.173835264644843	0.174586734622931	-1.17006726706634	1.36582538205626	-0.0704173542806846	1.03313028101302	0.177653780241879	1.2323503675119	1.30728015063241	-0.689054556446964	-0.948534962216258	0.562591578183823	-0.638797940656908	1.16154353785416	-0.0181628431803606	-0.724217980504879	-0.0119799171916766	-0.357546343338649	0.0374529062103338	0.239570780255311	-0.898418936117298	1.11488817399911	-0.228322918332596	0.0678532233747257	0.0328820179078904	-0.467765388676811	0.683322567744089	0.0491385513729902	-0.217856042329272	-0.250243602587786	1.39626375617375	-0.374230909337582	-0.397000467601092	0.0620553682109237	1.73519489537571	-0.733580691700236	1.13018889541733	-0.225406841403755	-0.293465739396766	-0.541949754695822	-0.696653459479653	-0.777507480204766	-0.875081045425252	1.18767053729225	1.83356789427554	-0.443943529484	-0.48101627905021	-0.366118796022184	-0.979089347000717	1.00710374053067	1.13709591885975	0.197102590392578	1.13780319985573	0.0116288455048939	1.42251458216064	2.13152556128955	-1.01071409514696	-0.0684105135854477	-0.927163819113398	-0.541545336926473	1.27538381501672	0.126848320864209	0.252312087382304	1.16082577106815	-1.53275041638911	0.616440536840452	1.21492719499806	1.12286919550527	1.15066400738474	1.40844796436675	0.204354253186439	1.44910368471558	-0.00225596943290799	-0.126471792037512	-0.61206882976551	-0.196867366929971	-0.273728888115831	-1.59395227272485	0.257338565497759	-0.573145331712993	-0.0239612534222645	1.70167171687549	-0.600881577229984	1.09475573072668	1.5467256317132	1.16384982683871	-0.10267235210097	-0.106428993049792	1.20426422959617	1.43426308035182	0.148413228098404	1.22623653221318	0.162855792608716	1.16181406353299	-0.0679792802252776	0.38578322189356	1.44786508258735	-0.243816799179371	-0.952819117107898	-1.17764593828662	-0.770205996939869	1.77012131477689	-0.188592168423421	-1.63419051684892
"USB1"	0.179183291414872	-1.0195800316239	-0.355190327549177	-1.99249200811813	1.09027190861538	0.830205061921542	0.732787665123182	0.909020487191919	-0.607385269004217	0.0789516227899897	0.979978300333257	-0.962239139758	-1.2028269125138	-0.574945133379256	0.884998161775999	0.907475949457525	-1.96327526984609	0.673228460932966	-1.10698617378747	0.67140460042195	-0.671944645459686	-0.717503299944406	-1.14466581333773	-0.435689809764535	0.694969565649055	-1.98614955721603	-0.978164094714029	0.414298828910421	0.46260619134073	0.870314627431577	-0.72207060861718	-1.75219946894402	0.407799187673722	-1.55330592556201	0.224570253482632	0.803043705067502	0.912231674756624	0.640272446735139	-0.515380774983582	0.0102811506249492	-0.641853336095587	0.508974838064789	0.208317475975367	0.870051147960553	-1.03451249502735	0.550639365912781	0.909025359053255	0.0511152928049277	-0.804306215547738	-0.243387541207472	0.566456392585164	-0.817461041114698	-2.07145848740324	0.95224330592675	-0.474582586056936	-0.210080310512157	0.783654897392516	-2.32608294396478	-0.659341816365113	0.83094352844011	1.04418427484437	0.612734889050481	-1.31494342178036	1.16692546264392	0.737740201677102	0.708112158570458	1.03483894426723	0.0100352312679222	0.685895985122377	0.720838016641025	0.745901225728588	0.629432479687224	0.840944360378891	0.984047318482456	0.765525250017569	0.403480724038554	1.00537499283228	0.701328985836141	0.867972716813174	1.14082407771202	-0.181299917185337	1.23847122406997	0.503339856614574	0.731605122760025	0.835040336032305	-0.974190820478517	0.238435505886651	-0.327807500998251	-0.647465657763104	0.654443949676878	-1.40386843071916	1.14594265859292	0.910293070137614	0.367201445765234	0.548903261171113	1.03110960979078	-0.0579447926830442	0.631904866901586	0.225336192102942	1.06260774366379	0.990475632870299	-2.02860636651759	0.350227299485697	1.01065106199889	0.82348969720977	0.838111610259197
"ALDH7A1"	0.345408572099891	0.743202746274806	0.102516704447389	0.0626269467722039	-1.25365126019898	0.165939854193722	-0.561225648327439	-0.350202967351094	0.722121415653017	0.263809746866347	1.08441593710246	0.276681868392249	-0.860246696624592	0.258726645430411	-1.670842589566	0.82644045253926	0.189447790687669	-0.795593316154328	0.0508742309112669	-0.509596655364	1.02994868864874	-0.926521457438372	-0.2682515389714	0.183207939480457	1.03329002077259	0.650167191587794	0.382264383537371	0.995935728301297	-1.02404949850281	1.40048261933582	0.456235635526753	-1.12915960780046	1.07460284578169	-0.415865703912397	0.154486951339169	-1.18975503759078	1.27392290986055	-0.0822006797852573	1.15141014313573	0.914591320991462	-0.288975168308236	-1.04888984728949	-1.07987777443752	-0.709560497618388	0.0481076619997679	1.11879501571347	-2.27389012419386	0.280613277714455	1.01126009557531	0.689288476341366	-0.0476718026595319	0.998195347501066	1.22926430958841	-1.61440239433583	0.265404293307667	-1.30944811197968	-0.106746066365092	-2.21781501558904	1.13878175594047	1.09609399389672	1.02523810022834	1.08203910481098	0.562876189440383	-0.231868314151911	1.07508201784406	0.375350313756745	-1.2819139507601	1.09915173024711	0.249092914850789	1.08440761138878	0.78959433457424	1.10499436181244	0.483219732118892	1.04381938624033	0.267929395447619	0.240048908824418	1.10170908323211	-0.25046038307783	-0.894524416216847	-1.59097377660092	-0.0118365373409686	-0.816829661083539	-0.281373495028763	1.24443766173915	1.25221623772543	0.096635478783995	1.27267651352088	-1.22744356213427	0.651337025518636	1.09106629802049	1.10595184158893	1.27172713037343	0.598643746317777	1.31517208606755	-0.161554536666918	1.07947509848518	1.05595369163201	1.25443739309521	-0.918456083098871	0.46802618769632	-0.718971513417126	0.0960374019993536	-1.00747523006923	1.06958652164825	0.0592894786578358	1.03690481600216
"LUC7L"	-1.16166866715813	0.602158203537726	1.44967245832848	0.122049548913261	-2.08656676686746	0.56944565896826	-0.0891714743333152	0.259861110592559	0.577286643255264	-0.553948016200993	0.422336998386091	-0.547165472227583	1.18023923482598	-0.664695858789143	0.735820869801456	0.960743353152316	-0.340428300246599	0.93456462762555	0.0363771565524674	-0.0324634880115078	-0.929254185889695	-0.0846212846539442	-0.589610097466492	0.891758898225365	-0.0637188882838434	0.432977465652606	-0.0867241208652258	-1.40647111356873	0.68498503061608	-1.84007873497721	0.0291640623039351	0.224400659654569	0.723356569377598	-0.840710882096612	-1.5237673298777	1.75498891434094	1.16833949629603	-0.318086204192144	-0.430199373063212	-0.0487409533278245	0.950992389172387	0.376914501277555	0.408750285752573	-0.943688608571899	-1.31773328918892	0.756741881773548	-1.479157772694	-0.102272907238645	1.03400384855975	0.581992496446928	-0.0138709004781472	0.697195672488757	1.25544238889409	-0.089491581351023	-0.129679805279212	1.80547271873843	1.65634193421701	2.13947297336486	-1.40250583444724	0.756568687497086	-0.658799394835436	-1.62937492818659	1.42497657785857	1.02935481877841	0.323325730896559	1.15554619182308	0.35289325724415	0.877108821778948	-0.598267465402204	0.589643723326948	-0.510559254049713	0.202324359142665	0.977010379599431	0.123393164484846	1.08149549155344	0.301654383198458	0.0516761781455321	1.13292074879152	-1.62946645294435	-1.26556120154065	0.735919032103283	-1.23484158291515	-0.804372343708064	-2.15396195617933	1.98735004748848	1.04710837394372	0.943857659258907	1.11587119177194	0.384468187146183	-2.11966768392997	1.37687981080489	1.21090127894919	0.548234105334551	1.26088002404108	-0.374308424650592	0.427341347870713	0.313715378022539	1.07942634003131	0.359810352049015	0.0468785843196339	1.32332651581093	0.598932016410418	-1.58474423594296	1.35068907312877	-0.16227879468036	-0.105054056237585
"NEDD4"	0.60529517240349	1.51358332750244	0.373390089836326	1.4023827731834	-0.648439246257272	0.754825779371323	-0.393555154498217	1.55796321472395	-0.872096598096182	0.838402870503512	0.937593396859798	1.73979561156869	0.340456720336295	0.0823990155600416	-0.498332870826313	1.69970320650372	-0.742790159127226	-1.38776440826791	0.804426416428209	0.481176470632127	0.490245778389624	0.54736324528636	-0.534371911236625	1.59953631438107	-0.993428371910046	1.04814621836178	1.06806016012893	-1.05419425505265	0.137766841786551	-0.825598067235656	-0.991313805964662	-1.06174917616773	-0.458223687142886	0.166966514620693	0.138398399365411	-0.720629583654041	1.7116820777701	0.223835205566741	-0.864826252198639	-0.0488223205289268	-1.21016385822849	-0.599690739027555	-1.22437016942002	-1.32592168766616	-0.609001566149361	0.256055294395306	1.18635885238301	-1.13645466813742	0.18056972861824	-0.873905572168113	-0.805197348174245	0.190818501120723	0.823360066217877	1.29084299951959	-0.962537421193029	1.71898101249378	1.65223820856777	1.90438331086312	0.62276619220277	1.71350318784743	0.70026983952986	-1.22187473171659	1.16699622977172	-1.41163371738024	1.33065028326418	1.59376505365284	-0.579926821692269	1.39753282356058	0.328339620966122	-1.0489470470207	1.46199288585621	1.46745492863411	-0.996235386049175	1.81653399153726	0.882310188901614	0.4555774085044	-0.770144217152003	0.0245932197895761	-0.228181068572974	-1.08927345562659	0.127511207600175	0.463715096674642	-0.0133467941608909	-0.541399524862518	-0.813450643400152	1.57274906202641	-0.263304678716507	1.63518410332605	0.202288910528209	0.180256814479781	1.51959928678644	-1.07072070607127	-0.96668412758013	-1.03836913866832	-0.872011782995902	-0.292954990262032	0.148448984362163	1.53898048153801	1.70323608530891	-0.589982664437041	2.14443282631009	-0.304002143860243	-1.73726369986865	2.33876321429551	-0.850095717291422	-0.878886617856204
"ATL1"	0.540722149797623	0.073007380976933	-0.203659799831706	0.418451175550706	1.10138116768137	0.986632004945457	-0.508531005890355	-0.662657845034813	-0.267067690087505	1.05122708192885	-1.44399147145878	-0.633876887306432	-0.956003037912419	-0.18665222141731	0.091770333609161	0.995793376789259	-1.84506463675876	0.606749525431672	1.08370941361999	-0.271039850667609	0.54121020446851	0.382184754696737	0.339949701991304	0.290306917694038	-0.348338120580633	-0.463013307401177	0.402135009752398	-0.0709351063049205	0.0402860346401927	1.11619981640253	1.02717573044755	0.4960682128599	-0.581389121579676	-0.0745541169074012	1.0134395106193	-0.761904844061187	1.08180901259443	0.423916378060688	0.595704628874813	0.492527125842887	1.03779768269489	1.01433311478478	-0.495272916014342	0.301766499502128	0.315706322976608	0.331783460879269	1.10797808650102	0.258526092175373	0.510453751234293	0.232338147239394	-0.557499382223553	0.287777949608044	1.02338602889762	1.024052698218	-1.37766468904776	-1.94996234384487	0.28720238973628	1.30026422709634	-0.108880544476306	1.06440249496006	-0.374843953287096	-0.534181050777376	1.03332226291096	-1.88828463505281	1.00650211326628	1.03244801517956	-1.50231108144476	0.66976775053109	0.633024363245238	0.350285770035062	1.01953105122059	-0.147675940702216	1.08179367598371	0.32879847338852	1.00690086082468	1.01774732564145	1.00099780492296	0.0672685841483147	1.00842936977096	0.213492405597143	0.30875628480471	1.03675561016909	0.288770994774962	-1.26213724507284	-1.47871688049776	1.05362519427235	-0.034165985364332	0.0867793305519605	-0.350066077453852	1.06543312584949	0.533113006195401	1.07020268289994	0.406475991032355	1.06897448184689	1.09205448313905	1.05109580492172	0.493035729049499	1.04020904393639	1.02915990677455	1.06713770559243	0.625126098895235	-0.278336366506944	-0.00764943462590117	-1.56017986597057	1.00952771278472	-0.49255773060646
"SPIN3"	-0.269330391894273	1.1114051357919	0.447062416326056	0.760357303172641	-0.349082301982397	0.387846746995936	-1.26344949161686	1.02477892480666	1.26034622488749	0.0523605867494079	-0.343325059736007	1.32188813843015	0.503087749242667	0.374027188941824	-1.18959264131265	-0.937923421233728	-0.978063109435774	-0.814672384368704	-0.0780211738252915	-0.250114003883879	1.02323696551457	-0.490433859650835	1.07843353673794	0.971334790120227	0.629265803542849	1.04921113339167	1.03904912337817	0.482069911911247	1.24581743586918	-1.97317960934018	0.44822834162041	-0.403704367845179	1.14428939020253	0.17824195610688	-0.511684380737609	1.24487216043916	1.39438183001275	0.92160318936447	1.10096140658611	1.12971577545342	1.01220479490016	-0.818198714893458	0.606448111342541	0.447184765688758	0.138194043961023	1.39440598508953	1.27653528472464	0.530599551552551	0.627642918700882	-0.102517908651874	-1.30934662472881	1.0082264801184	1.07162138568277	0.948546152478706	-1.3346977241114	1.15212225085272	-0.326445606583606	1.42356352199642	0.193265610016227	1.07628717342459	1.20533049245931	-0.422998972670098	1.22752160533674	0.54912511025953	0.962340590868593	1.14249377253025	-0.660817541314923	1.19509728304338	-0.420843236864303	0.0952061179144382	0.0224593518503884	1.24145262065582	-1.28022124851965	1.16085949233388	-1.09456550719764	-0.376188701829535	-0.884364452183362	0.53533858814794	-0.220689707440875	-1.0003446727663	-0.0933401811508392	0.460439354881399	1.04886146045261	-1.71236964135369	0.822824546225963	0.244123050926629	0.595657348688097	-0.117824073298803	0.553996146275972	-0.095688220953616	0.436252429292765	1.28812857867301	0.541558310878824	1.2373170605343	1.23283854014621	-0.51159786944433	-0.100059426415989	0.938916026071227	1.30694236204589	1.20711885570426	-0.257243450397272	0.101013493415069	0.317353773093754	1.04880869281344	0.243854914295469	-1.59384223867994
"KCNT2"	-0.909721746479568	1.19187549906132	0.484891166533219	-0.858264162758571	-1.00974576911525	-0.334536913443919	0.102828073276793	0.311271807268602	0.0156271499037451	-0.0536231640257856	0.999593608187216	1.03038448136804	0.0579463493465955	-0.570148147419896	-2.26200770173432	-1.12048828926235	-1.70938106225057	-1.00514549883067	0.532174263611772	0.239342003443171	0.671397827313856	0.229418070048872	-0.951003884095959	1.03476967659104	0.987011092157053	-0.792179494834979	0.0718390428946918	-0.313628954142842	0.406409948744349	-0.52055025341571	-0.832271276399741	-0.0356336859316821	0.37152272902312	-0.524516748704629	0.664974033241254	0.954739509549711	1.01442170475915	-0.82399728931887	0.981044285996983	0.301813804975412	-1.02798535021156	0.761569552041268	0.284855639254745	0.0399405192255266	0.0440149822662233	1.13164536289151	-2.37254931309172	-1.04335001193711	0.603069056354889	0.708894999896067	0.422460586954895	0.734841598330415	1.01300421236548	-1.20400768519374	1.10716841556377	1.06627843105861	1.17716817256625	-1.87546289424526	0.446033104970763	-1.20542132373331	-2.04456778443786	0.163927302260409	0.128020442261783	1.19032415298261	-0.852511196571102	0.0715018748939607	-0.949966977896476	1.10424370857262	0.45047592052115	0.850254541970034	0.889818741253496	0.565705539443418	1.17460364973985	1.15346125447643	-0.263746580195834	0.979488201315219	0.664656484593882	0.750454027476253	0.95815984122198	-1.16356417893274	1.1279908805974	-0.313931760373209	0.0734579625085127	-0.157149873649897	0.844107597301943	-0.448883415385456	1.14825221902549	-1.15711643154345	0.221369326562271	1.19291494394327	0.272442148407465	1.23461903678635	0.977008349685243	1.18536161525082	0.965932765189882	0.0282247936209011	0.799657414490101	0.449547045520453	-0.261394305322772	0.0466248040383906	1.00300124394507	1.01684841393121	-0.833419832924073	-1.48208685273001	1.058542651879	1.17893278614486
"PGLS"	-0.957627477516352	-0.973488963832314	0.186393060988392	0.0339675008147646	-1.24012308750912	-0.996495461285155	-1.14528840315547	1.11930125001245	-0.775639539516938	-0.249526829803127	-1.15194713224105	0.288810609310499	1.32661727505961	0.00332418777468536	-1.06057288348781	0.122096231079389	1.40132445221379	0.0352847405520479	-0.473669620394982	0.567511285726142	-1.19118847525147	0.15763405079521	-0.00145417225249728	-0.132502088281205	0.000984786807806368	0.596360527286214	0.0624738322051343	0.287267676214863	-1.06387860787506	1.36926009488254	-0.939370904878682	-0.384385211557524	-1.10182410727865	1.03809686789511	0.0114147777088746	0.460361612643687	-1.0593135243372	-0.990769597116129	-0.587374060174892	1.15785080174453	-0.0884417377122981	0.0104895139107597	-1.16852553430086	-1.00558099695601	0.217578391329519	0.31352310255485	-1.51242449309192	0.223578702681049	-1.29382015852861	0.154210060594126	-1.20725946203154	-0.785146002190988	0.337653942923653	0.773340277740046	1.40634465660366	-1.15732331100484	-1.20730993243931	1.79595395209483	-0.91162961410776	1.37153111018483	-1.02623830558973	1.36803847504575	-0.348370913778633	1.58007638270746	0.03735582376477	0.137855426943818	1.38700308228398	1.05377802424982	-1.27864158150097	1.23685250213714	1.23210371032598	-1.15132365385143	0.917311417877532	1.10571888078084	0.188201473268309	0.872340762085425	1.41360257034073	0.786439587049212	1.02452385668498	0.543648869205026	-1.09268398280409	1.11372387570203	-0.222574986406125	1.32058238349458	-1.18112660791763	-0.040021475837494	-0.22490586331839	-0.0274105232533194	-0.0172509102139246	-1.14301853604934	-1.2310601819596	-0.290674101476908	0.755701107047832	1.10920270758628	1.36551267944922	0.259207575791089	0.345529638091435	0.923411443890965	0.538559008732049	1.12412215424175	-1.01158989691984	-0.86301806970884	-0.035789979557844	1.3781778372795	0.100189399134095	1.41532746284136
"ZNF799"	-0.866582098461525	1.14679389957137	-0.303628479511796	1.32793210590128	0.0700311538014109	-0.714460768615978	-0.667186210064745	-0.743376446568298	-0.293421980247755	0.101708942506834	1.35944010843705	-0.859483218475715	1.47711542339189	1.49499997900087	-0.807083118742497	-0.812532082498943	-0.67005671282089	0.227584780484598	1.64584721993462	-0.38291872750301	1.60752648785808	2.02706597064111	-0.52898726787228	1.65915923283976	-0.299646552087374	-0.124730538593114	-0.310920237250865	-0.337066629005984	1.54634545190027	-0.591590579984667	-0.545303346400794	-0.482395791291343	1.53634130580398	-0.68770129709472	-0.130858263681185	1.30142161711096	1.5712100744935	1.50333278430187	1.74956671241304	-0.750641266264308	-0.477712471762231	1.70202051405622	-0.519536172154692	-0.334661250307205	-0.620586485508923	1.66380127859798	1.49359115655072	-0.237750059609616	-0.425636091604615	-0.725103675832349	-0.692777557843541	1.2096329458705	1.61315983285724	-0.660489138733995	-0.342599027097574	-0.565273075566286	-0.632186328568622	0.577263471422063	-0.319201055196217	-0.69937001794153	-0.219160986092242	-0.445617075350233	-0.944107611371943	-0.431767015982159	1.54609853389305	1.52878471513373	-0.658221820678425	1.64791522094029	-0.913992208878874	1.0754660526253	-0.43465802612832	-0.212504410395684	-0.82271924100253	1.52485063389837	1.7074586322902	-0.737918111941784	-0.299817719143339	1.71408445320354	1.71473169471027	1.13474377695346	-0.722759786512281	1.47463667900874	-0.134544080332203	-0.663213867057522	1.55981569024179	-0.261989727051927	1.39181473615876	1.69513731334741	-0.660896967969462	-0.489849397123305	1.33404830062166	1.44840848307238	-0.207206075739645	1.38947681733183	-0.816266789962972	1.12810126143838	1.32954377849891	1.82292271113298	1.41563598000748	-0.81632726602787	1.50132820197166	-0.618816806284184	-0.697648127100882	-0.826083764437325	-0.626383030148633	-0.723695175181358
"HERC3"	0.378978576790345	-0.360764354124461	1.20367647190947	0.754139419961003	-1.22243834681871	-1.32154096746452	0.771070358487063	-1.12701394161943	-0.328424902719544	1.33957582504095	1.39800214842969	0.790219350440274	0.904839967948716	1.11684279377921	-1.20492510873199	-1.75799845220733	-1.30198549982666	-0.811395157719643	0.543935308174404	0.583666022557165	1.04562363420076	1.06192317961958	0.652364907931582	-0.0801157344116244	0.855153720801107	0.784885186674819	0.805023072796255	0.0234941729334335	0.708055970087967	0.947725852731643	-1.44378331843281	0.815000643171612	-0.117322423135449	0.0257288667380523	-1.20766297678232	0.739988790072519	0.751095200642682	-0.46261014451132	-0.117451701447821	1.10759890505514	-1.01994627489203	-0.465438136845611	0.749745074748638	-1.56826588331921	0.0995751119748517	-1.2184487871569	1.32573185590102	0.0505125384195235	0.672200334729507	-0.297994118698771	0.597888134727704	0.859368396080109	-1.25278039915503	1.1832654120099	0.514348820986022	0.824969160419743	-0.301936956256431	-0.400987638407962	1.04737213797678	1.05540377184946	0.904011639489414	0.906279161337596	0.123390954125352	1.21973138395675	0.873261151302149	1.1242439339616	-0.944420697764793	0.277935764578799	-0.377648717542081	-1.52796778752927	0.813208422558737	1.01609667588752	-1.39902650622131	1.40283327963262	1.32468353660596	0.661689306817684	1.24565136066931	0.861078963321602	0.0480514570346193	-1.31977440906394	-0.1970683245258	1.31924672889867	-0.656946565259286	-1.61416024403397	0.149218647206345	0.809031367093049	-1.46058394383118	0.89772022423748	0.178329606800044	-0.0970429611554586	0.538915942076165	1.13135138160888	-0.194052965965035	1.28205180114502	1.05104947088632	-1.03981521116647	0.707301431108771	0.351524578639849	1.08154957544331	-1.02117305697803	1.20257910630888	0.950631033880378	0.313016928295257	0.713310380719471	0.983836538167082	-1.3582122480337
"U2AF1L4"	0.230286842060085	-0.447712483409481	0.841517161205799	0.462529575939088	-0.819507864194007	0.874201548664559	0.807274290912862	-2.82658418115337	0.877285048500639	-0.793171558350112	0.25128594909059	0.872373774248323	0.572759786901149	-0.22168913323657	-2.63879573354111	0.833266926068935	-2.82658418115337	0.124318963558678	0.49724016650278	0.893922738662308	-0.271066928037328	-0.244771450123288	0.110572634508229	0.7998638808548	0.151381551030766	0.403959714678628	0.806810330455941	-0.51709822567613	0.516534866692031	1.03542216508496	0.5246276719588	-0.115086868025229	0.201123406048021	-0.0730642089251445	0.51238645655229	-1.11461840500444	0.533338893757661	0.439569031116932	-0.677066061617253	-0.339062306173006	0.500029688094834	-0.0282750401681774	-0.51948796754904	-0.262637169068116	-0.342046708861413	-0.197546045653878	-2.82658418115337	0.897859226938504	-0.415352560842698	-0.499275635911536	-0.37810314029784	0.338586630347901	-0.327047931370173	0.915402280718173	0.793215517526179	0.311788445275807	-0.30927436351847	-2.82658418115337	0.266057294579	0.909574644103268	-1.01739852610867	0.906477134569094	0.785611372838687	0.90300892158781	0.875675767313136	0.905611407068104	-0.377796275097345	0.894512581608015	0.507714923665276	0.449337192911764	-0.544975611351672	0.815157340414501	-1.11243845705288	0.197005064769508	0.911078253751383	0.818095597678937	0.435581099413639	0.82944111127067	0.459508627541186	-0.138629475613218	0.589582489713845	0.870546150371962	0.902860782368758	-2.82658418115337	0.805146300592302	0.00372173874353231	-0.420341485935533	0.877431475200864	0.80595665810995	0.336154550751272	0.782235348764605	-0.534123245530831	0.459795719016054	0.607378480562515	-0.374141514691919	-0.205500334986823	0.234093773521626	0.790622228940735	0.425798373956343	0.865604422427284	0.820898214214737	0.11626482745784	0.497028613033661	0.897175266536909	0.909108694431038	0.905154208224719
"PRKAG2"	0.62474474217841	-0.384222018903541	0.596366920684152	0.34773089326073	-1.11731289671881	-0.00805269630246688	0.870138485657391	1.22828866925926	1.26028967467308	-1.11685367588406	0.958219770973015	-1.63882753442665	0.750047616280901	0.590371771286481	1.27806546539852	-1.64177953410859	-1.67884388947287	0.877814533602642	0.504790946248468	-0.406360460082404	0.700208073330381	0.262936136294027	0.838895658375353	0.257921652308253	0.223678561006267	-0.480396967184623	0.659906896624774	1.09742345752997	0.991637673422285	-1.39398987312807	-1.37229174197829	-1.22439939150324	0.462508264678233	0.949072873592963	0.113147476354771	-1.18930395426582	1.3370593510384	-1.13007341595944	0.779702030946498	0.241510461823467	-1.18905643290862	0.483537194596167	-1.16754030296598	0.446267286940042	-1.18672441214266	1.07994694109673	0.979328391860515	-1.12061364564333	0.765555335460014	0.695242244371462	-1.30207765495204	0.469216666471704	-0.0641594301424136	1.03240709479605	1.14920961161823	1.09556194233972	1.09565393787746	-2.55079181328958	-1.11290722975587	-1.5774426827955	0.0829804160212012	0.625733473367235	0.736642209679227	-0.452630048753191	-0.0246514086119967	-0.509909928058356	1.13065353935668	0.397647836295084	-1.03573712134327	0.309941034784984	1.1243572457771	1.06842574208246	1.07428131869497	1.14952578711721	0.659471603849431	-0.745365180920038	0.168692238516239	-1.08660448846159	0.015035161809347	0.149994206969348	0.595683873695514	0.872106029484794	0.627940215001202	1.40981914016196	1.06652760166086	0.600522159771113	0.387948603040475	-1.61788706609827	0.546511382028694	-0.0939286792871046	-1.08242967326363	0.877276346048452	0.294472663988135	0.63290667175495	0.952087317796684	-1.08109555135155	0.705961302688143	0.964916006690201	1.25197425881998	0.895716887067252	1.35623645726083	0.402920364068974	-1.03972871068339	1.44321815569248	0.281200373846392	1.07948016792872
"ATP6V0E2"	1.14304155904384	0.434343506639716	0.447332805038763	0.129687007127064	0.293857782685588	-1.04247074820718	0.265930924564748	-0.998827463600578	0.793120927711504	-0.294533632432189	-1.31948295315088	0.576129222146974	-0.617189640880896	0.546799128594196	0.420333423437937	1.13470155255608	1.12345635006186	-0.820995879746822	-0.611120471090951	0.377860388704162	0.559096028722121	-1.04593527845898	0.0271162250216219	-1.08998153546334	0.0662506035721636	0.720636224725371	-0.00642977172040656	0.676400009422021	-0.135565188425367	1.47085285132593	-0.0362428389645417	-0.463629466788327	1.0708499273631	1.10415499930322	0.330059835436722	-1.4596699068029	1.06827719957358	0.492357549761899	0.231597904091534	1.09811690880411	-0.0207718353209719	-0.918645855459342	-1.74281303765219	0.117832531137533	-0.63760278131084	-1.37731294719953	-2.22907990607051	-0.0158658711924632	0.177318210760261	0.406218841408568	-0.864890405602496	-0.575307685402221	-1.04483902524199	1.17164437268613	0.515013249111879	-0.811159462641538	-0.904994473302376	1.32879392155523	0.204333155829223	-0.296044147054601	0.377041466849117	0.518106489031724	0.349435457246653	-2.29188906521469	0.144220525623162	0.509257137856126	1.15096919004042	0.173745002756707	0.10626434018016	1.05579366722447	1.05135206371904	0.273882805326876	1.31038425871404	1.05901879922756	-0.573217901756052	0.317441182652516	1.0384226713164	1.09292958188656	0.303188082936616	1.07232051964097	-1.02301614497347	1.12932556721838	1.09752901016502	-2.00515659837346	-0.481015145772579	1.08157348717886	-0.0304192518984819	1.09352955003894	-0.431865730865771	1.06770636644618	-1.11771938339037	0.562595257576128	-1.15398270612498	-0.885346653692189	1.01943279401872	1.04230462491004	0.186448174796088	0.219500565418553	1.14492825421565	1.12802179051881	1.14509946109588	1.05126621454846	0.486475225916314	1.16074256809067	0.159870512115662	0.254406603956404
"MARCH9"	0.159644963183683	0.118828471062064	-0.608309703116948	0.47924414732291	0.77375818548354	-1.15188287093668	-0.474433151855255	0.816541560952365	1.0575039653166	1.34450715844555	0.426347986643106	0.656149877388368	-0.398569550119561	1.14237324447449	-0.968266554362062	0.513843386348876	-0.826352818508058	0.332066020229471	0.0272351065671232	0.988422111186081	3.33934230841187	-0.643248107281642	-0.677319044764418	0.153845758565188	-0.143968966257265	0.323517427429868	1.15479238324974	0.297714358282405	1.27117074926157	-1.65165154093106	-0.144653229517715	0.512660952754827	-0.72371294980041	0.769864969220114	0.16611870457356	1.023952853761	0.259065579786548	0.120085399193136	-0.775301038532432	1.21974384512382	-1.343901079064	-0.982602808512134	-0.58469368003994	0.511534723936755	-0.603566331742788	1.23581768773981	-0.992946901813273	0.798402646470468	-0.0173667479732632	0.800809388667895	0.617918892624972	0.64506643103979	0.631511859998131	0.292468156917063	0.482591157277152	0.479079114915815	-0.380069382539099	2.12996363073627	0.652532807794794	0.968143714776276	-0.798443155306874	-0.100659896287582	0.774545359477585	0.507759292038989	-0.924889740405862	1.57264645625477	-1.03753006923963	-0.616733177457201	2.28140601707597	0.522234751904625	0.944142686566509	0.327165100510506	-0.320408838429423	0.341101850481898	-0.0403467354552903	-0.552993226264125	1.27744459666844	0.722072071025521	0.0238430614490048	1.532164249649	0.0314444156512588	0.754755978302835	0.808159712620578	-1.9921595980493	-1.53619821167182	-0.239303126830958	0.831843715703059	0.365825618981425	1.0537280997959	0.838128870254029	1.33294516099906	0.708293154302493	-0.871540904919704	0.502465315412638	-0.596393650632176	0.103225707171604	0.946695921943982	-0.351724741676	0.954597606950413	-1.08066547330258	-0.362566497824939	0.251286249048558	1.84940852906875	-0.590917163964066	1.29270453917261	-0.949653520371756
"HSPA1L"	-0.108897921040202	1.008348124027	0.647715312305836	0.937924589066534	-1.44805902448923	-1.11854918785163	-2.33919684573247	0.937062605150931	-0.880883598508964	1.01148624768311	1.1123322417095	0.479026019544507	-0.300653315477953	1.01285558018725	0.855381174017571	-0.856382507323886	0.224924305113152	-0.410030185495198	0.530597612414383	0.364279012855296	1.01576853811678	0.434470590631491	0.721403226250191	-0.0223662430566159	-0.151435296249203	0.929913816922245	0.421380725864873	0.667667209417869	1.05821668592575	1.07995980871724	0.236466946650869	-0.589989728544489	0.640570477921734	0.98625719547421	0.599661277114797	0.864227160276025	1.12641608910805	-0.833339772561954	0.559822107065684	0.891439975730578	0.890248553995624	-0.996179054651083	1.02461533431524	-0.00478874493448711	0.121849602079902	-0.938932045382359	0.647589003899932	0.297265037797554	-0.730320709826089	0.0698725769814974	-0.102442121256152	0.444334423255173	-0.0792331590607223	1.05479539163163	0.981810045887717	-1.94743978037722	0.992496230404991	0.935420907487644	-0.307654294123726	0.976003549170984	0.983527559911953	0.630818605834667	-0.0841164546476572	-2.36334228857199	0.914598858382529	0.961829077132645	-1.94691172365093	0.654036242608767	0.187850657713103	-0.0322541542169133	1.18487292331347	0.930636920692213	1.34038621334028	0.931737001014717	0.977156148792699	0.652673973537268	1.05744636194631	-0.00946164424437765	0.759029220976575	0.9225741392111	0.153598706487739	1.086050543256	1.03980742364973	-2.03973405355106	-2.38309349652811	0.922159388710139	0.657418738814768	0.782092437487158	0.190396069299033	0.202220146750388	0.858175594368413	0.964260069033565	0.201678125733098	0.570364177755512	0.588388175309474	0.954783280705697	0.924914753769734	-0.938588335900798	-0.952297728669198	0.886425918706794	0.0259241818063482	0.0994731635296618	-0.911957777020446	1.06004536644034	-0.01612434555236	-0.984592967574515
"SAMD12"	1.1549550724976	-0.871331426981023	-0.860274385753669	1.03483730747436	0.806495151603561	-0.886994075664686	-1.08009335377385	-1.03178733935703	-0.810056758917837	-0.652204360074555	-1.08680308509806	-0.631066667650713	0.955245699934267	1.08704631849634	-1.05887272829841	-0.598198066861645	0.192353014579588	0.992757155159929	-1.00121968587917	1.15663637485561	1.88906665889294	-0.135955399106154	-0.118000244234877	0.490478719685221	-0.00636526172880583	0.447370642225083	1.27053766832238	1.31541527426151	-0.125625247724505	1.28378164212694	-0.345410017698198	1.15403306997398	0.0108213269946277	1.41458998170302	-0.622281703140088	1.55864079495328	0.989955070649001	0.173986804372432	1.07380027947196	-0.00892009717830443	-0.742485351794578	1.1419613724733	-0.224631656048097	-0.881186087456396	-0.0672077097452398	0.195710065170778	1.03141995226328	0.607759559341822	1.05542827649011	-0.553533604146244	1.72977886600745	1.53591340507114	-0.112802395141629	-1.1841017661852	-0.133928701355873	0.92665653158123	-0.463316429872339	1.75696414374355	1.13729080701941	0.0236274532888137	1.94967188249556	-1.0716889794188	0.445142934600077	-1.29406703059289	-0.0844738732851757	-0.378676380226664	-1.22948064699729	-0.286778540959674	1.63090960883587	1.42841153337277	-0.0407459261544356	1.81712751852669	0.138154693486002	1.04914365628503	1.03531749573856	-1.00564487740741	0.872007952035055	-0.0399462933133855	-0.82026960930064	1.61082002659127	-0.509420603501787	1.47079632645475	-0.685440833158226	0.0165405818650646	-1.01511858450607	0.0747235875977503	1.82477938229029	1.03323601677707	-0.581142378396853	-0.730964352691807	1.93315378612178	1.14258094457552	0.0260432343833652	-0.792581224707307	-1.06310916348962	-0.141250640764186	1.18982767660062	1.07207543751172	0.439756496121659	-1.12279724955591	0.486917243111322	1.75308775400674	0.573576045562333	-1.3103082549406	1.77417901684969	-0.833243812294147
"ELAC1"	-0.0234406872804426	-0.724366113184641	-0.659579530888289	-0.340293555282214	-0.351159395912158	-0.641127626065571	-0.987299841446785	-1.16467474895229	1.12939347723963	-1.06760798566251	1.37159367054071	-0.480261287212992	-0.373033447091405	-0.669447185481254	1.3295420128945	1.58715891917385	1.45939897079428	1.36741085832321	0.766249620392073	-0.388970080701317	0.397547316680149	-0.570086124782789	-0.360724369959119	0.321563526778702	-0.286633170464748	-0.970195980313741	-0.184853643982774	-0.803667756228705	-1.10016336582192	0.0535522104364573	-0.983781494707103	0.213516142968082	1.06235126465374	0.296353239549033	0.10188287813584	2.04986110503465	-0.368949181656867	1.06694276803872	1.29084266927651	1.52226823523595	-0.311880757511184	1.05998399271368	-1.02280772387397	0.199199317987253	1.13956372360908	0.378773597741304	-1.11815910880456	1.17051103383578	1.32429130004021	1.04289298268836	-0.275080682562029	0.842056920081269	1.59069867092551	1.54187700373528	-1.11103535770838	-0.261249814066793	-0.510806812976527	-1.32811054226058	-0.195019718398258	0.553755395833525	1.84070162630713	-0.878743771647596	1.02738495187066	1.73142795529213	0.08359633052721	0.277543871140022	-0.647127089869116	0.16655604094105	0.422333559971632	-0.389896294213124	1.37550609517361	-0.223428074827438	1.13144420760005	1.16654925971195	0.178630554982459	0.060175929464109	-0.969197300277846	0.436775277415017	-0.846562495249108	-1.11157286576219	-0.868040299199701	-0.545815891677344	-0.923123400071564	0.0702346761746355	1.410038889559	1.09992125190916	-0.899850642300196	-0.283938153401929	-0.219976246750432	1.08378137027637	-0.570296826040442	-0.27278399604346	1.51503204059405	-0.00224688040525799	-0.43808358465706	1.10270217814322	1.02472016313178	1.46457708426775	0.397890984846785	0.407049470978117	1.58641796622605	-1.03929414437505	1.29887316224813	-0.991384767752748	2.14645584406758	1.71183850710461
"MCL1"	-0.420316130132346	-0.237664770524458	-0.161238625859558	-0.33156163385879	0.246370269593391	0.559660137038541	1.18133202440429	0.170978536434868	0.726667851073785	0.286732917011982	0.974843148857827	0.936367840197366	-0.146226475513542	-0.173134328934926	1.09546600701408	0.276595020811438	1.10376676707258	-0.41272060818735	-0.268903827357258	-0.107424708112733	-0.0494417726477309	0.295658984186555	-0.388559697974757	1.05632464412341	-1.05564472570367	-0.588639169035125	0.939244076734413	-0.344470923214904	1.17833583570309	0.148930739931265	-1.17009091391278	-0.774051906351603	-0.553480447721333	-1.47752005117028	0.963134880891833	-0.258439567041691	-0.273935662430164	0.0563516172243911	1.01578093216518	-0.0995188364767766	0.367825778270564	0.986831506380195	1.09254790106351	0.0651739427454854	-0.177140389194064	1.04066683817272	-1.78229935763307	-0.233270234948598	-0.37385248494888	-0.138934569417979	-0.753665771261337	-0.737069866680734	0.00374836022555453	1.03683574853514	0.268745122435317	-0.0229357906813878	1.04824573677962	1.03849287640594	0.366462730340087	-0.0160687422624058	-0.00675177509856528	0.245028028541031	0.496513495463243	-0.689424683536112	-0.123781547713501	-0.457497221586184	-0.0144437535911084	1.15596583491856	-0.688022860693014	1.00928052016754	1.06526953412292	0.174826600114481	1.16435058723569	0.370960008891079	1.0907780358632	-0.0366915086002478	-0.350610938819292	0.00752526860670239	1.10494561274672	-0.223409132012647	1.14944349050392	-0.087616966655176	0.031031810179237	1.22621744839795	0.985626058101946	0.117694677186682	0.207227475198813	-0.604346162605864	-0.00782055406715502	1.12253117461319	1.11219088227262	1.11363510072125	1.30376932495904	1.36184964921934	1.04377320452578	1.08201157563147	-0.664399965474794	-0.497989610667239	0.937227648852604	-1.03629569754515	-0.662515757824929	1.18420512029259	-0.161824900495584	-3.01926426094885	-0.090015037063479	-0.353793084113291
"POLD2"	-0.899754671815808	0.471117347543639	-0.264917062709332	0.0120264457786313	1.13970791326868	0.675522306629045	-0.871235362201175	1.04799272702822	1.0149270444312	1.33656896099616	-1.37190036694329	1.11315276597178	-1.0343798017022	0.449304998695026	-1.60033064303631	-1.10928161607192	1.10797491944388	0.980306124583498	-1.29098015861424	-0.918201595994014	0.981848757057992	0.368258255788434	0.514042878409662	0.0831123266493157	0.535232626057819	-0.312457365850068	0.292326960397396	0.890557655584761	-1.00995661293531	-1.25121829319817	0.0632238769754726	0.716219991635346	0.198281609464745	-0.362842545798213	0.322246786342707	-0.9687314083658	-1.00164411660407	-0.993474875629912	0.502936230458703	1.04319669036292	-0.782849082663688	-0.895419075235795	-0.882431354764246	0.252852564325823	-0.973266020954867	1.09920425581125	1.31086862546891	1.11469103329845	0.34670828137346	0.37056470185208	1.07226084065855	-0.14475623014022	0.352806005743652	1.08303375215337	-1.1991907110344	1.31581075914208	-0.384915817022077	-2.25706785832466	-1.01133909965452	0.13952719183164	-1.19143956008763	0.642091166416753	0.309567907075909	-2.19611543367133	0.407138254366133	1.01658433382629	1.18376659886937	1.11210110318178	0.852946888159116	-0.864951035732754	1.16920864856571	-0.251925048139267	1.33467748940656	0.787912062696516	-1.01745660697763	0.383807938922749	0.954518306518622	1.00082141832395	1.00911564920486	1.10239099651781	-0.987572114264147	1.07967885222002	0.374728528333156	1.3853443129351	1.28053874952774	0.306679243297285	-0.543361509921028	-0.685504209950682	0.398289680180225	0.327443418732659	-1.54648082605993	0.235787457188384	-0.00238835093217167	1.28871039856693	1.28051328729206	0.947623128744576	0.691953947984291	-0.0565020271199932	-0.790934848997001	1.0548993820089	-1.05387238898347	0.537888992769158	1.11351481708338	1.19458856600814	0.284570301403245	1.14421929047529
"MCCC1"	0.182335706851861	-0.716766074735158	-0.758806603625378	0.738160972152964	-0.0265453968816467	0.368341862757878	0.658257762993635	0.188326045941714	-0.429124955251735	0.676173072102978	0.802593641187343	0.131877412517732	0.16690312693386	-0.556236001589795	0.66440308145595	-0.532795969579882	0.476419890237024	0.398659660248682	0.0679018702071688	0.271315951345518	0.450864748221685	0.606566556239004	0.550149060349544	0.654154894130874	0.374944611768789	0.751423116687865	0.431922848027856	0.721321625073596	0.715512178607871	-2.64108192513497	-0.553322111037248	0.382971007118118	-0.726693924065071	0.273789945209856	0.112282897891095	0.754742516731074	-0.570602973482811	0.421801635532802	0.209016574192668	0.291328450597853	0.602680222906085	-0.437435984684304	0.611652976581344	-0.481642183731589	0.724413301377356	0.641097061881901	-1.59239036777705	0.149325790013861	-0.435624287309345	0.0675380881560911	-0.597624105616722	0.485482304180315	0.395659633618457	0.764332669026147	0.756432257236114	0.901831660474598	0.152819522963726	0.782144285309625	-0.710221598725184	0.650983018297181	-0.727932158608272	0.740433797431083	-0.717763573119816	-2.30767661344205	0.742882492415845	0.664965178498712	0.646558035703435	0.761078026209196	0.377040973039641	0.210861287535232	-0.601805218228615	-0.652144440241965	0.197439468087876	0.61376822538048	0.717216527278938	-0.263389921937725	-0.308263219139809	0.523454818163172	-0.726356184180488	0.906294944434397	-0.759743487461786	0.249849191377619	0.68841580518473	0.897850600606883	-0.673739660470923	0.716537832944631	0.809742113638276	0.673262915906403	0.669095895552532	0.176806053271331	0.851718669012757	0.649755234246775	0.166222840745383	0.376875148893975	0.28629499211391	0.281298580614446	-0.241105211544181	0.707416650468187	0.749479062104746	0.853917462517064	0.401387053743138	0.703112072834301	-0.392663897610943	0.384416829185806	0.434540661818421	0.190328812355786
"TECR"	0.816182761499498	0.400607332313097	0.873389670963232	1.34015107048756	-1.15432771477439	1.21642219268225	0.778198722275006	-0.18807155020645	-0.84229678937086	0.847661078035268	0.891615684644734	0.849427515950682	-0.0786319634558809	-0.0144431702607559	-0.781710840879359	-1.23153446336971	-0.810570104110222	-0.199725716237538	0.967079582387778	-0.741980774665419	0.800899865381015	-0.00748961608965664	0.922105411035517	0.0912343885401275	-0.98859315109495	-1.40243666270309	0.820490966421741	0.383846502073339	-1.38126935577976	1.41795647253283	-1.36327203513015	0.998048767946534	-0.109783619276777	0.781563560822629	-0.204099139096172	-0.229993022145733	0.685738935950381	-1.05234845755886	-1.21466747361119	-0.10460446164573	0.195255146703645	-0.948848228059987	-1.42475768229503	-1.43062964414965	-1.17708820357893	-1.45421972442382	0.685953918313512	0.809689430663773	0.792512396203773	0.805861792690297	0.0726134122533792	0.916906087049367	-0.0181226172439146	1.26919118409426	0.114171935631517	1.36160314206331	-0.426567166692622	-1.07563883213592	1.37512577814313	-0.64510899702776	0.876430191363153	-0.860667981914972	0.96240198213807	-1.07699774599518	1.29176435992861	0.140723318417545	0.702241844723941	0.919929169550773	0.759965736481011	-0.0171116655977812	1.10684816895628	0.680603135815877	1.43366960476791	0.780612828696613	0.212256426141105	1.03891654851337	-0.366733660899231	0.357937841249446	0.87496828109525	0.31154341645728	0.0647516985803071	0.974064957981994	-1.13555577835744	-2.48800552443924	-1.60826328699196	0.341049590321511	0.676427428711452	-0.306336114655376	1.26190533216391	0.166258763857663	-1.38214269814194	-0.815076290728197	-1.08137197508562	-0.400820188638037	-1.20566471289378	0.176572750097493	0.699756208743358	0.13251624765134	0.93671718215067	1.43480816158273	1.02944619590126	0.418846967864497	1.1153879003693	1.56542036100416	0.000451774229306961	1.23933324030297
"DALRD3"	-1.03725421445	-1.28026416443875	-0.215189599034984	1.18020114170455	1.34188814630897	-0.0274907690493825	1.27245576566148	0.3075349291006	-1.05525772231594	0.113397899458708	-0.908739869088696	-1.08824623987609	-0.814766166306725	1.20593147390522	-2.13644289571568	-0.282994353587384	-0.866552055858388	-1.25579406837488	0.359029978533029	-0.0115420920769064	0.119979088037454	-0.856417871317434	0.688488726678071	-0.331876031175165	-0.290029443815038	1.18829092027195	-0.472104920361654	0.232679673694589	0.197249849655601	-0.959746228112208	-1.18854655097457	0.0801964355769631	-0.982688558445695	0.340679160616499	-1.04700520509413	-0.0328778134287799	0.438390103610871	-1.06633526779816	-0.284331376756988	1.23897535721144	0.130314887500515	-0.228758052489879	-0.251894822235004	-0.231476130711758	-0.790608018311688	-1.32661283904039	1.35372098861864	0.417520829954713	-0.161197162591841	-0.880849629352272	1.17063003624845	-1.01166255500718	-0.804883237908252	-0.339041139024077	1.18778688297783	1.20516388510249	-0.176659091416229	1.5795695730981	1.35609038380961	-0.0420379452466316	1.32204978212133	-0.869887464993834	0.0160862537380687	1.48345904758113	1.26833816819549	0.0950643915889463	1.35060015858377	0.127988268299781	0.437712281453882	1.27667031222105	0.0845196841852118	-0.0799389332948239	1.3198082893123	0.459952188090403	1.24903203452448	-0.591337092840412	1.25244791703151	-0.686555948879939	-0.0772342292924091	0.180003069934919	1.16850318567545	0.68848272208485	1.19748894270504	-1.62454871791158	-1.88389723944037	1.26273428922477	1.30468725890084	-0.0381136798948121	-0.234148890057	-1.24113745961706	1.19101136473739	-1.19913936363008	-1.13268067362011	-0.000195482827750292	-1.05428448725027	0.378554854569488	0.367205361959459	-1.01531948802599	1.34199145464244	1.26996759474306	-1.36352970424078	-0.518470044710704	1.24713279892834	-0.432015345177424	1.17797836775607	1.32988277100896
"MVP"	-0.698981379914086	-0.600372900045111	-0.540346145475421	-0.0732666371176754	-0.432556356550785	1.22428477801133	1.58106371061698	1.27382516575453	1.5116951572853	1.52176810069994	-0.85455750520118	1.40729989014569	-0.596843659806964	-0.119649201183431	-0.354404991830099	1.26907241169593	-0.436692661908363	-0.883296964361038	-0.358888628548296	-0.471203157701957	-0.0699765758963188	-0.665507147784747	-0.121175825394431	-0.640302284241644	-0.0156755444661659	-0.571515144546344	0.0540279521300095	-1.05228713176409	-0.17852359604171	1.38916813153684	-0.194456164115259	-1.02967264758144	-0.578437138233881	-0.591441202970769	-0.923763300871059	-1.23771600951666	-1.15907305452514	-0.212227339620398	-0.586921545969712	-1.15002563521217	-0.842641680866794	1.40966117041433	0.101338712889799	-0.595399384994232	-0.688831149188208	-0.689047329822598	-0.298278105703849	-0.758739743632762	-0.899661582216832	-0.310374013732895	-0.260243362930449	-0.76795872768565	-0.381166622037889	1.32746258686725	1.64008986873647	-1.40638778095738	1.42216278921513	-1.27771712614838	-1.02859602459547	-0.9037985182347	-0.306768426120238	1.52067856045841	-0.337166394554971	1.55067298960653	0.264560368667077	-1.16100496533608	1.43860706376263	1.44913274050508	-0.962565603289706	-1.41379031817235	1.0331168116191	-1.02191311640791	1.52401237237313	-0.898039859198768	-0.414154597325406	1.47880187402531	1.43667723100626	1.42109197622542	1.81026120697489	-0.334666866653056	-0.24293511298811	1.19087025766968	1.15810571233783	2.18576926076614	-0.414174494278032	-0.550306384411246	1.50344656459951	-0.378077494683015	-0.172866323498846	1.37111548703525	-0.705832429765525	-0.551846676432772	-0.856282625899198	-0.52211803365055	1.2203174553773	1.41194227275691	-0.179850217461901	-1.41116482855016	1.9305617036851	-0.642254663221217	1.52594303562022	-0.43252506092591	-1.1446969984553	1.43784940065155	-0.176287369362661	1.30714522769085
"CEP78"	-0.432569585332059	0.874866699237955	0.754802722493191	-0.31808620339838	0.542377803699785	1.02336586912827	-1.49156952226899	0.97063644948591	-0.562032236020309	0.219246090805774	0.0836582900314653	-1.30849234371153	0.435612505281918	-0.254777240201855	-1.58603203642776	-0.911179777429784	0.970634340514401	1.22687181607541	-0.0779408024309967	0.969175845657065	0.311098983263849	0.324814209948741	-0.916356811987007	-0.0883698805823594	-0.102067025740686	0.95622768077458	-0.31977150273857	-0.628145802849418	-0.720152451458881	1.3595541147329	1.36962215213507	-0.360946804328076	-0.655254554015522	0.441811272450245	0.895450874908059	0.782199779336331	1.06879981220216	0.958932680850787	-0.829814060707885	1.00377107037899	1.07065983613568	0.411355692360402	0.193973211630029	0.953605584858655	0.437461945610073	-1.23536319180774	1.59859144995906	-0.281379686361337	0.382645345287979	0.0918502264482756	-0.795808468470355	0.294804651579447	0.386786363424843	-1.21175964167182	0.382080983372948	0.245594558126728	0.787860255888111	1.09133534995114	0.320218077097741	-1.05397436883394	0.457974862072645	-1.53066331988447	0.098108103186084	-1.58317536613027	1.02449539990287	1.38945418023988	0.946551139594412	0.648351445567506	1.00483358819995	1.0338658401085	0.960081806072023	0.214809868960676	-0.358636674639112	1.12986756334441	1.07728150318161	0.8253594368351	0.960521386131832	0.420721793032584	-0.235841956886714	-0.304323720016098	-1.18756175389997	0.382127595242657	0.941506355079521	1.19913581758758	1.24889632422601	0.935181679021659	0.874832711542145	0.0231112095855578	-0.626337182828663	1.04924513006854	-0.827888430740393	0.406384427320782	-0.898829308294675	-0.871255967691106	0.992174161372111	0.943711429792131	0.0105275092593388	1.00251252893067	0.90866532137262	0.8684721982008	-1.44969112111338	-0.318612219480503	-0.241845014149249	-1.41543739801001	0.471645344702234	0.606171718456172
"LEPROT"	-1.1570035169419	0.950947208167819	0.769867297747355	-0.67897619877774	-1.19010396029914	0.0317427871480705	-0.125942332795156	-1.11989380732946	-0.676585579075763	-0.861487114942478	1.07267009976668	-1.21190857614721	-1.32349829414536	0.670228281474957	1.15352561704262	1.10176643486965	-1.27740055703116	-0.42085376438849	0.918879161076725	1.02617490474213	-0.219195930229289	-1.24403445872366	-1.2576280674593	0.2677772759961	0.911438361252966	0.501655976021759	1.11790907981994	-0.0791648831022903	0.190554022532211	-0.926575810871319	-0.0761119936220778	-1.36400155518994	0.99613631463039	0.541052854974453	-0.15042591192447	1.07549726112718	1.71980693417965	0.954727590911933	1.14458279339792	-0.0592978179486242	-1.23670598659584	0.903142576177496	1.04634521130456	0.486640416359306	-0.0462702939425862	0.968219737723893	1.21317104599788	-0.526826615143585	-0.134959819630404	-0.123990323436372	-0.0760104024493925	0.640612387355791	1.07309984852399	-0.128558442489936	0.134753297242076	0.969206467598894	-0.160161300405747	-3.06363984620208	1.04516381855713	0.10678527638613	1.00693406556099	0.996243064509589	-1.10907851402143	0.405049672032201	1.06142083377725	0.447501438426121	0.997849803648685	-0.223721965899897	0.532008550829496	-0.103279479695675	0.408413800030279	0.900337262044899	0.928808343797742	-0.000121180631952108	-0.141543512328583	0.633931814592352	0.990831036180739	0.541610737721108	-1.07372785726972	-1.33221546342323	0.378123599853513	-1.26208351406882	-0.0479809727311653	-0.73038018850915	-0.127407612499582	-0.0903236185566309	1.01209325474035	-1.43842613548762	0.57072720256623	0.913008116209902	-0.3757145078765	0.315164864951238	0.935930251431065	0.5707813625557	0.588084285088365	1.04283907567358	-0.638275005154704	0.0173406964243579	0.984459251737965	1.11989718364721	0.41298448426965	0.273316971025509	-0.62765798851394	1.15250526726437	0.171501735846908	0.508967261051657
"TMX4"	-1.47116654793015	-1.25319207535151	-2.31009003786066	-0.293905098612879	1.40649004482325	1.31148813549671	-0.604077716234769	-0.188314518179263	1.23778904783894	-0.466458617688903	-0.536672739570067	1.73599363996234	1.47264715428568	1.41464849798994	-0.357959559494244	-0.9169639758996	-0.328525767378088	-0.211966423570762	1.30920291660847	-1.02496088908558	-1.14469650479283	-0.667183510277764	1.43279888201272	1.31426728725363	0.964117677371591	-0.441773725794185	-0.635130092002662	1.40293863398553	1.40437988495072	-0.207368823721367	-0.725651783998948	-0.177115694859159	1.16807586378189	-0.737792639454882	-0.0543198609833059	-0.568413439799373	0.263579058014576	1.45230025270399	1.39264201462493	1.29082742740985	-1.08646447942385	-0.692731614292204	0.29281390705627	-1.62893767097791	-1.98061260202708	0.421200694173903	-0.150712010784449	-0.585371429118368	1.27641345368458	1.40747598277776	-0.831034323189547	1.45660135852795	1.42983651031141	1.3954597664446	-0.547621107182705	-0.54048406480603	-0.502577353748211	2.03951500425146	-1.0541868169273	-0.309830867649613	1.27911946806645	1.12934187289312	1.46776659926502	1.41443007559359	-0.327133081897586	-0.535959190026333	-0.428383582380306	1.55216075420453	-0.428437299566278	-0.897523193718032	-0.234795555333311	1.41721503623832	2.20232720460462	0.150101204108341	0.385383861227378	-0.394894200004758	-0.681039238075767	-0.293152271812241	-0.451080501809032	-0.682674083025416	-1.05091333710645	-0.971502976505715	-0.670029307137731	1.2351586356569	-0.460059419637043	0.135041112563528	1.48585558026107	-0.588589524352917	-0.611832387958786	0.682160154185309	-0.67160469113956	1.48332899367225	-0.165793647163472	1.49610900249387	1.25352142660303	-0.61384102079081	-0.607625174934765	1.28470347557477	-0.402459463481816	-0.822023060508591	-0.495160378696398	-0.632755399647514	-0.312854907080273	1.84181996220068	-0.434913774132125	1.35433338134647
"APBA2"	-0.40604311070597	-1.05857242540553	-0.205151382111333	0.0560412569442622	-0.971196848380209	-0.136290946233087	0.358578690723439	1.26754609543529	-0.975536091053707	-0.556149951591871	-0.207989647721295	0.184588065369286	1.15413318303632	-0.324552632634476	-0.519476943089771	0.0481021698658414	1.20816942188029	-0.781116403630656	0.367098374877625	0.911709295886661	1.3718708108564	-1.00725437469991	1.32500634363151	-0.664165697222601	0.421575326073163	1.46780459289098	0.462181241124119	1.05844892512404	-0.944276374190057	-1.50663242494335	-0.246872640663077	1.21719290397685	-0.174322104313195	1.2846999170604	-0.40739298140195	-0.731174333304295	1.90546520560457	-1.10118379879053	-0.137446984422227	-0.26280423294795	1.17865008140821	-1.18944690934318	-1.09050263972676	-0.398618786466869	1.21262350273038	-1.15677276796302	-1.23644634903545	-0.423325816709272	0.577047155579977	1.23461298843121	-0.924314635777165	-0.33570933806591	-0.970819220951107	-1.07735757307056	1.42794044175028	1.44354042323167	1.28995703289736	1.49111028256831	-0.893767614232213	1.39971417607947	0.650093035942443	-0.111662613371543	1.4560385707472	-1.21989161676398	1.58498721360316	1.32197263084998	1.46183275597023	0.092562335302715	-0.784405546917761	-0.436433760294232	1.46000610156855	0.301054639734146	1.04422985368169	-0.429611673280264	1.1411530611938	-0.498665173222935	-0.965044356365134	-0.30436896238307	1.16223298748798	-1.09122226013933	1.09229848994827	1.33649805509471	1.16427488321957	1.71601526480487	1.19445349361823	1.23368786571891	-0.911350500772877	-0.638898776128609	-0.278135606859318	-1.12050179226369	-1.32524067744264	-1.35456541613782	-0.548328633157305	0.692013725719983	1.09098046724616	1.29421427065682	-1.13706417578066	-0.821017706726687	1.40093277986846	-1.15465895990619	0.385813446670235	-0.524139777634475	-0.900119731394876	1.85859411472092	-1.05350691826601	-0.681248094691286
"PQLC3"	-0.607590164253873	0.110717879557537	-1.34641115885439	0.343639830744238	-0.0373566049716153	1.08892454415389	-0.706539608274268	-0.46060593552488	0.183093008361489	-1.57941823872422	1.17023293697911	-0.330872602138599	1.23446815123803	0.0694707584604861	1.21432043743316	1.29414775378013	-0.116955770056176	1.14373712307438	-0.062866608428234	1.2340268692555	-0.783365740893241	-0.705253242145341	0.244985002237818	0.0843365133121797	-0.0847878554365698	-0.376379391896953	0.361516548886224	-0.925317444453898	1.27720992555394	1.44159886616222	-0.888522190507904	0.045678460924297	0.144928442118182	-0.0815987012037507	-0.810132860134385	0.364814288562163	-0.742064843413003	1.19166134255143	0.14747133242672	-0.35957433926715	-1.42488304502532	1.15878037621313	1.24726624197249	1.18424515972968	0.148738494226684	1.24834401044248	-1.81487787362721	-0.371564764481847	-0.214732458227348	-0.00556156159762281	-0.767856747740514	-0.341892962687818	-0.00839710754417433	1.44023908042579	0.252445905241823	-1.33723702926394	-1.31323385859163	1.81324350465679	1.14179693442903	-1.14445084139304	-0.800803386782351	-1.1199065329428	-0.151830118670784	1.24981652840928	0.0118270185915022	-0.787044841666364	1.16043006307647	1.15531386557147	0.301557134695582	1.11597800937094	1.29873231921566	0.598693931203091	1.36942644242037	-0.232349077815898	-1.49014858761656	1.20326433215913	1.26757366622	-0.783905414800474	1.1268171194114	-0.470535568055328	1.14583940154769	1.10474255168961	-0.228281235924448	0.700222556279118	0.737300949182702	-0.329474512305138	1.17195912591391	-0.829004954302918	-0.509138218783073	0.284484144626895	-1.76728105743041	0.406765441098514	0.155548221211164	1.2169338751783	1.11253790958824	-1.37107849482483	1.17515259596269	-0.259351597987207	-1.0309910960571	1.1009435870118	-1.484411491858	0.104483774835192	1.24211362752753	0.317412989898521	1.22446505252167	-0.786626401902966
"RALGAPA1"	0.596529861216378	-1.02841331720683	-0.967472689095377	0.612269407430925	0.359913796622516	-0.122189845639802	-0.942669670053943	-1.34127366066175	-1.72636316414083	-0.634324238762101	1.64470892692645	1.16175882584843	0.247718402356227	1.09144000018116	1.36048347327852	-0.733478923388453	-1.35812364651447	-0.690585131962837	-0.602119697494642	0.168080865460798	0.323263734210059	-0.883381534409641	-0.807598631445622	0.767759267453161	-0.655468516962719	-1.57649542209766	-0.494044930604955	-0.396399935239728	1.75698333897204	-0.79468736051146	-1.37632720040231	-0.465793957985669	-0.836752957310053	-0.960869217449102	0.646347865818298	0.946762143456586	0.0909353535647628	-1.04588721588777	1.11971969741231	0.00515127758894209	-1.25584534643634	-1.81690863221579	-0.746907773722793	-1.73798513025656	-0.563829928415056	1.33090709481473	1.30438146250957	-0.616249696316597	-0.433081688928416	-1.71792723743481	0.123368231320576	-2.14673647952009	1.24407496971862	-0.739971872124301	0.939641303904935	1.63561309119659	1.29548596269143	1.04902457170574	0.189609869676602	-0.648473813781566	0.775483270861468	-0.311620070707314	0.238584678883	1.65255028778438	0.225820506077112	1.40390956140154	-0.588017947353703	1.70269014992241	-0.329051709128164	0.262368084107541	-0.729771085248752	-2.03853836205412	1.87584197508066	-1.15624907555073	0.593711039773296	-0.965151535922366	-0.499618193044007	-0.0558754277790459	0.667645500998628	0.0018573825060736	-2.25516389201517	-0.188626182501248	-0.885946015983995	1.87281177575791	2.46415401861031	-1.51618696320755	1.44886735618558	-1.84689198674392	0.025923173605206	0.638193355820898	1.26750413833044	1.53207214274328	0.254292156390466	0.379361571644687	0.333535349461452	0.538640327320013	-0.879465567481081	1.25198462048985	-1.78838369797444	-0.937431743899735	1.42265670089419	-0.0449036930592666	0.0589807431012186	1.55879968082738	0.258600587789253	0.525888317861247
"INTU"	-1.11487421298782	1.0901477822383	0.0430096630301424	0.391807881559381	-1.15010998356045	-1.16724752971914	0.10628416313991	-0.739069606344111	-0.822889747825371	-0.114872336896445	0.737343372045151	1.1390269243752	1.03944709448212	0.110830374174484	-1.05542486187366	1.08467401636965	1.15656678812313	-1.98509255869034	1.08924077906886	-0.583646514779597	-0.858480877692842	0.124588031936235	-0.379541394962506	1.23486296792047	1.23829808108693	1.04038094438497	-0.11175191214573	1.12405977333489	1.2702441813087	-1.92127029650422	0.657775474893514	-1.03223764017226	-0.341334211628715	-0.323199675701648	1.06029905182249	1.16202011694851	1.21831348864226	0.780183674318821	1.17807099241275	0.416921389477349	-1.13181843133206	0.422362662413796	-0.139022980370554	-0.137572156404886	-0.393549215144652	1.04176969372088	-1.76281283272871	0.712346184314097	-0.148253503579601	0.443091281684996	0.514578239981317	0.525046522418694	1.23328973829013	1.43342668830899	1.08237885805619	0.613384198382003	1.35110893076542	-2.59122206399313	0.098637341716518	-0.698250109113267	-0.871807160493321	-0.820060977733302	-0.727082148196765	1.12379393141194	1.22830968153149	1.13048835237593	1.0141849296064	0.341946048351422	-0.667419158098181	0.65951318873353	0.347634633118089	0.424861557162606	0.162495570213228	1.05233409292558	1.08603639383962	-0.985779704660577	-0.674284622588375	-0.317332153762803	-0.336160302607943	-1.63900761935232	1.03036797015652	-1.13689320372947	-0.860615940777191	0.797863193063652	1.2156799184916	-0.0344424300597657	1.28546584354471	-1.33631299785951	0.606727278922789	-0.0618408047107953	1.37230265458409	1.30888286935525	1.16495840265036	1.02529042060714	0.136322212289732	-0.795949677271342	1.07994334385535	0.915340728727532	-1.19403345299327	1.33327730630496	0.629309485389102	-0.959426800045658	-0.0449286070813746	-1.30100365389957	0.29773042264666	-0.0558257616346483
"TTC26"	-0.401004246529725	0.43659740328489	0.998903350786421	0.367417185825419	-0.868194881202217	-1.26559676559592	-1.25495062500927	0.150717238335021	0.973168895466511	-1.39452504744754	0.515683801041752	0.568983640444128	-0.606528058764877	0.657147634314707	1.18346303461584	-1.0793284460393	1.19552513136892	0.729613403203267	0.663477037305702	0.263344706621192	0.616326318552186	0.565849521020643	-1.04171389089766	1.01796342688566	1.12670934991028	1.2436531721823	-0.834200289166715	0.961848036899328	-0.623833806547954	-1.44189954484817	0.139274123831635	-1.06687471468682	1.14658414495212	-0.942479756231742	0.56253859254713	1.17212534918505	1.1991710143699	-1.0305069073881	1.15778743385738	-0.070121258358968	0.0218424497710961	0.0197380728448468	-0.892792654778751	0.0740810819682093	-0.0525702870799889	-0.0891889229247574	1.13533355523525	1.00478282377314	0.617965795937818	0.785468776557315	1.07325097152073	1.14033302883963	0.554178762205861	-0.814256649677165	1.03735028372267	0.369034687164845	0.544857477221784	1.23143443396351	1.00635842853773	1.14512825365562	-2.1214830780819	-0.400622871265797	0.68044814070601	-2.04073013980055	-0.539839950768535	-0.157393859215147	-1.92194107584166	0.293531997015641	0.950457214086153	0.0188999431124825	1.12719148029688	0.14089213790899	1.19246009149731	0.521259196971281	0.992316567726181	0.953982262102878	-0.673265514540652	0.231607745421557	-0.882095460165532	-1.76506306915313	1.16677636365358	-1.13294223829537	0.00659716005605705	1.10657758067744	1.15035936714353	-0.0682418002559414	1.00893728133311	0.985782919868048	0.662131365297024	0.395945939665518	0.97161180805897	1.16834779362386	0.623412327579753	1.16198066830422	-1.23878403844138	1.04237193483999	-0.154842185912703	0.532939038039337	-0.796326865263049	0.15025193582359	1.18314277408569	-0.206744134902722	1.16804849487764	-1.66610306847635	-1.12659283180496	-0.435318152529706
"CCNL1"	-0.0578461458436275	-0.253471072460342	-0.297989701236912	-1.53942895105667	-0.665710096679844	-0.0556302129866753	1.36267952109928	0.176936712864881	-0.445927154335197	-0.744289689357508	1.90911699352951	1.74446964572782	-0.100689478782792	-0.158182493418584	1.93746139256814	-0.909360271080316	1.53518284486338	-0.791572573572686	-0.549522400575682	-1.08641306567964	0.830362060105731	0.565254982720571	0.554753297987519	1.0545664625695	-1.28147877742345	-0.365146158027856	1.25346893306638	-0.25937025214658	1.41281907894396	-1.54910852842099	-0.542870735375815	-0.46385297072344	1.0164605512959	-0.980250269558116	1.20532571314564	-0.0818294281720504	0.318280454520794	0.900609981971774	1.61847994821094	-0.567128417684504	0.666991713829328	0.812850812274074	0.932952514133615	0.137243581077714	0.0150934382384364	0.836272494879614	1.92477184754708	-0.797013478600214	-0.663565866688596	0.275943059162674	-0.641088041485888	-0.512304464264892	-0.872004405063926	-0.472338058895125	0.874938673285953	1.58911086958266	1.55347436396582	1.70721446241712	-0.428555096178405	1.28133723721497	-0.758538717202231	0.0738800293607972	1.72389474192377	-0.0789775868705087	-0.363617517263984	1.30503827852804	-1.28245695902836	1.12818268106387	-0.480167229140411	-0.836931948348294	0.777084119682631	1.2133180786332	1.9233153972105	-0.150053483743843	0.944161665012967	-1.13693064798374	-0.225497181668619	-0.863749219110549	1.11944431941941	1.82883403203827	-1.10682862615806	0.00919529084685196	-0.991851597768738	-2.57769411935881	1.26019091608979	-0.947322907519779	-0.239167574030437	-0.681377363598588	-0.0608116533429281	-0.491159199958911	1.89261551355858	1.81462355301019	1.34287073754412	1.28920499176517	-0.731771170471117	-0.185937854142779	-0.438025635161845	-0.0874246401858112	1.70468465995346	-0.383231833221304	-0.627861388911544	1.35125485983004	0.997316055587365	-1.0718172731884	-0.604597792890594	-0.648689561382098
"PSMD5"	1.27715941469054	0.422431880260753	1.13452072235292	0.264291137686594	1.14849231685873	0.965094494395289	0.443419158593239	-0.154113299456137	-1.31850237764454	-1.16488274486678	-0.0311261551742234	-0.330704879350105	0.909209211383475	-0.332199538765641	-1.01098644317269	-0.242263501773735	0.43767396117627	0.436294699411607	-0.433572326374395	0.333569371920335	-0.78552903212552	0.645591188258565	0.114801392569597	0.763093700396097	0.445083955288617	1.19912235104151	-0.71568515208311	-0.102754486089656	1.29551710480242	1.49080227461208	0.799590821962626	0.474219201631245	-0.624576852384472	1.2124170636343	-0.247568405300153	-1.15640221215077	-0.181066620043074	1.22837518414718	-1.42725826804529	-0.285183574151177	-0.550977345159643	-1.12483460633905	1.3994646977034	-0.117150341638543	0.353192003899786	1.10977235396598	-0.939914731239142	0.3438379907749	0.449346800208716	1.01973741594585	0.357573579549949	0.581028041268781	-0.552312729739289	-1.53465534612492	1.29018847110729	1.33107724339868	-0.436671709585344	-1.90796570386701	-0.486402080082507	1.1911094593991	1.50057660231864	-0.296768428068509	1.44134271666495	1.1103528670785	1.2670185214057	1.2601182080819	-1.54317604097535	1.04708423734781	1.19338672958756	-0.954014203877704	0.604775143209973	1.16764395418117	1.30393043945681	0.424106407126352	-0.443815815381363	0.533078589916073	-0.523523195724643	1.14074498984511	-0.503110517549722	1.14421923934331	-0.388269901694895	-0.447150875204109	-0.705270895948803	1.64439650351207	-1.07888204703916	1.24043492963309	0.314017166470939	1.35508184135478	-0.449302966143079	-1.18069222621795	-1.32646178931222	1.24515879589138	0.48414181974132	-0.00119893339747979	1.29998247970739	-0.367424683171273	0.158229555083122	0.474223761499673	-1.11825544795554	-1.35195276061764	1.19217328358304	-1.35298481885882	0.399596167281526	0.521081152151011	0.208927050125601	-1.15581855930317
"MAP3K2"	1.29511591416005	-0.90260491438715	0.135045590440385	1.06351486360817	-1.07339798000333	0.890150250426089	-0.651484832823432	-0.599634937198436	-0.0974724343229417	-2.11577016746875	-0.900875320428472	0.215119921821223	-0.412461690594332	0.000599422723949601	0.881312911034392	1.23648806252573	0.167132154675106	0.183977162966963	0.25832628223483	-0.284620419338081	-0.171015739183615	0.939699182302778	0.308670984949806	0.5836097326458	1.17808641496965	0.972119725370963	-0.558490111214117	1.03483630169634	1.19713060416055	1.02199764964191	-0.742379966372955	0.466254015604273	-0.465140101532292	1.27498188078281	0.47012549063161	-0.558030519803714	-1.98668684306445	0.135840332699259	0.282127010154201	-0.473200139347013	1.1273437036085	-0.685545276428344	1.37603378566133	0.34243801468646	-0.389961624856554	1.07254784155844	1.05222103842336	-1.56247087709975	-0.183028942381937	1.08968840497884	-0.617221469777042	1.07352140150756	0.121552491781833	-0.180155193629081	-1.17547348518018	-1.18263109788613	0.0861565021555886	1.04199915366095	1.08389020922151	-1.46647003985745	-0.454094481853972	-1.02151327741936	0.271445565436319	1.3331620441555	0.265265186127794	0.357613181710612	-1.92425277882612	0.23910326387125	1.0319037415003	1.0394360183578	0.957760612712988	0.301172018607883	1.56066979412449	1.01591662916715	0.393816532722925	-0.389575921212669	1.33335651575774	0.9121981517456	-0.378912794562428	0.698317633252623	0.85548172593103	1.14295496832518	-0.20708960882945	1.68278824440196	-3.07824650262747	1.28966170352742	0.0866874335081867	-0.466584895083393	0.0663704242894077	0.261742077086501	-0.500145012878212	1.31251843275644	-0.236839748502897	1.04634463022132	-0.158202640590816	1.32031784187136	1.19626520712793	1.22251789518422	0.0431660798345742	0.937675592392824	-0.0742409739087551	-0.053813099848867	-2.84225103206371	-1.14754198152655	0.152596067230282	-1.04259102062645
"DENND5A"	-1.10752979207129	-0.672911678747108	0.742454498337354	-0.927405542998846	-0.0839923239855654	-0.53436918042819	1.39018462001562	-0.705041721674072	-0.0806359867317682	-0.178844331813219	-0.302146550545309	0.569517186800493	0.4556161688739	-1.08116227447191	-0.386085452732913	-1.12724240117148	0.279493236395599	-0.22004918669369	-0.135573411423483	-0.919781803477051	-0.0161218553164713	0.0226744068523041	-1.25850373335424	-0.381228888287158	0.833699924512979	0.0112442912034701	-0.0697550408583081	-0.0190526130426177	-0.389697360842535	-0.402504489143572	0.514482989306224	-1.15121883265025	-0.0895437608237065	-1.22095201425677	-0.13453612104056	-0.229969517761402	-1.79653532974959	-0.263084643457802	-1.1604183731245	-0.329117881501559	-0.319670774854426	-0.76438674483205	0.0602082195931174	0.652211613299588	-0.600502076874275	1.11260150377913	-1.25001378009072	1.16574599540223	-0.857302793652134	-0.360669338633954	0.170352600726115	-0.826507889527968	1.31500274249899	0.893435296870099	-0.0207051694820524	-0.523515183496636	2.11363194904858	-1.67491713356726	-0.226965100515492	-0.787406038188291	-0.105093166590704	0.716874330955246	0.273556203922058	2.96703713376501	-0.534014975597784	1.12661536723991	-0.333220970917615	-0.248472644723478	0.714126400432904	0.922921004147955	0.58312530449675	1.38012831725002	-0.639773623764557	-0.274801301160475	1.18281300424785	1.30031802551668	0.627057415571404	-0.348369767778015	1.20720794208478	-1.18696238607831	1.38599361247245	-0.290730994537971	0.550345469693732	-1.07585659204135	0.665988538540382	0.03430239409476	-0.0301956501598565	-1.30280417338198	-0.0452140521635368	-0.353071420843176	-1.47252128020063	-0.752641079061011	0.564033682961264	1.49869780975934	0.508246590152661	1.11649915940304	-0.0692211792213917	-0.467713188371648	-0.647906418449025	0.82445754882956	-0.742367347246769	-0.448701899451498	-0.547493666353529	-1.08473405364334	-0.117888334642597	1.64699820642865
"ABCF2"	0.292440056730267	0.270823826815361	0.708064826128913	0.704162723647845	1.31928288972601	1.31279704284533	1.74969165343268	-0.258491619642801	1.28503301707761	1.03556369595371	1.12085401620335	1.03759061642289	-0.450288817986346	0.521738543055079	-1.24804213837701	-0.891965968101908	-0.947042172861456	1.1993382510628	-0.459914463961196	-0.0428103866694946	-0.920605747656396	0.78186287871953	-1.12835187058621	-0.408609937164187	1.14675626129073	-0.292761613643871	-0.572044827058449	-0.499137458483097	0.953437099279351	1.71092656367264	-0.152813059260722	-0.86635254365068	-0.911421565410618	0.85653956334704	-0.808794405354871	-0.49580006875601	1.10885887959379	-1.2363298648022	-1.04445026520449	0.491939339553004	1.24979742199491	-0.47719249873031	0.0353420234855756	0.0670680141405948	1.34218560602325	0.0251471466536865	-1.13262631423635	0.0405501204213127	-0.520818653754928	-0.0089134923224912	0.810368899410588	0.276426793310775	-1.07292445453372	1.35088564109748	-0.230326126801913	-0.21787967164808	0.200653753080092	-1.94710590398632	-0.952622797430167	1.21914618230246	-1.0608117059636	1.44082719074331	1.23725754907857	1.51285255794842	1.34317198875495	-0.482651560729167	-1.01324886698451	0.4413662916268	0.0749767900605307	0.0915204089154945	1.58769434550508	-0.857814783902157	-1.46194450517943	1.38344943858043	1.40091286908732	-1.03783315797612	-0.539066799164618	1.14811787957518	1.06084397435617	1.31170115121174	0.11197769566003	1.25470872448527	-0.699076975210678	-1.19606859894894	0.289784741754345	0.562084389480723	-0.139010619875953	-0.251915111204516	1.04629790855309	0.556307714956598	0.356145395816499	-1.1010634680541	-0.641586352739003	1.52980512634962	-1.30026690787712	1.26290054416476	0.101987464327891	0.637688654351546	-0.565647955021191	0.207666601766095	-1.05706999109959	-1.03759919085534	-0.271393762516967	1.31454922427017	1.26514173957811	0.420188460956517
"DHX9"	-1.23456297462878	-0.229004000445544	1.75128575770179	-0.215052666800528	-0.776910873053775	1.11483948533036	-0.919762068202095	0.59941656101642	1.66851588406788	-0.159893527882627	1.76405971584141	-0.860167139634442	-0.687689706631392	-0.200443103659417	0.616625786934972	1.21925612556095	1.1730524025707	-1.10236365806423	-0.147158518039319	1.40466520985619	1.24190045446105	-2.08537250902193	1.09179094212401	-0.954158563767734	-0.47827992457615	1.04853166286623	-0.0940412402007311	-1.65732261600678	-1.12744133267419	-0.87067259090076	0.128782893801524	-0.152545614764483	0.106133902538321	-1.15081082511954	1.01925552338164	-1.03238481125313	0.939149443971896	0.532427848653391	0.901719900083087	-0.811788011721767	1.68714943086402	0.0375597109018427	-0.569136235655602	0.0679702100110081	1.4559540009654	1.61518270142186	-1.64923444198459	1.11578102412098	-0.806120540661485	-0.523824391248824	1.4574924501032	-1.8473299653564	0.27383327065723	-0.659828418940704	-0.0275348756608149	0.886284158354341	1.73403585717241	2.40279295269719	-0.734230172468278	-0.214160264160827	0.112828036419416	-0.1322545325279	0.26026435602581	-1.20207178790744	-0.412256489861078	-0.0807117210645907	-0.394771300740378	1.0472126916518	0.0739283962444568	-2.2284191088666	-0.932526004790792	-0.36774557341611	1.50092326700588	-0.00658260071831014	-0.498120630629518	-0.0786508352717237	-1.20227407705033	0.394857948189968	-0.0791249378843148	1.7479351610459	-0.740809656651242	1.15891486160095	0.929430487324704	1.53967630088857	1.64536165014683	1.10949053242594	-1.14541058400029	1.04105723371408	1.32634594170464	-0.691622269005279	-0.199154589092765	1.8090719595219	-1.2628714090171	1.47672676954013	-1.10870281990204	0.682143631234169	-0.197038665510327	0.113372283259694	-0.666557638115876	0.0353528365958862	-0.899130000374791	-0.0816272336657506	0.019596920225807	-0.392963456347524	-0.347818595141174	1.63485537446786
"CDC37L1"	0.0847164667275	1.33962948861542	0.0453190971770036	-0.227193008672424	-1.08787893670555	-0.916626954557915	-1.21887237422735	0.268794803396729	-1.20739598904404	0.562600395617709	1.42367561373995	-0.929974782022492	-1.10631150395625	-1.20879504012882	0.223444192202855	1.53601083652888	-1.31599700712056	-1.13878056311934	0.0659532901671915	-0.967694276558394	-0.137052776646485	-0.107127423674654	1.54624466783822	0.205086132944504	-0.126278347819105	-0.349670599064016	1.34958749655612	0.477663935877364	1.55218325731884	-1.45458550191703	-0.544589885530616	-0.747528121946408	1.39029600402542	1.36424327990536	0.144169293401661	-1.02957026606412	0.416981242494407	-0.616834211289271	1.41990174619607	1.13168326240493	0.934636811403975	-0.363763740529712	-1.30504375132779	0.211756204942351	1.21707414657292	-1.15308912000032	1.64270205253263	0.0500198385491774	0.277882619557496	-0.627408113092465	0.449628049304167	0.426709894601446	1.39782183825621	1.3508574579063	0.41308357980068	-0.138039102234838	1.40576028833218	-0.0531305014496873	-1.02139754277939	1.24285307646962	-1.0558153368399	-0.354223831055458	0.142424052972869	-1.66579489848916	-0.0470293708460732	-0.182447015234899	-1.03803757958486	-0.404760190277516	0.0875603447955674	1.07340429978768	1.0252202104423	0.212312777685708	-0.88342533730279	-0.435223763428166	-0.4708347460316	0.138838974766729	-0.498753697577525	-0.519037645258445	-0.0323680574573916	-1.06652069263368	1.37923231157046	-1.08226673541282	1.05640577597619	-1.49252552944524	1.36525934840724	0.253869519610904	-0.954399341763983	1.54643151775227	1.39745301905564	-0.22632399432461	1.37533365959488	-1.00135016807839	-0.981496262753126	-0.50058423042272	-0.952824395318305	1.41479284121023	0.464873090344204	0.503532349565589	-1.03516141954963	0.139310566293948	1.30517470479057	1.55824387403476	-1.23953533910453	0.225091514091282	1.26604096326013	1.10840937706497
"ADAM10"	0.470780087736754	1.64353450400783	-2.11762257152816	-1.74524448219878	-1.21074185491083	1.9713133405548	-1.22307317683165	-1.62782542336302	0.352961248027497	-2.23218019747194	1.72148711192739	0.259925111981009	1.10879514887757	0.354135273862171	-0.0473841650771534	-1.70268415472007	-0.182131955828133	0.949999079007573	0.0337801664994605	-0.130272442935092	0.049360524011634	0.0307633713313142	0.2480716129574	0.403343302375578	1.26290714321472	-0.219145821745359	-0.222768044417848	0.842498116313159	1.19365885077811	3.17935392986936	-0.269712300989646	-0.534284145262558	0.855192424356738	-1.04101099057737	-1.18331412035898	-0.115172151907015	0.230726070022134	0.246880851790662	0.0439066648177154	-0.189019855560318	-0.552052769842909	0.477633658061567	0.471327777315082	0.0274978009884044	-0.577103829830392	0.539301602298031	1.67509158302261	-2.05841782549015	0.807318629366105	1.37560302315511	-2.00077732695466	0.168227332253179	-1.23540608049314	0.326415124160366	0.61760866461408	0.536117611736048	0.218232239285707	-1.400743565976	-0.974612897599101	0.414820304435833	1.89484719499301	-0.51007254321283	0.424449816333381	-2.47394584819311	0.0241452205539373	-0.803498663343081	0.641622739788135	0.255203543022043	-0.437804973694859	1.213193477025	-1.8921660583754	-1.3028613619234	2.60363650182674	-0.701486052886641	0.303703465510277	-1.01362122810293	0.96178624878657	0.0620391176567915	1.10522409300031	0.416076070415182	-0.98739652734871	-0.198041109509576	-0.228803438287894	2.62379111046097	0.960035124109477	-0.0527861169481365	-0.560051991588602	-1.44349519928697	0.577859511306653	0.24650155422207	0.00133809501110369	0.799015778579248	0.568460518308679	0.143141844202787	-0.107798796600976	0.32438479508918	1.15815477237814	0.347000384736579	-1.5595514041211	-0.21088881484268	-0.195353548686623	0.102083759172286	0.567771334896513	3.05044589615012	0.0759248700590872	-0.547272832652418
"STK3"	-0.144406618889599	0.406727991718557	0.414197753344343	-0.707590094903898	-0.948222719822703	-1.36059485152356	-1.13319803742792	1.15791666739316	-1.47600941737812	1.11489481992982	1.20695839195695	0.332776747687586	0.184341596942188	-1.02259060957285	-1.40428674963687	0.359926382141225	-0.936020636186342	-0.810467385434665	0.397975326467876	-0.964490884052054	-1.04019404940095	-1.02812147958494	-0.319349973344002	1.12183507504807	1.14924253711794	0.0455265006983531	0.21467722911674	-1.01814467855203	0.327839262731065	1.37373410515228	1.10915555663735	-1.09352428900518	-0.904606133473108	-1.37042119578609	-0.0857999429051608	0.127680157113974	1.48218472240601	1.15362291111042	1.15732431602378	-0.027743426165805	0.149060258299582	1.23577951372948	1.23392924009441	-0.00171025527770248	-0.620368625906463	1.24414300832118	-1.27462111801056	-1.17621285512574	-0.580648951637644	-0.865994251645298	0.498150643456267	-0.256593113249949	1.18404192520863	1.20161202052185	-0.669390018686637	-1.3983748542891	1.23583314232404	-1.89950817839832	-0.354095390433424	1.25279845080285	-1.40268565792966	1.16450046091607	-1.05586945833899	-1.02717103701231	0.211138009630554	0.0661985289879382	1.18515148931018	1.26838435549716	0.43047607019628	1.13972485526818	-0.410365593918472	1.29035810499679	-1.11613772874086	1.1534845903779	-0.104690790712557	1.18624307853428	-0.199015717846315	-0.373851742294829	1.17679682363455	-1.126527281434	-0.450817834403023	-0.619947997076931	0.71830241979955	1.64002295698538	0.463777271236899	-1.36891699729982	1.21667390998885	-1.47969852682003	0.359033058993188	1.22942856937978	1.31107317295882	1.0786155565922	-0.406627755217235	-0.105577768136803	0.320433382971047	-0.490481378999174	-1.08880506551772	0.325798131076832	-1.41409506298496	1.20926804379672	-0.0719658660452513	-0.250750555900082	1.22354537341493	0.368791896438053	-1.39258440835906	-1.26284176747925
"ZPR1"	-0.616901169693178	-1.22408108000083	0.340652802483589	-1.03897896407835	1.21621529687726	1.29099775509484	0.392547334281647	-0.698311111047496	1.21513714505459	1.38584806971535	-1.33634118521525	-1.28650220336824	0.0378820697952313	-0.597049332920264	-0.0865024614892755	0.312530896135673	-1.48852318902139	0.158182521102495	-1.0536692321412	0.0938707628323874	1.19057234226152	-1.12357064747947	0.3419933474709	-0.0638149378830557	-0.797823851079592	-1.25142380927091	-0.805837784986106	-1.08248571673177	0.258167853947195	1.42178731659866	-1.29897984563269	-0.582632556952366	-1.10861725823826	0.0638952558835249	0.0764801278499415	-0.364268474145527	0.192963386694548	0.0232292649988198	0.770069530826707	0.650632501852313	1.30192488309416	0.539879583438564	-0.397837394200265	0.115760974475561	-0.451914222327925	-1.21195821574606	1.26316355010501	1.24291035373987	-0.354531720207508	0.347858738463279	1.29409903491009	-0.365923270202962	-0.698911900837417	1.3098308649495	1.19214045677153	-0.504988138691533	-0.284616007321877	1.76575232830432	-1.21372779323703	0.0870958336598463	1.30953961720529	0.342599190809609	1.19412330094187	-1.43816308284403	-1.12261036705867	0.325858178398064	1.18437295249773	-1.27491448539083	-0.130790540046776	0.299884955936479	1.26526691278584	-1.1410894803896	1.32701524891781	0.042946018623112	0.0981729711374138	-0.0228144389389036	-1.10735208251016	1.27360579930316	0.145051351177538	-0.970952620747954	0.345155782066366	1.21207709007122	0.168362117884445	1.30749241267147	-1.14654122052794	1.32170715831232	-0.948687956113797	-0.832551832538707	1.23736423152565	-0.733312417795292	-1.25065453636183	-1.00579322522386	-0.519238888493399	-0.139792106688836	1.29013307861493	-0.397708345665423	-0.00590457613643708	-1.02372722173019	-0.268477980793662	1.27873278910364	-0.95213339602953	-1.24141073520497	0.583937478420078	1.35563787090716	1.25282811902071	0.0913251615185181
