"cHL01"	"cHL02"	"cHL03"	"cHL08"	"cHL09"	"cHL100"	"cHL101"	"cHL102"	"cHL107"	"cHL109"	"cHL111"	"cHL112"	"cHL113"	"cHL114"	"cHL115"	"cHL116"	"cHL117"	"cHL118"	"cHL119"	"cHL12"	"cHL120"	"cHL121"	"cHL122"	"cHL123"	"cHL13"	"cHL20"	"cHL23"	"cHL26"	"cHL30"	"cHL31"	"cHL40"	"cHL44"	"cHL47"	"cHL48"	"cHL59"	"cHL61"	"cHL64"	"cHL65"	"cHL67"	"cHL68"	"cHL74"	"cHL76"	"cHL77"	"cHL78"	"cHL79"	"cHL80"	"cHL81"	"cHL82"	"cHL83"	"cHL84"	"cHL86"	"cHL87"	"cHL88"	"cHL89"	"cHL90"	"cHL91"	"cHL92"	"cHL93"	"cHL94"	"cHL95"	"cHL96"	"cHL97"	"cHL98"	"cHL99"	"HL003"	"HL005"	"HL007"	"HL009"	"HL013"	"HL014"	"HL015"	"HL021"	"HL022"	"HL079"	"HL145"	"HL146"	"HL347"	"HL353"	"HL357"	"HL367"	"HL368"	"HL370"	"HL376"	"HL378"	"HL387"	"HL398"	"HL400"	"cHL124"	"cHL137"	"cHL139"	"cHL145"	"cHL149"	"cHL150"	"cHL151"	"cHL155"	"cHL157"	"cHL164"	"cHL167"	"cHL168"	"cHL170"	"cHL172"	"cHL176"	"cHL178"	"cHL04"	"cHL05"	"cHL06"	"cHL07"	"cHL10"	"cHL103"	"cHL104"	"cHL108"	"cHL11"	"cHL110"	"cHL14"	"cHL15"	"cHL16"	"cHL17"	"cHL19"	"cHL21"	"cHL22"	"cHL29"	"cHL32"	"cHL33"	"cHL35"	"cHL36"	"cHL39"	"cHL41"	"cHL42"	"cHL43"	"cHL45"	"cHL46"	"cHL49"	"cHL52"	"cHL53"	"cHL54"	"cHL55"	"cHL56"	"cHL57"	"cHL58"	"cHL60"	"cHL62"	"cHL63"	"cHL69"	"cHL70"	"cHL71"	"cHL72"	"cHL73"	"cHL85"	"HL001"	"HL002"	"HL004"	"HL006"	"HL010"	"HL031"	"HL032"	"HL080"	"HL150"	"HL356"	"HL359"	"HL360"	"HL363"	"HL364"	"HL382"	"HL383"	"HL391"	"HL393"	"HL417"	"HL419"	"cHL136"	"cHL138"	"cHL144"	"cHL146"	"cHL147"	"cHL148"	"cHL153"	"cHL154"	"cHL156"	"cHL158"	"cHL159"	"cHL160"	"cHL162"	"cHL165"	"cHL166"	"cHL169"	"cHL174"	"cHL175"	"cHL177"
"EEF2K"	-0.81147610541211	0.367034865734212	0.556400297515811	-0.645622175042286	1.31406141060206	0.472541107075327	-0.673556479707606	-0.630172032052457	0.609316775224814	0.610897308466184	-2.18808746802578	-0.197822630240438	-1.65300924335214	0.307509024670995	1.51371761501013	-0.0458051123617963	-0.858797670787897	-0.593459738986749	0.909127561462459	-1.58156489174225	-0.40476996443332	0.339224479736979	-0.743186449739344	1.63030763001905	0.0488138404883458	1.26887693550797	-0.434025765109404	0.130886600820452	0.064251290060226	0.340771786005062	-1.02573576943303	1.56951650605053	0.36053556096131	-0.272659573796761	-0.226722223845596	0.250061439106091	0.356452688970324	0.40707230721429	0.401700525393536	0.985419470660547	0.518257549697326	1.57443421784508	-2.02596492316	1.49678308254197	-0.0588845929830114	0.907756474010681	0.243289637762309	-0.383013587549174	-0.365323432891064	0.469256538727847	-0.239774138511806	-0.312265221816713	0.473464652756226	-0.562626254232642	1.92511250327355	1.53482854470117	-0.411241181276363	-0.485767020472081	-1.55493924193645	0.709447868565178	0.113226324384759	-4.81026914743986	1.2482275903012	0.817667150078275	1.80055220408227	0.933831837576051	0.430910278757937	-1.78260286786398	-0.0536646816749372	0.215369698815448	1.74686528472898	1.39222900037466	-0.0732404830442909	0.056821835196069	0.831151339695981	-1.41785422369012	0.0876262875258093	0.251423483541607	1.08295332983249	-0.653192585757457	0.450421058093767	-0.901004390154561	-0.338108251580572	-0.847412779533914	0.252064696112575	-0.314879193654167	0.968747687785689	-0.826402572896154	0.732745763169164	1.18114660200693	-0.409655010583774	1.08036572822132	1.11427332707076	-0.411694811594651	1.10334396607217	0.431182891927816	-0.108496210546095	1.54825298443577	1.66311186931223	2.30366324974324	-1.09257873260514	2.03852786683473	1.14528625212407	-0.97880281166232	-1.29069524690188	-0.454860437512716	1.18040611569253	-3.10247938711644	-0.442735515392348	-0.638924275293408	-0.856236153107401	1.6903526071725	-0.845999400437681	-0.0926538995182705	-0.0288199893476789	0.543488531688358	-0.0300584513210152	-0.879687771614835	-0.54659902189573	0.447687272074783	-1.2724134207426	-0.374049692447634	-1.22777225053633	-0.582873694377064	1.30108647182999	-0.55486205167788	-0.909737113265788	0.872900104095478	0.107160978001253	1.67909348030744	0.784805341831385	-0.747350095960958	0.366176897644983	-0.485634572492085	0.100048225579915	0.0974650217864608	1.09794301980583	-1.09025582684008	-0.119983858618444	0.0913826780246645	-0.201708331348265	0.626132430261897	0.667585576047307	0.978848043138965	-0.298785221062616	0.303391683478502	-0.172446564777773	-0.327760354491853	-0.0671789729528387	0.340540176627319	-1.36639277546937	-0.36028693947879	-0.884949766793096	1.36765019152131	-1.56958952075556	-0.353784746006067	-1.35656100769863	0.606482336503178	-0.367465279628627	0.334432610832571	-0.8708100391411	-0.354349317234677	-0.0600851043018714	0.055224154227106	-0.398048468232955	0.0338008042377536	-0.626278680467604	-1.24533514518732	1.06348781458261	-0.384007855344576	0.780807653178808	-0.257986979833491	-0.710934311707818	-1.14375540556815	0.698840658810554	0.0688671642156851	-0.220547804364271	-0.879218067832628	-0.999860661861586	-0.180181648081762	-0.798461089483334	-0.2059191177267	0.998169469698956	-1.01010655018599	-0.578887903812717	-2.63380263193215	0.892924835024886
"ACADVL"	-0.168155480054816	0.50167799437287	0.169288108290532	0.297135416300021	0.322428255705969	0.987337574495787	0.106561766149834	-0.825836354360748	1.22431758183696	1.02375742710353	1.33832658212398	0.690775011195047	-2.15716988129116	-0.380612821097484	0.120210674296258	-0.331514401219699	-2.21681329460676	1.12538810490272	-0.668515183897703	-0.324076323426599	-0.56972344822472	-0.388488232358785	-1.04839059144961	-1.06345352878367	-0.794732946273952	0.975013422077122	1.44388770238688	1.16181487694152	-0.865470688409106	1.40228380294158	-0.0791992709539632	-0.486441901898007	0.396596853404702	-0.207972815199058	-0.53605978327677	0.218839648989593	0.490810128860849	-0.291415975964908	-0.515013687606575	-0.523605802794045	-0.116352739682284	0.836766812950624	-0.753468996342562	0.208618421104018	0.764414246244277	-0.132240000938572	-0.840214512737519	0.378691407413035	-1.4204165373667	-1.14046328291978	-0.558816626549166	1.07692593591307	0.976400525527214	-0.509627905551227	1.45632513615222	0.838643391517568	0.00718996294666964	0.538228430076913	0.920535236277626	0.654205423866057	0.995242045115733	0.873805329222918	0.880022283957732	0.28881625559087	-0.96376617725734	2.08486379981084	-1.24975688000546	0.1714626609338	-1.46846714249696	-1.04713621407915	-0.174876129546722	-0.822549663219104	0.956099575918834	1.2131015424292	0.0302846507512024	0.891813360172282	-0.511682390120749	0.733511805750663	1.1008587425314	0.882434965316862	-0.850002069988462	1.2242492876126	-0.114497813605968	0.730749595717649	0.299031567949829	1.15493574420089	0.454365304480364	-0.041543488698317	-2.5522898965198	-0.484323857108099	1.9213124429605	-0.92955594516142	-0.89836441665566	0.0460048265730846	-0.108442110760384	0.227178710654538	0.663104360037425	0.962091776227834	-0.15387086501697	-0.405867594692854	0.835222785565854	0.891951255097916	1.18742881225077	0.477834245501772	-0.106202010995625	0.397815237829954	-1.08190491440752	0.987826005194727	-0.0667553323769972	0.49462901126317	1.8962914772307	1.18981761488513	-0.254940582964704	0.808020267212697	1.83983145882102	1.69551159278753	0.980198493922887	-0.0471438418765783	-0.727288419999413	-2.33271943166679	2.11750878621626	-0.329113481694227	-0.211539657532184	0.900788293044065	1.17212413860611	1.39067706274039	-1.16806786615834	-0.967336696884137	-0.978907732925338	-2.44782677312342	-0.650237318727627	0.814522901765954	-0.724784114446859	-1.17431333315205	0.0287087306796673	0.938908512529071	-1.46952900596264	0.671678242490627	-2.22577700553956	0.817803316968672	-0.230276409559927	-1.17693211260282	0.852774435627713	-1.74450218249046	-2.25404600370508	-1.71253284530636	0.55661953449817	-0.810435454954964	-2.40550839132342	-0.285112355823315	0.658833460243965	0.0568002601378717	0.801156824432934	-1.71213333218622	0.745283655302809	-0.872691499206208	-0.338323697421592	0.43101403688877	-0.047290648737437	0.00117045456092971	-0.19096214268932	-1.2105149240742	0.426153431433152	0.700967279803529	0.190353808689746	-0.528953726130069	-0.880441902994767	-1.21553070062702	0.842385954267702	-1.07983271142968	0.962425591777536	-0.207120835326824	-1.30653221661717	-1.69015722690735	0.0122823690233771	1.69508539308623	-0.784194182894565	-0.598379917668213	-0.176085079679995	1.41777572094773	0.155014129857034	-1.07743725743907	-1.31542948319954	-1.16665129595687	0.803024834345129	1.02820513902704	0.362490674712436
"MAN2B1"	-0.635803007354922	-0.93313760926347	-0.632052375035314	-1.01638590518865	-0.222120674579217	-0.144173699248034	0.0510946734342764	-0.0753514064763443	-0.769202752947492	-0.895431792900383	1.70594534066226	2.06364435444951	-1.00217400212119	-0.528381481504482	1.10677077319926	0.933672341864273	1.0214802799068	-1.10123243693442	-1.09675059919475	-1.25830903859218	-0.992368280644101	-1.02816135986731	-0.928540599746853	-0.84281005070549	-0.481092703814516	1.71278204931595	2.14511064373627	-0.85667733343584	1.29948171723425	1.19822105538031	1.53123467210725	1.4239855840672	0.598664597537478	-0.828786383130022	-0.610379666703345	1.08604266222579	-0.0562790314763406	-0.960704868614702	1.36266535303358	0.471133832222838	-0.367379649149478	-0.701768766324649	-0.917636140366272	-0.662715405801753	0.671486623143753	1.658762555148	-0.273927158781043	1.59481216621595	-0.991342352217357	-0.936114555479096	-0.545600350835932	1.855216554878	-1.04841102818184	-1.00657657499868	-0.892238074056244	-0.945673985970149	1.61513015522721	-0.961141360396584	-0.873116665004407	-1.14651013178434	-0.98273724381803	2.12694412153005	-0.966199972753024	1.99085233945792	1.52075026183987	-0.763609143552478	0.506489481222151	1.47367015742188	1.40596979784954	0.379007014398185	-0.145802074660793	-0.222104461808843	-0.601974739982926	-0.908576935064471	-0.892634504251596	-0.354106746575524	0.0561100652529385	-0.600748434504372	-0.659966244070476	-0.913257853449407	1.15314920595876	-0.313505858830014	-0.951760641572692	-0.763419131812289	1.12775075752498	-0.727010681527766	-0.500363436111903	-1.0764215418331	0.806536554440258	-0.91767009085209	-1.0594359197168	1.45980726989343	1.39148588667159	1.61327242753664	0.16027455459839	0.193436166603727	1.24172101742713	-0.292771945453775	1.58177591799771	1.33986596216236	-0.69160275467788	0.0620112019721095	1.67172545393606	-0.536813457210399	-1.15696581745075	-0.437085112281187	-0.734468013285599	1.38828230238537	-0.267385321334787	1.31434573306819	-0.59602857897729	-0.368126980069746	-0.761307270871422	-0.723355609636804	1.64937863119236	-0.930686235047444	-1.01939225483732	-0.915481580795555	-0.963435236760992	-1.13480142431765	-1.05938934252613	0.884444216028143	1.32333860312823	-0.265254452857779	0.419365249697254	0.0903378137222386	-0.539222389297584	-1.28515269127737	1.30164391322794	0.317183460563054	1.19681440324149	0.176054812650954	-1.18448974708143	-0.905750825867553	1.12937067765146	-0.699672730125644	-0.470747105961563	-0.522596669118801	1.11476371645572	-0.622856619717299	-0.455301107182918	-0.191277922011314	-0.930835287630872	0.333489440217829	1.36344529949113	1.08416516952976	0.205233896511157	-1.17824141404818	-0.246052861814602	-1.15027433117322	1.38772634743905	1.06079643731746	0.11688538465638	-0.427853448820816	-1.09403387161095	-0.447497668909153	-0.849706285892049	-0.613576050568825	-1.03393029376283	-0.627700466700054	1.02650398871271	0.983345226660988	-0.848818152684903	-1.05413175957911	1.33618289935431	-0.694023690734205	1.53493652540113	0.150997910133624	-0.980795364809419	-1.0364590086338	-0.261472531783814	-0.391361524074276	0.246371572852666	-0.828294956125865	-1.20235298870675	1.60658327244583	1.09213432115715	-0.948280647211808	0.404473169187795	-0.373828587887842	-1.06096776535172	1.45512566900459	1.50881207420907	0.30299417902876	0.978022287223836	1.61304417028444	0.0331366956071634
"GTF2F1"	-0.454620001024227	1.17106814388097	-0.867422513750698	-0.7559500707067	1.16909345433237	-0.782633712447474	1.30614120511997	0.0205675778749451	0.856367422999077	-1.14990451515945	-0.590988080934428	1.74750529938335	1.36297498913862	-1.2215432220901	-0.841723833632146	-0.824387230700457	-0.797399404868233	0.912751287146101	-0.630287868381918	-0.588090775593435	-0.00672007392812253	-0.715124931545502	1.60941016538559	-1.02084876077684	1.28392991251452	-0.988106900367386	-0.631629562263639	0.698543552895728	-0.690723170652925	-0.986535957352607	1.65624099209727	-0.757985029877416	-0.861515547369524	0.970537864559528	0.351765472743332	-0.648811308271515	-0.53980135931916	-0.423664288625686	0.462701184749218	-0.406731543471775	-0.950710581405681	1.12724414822179	-0.716790533039562	-1.09516340086767	-1.13967750805573	1.65321846692882	-1.06460408645403	1.79217387979177	1.64004648519239	-0.823255853213917	1.86169760423312	1.62396123071054	-0.777653487093823	-0.74142601480238	-1.02153255704327	-0.779269795557882	-0.873923659485572	-1.32154207269784	-0.76574062214189	-0.467022147583307	-0.768730275566766	-0.971757217242112	1.67361118720405	-1.01399012981616	1.35328071653754	-1.18888845933459	0.557074339938265	0.925618952772637	1.32297694632132	-0.624183203807624	-1.11658000640954	-1.07212114025842	-0.407715752186393	1.21735987359652	1.48046726361504	1.07857315050838	-0.66346948921458	-1.12406242158205	-1.01239819349847	-0.302042808623888	-0.675219388849461	-0.753764840209998	0.844292685058546	-0.475957954412512	-1.05501727430456	-0.129805214376274	0.312280700551334	-1.16437576180037	0.853027699342462	1.52429603092507	-1.23979542605357	1.20287182471829	1.56400646255384	1.11620409562983	1.52571738315893	1.43741419938622	1.15112745953485	-0.0189379962068832	1.56518271331685	1.16617840305521	0.462535768186188	-0.891974710309313	-0.119665428146616	-0.524461631836931	-0.746226695214105	0.00769702889612206	-0.703643914900174	1.61390479333673	1.67852872116449	1.42428901063335	-0.572897193852935	1.26893131031221	-1.03417863137948	-1.10631828722446	1.43119592966204	-0.856670886339715	0.0953169012927484	1.13935677117262	0.448255505913453	-0.345615792348864	-0.777205700761363	1.05642363533522	-0.62186673842835	-1.21367546557066	-0.179087727407456	-1.15381421858547	-0.94345440099663	0.147284435369505	-0.130425843074116	-0.53870483272696	-0.856588081226561	0.929080691885893	1.10341662225622	-0.925440658432931	-0.56414284297496	-0.281240256181688	0.0778284357455677	0.652266028269716	-0.48600812286793	-0.481639614531339	-0.906703924965124	-0.769071659723534	-0.932152631493249	-0.597174669940811	-0.577822069202506	-1.34293033532914	-0.932874135727713	1.5223020972006	-0.694229599480147	-0.724502133635522	1.37248324052144	-0.84158586693761	1.16544496552011	-0.912049588668235	-1.07524417165442	1.18393671102877	-0.605452924013281	-0.939607037312518	-1.2051412995472	-1.06662808112938	-0.469252411910414	-0.632872868565201	-0.911477625909637	-1.17516029604523	-0.712168901953132	0.820433264663593	1.1216326463654	-0.690551304981977	1.16823511564884	0.741198280509212	1.74520496496092	-0.99765065104307	1.20508266605044	0.541087994406982	0.938398380487544	1.0574718547388	-0.715497854364356	1.08616340452583	1.1803901547326	0.619166398295262	1.79992011073979	-0.593489108358702	-1.38086917125252	1.30384494383957	-0.200827750145898	0.84166280562525	1.05833666800046
"P3H3"	-1.06625013648873	-1.11542031463291	0.266181263042772	-0.213300708613578	-0.531792765362656	-1.3791112086602	1.10590856887641	0.178224446933477	-1.31317038210218	0.579354102847477	0.209346051647113	1.24812907075547	-0.389109402121149	0.418397947849033	-1.60194381463132	-1.39532268773671	-1.04783893860794	-0.499183780182449	-1.23193331476439	0.821020077792054	-1.14216100757854	0.399607781620267	-0.734820715668731	-1.57606278294144	-0.979093824053976	-1.55289811861428	0.539524214781624	-0.583146539676214	-1.39967743793987	-0.556025924423527	-0.776364503511467	1.47273236528832	-0.960099446358071	-0.283416875251883	-0.153636227251053	-0.864947742064658	-1.18573287250436	-0.0979911102043153	-0.549691441875689	0.364472713439439	-1.53228727506319	-1.31348099747841	-1.88109947607143	-1.37735378169607	-1.86702174957365	-1.62718746371943	-0.391691022021203	-1.76812345491715	-1.65930784349587	-1.17632609416686	-1.67213739649138	-1.39952307256396	-0.989327651356199	-0.366834021308469	-1.41431036216168	-1.26169363205027	1.10368795990709	0.141810884073671	-1.69406091440889	-1.21901642498227	-1.3649885365613	-1.28443386300467	-1.50569319140909	-1.87241054766784	0.0797433422757071	-0.902360971454103	-0.4418199632752	-0.00931517433784289	0.136403772001381	-0.133873359323522	0.0608399459647061	-0.811257314730279	-0.910808829708125	-0.961640417412575	-0.221048974362654	0.300952044975898	-0.858513479424259	1.13487017853525	-1.10656510440015	-0.120181323253517	-0.35281306914339	-0.994771900905558	-0.35460265782036	-1.02465489067695	-0.208975592455175	-1.90545419019606	0.688994629058784	-1.04751171146136	-1.23510178027439	-0.44101099476638	-0.663867844876461	0.820568510867089	-0.863819297992425	-0.588893679039429	-0.974216190736171	-1.01285151809453	-0.886586190532531	0.336336152021105	-1.01181591259902	-1.05714116313364	-1.11050195479649	-0.292311872225948	-0.683787604251475	0.442221105255347	1.28438512255155	1.3871047739108	0.433684842548968	1.16377262148027	-1.03011287608303	1.15954646156352	-0.0801681424433449	1.04836198669511	-0.327123727064916	0.0213428965685868	1.20206331350138	1.04888412030193	1.37249593885822	-0.174020710807305	0.796233512912314	1.16513973468178	1.11593492571791	1.29029085899343	-0.207922221841046	1.14105600831566	0.6292456133023	1.12889940152784	1.08173980492121	0.662664140396615	-0.318830247291592	1.40468246129339	1.15277051282128	1.08966220954584	0.733158723923265	1.12695198736751	1.19477332635802	0.562101011124845	1.17026072709854	1.14757283948379	1.18147578175621	0.0446243715711906	0.985940500279827	0.268580386781517	1.16616022067113	0.881138557835152	0.965359639658518	1.2082236694138	1.16382608704387	1.52011815557188	1.09988918059406	0.541997692361115	1.18939305750216	1.19137268175445	0.550511134200027	1.2640193030741	0.0976642891107693	0.126011369084307	1.06362083904636	0.240372039353863	-0.0394757216671374	0.617887511367187	0.844781000008717	0.316771557059823	1.1500347819118	1.31209566568353	1.14190687400893	0.25947418052678	1.05704143393023	0.400898408651431	1.19876116042164	1.03407787835641	-0.00801318682681344	1.34003670174852	1.25305858154839	1.25604620778598	0.209219686309082	1.06684240670231	1.12887914520544	1.23982057544436	-0.254446006825509	-0.120829932362713	1.4782900283497	0.377097995753529	1.42121600060869	1.38262721304621	0.255043338599399	1.31271983381022	0.198436365786979
"SCARF2"	-0.336972493114885	-0.793133693579283	0.297739509359343	-0.659543549084712	-0.0435575413719888	-0.84179079048253	-0.943228899012175	-0.850014506575035	-1.17260032901744	-1.3405812819498	-1.03393288512375	1.16512306695383	-0.943730318638084	-0.963794169296677	-1.80466431482115	-0.791525461420367	-1.0751632734188	0.608316230622699	-1.34234253299325	-0.524583384815302	-0.793755735548063	-1.94704724247294	-0.185996501203464	-1.67628058156005	0.274007138312697	-1.71449247400401	1.28335771393232	-0.784737126304721	-1.63749702433849	1.04703925197561	0.132094565388375	-1.4242652540551	0.590526553968773	0.291701500179468	-0.0526237292890946	-0.0178589958662694	0.199273268769297	-1.22424917564116	-0.804233244507639	-0.275491743537645	0.075245800196368	-1.39491419329413	1.10362159864924	-1.29169228776997	-1.96197725283627	-1.70782466098718	0.210833768321569	-1.94990987638168	-1.83540290564258	-1.06340761956726	-1.90162960254703	-1.50377817155813	-1.05465597092797	-1.05741354656046	-1.57895955507818	-1.27522421678031	-1.58124422742112	1.06863761156495	-1.79476915612555	-1.05354616836269	-1.48762182837975	-1.24770895163355	-1.69066160369846	-1.8450890052084	0.112090044304016	0.000816826756849384	-0.560345669286169	-0.450939605724972	0.494699652681712	-1.01085160420422	0.237986032933437	-0.848804432785879	-0.226651105895277	-0.880229352486698	-0.395357022362107	0.342274562500581	0.634633629807497	-0.560672105626459	-0.999200733850362	-0.5269730865007	-0.710355187678296	-1.25568282704148	-0.124754605790718	-0.987175240193994	-0.0125415154668703	-1.96406063195417	-0.0569931626335302	-0.670340334793829	-1.14927535930459	0.544879832324686	0.0866456326079949	0.74234690453429	-1.15458842084082	-0.152858214706098	1.0202488049978	-0.62188921286879	-0.800090062007438	-0.30159771668076	-0.398246074337733	-0.274678251047806	-0.806592951107207	0.64020373706695	-0.89745395058492	-0.15481709440189	1.2292445694109	1.12416240454142	0.786733953269322	1.20389729005952	0.0561619632169804	0.567199459531461	0.0605076290449905	0.307786542354878	-1.50330756904536	1.06581594253168	1.13940528345447	0.426482493361837	1.35615630379549	-0.458459057323319	1.1822549691265	0.437328392942377	0.00997019114481211	0.377775755863984	1.02999794650743	0.270950650884631	0.750730339749135	1.03481052833662	0.835035051574069	0.570275685288925	0.398601356640899	1.29032736213955	1.1680219315067	1.12239113067365	1.21851166725722	0.444252116057077	1.29089385441492	0.146269090757219	0.533008057894346	1.08164697568009	1.123156381439	0.302072926524447	1.24488021447542	0.823077259015356	1.02196030983411	0.503132858979593	1.19162798891107	1.14165805039592	-0.41579571063095	1.46012655489938	1.06321519382166	1.10708716336806	1.24116798393279	1.15364596900823	0.864214851457204	0.664698277045357	1.15877329818308	-0.101533307539942	1.04660996232477	-0.627785559073078	1.29524588811044	1.26220722793032	1.04629525440753	-0.487487533692837	1.34475237067386	1.31941506173416	1.13488789223426	0.197234456012893	-0.280221025973283	0.790278442869952	1.18573185884483	0.487377238451087	1.05069151847668	1.23141037076587	1.09931472276176	1.21017266165015	0.721211577502978	1.1707077168294	0.438639918739919	1.22352670395777	1.070171435036	1.11888525717517	1.33468451376809	0.397250535065986	0.601703377952664	1.08036782457956	1.07728108578492	1.22143844479941	0.162785621792548
"EPAS1"	-1.22698269194667	-0.895810609175868	-0.132165254538143	-0.541216029332574	-0.264925069148914	-0.0697098904438856	-0.776951565300417	-0.0445388971035399	-0.91860111035053	-1.01021025853411	-0.504829083163743	1.33884646801539	-0.153550296213288	-1.02209085904584	-1.15228025314454	-1.5410588998644	-0.398882342894374	-1.0891635740823	-1.75274830769891	-0.510021645260027	-1.2661942701773	-1.23781057356379	-1.23047291698573	-0.79653880793552	-0.703925155066651	0.768053748775808	-1.75208523384579	-0.851148760604375	0.298593168642474	-1.00347661810721	0.719461901553665	-1.72775975083324	-1.15268145834185	-0.0218588018440568	-0.221895130603684	-0.686233866667629	0.491412303366904	0.0100366670044595	-0.367714639118233	0.486213737705454	0.36223760115418	-1.01011975909032	1.0305870071998	0.214464501026283	1.4283487786379	-2.03052699371198	-0.946906575581848	0.26002453449753	-1.50545526881604	-1.56803226158219	-1.53489484701917	-0.324879466442042	-2.00441412398972	0.920514705708895	-1.94077286842628	-1.44978836076707	-0.177925542654385	-0.10713277059784	-1.50438512937493	1.07135334903228	-0.826280458273765	-1.35785773472386	-1.84789032642004	1.53816836294282	-0.938179714365672	-0.783204756560723	-1.22705998707376	-0.797321105165716	0.658251960906392	-1.26510299966306	0.422944239022478	-1.24253331970773	-0.476298416784168	-0.999234193262287	-0.968211445169265	-0.123544033614324	-1.01032457222503	-0.875403573104598	-1.66978802275529	-0.60889926676065	-0.537325239786812	-1.62209661914505	-0.0346007836703266	-1.03573205834339	-0.498658281172613	-2.04654969611347	0.629107857272576	-1.21963416637091	-0.116555136940745	-0.0551304277576355	0.83528573151486	0.0693943398056454	-1.15622116600667	-1.11446370741007	-1.59537892542725	-1.41665584152467	0.0380269445093415	-0.215624909194124	0.00215490060037399	-0.173194043150669	-1.35904197138892	0.324684777410955	-0.897361625105713	1.57472161130308	1.2080860722604	1.18017332468078	0.160577367310068	0.919978526688699	0.921049519412469	0.507924899315679	-0.0754758970035708	1.15443908940238	0.15706232628974	-0.233652991715089	1.22621147533065	0.968083925592969	1.39298197917443	-0.515814868306083	1.09567457984998	0.888222294047617	1.47755638800964	1.01509901224375	0.0694603885785969	0.820194250344482	1.2357980094541	1.09505939830815	0.942548743802618	0.256603120904455	-0.266969137471735	-0.367344321643757	0.888874872674795	1.04066906957623	1.42697048304882	1.04761271675834	1.30349978145363	0.392492969229317	0.491429668112312	1.15854796624389	0.624984655844557	-0.157197494916764	0.93195148473208	0.806165693526145	1.21750005112676	0.308164838800202	1.08282255682257	1.34751655875099	0.997636282665009	-2.07476391440235	0.917462797054045	1.46125993948717	1.0726463200934	0.504995858275041	1.08103808309613	0.804619667764613	1.63132626279239	0.0769505918624383	0.582154858557787	-0.771664909535419	1.21654614025752	0.100544160771159	0.622524859746759	0.397535411962433	0.892497480805295	1.18273713773634	0.930774303880486	0.959896649052319	0.566665063028629	0.284260921290241	0.508977885276954	0.262953983946936	1.287568911048	1.36850118283168	1.12167282429816	1.33240893309161	0.960482619799738	0.523023753307753	1.03572224248398	1.22340840980542	0.943614292380659	0.555415177814668	0.995281992100995	-0.688278218436632	1.41795938320748	0.956570183544262	-0.0400796186271879	1.29012185740264	0.110732807356643
"ARHGEF17"	-1.28090138425231	-1.23223265664023	0.436189857585361	-0.976671813119946	-0.877332717404266	-1.35387917606702	0.762337835272864	-1.4858341944123	0.396597244037147	-0.378702671994653	-1.35534472395343	1.06378995829088	-0.0704602145307603	-0.430941346702862	-1.66311760859317	-1.19330440208618	-0.49265953165467	-1.21133613799537	1.52828358316189	0.217109646205504	1.30267748350848	-1.54206702305962	0.0951382234063653	1.23129612261704	0.126132664880557	1.35372490765543	1.17098228320095	0.366038806554569	-1.47819758078661	-0.981149005703507	-0.885032054958297	-0.965542696416197	-0.885566002601323	-0.854188741057156	0.00933607744871476	-0.750185531265933	-1.24538278105828	-0.85790812094881	-0.24555433010615	0.119847383721258	-0.705843160907401	-0.999145499853149	-1.12239972814893	-1.13026349032711	-1.68379387768637	1.46496829180092	-1.2597033168551	-1.13550996219934	-1.6617133428757	-1.58155707306021	-1.42017958399556	-1.28697439848	-0.951167611952887	-0.862345765610259	1.24066280665877	-1.59317545376	0.188700760435495	0.177593881083829	-1.68358312068101	-1.54024552743847	-1.1854928669447	-1.55254158739756	-1.60996317029003	1.47116193409774	-0.150111238210778	-0.98734157997537	-0.90300174443506	-0.265629164139315	0.0686536309613925	-1.1820102371949	-0.0444439087203699	-0.786574956577353	-0.706748137039955	-1.54777723718362	-0.697914564813126	-0.856595242113425	0.49246033316426	0.714981017053128	-0.541524392107736	-0.755928121986389	-0.999201500697694	-1.37106992761268	1.09665973507132	-1.04975968050101	-1.09561978777677	-1.68344406777407	-0.55159677216804	-0.67899890258996	-1.55098997773953	-0.26763364912819	0.287107794016838	-0.343307133788306	-0.354209008713335	-0.871239471034576	-1.00555492732624	-1.15379843153868	-1.46191235787429	-1.04355051285989	-0.520800464076415	-0.189350786232703	-1.30132574531073	-0.436642044537378	-1.0572262947069	0.857429418436521	1.34098678269751	1.19708776078308	0.233152778316018	1.14113067213366	-0.402351511202621	-0.467300575598414	0.249924807253872	1.31478975402111	-0.0621384116591492	-0.223870171629264	1.11434285825286	-0.827401314597692	1.34605004836821	-0.128445544246447	0.936116225615232	1.17611874327967	1.28007416912515	0.182448174844511	0.587375553094004	0.00180924907344419	0.765236502481917	1.04423621034251	1.07149504463283	1.08499328695126	-0.179006601722789	0.541822948928808	1.05638393689784	1.36308924919313	0.628594139576546	1.08303831957846	1.11622002564083	-0.0752164221374471	0.483237857843637	1.12802240006649	1.23720395748241	0.0507213808694228	0.463748751448361	0.103196776040371	1.11795779860524	0.398876596448417	1.04822493172964	1.19682370839144	1.35252172023681	1.59521215272458	0.26324231791701	1.27139691189912	1.41463125842792	0.35864886612347	1.04448950861295	1.30495810391489	1.41014847711266	-0.644627076353773	0.553159067216023	1.1778220696851	1.11063006340248	1.25666250932804	1.27947969083214	0.571425045161864	1.34940507543849	1.38765354061864	1.32997629790842	1.22238830962054	-0.332095887906462	0.655959440477505	0.628425709499448	-0.593514193880078	1.42238312860545	1.28046341883577	0.560900330556286	1.14635823642501	0.659500163839169	0.711562590364935	0.653169123927192	1.23298201260666	1.05413339804169	-0.0254657333123604	1.06343422482561	-0.260505297250627	0.845607507430699	1.1473430759116	-0.0665453950629588	0.337798031483323	0.382142631531075
"HSPA12B"	-1.1712163932066	-0.542094951667566	-0.494366373996532	-0.72273287421428	0.235584658074852	-1.32719779126985	0.521632309074168	0.814721989593711	0.259930392705828	-1.12065813127534	-0.529752209970431	-1.82276276131091	-0.810677422671959	-1.95130687351242	-1.84845672391099	0.301222004282007	-1.01398155194058	-1.04031045791055	1.03230563545517	-0.194209684218688	-1.02108887929797	0.5441844455754	0.702521172090359	0.492385613350931	0.385600483699295	1.13055475084222	-0.972186571317604	-0.865969283464353	-1.64259623835693	1.20169008200287	-0.23687008350714	-1.45763960165261	-0.989752724042472	-0.509902654790272	0.064181666930836	-0.918350235288438	0.115814214640405	-1.24458116965491	-0.117573027019141	0.128281829907033	-1.08465429070718	-1.36986493519265	-1.93798809347098	-1.34169429089394	-1.9960421264609	-1.73310867627528	-1.76366581045979	1.10493248552201	-1.87964664267432	-1.2655573775167	-1.95076419508293	-1.46979704443326	-0.27635286856162	-1.20256482317751	-1.70818193804049	-1.310659775598	-1.54427639323751	-1.57998222178748	-1.81256536830107	-1.26044500534719	-1.44074454383863	-1.30889108224468	-1.69428786709062	1.3532931767856	0.0139852982073139	-0.381197755120501	0.576461345326211	-0.0974105539694449	-0.596944661848529	-0.887410301408743	0.0892751029069403	-0.399508342999093	-0.702920479744815	-0.89417886135993	-0.149216036912003	0.319576733044982	-0.667102968672927	-0.0823384251651151	-1.02067782109657	-1.12325406917197	-0.223974829170241	-0.816450049110137	-0.0503930779605647	-0.799841116381592	-0.0396141738873182	-1.97404358503157	-0.961919122191521	-0.335415941330429	-1.15962885200199	-0.49904129841113	1.01927090141752	1.0211937312815	-0.772781560443187	-0.40443423495385	0.349872158647632	0.696692707822011	-0.958201195042377	-0.902141927195262	0.132807077060774	0.98036463673039	-0.938590861119983	0.0942546953464414	-0.312944546849955	1.27179077810735	1.38700953605755	1.07246599787863	0.144806264121397	1.12918803928681	0.803538843903122	-1.24823697313389	0.179550246749831	1.04583995764776	-0.673414193837745	0.855541024131316	1.00274561734521	0.474920104284965	1.2814028935874	0.00279226647370042	-0.196430893960732	1.01291610504478	1.30313458910291	1.15227408905304	-0.0326542398510247	1.21893632443975	0.748742607275699	0.862797146045839	1.13098161554586	0.676974067821711	0.0187630342382977	1.00173784348483	0.33286769181769	1.06529737787947	1.19775641055441	1.05781965141671	1.17229303926284	0.586665993380471	0.30475247802739	1.1238477798667	1.05640591096025	0.199797071728786	0.967537157275434	0.590583599168194	1.24262715589273	0.156387687188379	0.794867328331863	0.838780170191087	1.16969793519977	-1.59612805947987	1.00403351857568	1.35451432459608	1.31067769839765	0.938040078394459	1.02613885214141	0.642881037908961	1.25886089507662	0.628421555551105	0.734728386810194	-0.687400829138691	1.01972287590656	1.2038598512597	1.10248671136381	0.426003873220499	0.245857372306261	1.09425675014823	1.17865160410376	1.01132280936003	0.450798425881754	0.965953331726816	0.390405228073484	1.02313405909668	1.03031452043544	1.23591208012285	1.06257915674625	1.29188373967075	0.927028918269571	0.201929410182959	0.989279406344532	1.24527589051764	-0.623967046712357	0.632537129111917	0.135691414955655	-0.320700151295319	1.28475880508619	1.06163182522063	-0.0679629329243621	1.17731531071241	0.490130433375091
"CDH5"	-1.12606459873808	-0.351356598894856	-0.202651883464985	-1.19620326358784	-0.956395513088356	-1.52792509884964	-0.91535136824347	1.08768320213698	-1.13740065802849	-0.951035798981563	-0.937743969485521	-1.99132943368635	-0.383104590371732	-1.20630373964811	-1.72591508405481	-1.11945937985507	-0.569135669938469	1.22177383743959	1.12185572866739	-0.907177374226844	1.09713827511287	-1.49543399485843	-1.36178465947134	1.39717282057999	-0.623062167843094	0.136912481916106	-1.3133628697301	-0.851631549588332	-1.57729478671284	-1.44482697134752	-0.918696920795563	1.1476196797826	-0.718845930581803	-0.980813172366477	-0.862964403065626	-0.305975142229947	0.173644201967799	-0.900879809227308	-0.0300938726844025	-0.675194748794905	-1.02343808299993	-1.214233659257	-1.44524733982893	1.14321386373266	-1.91042037354127	0.269893084421916	-1.31835730187229	-0.263441087425069	-1.73429034555825	-1.54030292628016	1.28762965913077	-1.09473242932684	-0.886106899335636	-1.3490601969909	-1.67459957129469	-1.62754188742064	-1.14009769104718	1.32126578287613	-1.79144315900991	-1.50841330102178	1.55549677336671	-0.464500826912225	-1.64984536389497	1.44854273146348	-0.542445777913997	-0.868198690427414	-0.280331571614385	-0.0791551846956976	-0.681285356402312	-0.929769101586262	0.195461366667374	-0.652632728461817	-0.0454858456142454	-0.847628187570331	-0.081377450461378	-0.62753421223594	-0.565954090324749	0.40993189210122	-1.25525404865109	-0.160225354710178	-0.754215208006303	-1.02703748996679	-0.441093598249521	-0.847924492454078	-1.35250488401223	-0.0719449442620994	-0.924280726197964	-0.926165961117307	-1.43798134194026	-0.360820281431603	0.306521041175212	-0.435580997524183	-0.543913688429781	-0.254389300660688	-0.923451088506068	-1.14334249856499	-0.233167470295911	-0.125893529246323	-0.305104000125205	0.502362046229705	-0.819360043735447	0.0860326979285477	0.115475581371296	1.43283850260952	1.47554549861294	1.18141753902431	0.324167890670645	1.41235730839738	0.0528675998605981	-0.736482967236196	-0.97218317040158	1.38958912352812	1.10314708468684	0.760360175182716	0.19365442353293	0.0415573462351007	1.31178842066768	-0.283255904094626	0.247957318857041	1.07744731197536	1.29178452300438	1.16077070631676	0.666796639522407	1.2583711575648	1.25243073152654	1.17955526648489	1.12516231216972	1.09741405398701	-0.148909960127011	0.681419016611487	0.651801277159233	1.24835022244831	1.46388845600338	1.32073724682046	1.09131508088941	-0.0325272020985714	-0.459881916150557	1.13906133500614	0.553888598334742	0.131341654240763	0.690298899359704	-0.423675940761536	1.29905477514159	0.253275455196573	1.11769626678317	-0.0999380564747548	-0.02040941494127	1.72742366450527	1.20902443846155	1.50934260163891	1.52493019155637	0.291588152510651	1.17470198838022	0.820417626106624	1.46796042900983	0.617811822132875	1.082345274289	-1.25459389729102	1.47947694671023	0.089341922127471	1.22462759315014	-0.154620666100496	-0.189187534140882	1.19954008162868	0.20427683467477	1.18095548813121	0.0142383019401312	0.765799253669552	0.554798661122953	0.356276377485388	1.25953056455329	1.35040256640489	1.12642874192052	1.37288357266001	0.56957039511147	1.077302936859	0.720931770095992	1.41526331290067	1.27364773437044	0.109662049520863	0.41930586062764	-0.570988598477051	0.464390205914589	1.21989799771387	0.353626655619683	0.528943613203079	0.332190245962895
"OLFML1"	-0.113505248961967	-0.977459927329535	0.99716017743376	-0.846097761028438	0.24986985934278	-1.17280770335228	0.993022574111023	0.400541930707214	0.409288708005752	-1.11689599727641	-0.871163705626002	-1.80505981505765	-1.15873623735558	1.19614957565451	-1.7376295701453	-1.08895211421734	0.181994779186962	0.838265997898225	-1.5055343790208	0.542414563663752	-0.576245437976277	-1.35432546821705	-0.989375720320097	-1.66150301234696	-0.340784535721883	-1.58717340612465	0.0984801067502778	-0.43520697415184	-1.58281445981603	-1.47087906237373	-0.790605921350569	0.707712005769796	-1.19719316774014	-1.01755096883025	0.230221596855994	0.623420361985657	-0.635673866921324	-1.42932380419006	-1.06715408691086	-0.0781714435125125	-1.0615608242046	-1.36713178293683	0.505285192982264	-1.48747412100951	0.910536479237047	-1.75844323232318	-1.57642937861929	-1.91761770043668	0.162462633509032	-1.43579438060068	-1.83523293160762	-1.41676754166815	-1.0409418139305	-1.00031594989585	0.293312157245412	-1.41954943147113	-1.68013011572697	-1.12290650198426	-0.69528516891519	-1.42806216391136	-1.44899217678048	-1.02942982902728	-1.66929810330568	1.01981522550423	0.196890223199567	0.794605219892303	-1.05749615823046	0.089728493937715	0.424540408466617	-1.20618923987438	-0.943048536518615	-0.409991784158515	-0.771954915570468	-1.14221997041205	-1.02087861208644	0.855967490527961	-0.0157024902053609	-1.31640799181657	-0.337091994213617	-0.835834003934402	-1.00174572819177	-0.0814513639969201	-0.0072501883436546	-1.0051285184086	-0.0137477348938569	-1.85422545969503	-0.177656871491764	-1.13528240998189	-1.48431712663101	-0.559072493993334	0.328530263300687	0.709940936493399	0.727184610357822	0.958371684707912	-1.0547115197268	-1.13359403951395	-0.767914968969999	-0.899492567022147	-0.392185525691743	0.0555288113594584	0.123526112423092	1.05746613997381	-0.369182276727202	0.831498897218262	1.28970712513403	1.27133519093243	0.617837170320511	-1.22659726217786	0.654747357574941	1.11492072460145	0.936663868655952	0.694659041869652	0.882585075491036	0.400353106821971	0.645332353348411	0.309048894617516	0.815838118310729	0.853055568172751	1.15856995970862	0.998580010419675	0.523422317893843	1.25633821929252	-1.14522351208614	1.16062321551679	1.07984817657767	0.163550851642904	1.40111447160499	1.25595702500033	0.897465450905929	-0.0297627348932956	0.572781057516261	1.05162007526307	1.15013709537738	1.02388170545146	0.834799695204882	1.02035793473165	0.390942565211247	0.782496439672337	0.864931218575418	0.556684693990791	1.22794067202285	0.731716542675955	1.15680565388326	-0.725458688242844	1.02038618001739	1.06139154296228	-1.2480708993783	1.10731842123798	0.886222307368542	1.09058841246391	0.788905949969799	1.26692236473682	0.965472100713131	0.927030316552338	-1.03385774106705	1.15478714191218	1.07871736635736	0.794015362134628	1.06362275292505	0.920643385210029	1.30258908819862	0.926052863452567	1.29909662342716	1.14684210174251	1.25645848112743	1.34835214820542	0.804451879436588	1.32503982762517	1.10880729941536	0.800873692851703	1.13887454187066	0.440363052280869	1.1664813079769	0.0326158212392193	0.521869665328729	1.16786365285322	-0.251436934510273	0.00127563187074118	0.305233488921475	0.489187629733118	-1.11884055100524	0.797706404377989	-0.577068638958569	-0.375267834674636	0.962172231633129	0.939440943505403	1.05649238819617
"PKDCC"	-0.346559992861752	-0.85786644537116	-0.55269182644402	-0.433404930201829	-0.271070145814418	-0.370556245395247	0.765030993062898	-0.0784824328543624	0.159483043250976	-1.17277719715427	0.364283523306005	-1.76011134776611	-1.21904299451888	-0.867708631657163	-1.60425353209325	-1.4079596062698	-0.892312761158123	-1.05608156533177	-1.38564544695377	-0.60122308528427	1.31602953245724	-1.79294160784353	1.1350810194206	-1.01105300963769	-1.06252601890248	-1.59119363158401	0.618682072804891	0.123801818983296	-1.42287458410794	-1.25291914946315	-0.35194346335961	-0.441717566478681	-0.896989514685208	0.353410927576475	-0.39461574387819	-1.19347375092455	-0.732444873180199	-1.00256236295345	0.217783283347748	-0.0148837119132559	1.13836220502691	-1.36564868155177	-0.909512810853789	1.19436504303851	-1.92706057249322	-0.583977072007784	-1.54922229970051	-2.00403525391097	-1.64658338150234	-1.33638312820319	-1.79386605610728	-0.241400894157125	0.203087398883171	-1.27981357926851	-1.42421866889371	-1.30716014578705	-0.799048128850562	-0.166134100820414	-1.63092366740893	-1.25804888095475	-1.47482830639084	-1.38009993523949	-1.54061908910475	-1.86655509710578	-0.910883590075331	-0.914454625903842	-1.11828138984852	-0.442214301221903	0.0225889327404279	-1.06941845190452	-0.13964044708588	0.00423522791578555	-1.01698807316587	-1.16836755293668	-0.946776738461587	0.129121966716041	-0.451706730692771	-0.0387779671505293	-1.3263276990866	-0.544273321321175	0.393113067398427	0.316395459459209	0.196629367630322	0.439653787670258	0.0775616281429233	-1.98343792767679	0.592734729600615	-0.358818764826825	0.115152070725075	0.171417957559766	1.35096332124426	-0.696215842727434	-0.193707511654185	-0.129656619203908	-1.23533673928288	-1.15422911380627	1.12120643235906	0.552411266098981	0.375459079037876	0.738490873784647	-0.973995450541394	0.307353780034655	-1.11295059732069	1.05738898126874	1.36672157442708	1.22414412327214	0.578483133246098	1.11289975982845	-1.17602565513544	1.11571436475888	-0.979641923051214	1.17722330105002	1.286468529279	0.639386026613345	1.37356274108457	-0.623769172378828	1.31539123716866	-0.693912422341424	1.07412111360896	0.817223711265245	1.10201045806702	1.35776594179972	0.491977377970929	1.36196592030869	1.16461514213067	1.09075485607154	0.70874702278875	1.12808531650154	-0.521085174835015	1.30987545395494	1.1124842739115	1.35782995406868	1.08924653150344	0.519119214619018	1.17871197755997	-0.294293370081375	0.0147575840203153	0.680099567657176	1.11959567063164	-0.354859043381433	1.11778225337898	0.673514248779777	1.22454250807921	0.063639046225851	0.449965086512553	0.827431010369347	0.500943400420051	1.5535946400837	0.381185257805954	1.25987363587422	0.186046732159407	0.349158981094704	1.13626629291331	1.26384886765844	1.08607706093217	1.13994055279871	0.231988328617888	0.377405607175408	1.24131398526836	0.210610094071069	0.0364540351343055	1.18233554611678	1.07219988062171	1.34748640582536	1.2926001644111	1.21156905073261	0.740415300162205	-0.100180951260024	1.24242298115531	1.09811491121645	1.18806087638438	1.18279885724564	1.17768499572088	1.39016021415832	0.254762657608766	-0.855438607402182	-1.12917239304169	1.08561626230185	-0.893081150685733	0.0739928478089408	0.453937238066707	0.735454232685528	-0.204337396900653	1.19116594288629	0.355844660137631	1.19296550792328	1.07585281450858
"GAS6"	-1.30323754438972	-1.31849617108046	-1.06059179106914	-0.563384304615771	-0.330782461309803	-1.4311885133039	0.0909166375969563	1.02473060657482	-1.23739623090974	-0.771579730963589	-1.10406747348425	-0.846187209819651	0.475477337470834	0.710483630054337	-0.0714950794232474	-1.29557480498828	-1.35128940650256	-1.05024569058586	-1.17575614319708	-0.323103936001784	-0.522381345436874	-1.25346276620334	-0.715478697455841	-1.33257038135731	-1.10930665300567	-1.2692466389923	1.11865716861417	-1.38471109943268	-0.815041721573326	-1.32136262351641	0.0703037632416432	-0.172428418510231	-0.640011139586027	-0.277124200827684	-0.684041617316114	-1.19782646835064	0.224976569382221	-1.14523584867687	-0.744077492004792	0.562573373452765	0.580476538058363	1.19376826414047	1.38737501847738	0.402347707066282	-1.36750935441969	-1.47149174485867	-1.19913233356198	-1.28784361861036	-1.30695312315565	-1.30215964304973	-0.72216473116321	-1.08135766345221	-0.646301880694063	-1.18733922026463	-1.2502353932284	-0.701644903238494	1.25143482940033	-1.12200524634295	1.64944906654493	-1.31411355018057	-1.43548458326058	-0.919407779809656	-0.619416253817253	0.342435754895888	-0.152940642558584	-0.877448254728781	-0.813477356970556	-1.42705657665543	-0.870109550727304	0.464207912810056	-0.0263518193791566	-0.917835007042672	-0.250108203220496	-1.33356293208987	-0.207954297810703	-0.558574387248362	1.06523043141665	-0.750143842609918	-1.4056053594297	-0.292603561544355	0.236742855853641	-1.19289175642565	-1.21198632070645	-0.800157204721989	1.14028832998378	-1.46953701952086	1.18465153268775	-0.719931598297165	-1.30524462955085	-0.580646222608618	0.0844073672450633	-0.322166581508851	0.0251248812687799	-0.686368259538681	-0.968434641485269	-1.13229314750194	-1.33446946579009	-0.668755924074281	0.289401643851994	-1.16684413605153	-1.32069791494468	-1.03613918962364	0.0475545809514498	1.13145578116434	1.47484838479746	0.140196263317127	0.31508247654112	1.4945455023752	1.21820694474129	1.18167910444236	-0.368585792189284	1.20022095529387	1.23838216509176	0.274240788190302	1.16008420787464	-0.718172119115918	0.777869510440791	-0.664413532783661	1.30929839784171	0.607971118543803	0.247854733244096	1.27693198973357	1.30233074023325	1.32363013918207	0.528654747864995	1.36941399341597	1.31372926340191	1.20904078007273	-0.102855219299585	1.56443345239653	-0.0688926650841662	0.689435781588609	1.37563792619536	0.481875721737866	1.20547304167375	1.33081236902634	0.292486587030767	0.553774572929507	1.44687541052127	1.25034032047228	0.983631756150113	0.37571234683837	1.22011414251713	1.38008272884375	0.862996363767744	-0.267632780469411	-0.819862853610084	-1.4299836159881	-0.64931268760042	1.20846972683562	0.344073664470213	0.847603736439698	1.20449684252412	1.4085847483613	1.34163266657275	0.162738799850378	1.1270421980547	0.580351337613929	1.27369483800246	-1.10098290821218	1.34163359099023	0.912942870069469	1.17517610327346	1.57127594032304	0.944262414742413	0.172803707146766	-1.06164239440005	0.879858255483778	1.03039587485299	0.174862940023372	1.26131085784662	1.21736624635953	1.29622745983355	1.29259892925109	0.18622280762125	1.38559651377469	-0.347131211027805	0.325611654898868	0.495882549920253	0.234421595165988	1.45390236814342	-0.985438218763103	-0.526287725146936	1.36254767733475	0.346147793629717	1.1815472385272	1.19112389658446
"CSPG4"	-1.29623613176896	-1.06882844779611	-0.495419030516148	-1.2589465476948	-0.227647894763647	-1.43311374941512	-1.23188670758044	-0.0834214283873958	-0.14898143802165	-0.0368827110728458	-1.17194464053991	1.38970289817167	0.130181413366772	-1.1517364988738	0.625754800748361	-1.19043670085075	-0.979581575529315	-1.23603420256101	0.18137087794572	0.116493787384324	1.06079255795087	-1.70963341410632	-1.34758041345334	-1.6327420452874	-0.0169962412354395	1.03666382193965	-1.56535253560113	-1.14912938407714	1.36065959172378	-0.838456705199404	-0.665575735231759	1.08966534316036	-0.893154166130852	-0.299596711783734	-0.676482438534402	-0.73279116296222	0.0291065386226976	0.376449994496785	-0.561225236960444	0.637973187262149	-0.59585661473918	0.517951662918637	-1.90079026528326	-1.48764081126311	-1.90377437760524	1.05469978375955	-0.343836030083016	-1.74984013249237	-1.70556120893774	-1.36569460577337	-1.74239702946211	-1.49494554986948	0.0726509264272234	-1.29259693225611	1.09858055389664	-1.45348088879125	-1.57696714160895	0.448744840181472	-1.68495359751822	-1.34136014457286	-1.54582172845822	-1.37149030086482	-1.61198277124141	1.08855744914211	-0.498799639224903	-1.10668428418355	-0.758941336917868	1.12824171851806	0.463111519037299	-0.923024667039024	-0.422920536711758	-0.8600811651874	-1.01660442832997	-0.718114619144309	-0.0932069105867361	-0.341404303392958	-1.09405946709387	0.341029120758048	-1.3238368381345	-0.551020220481809	-1.16300023432514	-0.852668372921303	0.437368017929302	-0.938257184642174	-0.297774391098137	-1.79674196595655	-0.442348527743122	-0.740804180304981	-1.3793373120196	-0.115799293278167	0.279990352882113	0.235969060674527	0.473328547856186	-1.18461293227683	-1.20242411981416	-0.545491571776004	0.418343612545898	-1.07784720456076	-0.725482770689188	0.319748288378308	-1.19517699951704	0.272336720560975	-0.97421316824572	1.11290733613289	1.34916442174933	1.15936341381609	0.226879100570654	1.19363922449673	-1.26334769672092	0.265856570952868	0.384847913881296	1.24226190103747	-0.949186590742775	0.039553434037591	1.07666195063378	-0.0230078182271708	1.23670629352781	-0.928187578165153	0.668261923506712	0.794586891753562	1.37397026917805	0.536970602277965	0.203039167516464	1.25972589003241	1.01934536020359	1.01708428325352	1.16677263373831	0.546691566479931	-0.299069922559094	1.04805952964852	1.16040314004686	1.14771064447572	1.30426789179028	1.02812870706315	1.15778037777325	0.114527844298787	-0.388889264245008	1.13407830866079	0.77109188592277	-1.0398851827449	1.14830249983319	0.623204586537603	1.24245794595506	0.0468858115095434	0.445881826369385	0.992921672811539	1.09489751735856	1.41724025093859	1.10744148883886	1.32052253739463	1.3389995157419	0.918641597809708	0.907468888542072	1.00666453201936	1.30675702803405	-0.125613872673121	1.06037564902423	0.960504692918664	1.19342135742494	0.35500919362571	-0.0270492453367313	-0.183904415827951	1.04635042954833	1.06489150050694	0.77066580587393	1.04016852505757	1.02413841605509	-0.238670112312761	0.10933953784574	0.896465829824074	1.4141772690569	1.17221292230763	0.841420055508835	1.1961091708941	0.6825532139265	1.08451036729869	1.25147953902553	1.36191312047865	-0.468622178202549	-0.241821194005575	1.13706956531528	0.853147928676727	1.32225941326043	0.813097769178254	-0.406304260323167	1.03853344176838	0.159134123648825
"PPFIBP1"	-0.458588329054441	-0.624189001620304	-0.0536147967182287	-0.0274973261181123	-0.749700793358352	-1.0644852562901	0.823734690865659	-0.710634404016746	-0.05936615258973	-0.81248820771428	0.901721059934673	-1.7650639935706	1.34542929870859	-0.197167566867232	0.887499773469972	-1.08334434125339	0.0598306933960369	1.0291679085751	0.917987775937862	-0.393269474989966	-0.988774001012104	-1.47029294944499	-0.986046020105482	-0.00870787511908176	-1.08060791238257	0.898134715897464	-0.130285270103254	-0.153506886609702	-1.53165406041525	-1.23614337105845	0.116256655221484	-1.88616925316787	-0.604113242719813	-1.31262346820252	0.0220393830909039	-0.898824070745858	-1.01408649404048	0.0696723136657031	-0.845354150651282	-0.496929826723957	-0.56629559661727	-1.04987746642787	-1.05603788899092	1.06058865015836	-1.57755275164567	-1.85935275349904	-0.826341489988794	-2.08332958935918	-2.08025123231132	-0.917376423348258	-2.08219102250671	-1.43950561541771	0.883426603103665	0.661358281616529	-0.723882652962386	-2.16580869491209	-0.273617800397469	-1.04692341484804	1.8018526805555	1.5015180774221	-0.899258236442132	-0.894245374836387	-1.52503656508866	1.40589903925689	-0.414796153692989	0.0386310369668093	-0.519221009599965	0.167712101485492	-0.823784704970803	-1.40860731604321	-0.157602328174036	-0.443337179051973	-0.130503936591264	-1.40255080066008	-1.06853064666777	0.00107095573076805	-1.08419637006217	-1.36319371442407	-1.61659837301866	-1.07082745410028	-1.15335329225414	-1.67696003041491	0.302731103982924	-0.579072545824839	-1.41828240279805	-1.64045712365797	-1.06627759317838	-0.998647655867642	-1.46049883106663	-0.368886383254219	0.149581029361774	0.202278513468314	0.931807777423937	-0.170930814019403	-1.83334739444961	-0.193686140931092	-1.36757278045978	-0.0546178202551427	-1.05115573165816	-0.551105384967041	-1.60576856707899	-0.308652494594299	-0.367951452070414	0.939748328940371	1.66630744695805	0.0929510657411157	0.469820944362193	-0.0567430824272423	0.76716988395514	0.896849934586952	0.366569480908189	0.783135670861323	1.13971555033931	1.1255748740818	1.09620550130374	0.965387429013858	1.51406188804463	0.251549142224689	0.181824277345666	-0.308342243119402	0.838598295956569	1.04639042944493	1.09184664882641	1.09899063330891	1.06192983618185	1.00427511786904	1.16995439275714	1.10903304740183	0.568786749016496	1.35161890462877	0.762416492622662	0.786837085876807	1.36600562885558	1.15322942017384	1.08708146736904	0.278049230088257	0.815209073596509	0.872949545917223	1.01802241423633	0.981224115020614	0.398732044485196	-0.1262316143748	0.698990095157481	0.125305952797425	0.722335196846947	1.28425916617584	1.14458874900458	1.52140930440138	0.396102763626804	1.56340619024169	1.39603939583672	1.28962904315949	0.457284024496045	-0.150775116595664	1.0899375266167	0.76989739049006	1.04041076927681	-0.809340508846675	1.40235940563035	1.21966501353145	0.753338034302498	0.205064203301013	0.528214959968312	1.46050656154277	-0.0475722366540284	0.316168215764417	0.91313115984856	1.05083473186354	1.02957817132373	-0.98266537232778	0.428662681124849	1.28517117820645	0.575651442449077	0.916647482467846	0.877836476906662	-0.431580628118635	0.991769068385888	0.907186374390705	0.830663208104868	0.296574519865481	-0.966899360620093	-0.861376476888257	1.31749834599185	0.708647594096348	0.301117306636251	-0.0756149792085395	-0.215334704124916
"PLEKHG5"	-1.04383739546916	-1.41707856496732	-0.847412499647599	-0.0290069357708512	-0.015639414622149	-1.27982401964855	-1.35070107677853	0.0999616723708928	0.0704960073708936	-0.90503516325425	0.190194165227563	1.3726188133909	1.01479958072408	-1.49049236570293	1.31606035744399	-0.306399486534839	0.186237637235913	0.315480581678742	-1.67292527004163	0.359202242292813	-1.1675058324332	-0.547094855755093	-0.659029232384183	0.411627331028688	-1.16482526301999	1.10454660167043	-1.71333847980895	-0.444139474193256	0.0463512438801296	-0.0386871594513337	0.0729474389004229	-1.72578284153559	-1.40563455251356	0.362409501383424	0.358888531975548	-1.03689729945324	-0.890190702079901	0.976022291818871	-0.514253568810169	-0.338450236854349	-1.06030010816857	0.70970064805122	1.0468513081907	-0.882932298393216	-1.83831625153274	-1.77638494922753	1.11618272311608	-1.88721871440374	-0.0632094662802184	-1.55359339066177	1.10996842009136	-1.04974282129689	-1.4677716552887	-1.4897048976465	0.121173852840325	-1.62363483595765	-1.70565396869268	-0.461113327670521	-0.945429052232154	-1.56797234462201	-1.65218464224039	-1.61671789494025	-1.79085797913631	-0.286247738838813	0.503557813506313	-1.14487433497553	0.214031766720681	-1.22696173505501	-0.689296232614081	-1.17960814602616	0.401625311725728	-1.00116831775632	0.648686976611327	-1.45198603086913	-0.632618778360763	-0.0743065642985482	-1.15853152835274	-0.608445344596595	-1.47883795319822	-1.23756327360832	-0.810825798907993	-1.45983736177035	-0.636994744052038	-0.442886075504448	0.256386809261157	-0.227052675948413	-1.08413069162958	0.11524335403194	-1.62946536625559	-1.26370644881336	-1.38869923683418	-0.831099301276046	0.443105957541098	0.315204110452828	0.254673601114024	-1.04213565502841	-1.12817627916666	-1.2439365518867	-0.340845650374287	-0.0972725917996607	-1.50333266963084	-0.0612748307762841	-0.200704312972893	-0.128867110488091	1.53775081405332	1.0615410035677	0.114033707370383	1.00304841473504	-0.00504279564981468	0.796058508010129	1.12455306121864	1.06916187394028	0.847877153101431	0.13359156707032	0.472342570128502	-0.400912093856331	1.16123415921743	-1.04497454799096	0.589825793786722	0.887820474438045	1.0295098531548	1.06318674823136	-0.708900047843556	1.00188612354764	1.03052731939442	1.17721973774401	1.09208147499953	1.2470343749537	-0.160086179477179	1.30036879691768	-0.969375856672195	1.21757818070991	1.23151239300978	1.08390983312103	0.804090145693012	-0.0149084169723965	1.07472771566947	0.547362232232929	0.592157741230031	1.08322427278175	0.462437882573158	-1.03539716901836	1.18606898873872	-0.171861637334266	0.372205328340743	0.523989174303733	1.1225924712143	1.09755006874871	1.10044948830115	1.03323728714524	1.43015105341405	-0.541840782521635	1.19192157374555	0.765215788352982	1.36605041250186	0.276595193888489	1.21026706492234	-1.37828369695168	0.889166969786274	1.30335533181756	1.07426078934836	0.30548861487393	0.80701871369621	1.17086207058431	0.0157003328141648	1.30469418082733	-0.229945524845011	0.676742476758064	0.629775409817829	1.06911982966157	0.792094540751016	1.07019462790194	1.01851387438411	1.0849908943871	1.05323752251006	1.13330889456319	0.271985797815669	1.29583267490246	1.33769424141671	1.0334090158222	1.48794236230733	-0.479651191654676	1.06858386679747	1.07930574611041	0.0226819525010369	1.07878213687208	1.16686222068001
"MMRN2"	-1.01349648230678	-0.521019502803175	0.761648069519068	-0.169079597612156	-0.997728296424875	-0.966511833137253	1.12556760425321	0.0228283986194259	1.22812542830528	-1.09428542202045	-0.254678698393348	-1.88105360347189	0.203786158181487	0.391451928338908	-1.28562013106625	-0.0301804894573831	-1.29059184562203	-0.723661276063307	-1.17635399116263	-0.130167903291068	-1.27213225478109	1.05556320414758	-1.21992446812889	1.08944955840284	-0.230558508345158	1.11184407406106	-0.0924676627974833	-0.229256632682596	-1.29304004456067	-0.169913545532503	-0.796631864765683	-1.25595729576825	-0.272833569077833	-0.0899216575817033	-0.282904017765881	-0.462162288384841	-0.0739342564063862	-0.167474637976307	-0.93395163445814	-0.645061066864453	-0.773420454018933	-1.6494576964762	-1.09519234944778	-0.184521022668525	-2.860602121835	-0.04549371969245	-1.36353838633318	-2.6050183725408	-1.61921036276959	-1.26676630346181	-2.35920343097631	-1.21211851322152	-1.14908086961211	0.031198329763831	-0.673323790310403	-0.229243242614315	-1.3565685858547	0.216977516508038	-1.35331081463268	-1.32768635780366	-1.49592853982628	-1.30545787944185	-1.13627321621858	-2.65420312815198	-0.0326767132392192	-0.890596105237306	0.00645631576636451	-1.2929619878522	-1.00985367778347	-0.200156974169603	-0.00479538964702538	-0.934626304699464	-0.150363698837979	-0.58928070515712	0.273799086112429	-0.233284435718009	-0.789944138404148	-0.14996899764931	-0.139234134719436	-0.956066793978167	-0.871833628933971	-0.206104410384446	-0.832341866330007	-0.281904602399557	-0.100240650161301	-2.79934123684925	0.0299187135703295	-0.838587980185081	-1.07069656017574	-0.720595023100579	1.00869748344972	0.101783450649477	-0.871195263352356	0.603737181311857	-0.00140872998876898	-1.0086295380504	-0.615805390147557	0.155817922772709	0.0451838098191575	1.11424566336787	-1.04157604602699	0.08962015973257	0.640027660854137	1.2105542066018	1.44603554157119	1.14857521727786	-0.171424847174616	-0.0917693720420814	-0.210226812789376	-0.175405544206887	1.13412646843068	1.41418829628652	1.22437315124891	0.159331576117509	1.26882041286703	-0.403236735434357	1.34126160998731	0.620595396646328	1.18340544496747	-0.12253690584892	1.38146295522023	1.14531151354346	-0.834313945104959	1.12201121692441	0.148130552181518	0.969480687995214	1.18718267093053	1.0001065761312	-0.193311357719221	1.53433756366767	0.0613183509323303	1.17754117325276	1.54852271235577	1.09571209933527	1.14464218051781	-0.0192966155715559	-0.701687695199831	1.14445886005391	1.16881512345099	0.0340042865805901	1.17479139603913	-0.0351063415742562	1.19062204119583	-0.819410177868576	-0.0628981943631063	1.1372803861229	-0.11678886287637	1.79109522037303	0.678801011851239	1.13781777849679	1.51189727971075	0.0485676634533318	0.737817992224233	1.11678582169827	1.4337361073704	-0.113285470361911	1.18330304021959	-0.107172971194728	1.10303041425516	1.54279102739161	1.3354614708801	0.0329989936855042	1.06407615992604	0.714725823058996	0.844283852177776	1.09864177408051	-0.110565784571852	0.205772491264094	0.508813009863575	1.11243529839349	1.65677928797099	1.19285206589719	0.693241394786446	1.09847693385553	-0.00329868313060711	1.18104853358579	-0.837865491505285	1.49650679610605	1.14987244619519	0.54357987185625	1.47825463047135	-0.215157513249474	1.16745970961062	-0.217723114062259	0.127789376398826	1.05340863772748	0.0678777548701418
"SHANK3"	-1.17504884921781	-1.27878687537993	-0.209915913100424	-1.09910108758037	-0.459300936998714	-1.57143256032817	-0.660108668724849	-0.4024483248253	-0.455296454307117	-0.772323875172118	0.250420216571866	-1.46169181216403	0.611837986294867	-1.39506810580679	1.49186190980401	0.144559012242187	-0.879972029222065	-0.905407946448453	-0.871656344753693	-0.0129846251182256	-1.55047519042349	-1.70179442564549	-0.244278993031349	-1.00421630852559	-0.944413698321888	0.594572117686026	-1.24855148254281	-0.438804317104944	1.26376965824893	1.32621576302869	-1.37810974908389	-1.61955985360035	-1.01619925056156	-0.745824858029666	-0.918479148238144	-1.18452863130458	0.382727998635357	0.50285911090602	-0.29843134941717	-0.925677659131653	0.343855702846361	-1.00153113435831	-1.24396806909901	0.138509231991869	0.308010256343419	-1.22252074420681	-0.79196770525979	0.148105465996103	-1.6610806932823	1.18781564357852	-0.20839678289711	-1.14946907926847	0.00708592993031873	-0.825091381527522	-1.31169495106933	1.19170017250572	0.77480095944739	0.0362040301373623	-1.59439163298644	0.415692117605819	-1.10812816132342	-1.58779658780937	-1.70683790750172	1.09263506856528	-1.11876887352739	-1.55560580549981	0.879015970513324	-1.13969628110397	-1.17730371352781	-1.13152919322097	-0.628252500465386	-0.944182234481019	-0.298486272203685	-1.34073443092877	-0.916412442760633	-1.11483189085648	-0.382730646041223	-0.133326038871233	-1.4284471962483	-1.30037172293717	-0.727407028634722	-1.38659003160863	-1.07109839232158	-1.09995974526221	-0.0918589601204317	-1.52599775797473	-1.1671140922369	0.0996231913364995	-1.56935628284919	-1.25999703871307	1.11081606019188	-0.70913334515617	1.08512217023875	-0.636647452947356	0.0614452024669381	-0.670294184638048	-1.47223509437558	-0.811963677701275	-0.21558875034728	1.12940826436493	-1.56284791739718	0.787239243656669	-0.589628636759314	1.24299845774967	1.49706620454429	1.16773083367978	-0.0619795056957546	1.05625935045228	0.101073022526592	0.811994591679294	1.09436374239016	1.42433503491179	1.32787965182585	-0.061174979790565	1.08236033959836	0.00978071486212349	1.33129466260122	-0.0415433501540483	1.18167370077215	0.272843725147047	1.41353602162349	1.20022793454382	0.30238605061571	1.09408870595082	0.403432584798018	1.24531271869545	0.931401983102885	0.503595291542774	0.300079966963932	1.39571957521903	0.121430113884483	1.35210682050746	1.47349444088858	1.18352437367063	1.09160433763096	0.0265998139552159	-1.02725703598503	1.09608425829397	1.20699976844541	0.352059387920636	1.05320992905145	0.196047939286971	1.36972381518874	-0.374564312600448	0.340075692723267	0.653632185420865	0.601802279621	1.10725528308027	1.04586393555882	1.34776074987696	1.57704898224599	-0.197781425352022	1.14919813510065	0.322137545111779	1.56450812397004	-0.335494022984456	0.724761310941884	-1.17981137768822	1.20584235092712	1.07530837125762	0.909156649014728	-0.423897212956749	0.320638870546532	1.10634829642105	1.05913973269393	1.19897317183087	-1.06837974827881	0.143084331052245	0.0511606439068454	0.032875842327436	1.37931286195388	1.08371025820979	0.680562848214412	1.40976128866568	0.728099494119558	1.074024806008	-0.0859625202860905	1.2246278924427	1.11628842774605	0.6727331846247	1.24499491115184	-0.965900908547394	1.20915068637692	1.07378792327041	-0.812233233894977	1.12836987431075	0.214916160251488
"SH3BP4"	0.242501664554821	-0.422298195015445	-0.359629745880891	-0.582670758114682	-0.545377224820896	-1.16286217294283	-1.09811933654307	-0.408652802759114	-1.36590359801006	0.0982504755226131	-0.973370580418896	-1.72364691890087	-0.75583292739846	-0.217324149769687	-1.56218405825559	-1.53779330014172	-1.40938066444902	-1.12981581871896	1.1907280996119	-0.428453569421693	-1.08696537853675	-1.8164742858512	1.16076789727456	-0.558905403072483	-0.700320376535882	-1.26029291636398	1.19462264321107	-0.937181171792251	-0.9453125244588	-0.469950950086722	-0.329989896428769	1.13674167803593	-0.520016973997093	0.00800142113936501	-0.050222573454446	-0.764763150219582	-0.818721849867667	-1.23685889811621	-0.738325849598868	-0.560719495891862	-0.16378064047918	1.31261285494914	-1.02415823881318	-1.51712574227288	-1.84212710598634	-1.56083013764881	-1.60647414534754	-1.82909946927006	-1.72924982068794	-1.43651749935193	-1.74809278587058	1.17937943932988	-1.38121502134469	-0.721555904109057	-0.858543944620375	-1.46754647694671	1.40475523323413	-1.51637047724045	-1.69252450292868	-1.41215135383566	-0.415154555612108	-1.44639984325318	-1.54500285631348	1.3685313022197	-0.499958514690761	-0.62384187493938	0.296368890628231	1.13145482139049	0.137705724337876	-0.99435465401812	0.255250260556509	-0.332700753057779	-0.197415996015803	-0.69714620451424	-0.00296355733018588	0.0288280549487012	0.140818944313193	-1.12569057520183	-1.19041658245919	-1.10485541683878	1.16151500024046	-1.30372084651521	-0.0708863577783734	-1.09775114386218	-1.29033490636791	-1.85361721607231	-0.83390142929853	0.704150726763839	-1.31357893816092	-0.317904912297319	0.553396102769426	0.309760514253583	-1.22146443187177	-0.841562183237738	-1.0722841430107	0.386591575285605	1.12693898426025	0.257517456680568	-0.785773736101609	-0.333507696124853	-0.951240385256457	-0.0603170917182509	0.738689341362549	1.25143254675053	1.34444359825063	0.365996101479593	0.686080652423013	1.29231867094832	1.20777939545261	1.13070465045148	-1.19759576067691	1.15821431452751	1.19221389731108	0.317076587218406	1.21103293350055	-0.0324667554560795	1.34638899623172	-0.769843110489382	0.249174115258525	0.0925646367423446	1.23346275463343	1.22478346391739	1.14548841777469	1.26758923725142	-0.218768995582402	1.27415108588831	0.61513052005657	0.3558426875803	0.0440056210997608	1.26630154844026	1.3522149854573	1.24165422814076	1.29399839595702	0.592296043426386	0.196713648031863	0.158536239001919	-0.238855854122257	1.14348799319036	1.16282132434603	0.488590987615199	0.536365942580669	0.78297520832637	1.32014141564874	1.17394927010975	0.558035509287973	0.583768497197199	-0.929203991568328	1.58406437021542	0.262968913166339	1.30926489228677	1.16211663938728	0.666223390560881	0.836418307087128	1.15709897644214	1.35073017660074	0.500732008914225	0.694832899911595	1.20069250816126	1.39081236663474	1.22223338547412	1.17967546450618	-0.0609301819592755	0.132648048526369	1.34120256031798	0.68799579279765	0.0833064657160868	-0.26966485429129	-0.165641074248466	0.143605881299721	1.14520406198204	1.28636794551201	1.21012265306027	0.469561517479808	1.16211918245052	1.16124872177493	-0.578721082031829	1.25830037969271	1.14345403101967	1.13518041520406	0.448460261311991	-1.00386379346339	0.45294357537719	1.14667651137723	0.210084868599599	0.0440022946820066	0.390827285047574	0.020221057438437
"SEMA3G"	-0.948983441491719	-0.870972798599951	-0.97746676685547	-0.428658151748619	0.481296993971418	-1.48793666471742	-1.16835014264372	-1.25148485773332	0.268858383730235	-1.16075458847195	1.32344264289426	-1.68878735336434	0.143020170572681	0.857531662786127	1.36749659739728	-1.57901270115439	-0.856465923518229	0.338801689745337	-1.44012306471476	-0.579661480774162	0.0426924667385316	-1.85233997410321	-1.15227489204996	1.05390361119829	0.865146949217622	-1.5803985109054	-1.23668521910838	0.623619337018259	1.01410590994232	-1.06532810943345	-1.26291119448599	-1.50226360170421	-0.401786340444056	-0.226930356984403	-0.85098439977593	-0.147799761008591	-0.990212073761519	-1.0362305785481	-0.827895154407427	-0.518416553695557	0.0638599991371608	1.26749300588813	0.883045719025716	-1.48411059912369	-1.91535598446481	-0.174830846715368	-1.53333193797461	-1.8847033992402	-1.6430262484244	-1.33252026514789	-1.80981500347044	-1.57904259083756	-1.25574757064939	-1.2960229096971	1.11806835488838	1.19725310655249	-1.05758535533502	1.1663456458154	-1.59960076271477	-1.33044115061316	-1.55102039864511	-1.34866648452158	-1.55853714491369	-1.91235666239569	-0.80368692359172	-0.19083838232548	0.203771221157647	-1.05963013552558	-0.964965260528696	-0.980983618566892	-0.10460186893315	-0.963109086088257	0.49753800968588	-0.355992513789698	-0.431451864400652	-0.0702633553268064	-0.780083169960047	1.07894064460909	-0.909034444680002	-1.15876489078489	-0.622372137891254	-1.04394459062869	-0.876511114312663	-0.361846486514252	-0.727947379452529	-1.94236965486828	0.303905847704169	-0.698819294252912	-1.37081768213418	-0.959090400637994	0.241294441652494	-0.901129171244604	1.13658521393106	-0.547999985546301	0.23957965795618	0.606576416703459	0.309796209804119	0.0118440473509997	-1.11625090153036	0.124110478160313	-1.00771449513942	-0.190450962460705	-0.0531094617426771	1.40523395312562	1.45204237885349	1.15798820177765	0.159554271522214	-0.462275977018269	0.456226690790627	0.675162717007106	-0.904030856698155	1.22734269898216	1.3592508471561	1.19726782061635	0.103683125824125	-0.481290591742336	1.32251434614506	-0.316700166930988	1.03558521051005	0.533261363745297	1.11170273569866	0.00964698570186307	0.584383209263784	1.16052449682933	0.403821421968765	1.15954581176928	1.18718738039775	0.553308334808792	0.807890360890105	-0.00403640550674596	0.168774876631357	1.04497771642276	1.3843105886667	0.226683254791454	1.0460388890939	0.621586993068484	-0.297903507332624	1.09557899998024	1.034228941819	-0.266550454585447	0.68228184880544	-0.0520273454361117	1.20795295133031	-0.503863072292605	0.375271557997133	-0.410829355463177	0.446223585633732	1.47345919219055	1.01886271480692	1.2936893973994	1.25952359335185	0.354941140810364	0.6807077551612	0.755267181140567	1.26673686852225	-0.52312093650932	0.2611244284923	1.14601010321492	1.08679011135012	1.18565485805044	0.285832922651764	-0.287543087018438	1.12841572867188	1.08886322609503	0.390873956109562	1.06592542229187	1.11650066394262	1.07224521197303	0.82232131967521	1.16292177820715	1.14272690374023	1.00940126421513	0.975377501452599	1.29221022606983	1.13260404428826	0.417742099914838	-0.544502554767028	1.1183870488402	0.737900544867832	1.25134885414059	1.39301445319459	0.1046087554815	1.28865906814013	0.509136286556598	-0.230230515414799	1.21531438288105	1.10445601991136
"ARAP3"	-1.15495170155198	-1.29499697081357	0.138164430614768	-1.24276659176529	-1.01238730598223	-1.22193275322621	-0.350937389502982	1.08245980144919	0.952309863617847	0.0388152924839409	0.10330023090409	-1.75227248442009	0.982624422346771	-1.15831336998509	-1.67400467313396	0.738675569097752	-0.389462208296224	-0.972579041537983	-0.649572118873423	-0.462390511224905	-1.01229336934824	0.105389400999561	0.321575141574411	1.04770850862791	-0.923336149313965	1.47085490076792	-0.966544295480654	-0.642477324309676	-1.48080207334746	1.00823149482571	-1.30726136862254	-1.42163418667668	-0.921529947941444	-1.30597247296056	-0.788984701777449	-0.887760094707279	-1.14703716115821	0.324880571035471	-1.04274220385889	0.0147358741580358	0.104004555846565	1.03518771763709	-0.380027005778165	1.44764250782234	-1.93386233416762	1.22725453427327	-1.70179421288142	-2.0286047720192	-1.79582345923063	-1.23625109339853	-1.10706422028849	-1.46187980338525	-1.41825563726331	0.886383644865009	-1.68555600260225	-1.27934955118825	-0.0347984380662524	-0.318443953667599	-1.750409445558	-1.3912519479377	0.939272933479439	-0.947394815726913	-1.56760122495144	1.39596285918939	-0.942751034805369	-0.827354482499571	-0.385822476213784	0.375602251032227	-0.834807831268965	-1.2369665788504	-0.550508459082121	-1.13668403135084	-0.637556076684447	-1.05155753076391	-0.868664743987299	-0.238567124157952	-1.01293599390013	0.00499732562025313	-1.26387047534956	-1.30174735420367	-0.369898594513102	-1.41669098332992	0.378301714996731	-0.968553838069252	0.438862645045248	-1.97031759317513	-1.25812771890533	-0.358791285981194	-1.04075325927034	-0.313263210021603	1.01156822117396	-1.01827291691265	0.911160735465731	-0.762161714189305	-0.533169551227218	-1.28206505409234	-0.928141619240964	-0.831946064805924	-0.664209102330584	0.533857264318135	-1.22938786023469	0.869708352238473	-1.07280433547955	1.26265882171857	1.40395202089412	0.58466800312747	0.0154076867205249	-0.222506973503066	0.584574696160203	-0.931125179419123	0.088165321711972	1.24551361583035	1.17400292615859	0.862432422622831	1.09198394809618	-0.970371965806569	1.10793444823029	-0.712803986692609	1.34033485168233	0.962998646533643	1.39988317575897	0.712015794661401	0.586639648296721	1.26066240827985	1.136696199841	1.22771693776601	0.824816763793784	0.213626912159877	-0.0885959315663241	1.42820039544815	1.00170252068688	0.96909059323823	1.16988893191213	1.15280265455917	1.14504388390968	0.446212506008314	0.831770292224143	0.992704164604621	0.989171603130659	0.259005862804014	1.1778872349423	0.0969602055649348	1.04011181837919	0.220593146375733	0.423375849866936	0.764627191015966	0.948713907880282	1.47110241917098	1.14188913493676	1.40189142924407	1.2983872898445	1.02118346762999	0.574776588384453	0.452652784024947	1.34580139841649	-0.530224008067238	0.900922263753793	1.40939816972513	1.25750035683085	1.34478012758723	0.54011770688864	0.0509517060678136	0.944583631299472	1.00209793305417	0.405360157468703	1.00535151532754	-0.334727094685162	0.199323145072781	0.382548927885295	0.695371519683805	1.36477010167203	1.24722850588204	0.439637872765145	1.1823376852598	-0.545282900860383	-0.225416341450575	0.18138911621413	1.21109601204177	0.838272409088072	-0.0801105790284447	1.18783985126856	-0.192911968516656	1.07151528303825	0.542607038976143	-0.337684624178453	0.368515725133957	0.188178784859025
"CHST3"	-0.751431487153094	-1.29768183024547	1.01566236256245	-1.84255542654545	0.156404766125086	-0.406104231712137	0.472832112329554	-0.581641146828396	0.229784856937374	-0.397531559377965	-0.291111496767134	-1.55354014067025	-0.380621444148993	-1.67997519593302	-0.746768615620378	-0.886094225043438	-1.05124153570217	-1.43195041773067	1.30482924833678	-0.969719177839165	-1.00742359862108	-0.757019115581679	-1.98891516641529	-1.06501092108167	-0.900062101793116	-0.50595753935937	-0.949283399266657	-1.80853461356408	-0.877046079542987	-0.889217415710022	0.133379887570727	-0.378316721499406	-0.374825253339459	-0.255828502080699	-0.323261990112089	-1.45222823241128	0.453774380314931	-1.13732556349713	-0.54010926133934	1.17556689179397	-1.90817182097734	-1.10559701835164	-1.92756840310835	-1.18408259521666	-1.44404362384151	-1.42439903548826	-0.0296519842195396	1.34283311879739	-1.24554012412192	-1.20157228721642	-0.316324836526474	1.41347133728579	0.502380547828172	-0.725600551424768	0.972703892370385	-0.524451860153625	-1.22466730220927	-0.940548894617839	-1.10414637205171	-0.139047579218755	-0.837920539444343	-1.11622762101693	1.22564094051892	1.24487415673529	-0.301367784776951	-0.641522918896582	-0.86854015279538	1.10432835757474	0.392359909211353	-1.22858888452262	0.619342960417034	-1.30532888505251	-1.3292984654353	-0.936480911020563	-1.44060922735257	0.321177550803315	-0.731585133471644	-1.12266439709205	-1.07600964313311	-0.45730770066867	-0.681801112156958	-1.11785776390639	-0.663339180755161	-0.163648339867672	0.488414202462589	-1.14914103837316	-0.763175182942265	-0.989090344079352	0.206790301569785	-0.313400311088367	0.412019942703346	1.06100348392917	-1.07467178821973	-0.466246130377082	-1.18878141335316	-1.3995553918543	-0.974224569818773	-0.40292384255965	-1.37245158802618	-0.738984811113427	-0.973416699597732	1.21687377155095	-1.25186469710921	1.24039526205134	1.34443282099774	1.20017136987623	0.514652292247756	1.12139317664224	0.372604169454066	1.20368143898196	-0.449295002717938	1.27190204741767	0.963597722376211	0.444723570220556	1.22466144705387	-0.380013776105516	1.27263020193151	-0.545757366904033	1.23911649301055	0.697522015974979	1.21981508634934	0.890136876076579	-0.620557774502916	1.43425009315427	1.21544300735878	0.0599398213869334	1.43396898631973	0.735076688157657	0.881617435812541	1.42632520800338	0.219510524362629	1.23827854242346	1.36900460110472	0.468301878621161	1.29182184570837	0.49359682323025	0.390055208892408	0.676981214890914	-0.0660636880074974	-0.701741883709107	1.24345963477183	-1.21192265754133	1.35730668929394	-0.793377148098919	1.28126819160564	1.19728176773914	0.0736718791066339	1.63581154830777	0.465243829291504	1.23739004044421	1.2253990158216	0.977816211970482	0.287983880650427	1.17923516909696	1.27490534935886	-1.75924896284454	0.790269123140468	0.647691107871338	1.2237219700966	1.24176960074339	0.791438286573981	1.04220317413567	0.395535811011252	1.35834986496686	1.27627209979085	0.264234695724867	0.774556868240738	0.550636404699844	0.527179580338929	-0.444053944633055	1.48684521577999	1.18770215641698	0.432123350301906	1.1909203003426	1.22487576174915	0.426243090024476	1.2331456498317	1.22528388133073	-0.293361401133739	-0.608506587774825	0.0407779793701429	0.30873870929669	1.22480761334809	0.649560335650469	-0.629519227235365	1.2435026243433	0.287978273964899
"KIF26A"	-1.01220041369082	-0.0696041187491576	0.226153268073417	-0.920119720001205	0.248382811200957	-1.34079274588359	-0.0751085629803545	-1.16060648685101	-1.22391986019162	0.401839141406039	-0.708088223971859	1.2662184708034	-0.36122094899115	-1.88139426368182	-1.74272258253481	-1.55152921220015	1.2235097362035	1.00460261746359	-1.33144911057799	-0.540146366218682	-0.137040534827616	-1.91275748209614	0.0357746821910685	-1.64186891166525	-0.0363323775469787	-1.71519979285599	1.10051667910714	-0.858466022697748	-1.52382225939457	1.33359059574269	0.589721925165465	-1.38845671201995	-0.881597927451774	-0.886825761590466	0.997541861112613	-0.526370901075037	-0.283051942608864	0.214005206402547	-0.391752468136484	0.28376107552672	-0.798242115386779	-1.45627988384196	-1.94950513020514	1.18327998969209	-2.01269029408074	-1.66111759117773	1.28621642663579	-1.9350483107367	-1.6893320831214	-1.20065354636614	-1.7572813764052	-1.47697273814052	1.00150188274474	-1.23469338008725	-1.59057619024846	0.740102181946745	-1.55088735756581	-1.57487605432892	-1.76203475628091	-1.21431662387803	-1.47101461357999	-1.33574621459178	-1.60300511903097	-1.8962895015513	0.483697490239367	-0.484158270448696	0.490039263043074	-0.325748103092856	-0.360200347611794	0.00443847900589679	-0.383153959594023	-0.882903546394419	-0.590055927412546	-0.450958917731306	0.0831639898964642	0.153108138839258	-0.851550596119247	0.210330679535075	-1.19587327587085	-1.11602914607457	-1.08946150799282	-1.23341842702089	-0.690263263303034	-1.00491174212662	0.47081697640998	-0.945427952686407	-0.0665227185635232	-0.004212341165312	0.867284994275908	-0.721159113530011	0.824920840835991	0.0981200462470374	1.02212956558184	-1.09262798528764	-0.832941734542997	0.456721335456523	0.676324538367911	-1.0295051771438	-0.451926615263437	-0.627902944483434	-0.99334461851906	-0.823804354950336	-0.932473753418538	0.983702105684052	1.30557935341282	1.14171135123599	0.980195990248573	0.400379189964812	-0.850559000540978	1.05406389167829	0.0579289431286537	1.07789206917326	1.13010092295635	-0.679964618749452	1.17535212212413	-0.19531084405608	1.09545373108257	0.335088595267005	1.30256453301849	0.500863590326903	1.1681999345845	1.06954030231682	0.494422987135817	1.15248092399388	0.784225085645992	0.999823114860308	0.324841277902763	0.847403505442398	-0.00120747841608491	1.38637785036193	-0.286852597687451	1.04281635267338	1.11235798415957	1.14481071773497	1.10358936705451	0.533230509043885	-0.155242449890275	1.25643610096208	1.14833258931696	0.640247128738341	1.04097545633869	0.741864088633036	1.20096606101792	-1.04925058158777	-0.231165178735509	0.522847570875453	0.735209346599574	1.32059334663753	1.21003696244316	1.01558760120628	1.41397451479255	0.322120947574132	0.954379744269371	1.02017831261313	1.09102659828404	0.616016369363714	0.857356195327435	0.329142206555862	1.0031123322802	0.648278138459538	-0.516331982489841	-0.180659645111083	0.363161342156913	1.14718756880686	1.26326796210621	0.0857774544024913	-0.519291437360954	0.256075606802627	0.383077938711776	0.567774091734903	1.0704357874657	1.14199160913661	1.01361961490903	1.09949909139255	1.05202437539636	0.409091305348348	0.143176664301499	1.11663301927194	1.11721942238932	0.0393198074407394	1.20566875325188	0.558790401298363	1.26404459693357	0.791479030969561	-0.0704000906873998	1.16164204395337	0.167330544922878
"MCAM"	-1.30738910270089	-0.393135918523384	-0.472913609471204	-1.20580133905173	-0.0549001852543723	-0.813689919024636	-0.893337371240603	1.12585471170428	-1.23254243479226	1.16238574855039	-1.42133197164581	-1.69454236971165	1.20048282269707	-1.27455226867318	1.63967190126812	0.918996422523335	-0.1967586185892	-0.360494983652513	-1.55967005949342	-0.485809304655892	-1.13590118077332	-1.49131608552488	-0.108152506553282	0.161869685761004	-0.404864567888849	1.38678665712593	0.505895341064896	-1.14941995402152	-1.30562787610202	-1.12412506130706	-1.19273421092424	1.30487616273119	-0.659866240820823	-1.19854953548727	-0.751067162241344	-0.525051604282096	-0.387069399325921	-0.384757748729325	-0.945582596084997	0.551924436232521	0.546711060967034	-1.61865794240303	-0.162429447332497	-1.29498784232057	-1.45187513935412	0.00545150899058464	-1.62564373874458	-1.79976260736462	-1.59606987169081	-1.50475361469666	-1.5998950910103	-0.722922366638287	0.260409286742745	0.512798809281917	-1.5025040140623	-1.52162958746942	0.786398840404675	0.31832787219203	-1.58049290402801	0.342350789820853	0.178688523885752	-1.22388694680904	-1.56972850666252	1.22940901636839	-0.955677362657567	-1.15509677875496	-0.757339710509194	1.14246057328518	-0.206215386744481	0.0420467433106841	-0.328286824769279	-1.21431379704795	-0.220319864017202	-1.21221453128016	-0.710254706489113	-0.869739515265237	-0.895228311669583	0.33855445371871	-1.34993491808922	-0.940294517988115	-0.823822354657946	-1.09809272161845	0.13690115983247	0.30811914442852	-0.616476772093978	-1.75374685037943	-1.07535199717158	-1.12418576013126	0.655956102590267	-0.557248001241637	-1.43463541496288	-0.425744797244307	-0.613472957138319	-0.201423087246531	-1.29279798259766	-1.22394833387698	-1.0383154525244	-0.936128283094923	-0.494119583188891	-0.105395448449596	-1.17068691963983	0.700031426547454	-1.08305898698101	0.851970452953918	1.50756545023741	1.33085647022039	0.670203230928383	1.3791555976442	0.446587447979915	-0.620302319311111	0.0413557327681601	1.30108815758908	0.380546136677148	0.450866680379829	1.23832301083628	-0.0641996708237997	1.36449454920029	-0.282152525424119	1.09738297187307	0.172304553681835	1.40637775732059	0.0434486043001405	0.390304768592739	1.23049839145302	1.15445455515398	0.831630185724054	1.13132242039527	1.11890735975203	0.0894802094135081	-0.154511324597726	1.16274367449915	1.24452544599618	1.49302249276752	1.26483792849473	1.26763043255436	0.378824579198605	-0.0155001191947347	1.12135410910984	1.21893150904058	-0.96980094650962	1.24600783412278	1.09919648618918	1.32939998859974	-0.926131759848467	-0.318129367055621	1.08978334398948	-0.676563116099958	1.16829614169517	1.13152047106336	1.27686977419609	1.44684072173064	0.200547848769287	1.15002479789203	1.15764702849878	1.39251451348612	-0.0954079394574647	1.12344389853478	-0.94855203320757	1.1159213362205	-0.2629794392234	0.61962322171226	0.487958012445752	0.150184194596492	0.449964273022476	0.0902204976541361	1.22294945362466	0.64641101883766	0.280398016512047	-0.305970553152701	1.11146792358743	1.09487263109324	1.29014155931385	0.882106884811418	1.19610391195158	0.706366078616962	-1.02425482402513	1.1179696274484	1.41566594622763	0.110606382960621	0.0786577326188911	1.48259914548404	-0.108481304804278	1.51076272476902	1.20497618654539	0.0400455503186958	1.09595368660479	1.1043270648843
"PLAC9"	-0.654835437369106	-0.287276353017334	1.05741642103203	0.631410278555963	-0.214324335016771	-1.18505680779595	-1.60485721126436	1.06678436172278	-0.931007559072466	-0.0472490900007378	-0.824070531048056	-2.07332219202589	-1.39896103509345	-2.28186859013045	-1.90411510003929	1.01532777230789	-0.0267718526000446	0.130685912622527	-1.14190081924368	0.278597517960987	0.286113507450021	-2.37999797235631	-0.0914861558031668	-1.73229671543495	-0.655068588695513	-1.79733755445105	1.23514095449372	0.789358686316162	-1.44967823855288	-0.411164579218588	0.704102667814745	-1.25930629801317	-0.148918817354247	0.236143550459541	0.0177432525133236	0.138286127886259	-0.439981431452161	-0.921594038921276	0.29808817970777	-0.0773257493197151	0.449412746274342	-1.20886191805056	-2.39710869062101	-1.04307839927928	-2.50799449988961	-1.79428673055876	-1.65300826005191	-2.32357677885861	-1.98251920099888	-0.840599468846471	-2.18752294254072	-1.31515162713319	-0.743958945472633	-0.810326928456994	-1.58518031006296	-1.10776800429899	-1.4171812440235	-1.50254188799811	-1.85891324753785	-0.864196350859093	-1.33503718873651	-0.990001828651603	-1.61493327421562	1.26868905712797	0.581804181351444	-0.546694004892847	-0.618199898727815	-0.45246419523672	-0.461569931311326	-0.0552192520208502	0.318683688426439	-0.619952752311573	-0.259545663839279	-0.660289758497151	0.255710019829302	0.537012910577998	0.620395958510054	-0.534653540231269	-0.706154267182151	-0.399076593573447	-0.18345472337579	-1.03334142174795	0.242276772279085	-0.637402584030074	0.986789763610928	-2.42220936685602	0.060584630187252	-1.14629415843179	-0.888662681980275	-0.33334772163191	-0.400175268661451	0.967176951337659	-0.902236250849863	-0.272197524809887	-1.32983774544767	-0.531514207772542	0.459211907564625	0.663507763006988	-0.185713844109448	0.852813855299156	-0.352343542557645	0.62643618869511	1.0125918263885	0.852100379537521	1.2137985460427	1.01027041390526	0.970621513771885	1.13960116375751	0.491392418980548	0.202378657426557	-0.0223650429582553	1.08271367780189	0.719311489063105	1.12138501257312	0.971510502435619	0.457108651932043	0.990793802984648	0.288339748531985	1.0002758035442	-0.609209996340265	1.10279208143743	1.11761823577115	0.429520763590043	1.20923489091252	1.08073377595818	-0.156696264887313	1.20188798186135	0.0804158333662695	-0.0169622111174631	0.967029695400013	0.982276451907176	0.982121465526447	1.23180856998328	-0.0941124525409025	1.07105886894259	0.181528897718255	0.368634514783357	1.07687492744023	0.989333835531734	0.160769570585081	1.06577100830637	0.555346204716418	1.15943599465818	0.00683036506668618	0.551557874898645	0.617980539880358	1.1623625105469	1.30145571762155	0.0703628541965331	1.03989045154656	-0.524864176298126	0.484358716931175	1.01911318358767	1.03723340569283	1.07613403521366	0.817530565640536	1.00696874647616	1.00192056804966	1.12379012921682	-0.789638909876516	1.01711759629593	0.473897084006122	-0.125685127736011	0.908184911750841	-0.593275931179739	0.961145285640965	0.989835389671523	0.0223488582130714	1.02980894120869	0.721543444132613	0.369038880690448	0.993152893901785	1.09035022727049	1.15516363625792	0.275914446247881	0.0696530223329461	0.713148115569824	1.16142475332582	1.01425616734372	0.811681722641586	0.506920077041411	0.170920978398187	0.346980612273539	0.135853168210475	1.09620171482936	1.12201783225509	1.10073960738353
"RTKN"	-0.904765932655255	-0.659686254216988	-0.0189579989927175	-0.490315710960267	1.01905562187404	-1.44973493705031	-1.59761839809422	0.309835861705912	-1.32037661428278	1.01870023662627	-0.824066414211817	-1.80923591929524	1.08087805430221	1.201978607374	-1.75218335462205	1.21198089169332	0.820784276644857	-1.36053500556378	-1.29073175299236	1.07832732119953	1.02296567647086	-1.89140107669563	-0.746468956503635	-1.6352914030504	-0.356650691979002	-1.63568079023345	0.222709399754713	0.279486900395608	-1.54752155333674	-0.806686885967872	-0.716872828783142	-0.911696836804225	-0.560561362548547	-0.527738852292044	-0.52596072100354	-0.636016089571892	-0.922441173680969	1.03068951051988	-0.776262674208206	-0.158494114248427	0.234118261419672	1.23389978919136	-1.03628927892277	-1.48134119817512	-1.98823306537154	-1.67440038922933	-1.58528759628281	-1.90798034149291	-1.82763120412322	-1.26393960082808	-1.84012781485903	-1.52750193769613	1.12200431841767	0.0401800184921676	-1.53162426988082	-1.30660286440642	1.22310985365418	0.288375656763147	-1.73262869627777	-1.25676489274418	-1.52913282842945	-1.2968748915079	-1.58415910668721	-1.92505947480759	0.581728647084019	-0.334686771867973	-0.761563695492071	-0.0975486544210206	0.231503941630007	-0.871639670414651	-0.277828545047902	-1.06427745313481	-0.709008328931624	-1.14829719894244	-0.989509570590301	0.783813740270044	-0.601738765030423	-1.07888950066952	-0.845780350524956	-0.393121638011004	-0.171566186286239	-1.26479047233785	0.031684586654642	-1.16852611531169	-0.398422249920458	-1.92559507926924	-0.435118641831991	0.58155892785942	-0.108845925225881	-0.370694403170465	1.47759215255172	0.0182576885138604	1.18975034140914	-0.498466007193025	0.458444944111216	-0.898746110169129	-0.675520639990286	-0.91074411178307	-0.831725960050216	0.324469833880786	-0.994271349585472	-0.214816323379119	-0.837140824116758	1.21364522255805	1.25441795126228	0.628490764400096	0.488099346995731	1.30428913082884	1.14299396284946	0.692073824254694	0.556797868690462	1.08899020941012	1.14036925211033	-0.0388309302777399	1.09506099283482	-0.365847135078268	1.33460445624735	0.098367898474999	1.22164553499628	0.392830086799221	0.10673307356933	0.599048034566889	0.135393128634989	1.16310549230604	0.40446074553895	0.622463227741136	0.712762307380142	1.14876124248205	-0.2121600920911	-0.979161923738634	0.19357339907137	1.142789306055	0.0566565188437508	0.410569116873568	1.03152516967364	0.554143749603951	0.571830676833034	1.18479612349093	0.612683114720781	0.374486120899635	1.09176805932936	-0.133040677131483	1.12161204674238	1.10408432007002	0.853737238643325	1.12069871373539	1.27107653260942	1.3453695212527	-0.44960121552227	1.24588973226984	1.15304417491511	1.18518831235041	0.429153905285637	1.17320164073689	1.00111243558235	0.462893496087207	0.667117577174796	1.22233696685456	0.531718369740434	1.15712457073193	1.14399500158831	-0.223613125858832	0.432961779767491	1.35486220893481	-0.423886900243193	1.03917651190754	1.11808105452487	0.299171100899705	0.512259764414796	0.459810718645034	0.793593362697244	1.27880989685835	1.00081231085975	1.16990240926127	1.15725579038591	0.226112094484538	-0.273765859765411	1.2327750432945	0.370175648849358	-0.0457806125023726	1.23632244363031	0.456610481853747	-1.21146581418492	0.554202477892992	1.05168006766981	1.17712762560165	0.36640106506559
"PREX2"	-1.09096661685489	-1.01240237210138	0.193158963786319	-1.12384933837027	-0.403912031971035	-1.13659152716389	-0.267732517412268	-1.14763705767925	0.545956061906667	0.539375998084527	-1.34149054789526	0.36961721969886	1.1624715993588	-0.926981181344205	-1.78019572043245	-0.38068846258235	-0.932747032216891	0.185221863563484	-1.5546473596549	0.574596969827879	-0.42616164779084	-1.2914086523915	-0.0677147220166956	0.715813210959968	-0.973817232557676	1.13697949795199	-1.67070170672975	-0.835183018085641	-1.43304696887063	-1.41990872693837	-1.27329640521255	-0.916986103861844	-1.20106101749976	-0.900835352006287	-0.123959055641923	-0.240342122876849	0.323441834427996	1.29523442918286	-0.886524646869779	0.100791587386976	0.346025705318393	-0.249146868135368	-1.35628991153763	-1.21246797273112	-0.753895152023007	0.127571463860203	-1.59903580255899	-1.73408302176676	-1.75505164282545	-1.55769613040128	1.22645139265225	-0.764772838723001	-1.48035088520966	1.26062988100416	-1.32229289743482	-1.54164274131112	-1.32212108211074	-0.618393353851834	-0.649978808350819	-1.37428056446276	-1.53757238626995	-1.55917700757741	-1.58209736921206	0.0146212290184309	-0.992095066757116	-0.263281678258489	0.403774891338014	-0.293583645453731	-0.839687868326692	-0.671089146688347	0.0411847326507049	0.00936874474226758	-0.718509234945013	-1.0818057786004	-0.909376067920411	-1.02906069783251	-0.961820549458327	1.13421193694089	-1.18373462313365	-0.118520286960132	-0.985143634919102	-0.988483501390317	0.502303995712496	-0.333931111405382	1.32319908386187	-1.74729950255097	-0.984999677664307	0.139630471498272	-1.27240978469098	-0.13028500898916	-1.23995847413972	-0.458186446816168	0.271918446906359	-0.870490258483403	-0.550644895692335	-0.483833348718054	-0.957330352171478	1.11338785258329	-0.866040151140657	0.46171696970318	-1.13571807112216	1.10788075493074	-0.677924915585097	1.31161828505729	1.55256950935062	0.709722527981213	0.415097982290307	-0.871486858654264	0.842967672861293	1.19954679674351	0.235414255781063	1.3790647563169	1.25782048720456	-0.243344551578407	1.09113350053225	-0.246470262307615	1.31505677444665	-0.633680274459297	1.18642998647439	-0.0925077961694983	1.24571263934349	1.35540984939248	0.00409344655184789	1.19301088857511	0.919146689402995	1.09729925899454	1.33555981133229	0.749487264264236	1.09439930921296	0.716502713778452	1.23444305435239	1.19124973944078	1.54512280826773	1.13958239413009	0.440546319413874	1.31321160847472	1.14200665481066	1.09535959337302	0.666942864935061	0.0240153411408511	1.31266781155819	-0.453737327795517	1.42039384195367	-1.12006091147811	1.1558842936673	0.14379732210036	1.45917221185237	1.6956189668255	1.19691726117186	1.43459739579457	1.47452844587598	0.315286190188347	1.1546808309353	1.07939232368666	1.5915383044899	-0.128395829700041	1.20848958236515	-0.655555657706652	1.35765643430194	1.35630651761355	1.10793168172739	-0.198111612243822	1.38897752238958	1.19087530099543	-0.227435054747787	0.440245663464522	-0.150246841505627	0.866292877312938	0.0903212895394223	1.23116867936433	1.2902947833578	1.24583903329848	-0.378865437898551	1.45553832336187	0.128744581065589	-0.959460541632052	0.596138808852956	0.50937504552407	-0.0400190486874222	0.215660329425075	0.265514001134856	-0.534441844297985	1.12606232456187	-0.615904920390617	-0.347375495753826	0.27508838370796	-0.0335983082060691
"FZD8"	-0.181036367075891	-0.4573954912001	0.631641262264851	0.283000727534824	0.180518359704214	-1.30052295858097	-1.39154267623665	0.196178485945907	0.55688492872759	0.419360754417591	-0.976282093424248	-1.72044606381019	0.0507652119409433	0.306815295582386	-1.61549637725518	-1.30964473075782	0.170009422815028	-1.15517026161051	-1.27072311812071	0.651441419858545	0.0337008245243145	-1.8290269872355	-0.86976171199776	-1.53707695559518	-0.876035172286003	-1.52744246875573	1.19467706567907	-0.382130631615286	1.11955667698355	0.512110461079512	-0.283132858384472	0.3389167936082	-0.0400974353559068	-0.635347571676632	0.185745380416949	-0.293034936396126	-0.955886665777031	-1.19616475714135	-0.24696154734682	0.44845372304246	-1.46879098130135	0.559989606724535	-1.86606453262269	0.793064769830642	-1.8331885810228	-1.57088122728094	-1.51641919792191	-1.75700542022535	-1.71532385250438	-1.21812622138872	-1.67615436308337	-1.30228042230569	1.28109536291747	-1.18103793812818	-1.43833608246881	-1.23601670442566	-1.39987723548154	-1.38734546070283	-1.57876503259831	-1.15749881468786	-1.29941310907941	-1.19884597552561	-1.43402808863887	1.44440319716087	-0.52485249403255	0.253456012507115	0.288187028705592	-1.06723185022969	-0.517004945289222	-1.07680596186145	0.484937322535747	-1.1680003172608	0.42791589700329	-1.11616042507935	-0.426516772104456	0.660438613414699	-0.732666262382164	-1.01691718589389	-1.12146224400912	-0.389644980390888	-0.952890907170647	-0.839642180796723	-1.0663359724378	-0.826202759972271	0.97232413620665	-1.80554941924275	-1.08150412569191	0.504881461726793	-1.17933386009002	-0.458128727153091	1.15060136733809	-0.514949372787236	-0.00398832089964972	-0.996083890670156	-0.993476416748521	-0.453001687701287	-0.196737681613713	-0.619560832418694	-0.324344143484033	0.417588083358275	-1.01318220500967	0.0207635949852143	0.883684035287767	1.10495623810621	1.26457491648425	1.02360710555609	1.09627191207033	1.38580631590985	-1.08460859416488	-0.303678727669729	0.160274477615571	1.21385956741508	1.26453788634154	0.148500482114431	1.25951893440961	1.07533433051301	1.13370088857668	-0.865776912127281	1.17115940862441	-0.114978782187001	1.142536893211	1.13441374141209	-0.964227871064872	1.09379492886231	1.13911445636091	1.14251544768315	1.08949763274866	0.530895472989122	0.185518151875179	1.38545288586207	-0.17119498768623	1.06082791225603	1.23329782000832	1.20797381975014	1.20090766323273	-0.966938953112893	1.00392308610376	0.207566638623218	1.21230458183866	0.646077756090622	0.0374837370078876	0.307924686680772	1.27215326025299	-0.116216032303788	1.03643269649665	1.29253981098691	0.0811523288931667	1.4407570525085	1.11088461259206	1.28036200016652	0.708817788508645	1.13868858771446	1.10500794983921	1.22980172352599	1.23441908306352	-0.738897208139126	1.04417461946952	-0.191715377794809	1.2714537425049	0.63663900659741	-0.117400040090737	0.224031746967966	-0.988838826388495	1.34511537965105	-0.331262232921681	0.871589949063342	0.663141791104286	1.05002853338959	0.682122492123638	0.548014984540858	-0.106578360988738	1.27703342111197	1.1813008533279	1.46655722400476	1.00625433622551	1.02977955885069	-0.704340864385978	1.0993036067409	0.645128481804914	0.952254471576177	1.17797351486581	-0.597319464058962	1.28070900842869	0.717261428344467	-0.0954064924401729	1.10000024141253	0.339192402159576
"MAP1A"	-0.905996600903925	-1.21562510077478	-0.699168507784037	-0.22928169547784	0.527172535966499	-1.45226141312823	-0.401632749981085	-0.165115023971044	-0.968294725977354	-1.50261425244516	-1.01731580528517	-0.833548478037111	-0.655432087279883	-1.10404626140037	-1.90547300596709	-0.453506840832613	-0.969588940478256	-1.02747710476008	-1.43895730028156	-0.920234681096482	0.267317124375669	-1.46370410250287	-0.575860889445987	0.975110060507564	-0.363367498438873	-1.69004849180216	-1.23879036857649	-0.938947481676503	-1.4422242632716	1.35419430544395	-0.722174982626632	-1.75730569829831	-1.34517565235539	-1.00306047384616	0.21559884849244	-0.999384145731316	-0.00732059562954609	-1.59939388591075	-0.968263480817565	0.611891346318306	0.555439315458433	-1.47798411614557	-0.976469304376563	0.0283399818423592	-2.01580771843756	0.229939763734548	-1.82623246426865	-1.81084464585672	-1.98720098199304	1.31876105650219	0.233718369244859	1.11912865716329	1.36583678876105	0.184794338862411	-1.56479333955389	0.729733428551479	-0.340557288292973	-1.09329378783323	-1.65424686237653	-1.75046739600429	-1.0864820445637	-1.71356455995599	1.06593390858225	1.21747661865836	0.797191623689869	0.080185379356807	-1.42848199186016	0.626043844173626	0.435274819433523	-1.40955204397586	-0.423769464947276	-0.575446196219723	0.064217223694067	-1.01794012428882	-0.0123561257009973	0.943594843064257	0.106054016524613	-0.411117254699536	-1.00473840063147	-0.965068971447753	-1.15338404268836	-1.24361562618716	-0.139162723544199	-1.00667249104191	0.00831225078626333	-0.968213549971172	0.271166583355729	-0.540423232570227	1.27672494023927	-0.650499007631594	-1.4805898873093	0.999703152939126	-1.58726255398911	-1.04375743342014	-1.42660236283531	-0.964264437156443	-0.0889760225335962	-0.085380492592408	0.0796971146588336	-0.430402641777556	-1.36224349490166	0.155876551209935	0.909935574193569	-1.23197662138567	1.40485469734652	0.580364734786526	0.753147056583856	0.916347740306704	0.112405629585751	-0.829678874386396	-0.125173434063947	1.30914194903793	-0.452276285091125	0.981724788054492	1.32005699314574	0.399245014476787	0.994650022048045	-0.966873840574088	0.496703243872868	1.10926053783497	0.96500712243174	0.709833515825232	0.146984962106211	1.40643381743753	1.04836225434525	1.15936098967463	1.28568656664997	1.05676549262364	-0.704938923560165	0.507704150062841	0.364421422874751	1.2173738369731	1.35255917784131	1.0243194404077	0.949707663816763	-0.923492731610719	0.450678723737323	1.01179222653809	0.857045521347256	0.216038354956754	1.05775391469509	0.0547860516411105	0.768929520945592	-0.547919636003338	0.885932143423155	1.27154537574312	0.975502728718642	1.39509520276058	0.703617812205306	0.522296628930024	0.42918636432532	1.09786168429009	1.20124985133575	1.07591596817342	-0.48255722550066	0.903370971142139	0.928085911053635	-0.483288649402029	0.0691804678801554	-0.45946880296384	1.25986449053453	0.295239338980086	1.03155413584521	1.37678760958728	0.559802653614092	0.646981333624305	0.822476510157604	1.23068614692874	1.13060257642232	0.809898251574228	1.34587097455978	1.30691343254604	1.24354506828864	0.131230794653673	0.111454100185813	0.921072749778024	0.155010125324324	1.36016367975726	0.915232431914906	1.18562823958788	0.915629817661062	0.337466021038742	0.884141377383868	1.18883036993399	0.353126803473673	1.02610355833976	1.15813749344029
"CCDC149"	-0.787958525232095	-1.2130765595729	-0.94961444591387	-1.19382457608837	-0.0497248413218972	-1.49721573192144	-1.12081495182094	0.0326742453064661	-0.131098081559701	-1.04101696041613	0.301208983084495	-1.85928007223184	0.302396942836377	1.36404199309471	-1.71619228251947	-1.23942481916598	-1.19156646641214	0.096395590318631	1.19398797829917	-0.626744775188188	-0.329178966771403	-1.40048326383505	-0.193967311802116	-1.2800631481793	-0.631358428561907	-1.36148120765243	-1.59062674932514	-1.00600493761763	0.688411578390709	-1.19200156822753	-0.461962209785622	1.14303380912688	-0.97536640270966	-0.883836217976446	-0.661463175973704	0.217002768940332	-0.210539682237308	-1.58154002346896	0.11510995229537	0.0959387536102764	0.677272877106047	-0.146505566894713	-1.51985096258492	0.567119721608762	-1.30427427179531	-1.66382296805915	-0.14260321229607	-1.85043037419739	-1.7412219363594	-1.55301357955399	0.624009143546876	1.31036313811293	-1.4712938114307	-0.497352389287344	1.40098897296476	-1.37178204195193	-0.364791246539647	-0.393616279906116	-1.67262537664324	-1.58943760728675	-0.405920695271095	1.20579613738222	-1.62341474573404	1.42000459712385	-0.154592272241818	-0.661185019320053	-1.36205321540667	0.287841273665513	-0.54537443965928	-1.10132710655916	-0.91206899792996	0.125722312996815	-0.990150406257328	-1.36239892597952	-1.3303283603381	-0.880045753622289	-1.00915995272793	1.48516053173658	-0.167278031148583	-1.02121918841967	0.536094492580176	1.16593628195323	0.583047436564149	-0.496335351212626	-0.533626386983855	-1.91266806286467	-1.37859886555573	-0.219870142109522	-0.30172403925934	0.532648204757609	0.428966739968264	-0.957229203502657	0.17644681491553	-0.297793240433395	-1.40683939406398	-1.41303078730731	-0.876496638732947	-1.20486889184842	-0.764926000250451	-0.0732084408694975	-1.05005438224073	-0.374621137080522	-1.12422120692265	0.974830991929613	1.38524282821963	0.484908560862504	1.2011173605053	0.772524537188832	-0.961998126297437	1.1506157270975	-1.3544040912718	1.08835336617059	1.27540149004333	0.0572400653883053	-0.0272336931953188	0.973093998555928	1.39397874204602	-0.335950357620424	-0.929887956465113	0.364484898944249	0.996830780453871	1.10672448467554	-0.00387136336096845	1.40961674229004	0.596250450862758	0.671548573435905	1.23586927694978	0.529389327799372	0.19188103572342	0.679249013768302	1.00385592835417	1.27349723847409	1.3622176165038	1.0815849344848	1.10222215498542	0.356791186388879	1.076980091392	0.88939732091715	1.30458631801341	-0.418632740707749	1.30778891661468	0.148463488676068	1.20205091765152	-0.854647213313433	-0.440097904056837	1.06071048839687	0.216822395852898	1.56270625934115	0.831538318729859	1.47419900146196	1.30931806106185	0.968915183059411	1.06781474655661	1.04863536039175	1.36639017240601	0.0817177518213684	1.14441121402196	0.415545009414261	1.19116518708763	0.316525681162806	1.13498698446622	-1.03020696965895	-0.206697805791022	1.16442214620103	0.758020711925414	1.03351788060517	0.748198302189321	0.427348015834455	1.04349120376132	1.01841309461328	0.76834369304195	1.42992929540129	0.998893534115756	1.3791599599449	0.791294214376792	0.858135002501259	0.424464556664351	1.06841687767073	-0.624023779876746	1.24159823055183	-0.370060148642193	-0.553787193441168	1.05007965623637	1.0883420406806	-0.0796927825720504	0.194755799280666	0.35943374791832
"LZTS1"	-1.28259635172703	-1.13376369021019	0.0487650791340525	-1.29387750339309	-0.554242216112063	-1.27897076290445	-0.862358067861339	-0.0223241274840432	-0.120657206915409	0.608499800579737	-1.13686895399926	1.61683437503362	-0.15777658424518	-0.0928478183132454	-1.77784344981594	-0.0382181902710657	-0.973365791187995	1.15157873328005	-1.3705676507898	-1.06901104686864	-0.748741522802004	0.572467138943908	-0.58529693093056	-1.69087099707286	-0.930526603819604	1.20232448227604	-0.951345544878651	-1.15928702534058	-1.59558721340385	-1.14190563066066	0.594563632570335	-1.39291827669495	-0.639761416051685	-0.9181885935251	-1.05752899039096	-0.320264438087986	0.0606160029583416	-0.616772007975594	-0.939366221498217	0.0741287831196787	-0.0976108911684642	-1.53818648545548	-0.179832174160532	1.33614618172504	-1.92025797213455	-0.119795104892499	1.1957423457574	-2.06845022869507	-1.76422846115936	-1.35868802864899	-1.90545051961859	-1.49541425109784	-1.32284781172801	-1.382781229229	-1.58596809285807	-1.35626017415505	1.23240604682796	-1.07843129933345	-1.65955866572851	-0.19184578248417	-1.52947736039986	-1.41015137730383	-1.62044524145547	1.3750595752242	-0.880002920431698	-0.840316999655812	-0.981348983649472	-0.139322944857684	-0.272792123063253	-0.39720124154676	-0.532971879611533	-1.08571620786412	-0.894568267878594	-1.28104894859391	-0.54139000728893	-0.156662453284803	0.475469548368258	1.27631823786307	-0.208774576220179	0.586266709488265	0.626874558871218	-1.0301458050591	0.205788278911267	-0.228158406285304	0.342536700440305	-2.01661517478168	0.526038727667424	-0.764792093448062	0.160151193294124	0.0179620993761369	0.727932713769663	-0.764667727336591	-0.850359533827798	0.176690273330901	-1.04546980257166	-1.15198188250291	-0.0121721540191539	0.322985641121761	-0.17874108489245	-0.922367888761185	-1.22650291681253	0.24758665901705	-0.386536121933988	1.19222874480814	1.29412550587325	1.13684048730438	0.533056890528456	1.24248541094326	0.657406030422466	0.298334021910637	1.12709366278611	1.43859004394164	-0.842369526535397	-1.08571546688119	1.25385563926012	1.1498521444447	1.32991889258899	-1.20546461335649	1.11608874493456	0.0213351118827627	1.37164083107308	0.239285417452141	0.0881745311202287	1.18101947157348	0.439063363017241	0.83827905954694	1.12312670558261	-0.422164609160606	-0.458502369813469	1.10403099060969	1.28156349243797	1.23135760451207	0.925831902062571	1.21597169931595	0.835906766005219	-0.13431038914082	0.139275698496663	1.18389488879349	1.28185380678549	0.205763664824666	1.44640935671838	1.14180731040838	1.18731752032434	1.14268777711127	1.12404206237651	1.30057487376308	-0.331150737387797	1.51111459517855	0.375586591874807	1.1024574562473	1.24757918485588	0.423904761512112	0.220686777478298	1.17072005585188	1.21996505754839	-0.224873619612267	0.516959147329984	0.307699688065457	-0.0185424395084656	0.293589928155716	1.16585169273097	-0.539345167137	1.14930500213444	1.10653202208133	0.388937383629899	0.329239751076581	0.614993889616817	-0.854041480546857	-0.116716726340476	-0.649709970956722	1.22263993423505	1.28692083530911	1.12037937426541	1.30891504337808	0.340954665415637	0.112705455370821	1.26174330954775	1.2157226066805	0.711291446300529	1.30293627908459	1.10088987234453	-0.978815566544981	1.31053482193351	1.21869733054256	-0.104669611429445	1.10240123223749	-0.147326419034819
"LDB2"	-0.779378620952127	-1.34146391911276	0.196658880977505	-1.16238999046949	-0.679574020634975	-1.28922392360386	-0.929464231082649	0.715841491606546	0.347698139360923	-1.17288421980708	-0.231525240484662	-1.83108215855663	0.095501082402375	-1.07042672926372	-1.15580849856896	-0.515645029468547	-0.570659905088674	-1.28280629730375	1.34781053007315	0.0868740744721214	-1.42097119819694	0.0386484594701273	-0.0234004237019621	-0.490444779528465	-1.10280670544551	-1.75648073181101	-1.55227286837702	0.319070136925843	-1.66191574145733	0.407950743524155	-1.29035683863232	1.48633229938553	0.21949612440205	-0.368538926177736	0.15784211519128	0.159624752508447	-0.956230004597117	-0.471888614946111	-0.0580835609555599	-0.971706752131763	-0.302748721317674	-1.50168804809384	-1.41883687800622	-1.32185029235939	0.944802591105107	1.16722435102937	-1.68611177821217	-1.86265194879085	-1.77018791460914	-1.53349571102884	0.316898432783791	-0.898165762812292	-1.16838420589776	-0.638811515823152	-1.65282578905596	-1.58175228033222	0.169325284082747	0.523324049420571	1.15642195296059	-1.50597559208569	-1.51439198715085	1.23564525083651	-1.70085504346838	-1.93685664607458	-0.954244671925604	0.626847217364052	-1.24149830610424	-1.22164786276615	-0.98118820727916	-1.29959458869608	1.0922127584001	0.434115684915472	-0.47603341085478	-1.17639828514004	-0.823389418468643	-0.871066669327049	-0.165775284331595	0.0835007647880035	-1.0889247035017	-0.0885973055321686	-0.223620399492405	1.08599236910245	-1.04161957671897	-1.04608397416217	-1.0004369484774	1.16108575704729	-0.0568401214124853	-0.467815165833956	-1.51209222468694	-0.0501790697668704	1.12604226511652	-0.8722679650001	-0.522793812821943	-0.349435751856999	-0.678872059643308	-1.33141452258544	-0.583468564242553	0.211097798884537	-0.962631977852202	-0.603140960373651	-1.12629371501407	-0.325727781828084	1.10699367627012	1.26154950414478	1.38082692896937	1.10822403179441	1.08214077590229	-1.38480866789202	-0.0463904080707795	0.56344534011763	0.901954274643081	1.24851614673117	0.787921918710534	0.34190020690757	1.12196080630334	0.677835378799831	1.23892749501518	0.0592234755614026	1.25399091399836	1.12023163221412	1.10612698629435	1.12701892433235	0.303351780136699	1.12740416737863	0.264964553714434	1.14146187066967	1.32915695448271	1.139495080122	0.163471639574285	0.0868282350584159	1.12154128058759	0.46274239989825	1.3782410296407	1.1506901520777	0.485846932218485	0.946533205871903	0.290701989705046	1.1136392805195	1.11487413499181	1.13453295830751	1.16658312629105	-0.166435223687096	1.28202809892008	-0.228143157176136	-0.0773970703279278	1.09464865388186	1.2873287073331	1.58731752089652	0.498542262726992	1.47811644854974	1.33606473657907	0.339175495360176	1.16908877361956	0.622051725541085	1.45760752178617	0.685161321266115	1.20206836927083	0.142827868660334	1.21806148997554	1.22728370269895	0.810072763553315	-0.767909890230438	0.0834206277383917	1.17451987903396	-0.885028738754097	1.13338743804321	0.19327629882445	0.0907940999820065	1.12676679457124	1.14477251727598	1.10736978581699	1.15333715412257	0.0381237958312076	1.33196041145762	1.29067816045824	0.723271947167109	-0.924464368875544	0.429901203829916	-0.119124464505585	-0.213833998772065	-1.6418223807438	-0.418139268638377	1.14295562191827	-0.582234570163042	0.264180868662408	0.532601256704781	0.00834769085826826
"RUNX1T1"	-1.41304204195724	-1.16526729096791	1.2335150312203	-0.536010944588592	-0.161889068885163	-1.06976694191229	-1.55028038511775	0.146696740859775	0.466293995742765	-1.37852467265342	-0.88714385091173	-1.2429531682769	-0.583098102407456	-1.30102392956166	-1.69506322485979	-0.233514661594299	-1.44509103811054	0.542382373888902	1.11185739543505	-1.23291959689847	0.649057937723161	-1.10610472534914	0.0149394082334007	0.22003371567581	-1.08316702720942	-0.892972213678783	1.30130356842775	-0.478427736672226	0.517838691142579	-0.103617563725421	-1.18618141872094	1.5815749596791	-0.977794057530645	-0.578367741955371	0.321353559302239	-0.967123860426036	-1.03908125210436	-1.29682750481155	-0.588135358080271	0.17760343213041	-0.388056924799465	1.28233742525358	-1.54347488914195	-1.48876146644556	1.42360829681331	-1.65921903682669	0.216729029929883	0.0704173656444744	-1.68044820472734	-1.66184732942128	-1.45322932012727	1.33542205942085	1.28075680012909	1.22031201450127	-1.21238703967778	-1.20126136628253	-0.315827464082975	-1.42388880760984	-1.43089127376821	0.278679167969625	-1.60416085782367	0.461206238909574	-1.60566420918119	1.23988483040513	0.0675226724375659	-0.810556689156054	-1.5023553674467	-0.0787079906802635	-0.823617128237007	-1.18524243258437	-0.281773707955007	-0.442586966026808	-0.810012801672801	-1.5264462730452	-1.2316447844103	0.112869935159694	-0.461466929952834	1.14274746864312	-1.28611661849941	-1.30482448933676	-0.460601675204305	-0.966335972508538	-0.183220462096441	-1.10097669142517	0.396169193764795	-1.75023979152189	-0.434319260143232	-0.970852769288236	-0.15648681701952	-1.02154259106971	-1.01956085629716	-0.748827923878422	0.304006579216763	-0.48903012288803	-1.44644620012866	-1.16852194642563	-1.21903463868383	-1.5830998700959	-1.08836181894352	0.245529526633689	-1.13854545319626	0.248557021210221	-1.18326161255403	1.07519141454112	1.41608951886523	1.12957012599411	0.424675729803191	-1.05714281519489	0.287077792018285	0.572569789070045	1.12761251074375	1.14478172044763	1.35295345635118	0.489468683081328	0.161963534979256	-0.584940494194003	1.21943076397915	-0.638410561301059	1.08017527184122	1.23922834758126	0.608469049746634	1.288865607974	-0.124539661843775	1.28538226601778	0.396515567755286	1.1250232423602	1.21611083113415	1.25758932639556	-0.727971234444757	0.837647253589482	0.480993657367648	1.23858768774374	1.18657233541707	0.372999925437877	1.21955754812599	0.0554821036501353	0.858438315723165	1.12313587664213	0.704672063570455	-0.354293236557945	-0.139612674297328	0.137168858153356	0.436188453818983	-0.0975862757069047	1.08402167872612	1.22034820116614	0.513143867841874	1.47088403553696	0.0525390701350266	1.37300092338404	1.20752614166409	1.16449762170945	0.718272658002317	1.1965995996968	1.18371692008779	0.0319672613224784	1.14267574429432	1.12204435709273	1.25487750195467	1.3102256136153	1.16394703590414	-0.212493053587769	1.17762242477547	1.37676571904928	-0.635017519524552	1.28417193519423	-0.0724064118168805	1.06147486240482	1.19687772291592	0.586801105510973	1.17291876349358	1.1710468935658	0.769068678268524	1.19589415850696	-0.744365100945796	0.295503608829573	-0.0730591473024065	0.57925990251023	1.18485158379976	0.777236841998975	0.381521101215437	-0.373434609537382	-1.39194919009127	0.938805706505619	0.390812074985515	1.08610318579701	-0.0340713592842406
"ZNF205"	-0.34961445772483	0.229625858559167	0.106091011945197	-0.827570388188652	-0.274790645794512	-1.23621544086015	1.11093678256934	0.542069850663646	0.54276610253268	0.63168263023701	-1.12726285288867	-1.85624284440314	0.266718587900726	-0.488896431984869	-1.7024499244807	-1.37908983281507	-0.63806007464409	-0.0646556332555108	-1.15176908012383	-0.311420509678166	-0.484319034901383	-1.94148706237966	-1.11087736573562	-1.53878670457783	-0.637287334410004	-1.64016038577339	-1.41299080553459	-0.936872583922035	-1.39166332088876	-0.0744900747996621	0.660235047046062	-1.31253499014319	-0.759153581639867	-0.332299275694281	1.07599820306316	-0.415051601980477	1.07264427600837	0.191627691941286	1.12957597079462	-0.674261076456794	-1.50368965307145	1.36462546673333	-2.09907072170728	-1.2305599223461	-2.13520917858537	-1.62365343923019	-1.56891702519793	-1.94020057714219	-1.83030410652883	-1.14555039145519	-1.92520825518423	-1.31721766359047	-0.980065937188257	-1.09666684183041	-1.47814615362056	-1.13265412833232	-1.39553097767616	-1.34628679867366	-1.74657907801641	-1.10943253167672	-1.29414834154318	-1.15526409428842	-1.44401381664908	1.42065377247654	1.03699924164734	0.0670520292994234	-0.795078237450184	0.602648841441567	0.621387474426193	-0.556679124584234	-0.822164418360007	0.669481474573926	0.127766997743632	-0.980058660811046	-0.16935479959315	-0.0492463871888338	0.293973938039534	-1.02743347490798	-0.799263603888633	-0.172764208800851	-0.579523444275092	-0.725922269797603	0.61770871229578	-0.889742612470326	-0.406087455200232	-2.11735235682189	0.732280704373013	-1.26114825712438	-0.93726084477937	0.242041025914881	1.23646959721388	0.257969191811985	-0.912489608221401	0.0563455620427273	0.915791248564533	-0.92764508239897	-0.967804817426775	-0.848437263400286	1.01161610206809	1.19142289915678	-0.680415506875554	0.44330560034633	0.216607727141123	-0.0851291318240413	1.24065150408379	0.758692539231691	1.0231898624488	1.21317007576991	-0.805769222202418	0.0645348083664224	1.21788932765638	1.2391496775635	0.346279214757176	-0.328332285992408	0.59967892607818	1.08150487207619	1.21679148340113	1.0333843667889	0.79452371405317	0.564072817085734	1.0898951727187	0.0132264664508579	-0.884962392981153	1.03865898518905	1.05389640275578	0.155597446354442	1.15647467978145	1.08948956304046	0.872561084036557	1.29627445236228	-0.121958192287994	1.17685761857897	0.401409658252088	1.22386785625934	1.13864408288611	1.10545336746143	1.16310445255516	0.660850021346724	0.937981789491453	-0.270782389677126	1.03122295968597	0.439662753103543	0.455905568177474	1.04337393423385	0.449284866812672	1.06294870707877	-0.989199654150461	1.28024634443207	1.15512714626109	1.15178781753941	1.42779664769434	-0.405520499334201	0.309715558834986	0.471511947267317	1.23028832493214	-0.525721600401234	1.07452053558549	1.1429318198585	-0.217980732917424	1.03198972418297	0.495500839407002	0.506139614259827	0.394925128784457	0.0976314878998	-0.369519097072231	1.03224410512392	1.11771947728182	-0.016771453242019	1.04662478558622	-0.0130715373584925	1.17535984015237	1.16764925692289	1.10775788857338	1.20186574169507	-0.505306547852922	0.196810024958099	0.0339074305542591	1.26333942911931	0.367876622740426	-0.277672694065053	1.19195562697345	1.09674676783595	1.33269314561196	0.0526459741815616	0.312802402153131	1.37299536232621	1.0348312976747
"SCN4B"	-0.650150759920278	0.0193544649318073	0.994202220626504	-0.342899280646041	0.946905922774507	-0.0670061360590744	0.290446397461077	-1.47360577458363	-0.287789409602362	-1.20511385905551	1.0969067944657	-1.91355599825325	1.12526729748376	-1.91355599825325	-1.84935898376416	-1.32099037763674	-0.992377249199941	-0.512845179632947	-1.15380449385066	0.746756996481657	1.16672001023543	-1.91355599825325	-0.853339942432267	1.13458326880941	-1.16015103274486	-1.63220702031954	0.476771532252758	1.10817819401081	-1.55692575532222	-0.928210073241937	-0.604632769090764	1.0643417500068	-0.37538254214153	0.129905677444089	-0.225809003065558	-0.641485913065479	-0.600651408174051	-1.00996676513188	0.107795029240156	0.892837711413137	1.04204893187993	-1.32680638785125	-1.91355599825325	1.26794396961036	1.18446577017279	-1.78481654843868	-1.67829896588393	-1.91355599825325	-1.89423983445312	-1.01371285005446	-1.91355599825325	-1.30285023329974	-0.78772146688125	-0.871609886700695	-1.58110061753063	-1.12614567355615	0.371311300189097	-1.47563196207066	-1.8319260928951	-0.873608093763251	-1.24256613388324	-1.06388545925507	-1.54023299341068	-1.91355599825325	0.0164038877197937	-0.421726013787132	-0.380016468033128	-0.756851058223762	-0.257037027258549	-1.57887286506549	1.06010281023302	0.0632271710780253	0.773842892892145	-0.535115288178817	-0.0613522609430883	-0.470626636952007	-1.14518854216456	-0.835953644633287	0.0426709082448306	-0.019059924720436	0.514758528304195	-0.130036615640992	-0.326811529355036	0.280260424612564	-1.14772084960894	-1.91355599825325	-1.91355599825325	0.00928317691761124	-0.986631024667418	-0.468856603925338	-1.91355599825325	-0.0318737858337032	-0.238002865631933	-0.69771788162396	-0.0616441036930309	-1.09072241624819	-1.34766613595554	-0.172366977925736	0.173066608610413	0.32096159534379	-0.375402509232298	0.844077252476275	0.173899208331024	1.1760294978368	1.26742122164407	-0.122836190711343	0.706816379342577	-0.969664819260924	1.01144416884551	0.364502704059178	0.579905338165751	0.995940156198793	1.24151254697784	0.0982334669054803	-0.0796120670051334	-0.219477735747582	0.833125180923218	0.557492880738555	1.16755524844166	0.996532784278989	0.607861821741964	0.993825826400391	0.377173054375569	1.2020051366634	0.218964712328445	1.09527474579839	1.12640862592657	1.01497511335505	0.484937315849346	1.32341208430867	0.746413298517389	1.08704256655145	1.21547318255579	1.07610267298303	0.987405062393082	-0.477916812661616	-0.197981283783481	0.442901952117824	1.0647519532262	0.550797499815846	1.12410784361289	0.878197808738666	0.667016794933908	-0.286019497692845	0.284518619390144	1.01131846366279	1.2629161568985	1.29785420388415	0.674941796733416	1.20501153785463	0.343666491032131	0.137647186219603	1.05135789418559	1.03861717355672	1.03079161340769	0.782369235751312	1.06491039194852	1.16115077894588	1.00080780092957	1.20495377363235	1.08598463882374	-0.363274423687109	-0.0335721243261634	0.0342565793563965	0.236721958887744	1.02289105367228	-0.38697452929409	0.669423330843612	0.646005686641408	0.682289013374208	-0.821003484542986	1.04523382911041	0.886683479120838	1.17314882218289	1.01016020620368	-1.86606545027302	0.549397689312589	0.240232934120823	1.02502407261732	0.441091336741322	1.2427856025738	-0.572446774857856	0.992038831887337	1.14837186949595	0.415782211669139	1.04248491462386	1.04581560419034
"RASSF8"	-0.0689848491600196	-0.937710210022305	-1.16576611413356	-0.620458244323458	0.445339445849177	-1.37232229212816	0.875689984705726	-0.90798752576173	-1.12663459246536	-0.717917309410807	-1.17400281704359	-1.80039802040558	0.419064429229865	-0.330947312509804	-1.68905870021319	-1.09892445628438	-1.27297087026272	1.13265453380666	1.29232845129312	-0.331609012412363	0.337741441015721	-1.02659715810603	0.0716802586974159	-1.67862513010398	-0.437250288409342	-1.28828016458276	-1.19211385301835	-1.23883667497855	-1.54188505687871	-1.12798916419583	0.572031317882504	-1.52796115654724	-0.0795186362926424	-0.583281702935317	-0.189580743939175	0.187523458676461	-0.778813223147038	0.775893573886551	-0.879992646306149	0.679936906835288	-1.08518282250161	-1.58851946518757	-1.93935114402101	-1.41807455902608	-2.05629980499025	-1.74747942978433	-1.60240933340693	-1.90530721714859	0.32709584819163	-1.32984388640927	1.27159792251213	-1.49489327889612	1.47566571628113	0.167667006137213	-1.08350090966956	-1.37761187990399	-0.66862146253785	-1.14122250356278	-1.77140725425482	-0.282525361425324	-1.53408441504635	1.24538275805335	-1.55251720209046	-1.85870216543115	-0.299086602852814	0.249248597565164	-0.87792517936102	1.17384476624626	1.02377533778001	-0.0519123066593456	-0.270869549600629	-0.435109354434822	-0.491703230139447	-0.0574776419383913	-1.22748012554296	-0.564107529700318	-0.193358877815938	-1.28012517556046	1.06772736378456	-0.319920099771071	-0.970879464751214	0.147862851219806	1.0326618158008	-0.849218577460988	0.513737980190656	-2.00302136414101	0.125666089974839	-0.806454102629928	-1.4075401340917	1.22055878006973	-0.874283837589469	0.772618972549297	1.15491971006467	-0.459593231749598	-0.780214089481204	-1.29973302799647	-0.932276131852402	-0.148272564632441	-0.498951880140137	-1.03275327463832	-0.447999555204508	0.373226845192231	0.213207093757756	1.14193351086954	1.39955479959004	0.0578695832167882	-0.905364555283947	1.12584393976069	1.06249494256264	-1.01092021067049	-0.0982274667207822	0.485624351676954	-0.546660629437599	0.730599212194364	1.02106923334257	0.614047026483711	1.00521965835205	1.01092313825995	-1.31190326110052	0.964958781929805	-0.114541271937478	0.445127051327536	0.0458459915713351	1.20130780815096	0.981995029848239	0.633724477409745	1.27625789269418	1.01340754004963	0.34492065884862	0.104440623076365	1.11170369317652	1.13203913416202	1.41206869634296	0.473348097682331	1.03936522422356	1.00449855008926	1.18869986635631	0.990189391789578	-0.0732173270507122	0.279068909489252	0.673464226112734	-0.935540063278958	1.16339202717525	0.134084502463069	0.467309573077483	1.0498619702446	1.30092573185896	1.26046659374157	-0.193371046075145	1.33343527354597	1.15333978145305	0.591468445332976	0.422970010458989	1.0159036240511	1.46437695219408	1.16760269143785	0.262660437157496	1.08872610239789	1.30462451789962	-0.909924313846273	0.508583819952743	0.421132874581749	1.08884888163711	1.24888140975824	0.340663483415197	-0.0049921240660916	1.10905385643947	0.891399261946764	1.00347105076988	0.564445669226291	1.33378685649248	1.19494626992091	1.12044524322601	-0.00773200438204617	-0.248102726998371	0.318881532691415	1.17855045650722	1.14888975688977	0.0500131589354167	0.726073366578743	-0.155039776824492	0.99176911775593	1.49600429972436	0.64945816945002	1.21755329378182	-0.428020019410726	1.04583536603104
"SULF2"	-0.945196208086111	-1.08934470764171	-1.03969288866528	-0.843913743781864	-0.135085527924508	-1.0426254581349	-0.153916756796988	-0.275180138758413	-0.746777625055329	-1.05200429154048	-1.02441212014392	1.78555916047495	-0.964162993264305	0.996995510551738	0.766375041651267	-0.982206124358261	-1.2344590758561	-1.04717558281146	-1.53566744334283	-0.914165990713761	-0.443462552135869	-1.39478505987534	-0.29448065713803	0.456818744679467	-0.561706111989467	0.209329644346582	0.293454587422578	-0.801044291257938	-0.371530535449086	-0.880050856646742	0.818367099123178	-1.82492201672427	-1.41103395455395	-1.08205790482698	-0.302991790000852	-0.991488385339555	-0.832638877618246	-0.593550057844394	1.14305543807584	0.451488371343008	-0.413608445633732	-0.366605788584817	-1.26407613401453	1.32937117622751	-1.47696160838498	-1.6028638618381	-1.2876819642976	1.21961466445609	0.97815627862365	-1.85885674732019	1.32470695364242	0.300975924782222	-0.359613895624038	-1.09103313755653	-1.48402716104769	-0.972625347553847	-1.02750486247114	-0.162803240997277	-0.979959177656034	-1.63178988226752	1.08969189626713	-0.526826000533853	-1.71182607166519	0.15191501212075	-0.139450745672803	-0.494010147319128	-1.1749371579902	1.17027306884981	0.76070508858994	-0.954336979790675	-0.376515813342999	-0.866609283838726	-0.818625864598221	-1.0619765694739	-0.740591887103583	-0.413147101992333	0.52130432984279	-0.932436015292845	-0.766645526240773	-1.0082089931359	-1.08103911665754	-1.11594468947167	0.0487311255164631	-1.29726266408801	-0.901577071494012	-1.56311200323711	-0.510005974309069	-0.933314291154328	-0.721873730676447	0.57553121160813	-0.947479325219123	0.241314944392489	-1.01860615179428	1.14929675646786	-0.6484598808432	-1.5599116460159	-1.30315314172852	-0.397197178429574	-0.270929429898708	-1.11103128682428	-0.97320245874215	-0.491462987553732	0.0853506336997777	-0.311052773556948	1.05259012091314	1.36907850718627	0.219176414834908	1.56710916196233	0.079608020631157	-0.932828896097654	0.189220417481836	1.28262042488695	-0.778448213505303	-0.351662171487572	1.57190792769206	0.0599364003102754	1.67053181315204	-0.761096736101297	0.462879314515786	1.06902153119464	1.48769132737252	1.28455518203458	0.698282462683968	0.752515101006078	1.29800761471555	1.31475083166113	1.12292170495592	1.11358755360954	-0.390933188334524	1.49042989052147	0.352709614609003	0.35679253380448	0.852326451613788	1.45226246115795	1.29443804941039	-0.210928421458641	1.08564976636466	1.31283098913455	1.1976292439437	-0.107179437538937	1.14584551778977	0.521466462745322	1.53598442240828	-0.00287426162809541	1.02512579819215	1.39022076523987	1.20159119370826	1.65811273190273	0.14541447979228	-1.09965690488575	1.39713377994988	1.33642851694208	0.218909201628412	1.38573133978466	-1.37174321248973	0.164051317146293	0.0894291604023458	-1.01437646715029	-0.561701855376028	-0.0196924967881696	1.33132216644028	-0.28669889115444	1.24800009291194	1.54359957163717	1.42035269824842	-0.50855666594063	1.11822828074459	0.0683247249903579	1.11653625172918	-0.236766428166578	0.399843306080699	1.56095782312467	1.08804579866029	1.25080148197297	-0.175412984240804	-0.986939274517284	1.27957653352335	1.37484818592143	0.577661005010356	0.0502197586686094	1.42343206111999	0.367636516888765	1.36961769491075	1.28923691482054	0.272328445717477	1.47983533246482	-0.0432953792630353
"RAMP2"	-0.0889692475786343	-0.173935307119065	-0.223273013378984	0.431732886740652	-0.218383568848683	0.477165498640625	-0.358649393485455	-1.47435525699478	-0.747705255542584	-0.482594456560027	-0.218408000421862	-1.69357645963931	-0.944308537332629	-1.85880014918622	-1.73580970866535	-1.52803161967128	-0.769915017950345	0.294263498542528	-1.20100663167395	0.196178624990258	-1.13188286277624	0.938323105676737	-0.814844678227837	-1.62842758027952	0.191433310880519	-0.0534580982346331	-1.58512274286203	-0.476098825889687	-1.74436202503639	-0.125482148558023	-0.660604408033867	-1.60097404109117	0.808667102727111	0.237292186768754	0.185081334666942	-0.091958070621012	-1.12587266027549	-1.14562967616875	-0.646064181526095	-0.992591453637764	-0.0381628500552231	-1.60852566792379	-1.89359106260713	-1.5214260044282	-1.89458222506568	-1.78667060753058	-1.62798912901181	-1.93992661138804	-1.7956491213739	-1.03883170085274	-2.02388119134701	-1.54583211170378	-1.56303637659177	-1.52508081678527	0.661476683651375	-1.36040418478807	-1.45939072788977	-1.5030008242808	-0.337591118859469	-1.35611946697897	-1.56160338178338	1.87282761109835	-1.59136053283415	1.56025165355352	0.0559120206816127	0.126758901157218	-0.0056189470073312	-0.291871187079325	-0.592773368230979	0.769446054467791	1.32214014285762	0.471359461170975	1.35210117472021	-0.106995489044481	0.327733538706763	-0.299846541908832	-0.731590196580691	-0.91161264201299	-0.426963723256653	-0.808229986669136	-0.103065194367155	-1.22081442328364	-0.164242253695831	0.110498018447596	-1.29275120220332	-1.87855669870578	-0.0549369735547334	-1.32760911249866	0.959050840034302	-0.808028987621189	-0.706080536884959	0.283341124145992	-1.10548509219123	-0.0686900510176321	-1.01164954637178	-0.133991165683499	1.1135892544704	1.10113447664106	0.182093821052747	0.35277664051269	0.0450210963788056	1.21534863631568	1.22001441569445	1.07236796441955	1.32905330321265	1.06303971078605	0.479338023935213	0.418750683440674	-0.545364691078684	0.184106755793428	-0.952440508242789	1.43148004521874	-1.46154719923985	0.716594327830944	-0.584585720957515	0.438394593722199	1.17697906979906	-0.367809148655585	0.267526092073042	0.852592483950827	0.87583815500337	1.12960895960924	0.732444575810167	0.950182682241501	0.264553712433684	1.19799614065155	1.31779800175179	1.08051791681725	0.029072650580821	0.160460570541679	0.409060723177685	1.25506901623313	1.20923670015497	0.979836751600231	0.234076141702693	1.15864990358248	0.395744214964477	0.76224828931302	1.06788816269636	0.959849226597186	0.537257701372087	0.207824424886771	0.85005739591467	0.254564442881952	-0.203351458207547	0.577361299173186	0.328725556152911	1.87315983888759	1.13053896442645	1.62440204284956	0.953301389940066	0.936244355389738	0.688491270307435	0.810061939489897	0.933319124844711	0.579152433632598	1.19471969596052	0.215568931757541	1.3395336802785	0.257594583330799	0.322162173091234	0.256468347111162	-0.577351592687393	0.394225922653477	0.265884748060339	1.03774630196695	0.279179344454706	-0.154246741383697	1.19927700799403	0.682816394901241	1.12902319345409	1.29013313221763	1.03885563004434	1.14214135137566	0.962077938185052	-0.664434292950716	0.0765569650880301	0.843944441559808	-0.0770764225454732	0.855312700297639	1.46360013670465	-0.216181087115507	1.1037345512526	1.00090362374821	1.08267858138444	1.25511233987732	0.932460412343208
"CAMSAP2"	-1.04580058855544	-1.34847714820525	0.00780134510259358	-0.523069889063633	-0.437154691838648	-0.656193952150119	1.07273690743557	-1.21468676228515	1.52486119639076	1.1321219621999	-0.811587068437226	-1.2671601721045	-0.650851418673196	-1.20576477941782	-0.904166487777119	-1.48211050093275	-1.00135915812403	-0.394692735717296	-0.8897763346987	-0.527298442097738	-0.78573916498155	-0.917570827389013	-0.667666344035909	-0.404555932701242	-0.187208943712226	1.06488474153606	-0.779025841281952	-0.524630840266777	-0.668262498174601	-0.825387795456321	-1.39302803191841	-0.36687259250188	-0.450727904551886	-1.43813871031746	1.35147465176454	-0.513187616158583	-1.27800882234419	-1.05048011962279	-0.608780525732573	0.203936887472576	-0.33134289701202	-0.884098684899879	-0.481725261852628	-1.83446142512803	-1.02681405328751	-0.969921219922555	-0.711675598300182	0.381343732214751	-0.596101515624463	-0.713418402869901	-1.20292612061719	-0.702252291022834	0.49916706540486	-0.965913369645791	-0.600667994232166	-1.20753334606184	1.38607119436871	0.487877708217153	-0.856289285443813	-1.3908769695002	0.0816262198925491	-1.05776363534761	-0.810427479232252	1.62354211422095	-0.604964683562797	0.220653647911986	-1.08899948396412	1.26987795080039	-1.19446473710324	-0.992110438973876	-0.41302375755592	-0.739009298686157	-1.51847870225829	-0.977414722610933	-0.3853427830339	-0.322296493939377	-0.551185487701092	-0.623037104400774	0.0060820034372298	-0.511968124023804	-1.16699115261022	-0.375140293982691	-0.287569507516787	1.07641356025354	-1.31153213932425	-0.81304186109076	-0.456616278451968	0.222346507658975	-1.1582324656249	1.48905961396348	-1.23943610609048	-0.466833363468979	1.69693494080852	-1.23604813652109	-0.923498892165788	-0.988109090842964	-0.409460701684991	-0.3783448526826	-1.38695554837602	-1.32886707057392	-0.721719687579461	-0.30878948705245	-1.2711418942468	1.04477819447161	1.47736305031325	0.163923543857445	1.34236586311486	1.37006125266501	-0.791824994024882	-1.39618350299682	-1.29499026611628	1.11146597532133	1.52321323186686	0.422318473799209	1.27354764367133	0.787709061307829	1.34759986295414	0.434185527638045	0.193661038690114	1.23129996380721	0.571511236453435	0.900525557299125	-1.61358258133583	1.39625270933023	0.676907768955773	1.12079215132337	1.33948615339428	1.25804264390528	-0.556423638760672	-1.38213068236079	1.51351439540184	0.661812474322122	1.43057478147444	1.28541187864497	0.601602130415075	0.407159650684912	1.202714316823	0.574658510607671	0.747192603704486	-0.717831438390924	-0.0334969188996646	-0.757706200065835	1.25959427335077	1.14725763815839	1.19091520870105	1.39095612582687	1.41150228803213	-0.935771710326502	0.909956864254056	1.48971547690737	1.28545668874992	1.2815496968583	0.917120690579199	1.06490157818525	1.27662149908539	-0.0270515225622834	0.896928982788092	-0.00615260338580785	1.37733550754561	1.16621060070223	0.841676471413326	-0.29399536926928	1.12046017936894	1.51277771275688	0.51366658827983	0.351191142469781	0.682897009410605	1.3593596548424	0.764749359582656	-0.27780488310244	0.9175057535452	1.23862421338446	1.14941983201524	1.19900541327039	1.25066452649268	-1.66498229607418	1.25324787492087	1.10883433011456	1.18799921168086	-0.893242398319476	-1.00700110391206	1.05474389509661	1.4125211923476	0.460498189552283	0.975554695188881	-0.749787256962944	-0.517670056937107
"FRMD6"	-1.39704606644142	-0.310776152993015	-0.00210972352830564	-1.13997889313316	0.196317970567182	-0.469236982694905	-1.14233338852235	-0.440119462110273	1.08112532469092	-0.576169103751084	-1.24234579306834	1.08131368588306	0.55883193461643	-0.622639033566421	0.273784945987628	-1.57695375499542	-1.43861543441022	-0.968491318866976	-1.37519006569889	-0.0192668413107152	-1.28515247211421	-1.3611198983699	-0.438558128852763	1.35018567527087	-0.0710176136953449	1.39158012010964	-1.61001466083941	-0.605395518472404	1.19667306273599	-1.50108730509638	-0.818558261761851	-0.843943146767899	-0.61339776559601	-1.16356623376093	0.299525252732207	0.150828414485636	-0.990672471690558	-0.807149304431942	-1.1590026189409	0.803795107579214	-0.58934489684807	-1.25219829746097	-0.947686836981706	1.4291420095579	-1.6516067820581	-1.64148750394678	-1.34653959837784	-0.296333280870363	-1.63779720877159	-1.50625553058414	1.52614511548696	-0.335661818118315	-1.50917347682601	-1.35560712951807	-0.387272134433531	-0.966709343442676	-0.510527108708372	-0.894048133668944	-1.13924203595764	-1.43666042685075	-1.57765703234097	-1.53973543796398	-1.61237065255936	1.26734999686234	0.109292205035139	0.0210030224847108	0.713251832189053	1.20321613539382	0.53475651977289	-0.828527207253691	-0.464278486295645	-0.18836870680007	-0.484967420641834	-1.41836875361142	-1.39753124110979	1.00294257828356	0.0996509013710286	-1.41051091137564	-0.930266311402104	-0.25116438326251	-1.03542895064139	-0.195248340490536	-0.116973368170723	-0.674355347379247	0.858775496132597	-1.61740147339806	-0.0728549277537957	-1.16057997719937	1.43555783869754	-0.00477645216137352	1.23071784470413	-0.160448180177365	0.992224559149913	-0.967485883467387	-1.05662054483851	-1.53830764486296	-0.996548146499268	-1.38591957271414	-1.09367018711165	-1.17055299082313	-0.910404119842057	-0.784400026902505	-1.27210976169678	0.46933935277747	1.43268481302929	0.0149856008743891	1.05991701893124	0.723307531860692	-0.643438379285542	-0.496033946947009	0.686890544195973	-0.288748424960312	-0.188299766617408	1.02425726627138	0.505943899256893	0.889649005775867	1.44512224293432	-0.816332403509387	0.149907314577099	0.0884850405454116	-0.523213804375518	1.29465223877604	0.205295238142935	1.46467785441399	1.00855034342056	0.386888285415437	1.38172969521879	1.38047827856423	-0.149737705214538	0.313043046683019	1.24447128737892	1.09875368307007	1.06971814874109	0.418548574022486	1.30178437351796	0.199983533724628	1.14570444459606	0.924137668670578	1.11233444272374	0.0537585333584506	0.257339568651206	0.691110893026142	1.13281297361688	-0.688551680262285	0.547731814295556	1.30645312031047	1.18687918094366	0.437855250902258	0.473408296758693	1.00954810182365	1.28215549432519	1.23564367876886	1.13757536826681	1.20859087961336	-1.08333034965492	1.05411846997434	1.10005078521006	0.412896951713544	1.36315974305167	1.03761784858083	1.41649036689722	0.836146113471822	1.16752216122128	1.11313073743142	-0.845728383650507	1.03227047629224	0.760075241807257	0.597040288010224	1.05740960244548	0.61819610481316	1.34606656346551	1.30550917847114	0.364573481697487	0.745135383172492	-0.387274063092066	0.600855129361509	1.18527789790545	1.23815062133556	-0.710643479413084	-0.916851572981463	-1.24888221909079	0.838259237058479	1.47270026278254	0.907192688417013	1.04757901911828	1.03225339262474	-0.160811640174948
"INAFM1"	-0.593679132979914	0.0766460998736054	-0.932983126000357	0.108423321049429	-0.83992783491954	-0.0225403344774248	0.670305264425429	-1.14788381933772	-1.09853130323551	-1.29976629717507	0.214859236733831	1.36757751100364	-1.65821483572229	-0.468062530318992	-1.82319135265819	-0.220058146922501	0.861698269904559	0.542661727814323	-1.52613336162566	-0.537155753793983	1.01888695143994	-1.96417332797947	-0.470489938149753	1.13265583572358	-0.993401958949024	-1.12898529734146	1.2675414263414	-0.372451309613996	1.07250268765655	0.270057502866597	0.702967305684249	-1.56331052574563	-0.85523854421518	-0.273549682239214	0.318862978660861	-0.928740908184887	-0.161314445132362	0.574508507298315	0.617302060453134	-0.857587412437592	-0.391956927556874	0.281948738145223	-2.05829386356041	0.607525811798806	-2.09174207117231	-1.68669221367362	-1.73581539524787	-1.97100436966026	-1.77164722442174	-1.46414303734376	-1.77576563917621	-1.58734740973691	-1.28271284426135	-1.44835594844284	-1.63590580799678	-1.34809888034358	0.964482590776024	-1.58081938180519	-1.84522426148984	-1.4380340021635	-1.58897118275704	1.11369128597614	-1.73604184127149	-1.85149635652113	0.408650610355546	-0.0731150290897331	0.775720529080925	0.226045651419282	0.323644076680712	-0.812608092337495	-0.860998980254709	-1.05709733467972	0.0138530735245008	-0.2917961258269	0.777554676681247	0.314463387532282	-0.755809157807448	-1.25774415395166	-1.18020587453567	-0.838407278073778	-1.15186658119575	-1.15902414147985	-0.720679715656135	-0.820221229969425	-0.737517609952629	-1.95260673331379	-0.0103602104881602	1.04202889063041	-1.28227403515291	-0.749021507471177	-0.539118162226253	1.1292573545139	1.24594275973982	-0.831399059292048	0.398460842518212	0.626799022286381	-0.379055863829118	0.0574229227434497	0.290952235067017	-0.233698416767048	-0.742897753145175	-0.235035570974376	-1.15197153039148	0.701325655928187	1.18101384127499	0.185546190113379	1.04471791362454	1.17777700651525	0.167682847485981	-0.147001009877397	0.191135509442062	0.981748180254345	1.00492517310631	-0.456778217563379	1.20009089680685	-0.266234471540829	1.12552793893616	-0.462605060669231	0.322648185722974	0.65481648641122	1.21711873334145	1.00022656908531	0.992446661977233	0.279359288806096	0.423128376081538	1.08949846482137	1.1991683146212	-0.0353614027331521	0.353150426756168	1.23933360197895	1.19329065143718	1.07614038435942	1.16662620144707	0.31533072296541	1.20993177648435	-0.163989496827993	-0.467388463681584	0.7631230062042	1.17400219572408	0.966613730082758	0.621061907854039	0.832851614316585	1.02815894969045	0.990326384257747	0.6697703906515	1.09957682580804	-1.45008298300242	1.2249546144357	1.18542296865016	1.0326567357596	1.02415525220776	0.649425066283374	1.00893146173816	1.03483276481012	1.19594382057835	-0.3370309257622	0.665842019490133	0.0266213232270473	0.956310149048146	0.495514499352048	0.523960302962817	1.02489140815531	0.283892558708165	1.25770486559166	1.19908710618194	0.955093936994301	0.00969408728325319	0.607925064912287	0.66993080247972	0.633555270410717	1.02988643529855	1.2967655189667	0.853958121850442	1.30129310494674	-0.796327182970324	0.990505046870719	-0.641761307910082	1.02019770323868	-0.408872999561058	0.492042106847848	0.726335469070101	-0.793756831924214	-1.05664109621747	1.2088389162443	0.320300274881564	1.18995985750003	0.984280650112017
"TMEM74B"	-0.886552992128323	-0.858135341249848	0.0713001924269302	-0.381383514295417	-0.267446570081284	0.603868396902607	-0.963979456802746	-1.68770307804014	-1.28634458848289	0.283117951565753	1.09908063377008	-1.79296843615466	0.0595680593981039	-0.839763006530444	1.25954366196964	-1.58932022452339	0.558223049331587	-0.659482175707252	0.988088313848436	-0.9197760782378	-0.124273881746779	0.366219622404151	-1.26835755902107	1.10984690234215	0.383539203694649	0.8113350633191	1.14361289791177	-0.634144859531159	-1.67521539296362	-0.148525123742861	0.31318888513574	0.29858800967736	-0.274026970097824	-1.13906929344517	-0.444757887092219	-0.282765803432995	-0.466006261189003	-1.37465697906057	0.690849153653338	-0.762401013842113	1.01332800664943	-1.45946490552342	-1.89868476233142	-1.46849417580669	-1.89861287865276	-1.7124015963242	1.14280102777416	1.43331930942944	-1.80387694519577	-1.31626645062788	-1.85304729298446	-1.49741563749402	0.0478568659336876	-1.23728021284647	-0.538224530811476	-1.4117570679162	0.533412416850158	1.03140541856351	-1.72416626755386	-1.25517934889072	-1.52480626458483	-1.33185778066823	-1.65081213651946	1.18795426459623	-0.650885367737701	-1.11091166546241	-0.82067528320465	0.991821495971077	0.163286447199643	-1.08497787295751	-0.560189678680451	-0.116649606910299	-0.967200912676062	-0.953610870981534	-0.217623645267972	-1.1783888827686	0.535904077662133	-0.900749724817653	-1.05457054421003	-1.11333915738511	0.433860645959185	-1.39277330618244	0.00726130171844695	0.308369648908386	-0.0543187576584838	-1.87388609182139	-1.02464508185676	0.374815311127432	-1.25843809096039	-0.073263941296519	-1.09067920735567	-1.21251485981752	-0.744278828337238	-0.0546336768318285	-0.612275674556935	-0.878323843968399	-1.60891029109799	-0.282004444136783	-0.820979546994852	0.604855528517766	-1.17365748914918	-1.05220753802798	-0.0053697984475163	1.14310123427451	1.13887774679717	1.09708323500775	0.273494594687542	1.36034233892801	0.243447539238765	0.539866937757331	1.23131705311188	1.14345855216424	0.239232505554744	-0.787893940255475	1.18283068930051	-0.825142306206406	1.198810462929	0.87691575538053	1.27152843059098	1.06733220764798	1.32292720277042	0.99031757349292	0.814576946841245	1.2068532774262	0.636851868251575	1.12484995324519	1.12140902633787	1.18439188582113	0.510629212532942	1.32511204598487	1.03409079506274	0.778889216629652	0.0742973090873811	1.0892190221357	1.03161176247206	0.145841958384631	0.488848171551632	0.970714431593501	1.10827782166225	0.668768210193272	1.10435096086471	0.859196469749965	1.15584165535739	-0.32033765158705	-1.00396444676222	0.403287442065771	-0.0672153755862365	1.3169774092763	0.298471194166717	1.40298037930823	1.25685999359297	0.367928234943631	0.646493453886606	0.8066130049513	1.31378017465856	0.383028709091223	-0.200486924362452	0.336645299627258	1.12919875635442	1.14235062362356	1.14545885701865	-0.614492870551801	1.01286946825353	1.13638445098199	0.678683784795391	0.874411116185897	-0.995858595854378	0.386889062447941	-0.374843047218673	-0.47736146994337	1.11725301956608	-0.400063340985553	1.06149338427166	1.35748268258005	-1.61610293456603	0.39342126592025	1.2125399374098	1.23608808219599	-1.19337075540237	0.201760596624057	1.23373486421242	-0.675618867932323	1.35326115648123	1.03086984860758	-0.124834728145611	1.22734496915505	-0.140363368237084
"PBX1"	-1.32331081120132	-1.49450091316603	-0.183673934897974	-0.707018287561789	0.795092000600809	-0.662891088830539	-1.29327736179871	0.775601883713723	0.194143365692259	0.236394783792767	-0.247067834007563	-1.77851715707586	-1.51900807454306	-1.16786496500831	-1.52801179241012	-1.43791509262666	-0.479614415219914	-0.00443329470677759	-1.60134084720726	-0.485956951329966	1.12273800860777	-1.04007380234039	-1.43014381802878	-0.289223218422677	1.14267450032046	1.10423968263042	0.0462219991490372	-0.288023357776925	0.842457589884528	1.58812630322274	-0.240064039017181	-0.419416003781911	-0.875983908351359	-1.40686622290933	0.478565925347998	-1.42459533588331	-1.08577725347522	0.213195207398762	-0.506057768655926	-0.222260612765902	0.088100670276456	-0.123676352250426	1.394487188186	0.753916305442837	-1.02932771526365	-1.09652109148192	-1.50166362070049	0.0633032050702075	1.29126560499933	-1.58957568032891	0.531936409658685	-1.63845880767257	-1.54581285132666	1.58379456386763	-1.37355495489049	-0.651169936256998	-0.125836951887112	-1.62020023583244	-1.35549417362155	-1.56340148427261	1.16234304092056	1.49131749310229	-1.62284323951154	-1.13770271568984	-0.519303534267415	-0.897333853512174	-1.04450644860979	-0.735308808905658	-0.860804205949219	-1.2608437738784	0.0226095084770646	0.485846913882982	-1.33168855652432	-0.987811268193841	-1.25233182800784	-0.825816341054947	-0.649898304346929	-0.465146893994988	-1.46071692107178	-1.45181779334801	-0.648897627022562	-1.2291830801775	0.0180222514958414	-1.39371025645024	-0.451320160880038	-1.44109039126761	-1.26273711992149	0.44991400164383	1.1842545827913	1.21683058567566	1.30174477007113	-0.0645933946519359	-1.30619385572704	-1.13074278696084	-1.40851495971055	-1.26512491845785	-0.171410006671816	-1.03776645358491	-1.1909184069693	-1.02895127196643	-1.31721504265324	-0.262452640197686	-0.40585147998042	1.15224459323471	1.37393832503925	-0.0492174274814652	0.253405859335438	-0.778569048344511	0.314415505798904	-0.174162779746815	-0.160458658950423	1.03862843044058	0.521555532031386	-0.146629655961889	0.236653346630071	1.03964626670355	1.14442674036248	0.389369774147895	1.11528430655611	-0.588138523944519	0.274538093644837	1.23663606579328	-0.993645649645776	1.28318581717965	1.07197428676399	0.0695190864933789	1.26984386789597	1.21603681345451	-0.462622916090188	0.0742264742662623	1.03679181337924	1.34721614508384	1.24631091087903	1.10006772035622	1.17375943973853	0.204282017855957	1.206383204677	-0.0731781958728932	1.10120328117502	1.06267692720009	0.926801647123084	-1.026885584689	1.04080103543462	-0.071425687272273	1.2172965320961	0.381446301981291	1.25294544146967	1.40168837224423	0.552437245923393	1.37322642300568	1.14524061097583	0.714502207154429	0.6971601750948	0.374765282364937	1.25269642127865	0.190230566762484	0.422266385212248	0.586691802743929	1.37645745126914	1.35599673743953	1.29365403864887	-0.569304019959992	1.22284896060189	1.26277451645207	1.07842329647679	1.19172786473908	0.103188336024585	0.713422904755579	0.307278159720529	1.06295008428966	1.41408009282268	1.16233921469743	0.485380623010106	1.09398285788636	1.15109099710214	-0.923630872148516	-0.755596804401989	1.0926205480122	1.0556633689653	-0.319117348826778	-0.968790225790928	0.662838864181759	1.03166450880787	0.395499136088793	0.615137839723854	0.830990088645466	0.31593782476562
"PSD3"	0.406870148478388	-0.917460650472908	0.456592226710604	-0.807430933985325	-0.2010932006063	-1.61767843258149	1.12091171711161	0.0236728945824133	0.506479155043158	0.967120672574742	0.941746427601475	0.156551883974781	0.633021441009424	0.765477146729657	-0.76734297701115	-1.5965918031194	0.203777275532593	0.244583032125071	-0.691030056954522	0.630641167117088	-1.48136180093203	-1.71243288753878	0.466547056380759	0.653820411494517	-0.890403180916769	1.12006789190871	-1.27831401457719	0.745205298514091	-0.666276502779846	1.13782665803565	1.17910582918391	-1.01380786358653	-0.9365652869933	-0.881105303615418	0.638800340832812	-1.49322575332095	-0.937454609250928	0.397232083027768	-1.3497279684791	0.00143411402409015	-1.0959967089743	-1.67322528757584	-1.65877205197209	0.749285524872639	-0.866301003559583	-1.83630061291883	1.25763244149891	-1.79043234828829	-1.84894616158957	-1.74639451429007	-1.09035578601032	-1.32568766552681	-1.6082069653671	0.644741215272125	1.2138511927579	-1.70312457152695	-0.459898534351969	-1.16605624548551	-1.82532342394683	-1.71091913415195	-1.78946199260654	-1.43942033863373	-1.68933429564066	0.955704938558314	-0.0748028941106535	-0.244863133745755	0.474573293719078	-0.597846219448266	0.347243348397344	-1.06516353975048	0.946170387844058	0.120958965851959	-0.686330353413945	-1.42250292162398	-0.914700318618336	-1.12743599184642	-1.34238548790119	-0.0614331581410701	-1.1796683710102	-0.778688829849585	-0.286304079895322	-1.27237300088052	-0.644578671600968	-0.85906398093925	-1.41159376572504	-1.86226033868815	0.35036426181981	-1.1541667024702	-0.0070151061456705	1.0586077839372	1.07704750539349	-0.54285743610096	0.416839853863239	-1.07460877601788	-0.473594593181025	-1.59011195960147	-1.15959298484086	-0.56063036731211	-1.24909532355202	-1.57354696863974	-0.962680723566897	-1.22406211495663	-0.256733767119422	0.538293660382714	1.03971793364806	0.633110386541702	1.0104881048895	-0.941534217696056	-0.763900235302947	0.00752612973690221	1.01436848543236	0.247069694516487	1.11537594463344	-0.407250661759065	1.06061266764298	1.0247373893507	1.36215031598209	0.509772644778852	0.963278292222085	0.150979489016658	0.0632073366425538	1.04504694366343	0.989327674264939	1.1887853686794	1.09304754385061	0.697671533251684	1.17434575581965	1.01515905817544	0.61303017355698	1.06317322867499	1.11282123337156	0.989998496914249	1.02402983704003	0.889488689141094	1.14319155115809	-0.432017881407055	1.15788828995608	1.1601246726548	0.997949141276316	0.546647816356297	1.15510826222475	0.650509402924613	1.10329887614459	0.465475712010078	1.28084029919501	1.05835140644156	0.839765757597832	1.30184417379436	0.893392918546249	1.10897813237541	1.14056594280352	1.15913834127128	0.666452004914561	0.0876532973238049	0.508158649377704	0.0984449849420374	0.307695514357966	1.12239853980725	1.13589927670128	-1.17745953848089	1.14587705316176	0.0690635908326893	1.10564634593164	1.21853968041381	-0.669355638295	-0.139827762307291	-0.110638442813736	0.322170990901048	0.526249483535545	0.348760663954411	1.17591202722137	1.18280097095601	0.0214162042541294	-0.316878029241973	-0.0320484892456756	-1.45882018628729	1.05680596554267	0.667391718360341	0.323953070217789	-0.28903505254857	1.08592002615264	0.316173675070359	1.11931925355767	0.816785581655689	1.08969588608144	1.09952969005212	-0.465985554390689
"VLDLR"	0.425298034825032	-0.522744164575906	-0.101317904438648	0.542984754937582	-0.612953341782666	-1.32596022960848	1.05749419254618	-0.937281942048245	-0.279065179454326	-0.841887305652574	-1.16022635011294	1.0923807150287	-0.951756228123867	-0.850579320547348	-1.7061172549988	-1.38450213753299	-1.19054540515088	-0.791274270851885	-1.28409266521472	0.694609911381599	-2.02589904632796	0.168060036427945	-1.00674358167286	1.24780251053145	-0.756657154547558	0.0748535172398506	-1.42971286032148	1.03791452652916	1.19138154153361	0.0712399916752688	0.470200002872348	0.70921366519391	-0.161198774179997	-0.5913556277918	1.05022803450183	0.0345091993862896	-0.754295903183888	-1.24765071451616	-0.781235082487818	-0.325848069935507	1.1956029310032	-1.34264471935219	-2.00757037772263	-1.28367196696624	-2.18050579299678	-1.68158317965179	-1.76535989939957	-2.00262712756039	-1.89340926795324	-1.16820979622425	1.11798667042923	-1.34094165853575	-1.08952604500133	-1.10090242375429	-1.60294025718866	-1.25262467250127	-1.52139398166299	-1.50710450233824	-1.73427123632441	-1.10813058020166	-1.33472281056725	0.373633445837436	-1.62726953205262	-1.91465625354446	0.262355166485163	-0.229969734637018	-0.899811470531727	-0.569864578086987	-0.222555222394611	-0.0578148325265465	0.620837916470185	-0.391161855181224	-0.624737543117505	-0.924578084427291	-0.509314796447302	0.230292422149263	0.99143492190818	1.36001947556179	-0.726016169614257	0.0429962114451799	-0.133835111718271	-1.00373555940717	0.34506154554237	-0.254899130975016	1.2117329424603	-2.19881114577826	1.04857067611601	-0.321529534633346	-1.24097610995063	-0.36041157397118	-2.13290773409144	-0.795495248092022	1.13394839956936	-0.385828353030748	-1.02581045467467	-1.02973542782155	1.01132303427789	0.855715515031742	-0.621263093999272	0.209262501400856	-0.92142735601198	0.218557599647584	-1.12145200981679	1.00423437971925	1.34091620086372	1.1131152416551	0.637315864061443	1.29239478127178	-0.91074596648814	0.452916940783753	1.01699209019955	1.11348649825662	-0.072275817875538	-0.420574346002664	1.18687361759585	-0.406317384533017	1.2929872343051	0.077731875400646	1.15102163612613	0.656415874697504	1.00148571053848	-0.483137534096854	0.937537075096636	1.21786262694737	0.993473963994532	0.623381479336058	1.18205005267816	0.287386451040594	0.215214035930333	-1.60748469339369	0.439438272609166	0.985888860623225	1.10444066006632	1.0821985069418	0.753078319782553	-0.157764823227833	-0.0597921720780791	0.0177112675102467	1.15072492136874	0.873543351367463	0.545073309915637	-0.129150923285436	0.880341067319929	0.1455396064035	1.01553530051049	0.811749930916474	1.30251924256985	1.34808262212251	1.04462225219754	1.33388718981989	1.23986235404814	1.02959514859197	1.00217071226247	0.495765097312898	1.26371383700149	-0.0274870638378304	0.971524116341092	1.14843380248625	1.2967437282993	0.239658239528134	-0.487757225502507	1.05833138087759	0.409643516367793	1.12933891629106	-0.114157315448273	0.564299686569063	0.991522886096532	-0.203482394758423	1.00610198684966	0.861761100613898	1.07035458244929	1.09167054575925	-0.185229457480646	1.04630977019792	-0.242950584785142	-0.0337205110162252	1.01615271133401	0.552428282544979	0.701549594661791	0.0836811680514467	1.15980292910421	0.0073534047616061	-0.741055087267358	1.21102951298569	0.370645334844786	0.948650883352107	0.773226476498928
"UACA"	-1.13358029951873	-1.2789795393941	-0.272221530466699	-1.28801405988282	-0.234496750021191	0.148874502496774	0.216619200178505	-0.0488256723148186	-0.789600487560408	-0.939896116018505	-0.654950866487191	1.25322540123368	0.520291739126291	-1.09548806366113	-0.817520197737861	-1.16166398492619	-1.19285611474438	0.559077638227041	1.15745785095342	-0.283555960800676	-0.863171820525425	-0.500416890364851	0.83818601959749	-0.448553875037335	-0.46427568327588	-0.440740047569114	-1.31377692013084	-0.789091952152798	0.81980071306799	0.436554268642846	-0.864025395129906	0.0162858284662305	-0.740224899186203	-0.683892319379367	1.1321072588892	-0.15226840689867	-0.915648358548637	-1.24221563547972	-0.914227595783289	-0.206892363315998	0.450033692982269	0.177996554271965	0.184800040467196	-0.419953808167286	-1.22132744877426	-0.735804888451315	-1.17500671909556	-0.482559283246509	-1.08765760150181	-1.33906283594365	1.40712716057807	-1.27566384626879	-1.19920136255275	-0.965885779113029	-1.104285774641	-1.2609514229497	-0.433121733372356	1.17779963991224	1.96450649810411	-0.737380193654832	-1.23808687727965	1.65374334563575	-1.25145515201026	-1.35628566415804	-0.854314155186065	-0.838293096547528	-1.08221176368673	0.428119265766158	-0.713832195577006	-1.18222518534598	-0.855710784513127	-0.653756378109224	-0.921273571211503	-1.22803137967151	-1.26171895261815	-0.0175607709069235	-0.2868562006217	0.0278716401425103	-0.874714654742347	-0.730146295586511	-0.184895595337597	-0.761399871218418	0.256799791767148	-1.02320874478255	-0.0430855174572727	-1.23986472001376	-0.908102093881498	-0.932518814135188	-1.19965306448942	-0.920821873029607	-0.682786669119251	-0.647185703285927	1.02119027381531	-0.749250579258368	-1.25376779029729	-1.33480176528584	-1.2663185573037	-0.728792816953109	-1.00601346759959	-0.189366295062252	-0.873469861172091	-0.466754378375498	-0.984150060225394	1.31442033227531	2.19369311795243	0.365569507321258	0.978586443663289	-1.3221518129243	0.273258259098686	1.18595124846505	0.668630773157417	1.28946641847567	1.37652373267156	-0.177904834185518	1.12322079559387	0.168422106921657	1.46946898710476	-0.267521479880449	1.15992127742091	-0.985478890313781	1.13246862438948	1.18078260076878	-0.750269432174421	1.886916451312	1.42282193210238	1.03764137187184	1.48963020066841	1.30322055981818	-0.683947915203826	1.2381369803644	1.28619022104809	1.42814909420024	1.55761876726595	1.31318848953955	1.18095434404208	1.1101005906173	1.11449427838884	0.58556103701293	1.14242875453669	0.449361710382258	1.16849838097343	-0.380267400027562	0.712431123707982	-0.971079150074871	-0.84307170827197	1.20458186875266	1.4614145211746	-1.17735361128155	1.31665597342659	1.96511955941802	1.82729013384343	1.05326306249356	0.323682064929306	1.27634403050898	1.53011704717226	-0.00817844685100761	1.48115796736305	-0.310426928071952	1.48510024516263	1.07576180653973	1.30142699392177	-0.455594367241819	1.28761077554504	1.38360843027639	-0.92823114319805	0.233883031698865	1.06152274282114	1.35822895824252	0.98571290191085	1.09445898537419	1.15251364022048	1.5031165175755	0.136481554748147	-0.65088238276125	-0.0239867290254603	0.102095001635637	-0.136448872877138	1.27875772015717	-0.807072185581508	-0.896802400198128	-1.13026559654516	-0.289462645386928	0.605390976672032	-0.334202568238453	0.206970506825182	-1.03698089261194	-0.369266642835859
"PALD1"	-1.21339699653591	-0.227950265523239	0.535439785232624	-0.385091305751517	-0.421144304470066	-1.63994244728904	-0.314326719044764	-0.729173052785605	0.154637941477132	-1.28534272452892	-1.17983443031029	-0.985396868247891	-1.0086105351099	-0.17098026378882	1.52426431775003	-0.244699705073464	0.093985695780751	0.485492453956778	-1.36534644517194	0.14891779484569	-1.28568285778062	1.35261417535167	-0.327004895418164	0.729563926963731	-0.813367086497951	-0.257731763213023	-0.880981539430221	-1.02533410673386	1.36715637565622	-1.40013223611128	-1.01318151451307	-0.901765782252413	-1.07401459403744	0.00158573136251797	-0.24820887008537	-0.700364588802309	-0.164506113894624	-1.449078674515	-1.35962992476643	1.11361296735173	-1.01717032466793	-1.20828553261637	-0.999688108868745	1.57959445288729	-1.83882072235893	-1.47577786065482	1.35210886136546	-1.70594915332993	-1.81387069539462	-1.65283183044581	0.470724660884861	-1.6171457900902	-0.33477820733741	-1.68882895475116	-1.55805013355594	-1.41275798419523	-0.764708924603131	0.0884154434121311	-1.65785299184421	1.06787112925307	-0.0386787286931205	0.257217315829972	1.48556969151821	-0.0296495053594289	-0.0874196232539932	-0.752571056463624	1.40173230015574	0.649026926272799	-0.298856898250072	-1.13397492649314	-0.20380924925474	-0.603745571779885	-0.577144562643488	-1.20293314035245	-0.38000126268786	-0.220461704896294	-0.147350871411121	0.430762060425087	-1.55133110455582	0.234549149847366	-1.17405670866848	-1.33881590542138	-0.956293048430763	-1.15567781710192	0.0666765438824346	-1.72557842426924	-0.0312881769263325	-1.08842674936015	1.22053971059321	-1.30803283746548	-1.48742130201974	0.793490990375965	0.603485942244102	-1.10326964840048	-1.27477520237319	-1.15093223427634	-1.09620280042527	1.18508369934604	-1.10810986493345	-0.691529287782473	-1.52912545527571	-1.25870149818589	-0.577206035166788	1.36728324070035	0.495081835720975	1.11169610182625	-0.0100147297957837	0.615249427540005	-1.02387062199339	-0.403194365737853	1.11571586136865	1.30689176309287	1.34651706561061	0.34256604162782	1.29969406400945	-0.136637793296373	1.06969603737762	1.07132567452882	-0.040855646446204	0.654185403319591	1.11310279711155	-0.937530108290609	0.753747356808738	1.06811304065473	1.13064143115931	1.29417106679304	0.432153982391297	1.10549485196776	-1.00323566078824	1.50305639608625	1.24458792902839	1.25427512600379	-0.322290275913203	0.521323491100339	1.38156603873118	-0.230261488213471	-0.0335628326325353	0.683535913232385	1.15449819426338	0.765597956213152	1.24803172238687	1.0789996499809	1.11172454504806	0.768341628807167	0.0827116619313009	1.07811033150834	-0.255112246724849	1.71159099597984	1.13410372023679	1.2923505284014	1.29492676469412	-0.93733799901586	1.16490740368972	0.106570553400354	1.51009508433407	-0.077703486429244	0.769162676983592	-0.992758293294378	0.652020936842975	0.1645177319147	-0.0823069876296947	0.50890860835191	1.04088445784805	1.03635082406169	0.840117294192076	1.04882774306242	-0.188459863150922	0.0916747027924538	0.174413983634941	-0.340258640267552	1.49680284743663	0.328558464079536	-0.911817817183968	1.08118365993926	0.518809082073791	1.09626890823195	1.244033588799	1.15074484278792	1.06876099238212	0.107520760847878	1.53535451655417	-0.157661968333171	1.16879228102984	1.11419060790643	-0.470434099477429	1.15180412501773	0.0893575941295412
"TSPAN15"	-1.0932851912586	-1.09292338558936	-0.43799041431719	-1.28579631379198	0.118513787980084	1.20637196133852	-1.09723899667164	-0.225175758415065	-1.39225308444314	-0.870724549710346	0.170630690424315	-1.83783689372901	-0.327828563132657	-0.632132062214806	-1.68256225525553	-1.25160678389592	0.332811117253717	-0.0190160959427152	-1.45387891985159	0.274891446293673	1.17262947028377	-1.40782201298642	0.956321675238308	0.834467352098272	-0.942318228473246	-1.27938869369461	-1.28357059209246	-0.0517125444351414	-1.60050397409823	1.04655354663039	0.773054677159398	-1.51356526825293	-1.05320548864285	-1.05058204432657	0.627825977386901	-0.720308329189163	0.500126953600464	-0.824907717480561	-0.968785474405001	0.401427207954088	-0.414030945767678	-1.59145117834533	-1.8505761419132	-1.51008507062975	-1.90495205613835	-1.64800455913468	0.0978555454732784	-1.82105371757551	-1.86629485186928	-1.44859585524828	0.707058601064518	-1.59654464159998	-0.817060642848158	1.29007242133434	1.05999506967735	-1.15375224370161	-0.949632776115389	-0.393474018608148	-1.7491828242586	-1.41883669274439	-1.57436409923297	0.128472046058909	-1.60279539545331	1.28230022486132	-0.245189456468333	1.02851126188265	-1.07876834325487	1.03094451669969	0.730827571382503	-1.12022688885508	0.244373387525519	0.961673972984514	-0.769289204658333	-0.358327037374954	-0.99230470964379	-0.472336994896551	0.699107379183086	-1.3535952995245	-1.15455951392526	-0.529630772713188	-1.25305503845295	-1.02712845723519	-0.183585772529399	-1.15623558025026	0.643336534580836	1.32485113964112	-0.558254949206941	-0.168304850043616	0.192559366308535	0.993839180829998	-0.96994844458548	0.0949455873030351	-1.42603534201592	-0.527511206601651	-0.237542463817164	-0.876065095284677	0.668577987270191	-1.1260892204864	-1.05028529130363	-1.10290974716258	-0.884480898022766	0.57612070604766	-0.540591595931384	1.28944088659126	1.28161097058045	-0.106732229936013	0.589864068777908	0.274543458861687	0.48625729438717	-1.22802989487645	-1.20910996944755	0.995107371348045	1.06795724871514	0.451472047261806	-0.0562591365717864	0.963450095414072	1.27404223467613	0.382536500761417	-0.170147439029496	-0.102579621053312	1.35645561572571	-0.100106964348422	0.573722540782171	1.2581583128069	1.16605190088831	-0.318711677957354	0.957908395756883	0.723309316754267	-1.0802735765446	1.26255606985023	1.01906111238763	1.20319290527334	0.215870973709755	1.14152641311665	1.23067597479908	-0.948802559228422	1.13072701081693	1.08606429076262	0.808883717564785	0.0261609760997753	0.542135385683445	1.1157898111914	1.04036813976264	-0.473714448775737	1.46365137043435	1.15022170940675	1.26004396674038	1.44351063569272	1.09092225176875	1.03349967475381	1.28049153587397	-0.0776870519912741	0.480205083728588	0.00583663057728219	1.26714948036165	0.0140182066614725	0.0239780216031072	1.07561622410136	1.23660741373763	0.218832202461713	1.18976380390131	1.06176966742865	0.100357109805693	1.07852176958754	1.28180796484881	0.985791873746487	0.808750177497992	0.733631827934317	0.628725260975054	0.702087148690082	1.27426353346491	1.05910411399091	0.692378933397892	1.26980054655962	-0.973295302474122	0.242399156265788	1.340858897909	1.33810031249172	-0.519293538001461	-0.589078853784381	0.334100470516987	0.698812494020237	1.34016770784035	0.587270599154738	-0.226806916686995	0.980055785672085	0.191435733971081
"MAPK12"	-1.23506869505611	-1.03298238112917	-0.217899814679154	-0.91624685198592	-0.556224310126416	-0.0516614165348299	-1.46101077886095	-0.194824886016194	-1.40843838918152	-0.262221166433162	-0.176605985204487	-1.83781741676448	1.17282455866088	0.556618798337006	-1.7480275309558	-0.306817427349139	-0.451727188539386	-1.07660128974988	-1.07251697664671	0.149451271977838	-0.503484012728223	-1.35416098716885	-1.0966645352133	-1.69837455384396	0.00367255539059767	0.412581746159	-1.11939402653528	-0.313821944228462	-1.60235757044611	-1.06641866175392	1.34832853381201	0.528270451020524	-1.14050248073102	0.0186567746682668	0.125076957865157	-1.14762977074048	0.990183634430617	-0.249058902340181	1.08258362606838	0.880545112675747	0.361202591725596	-1.61518804314103	-0.644567773640436	-1.57617933437525	-1.86802425329781	-0.472281732947998	-1.62347153123721	1.40736096180439	1.14372988997987	-1.45166318570871	-1.81958017335214	-1.36271247184592	0.444955813320179	-1.4647836397852	-1.22504568442435	-1.36787794179525	1.2597976478858	-1.39650054139435	-1.7098157411086	-1.46499221999743	0.207518752630578	-1.54494739814079	-1.65174506629881	-1.2976139348778	0.545049430489386	-0.247715266026616	-0.985788712550724	-0.325278904089818	1.03917664963684	-0.505810531764432	-0.00516116016118848	-1.35099728379336	-0.859223600706834	-1.11346200202567	0.338842553035443	-1.03652625197613	-0.612025294690847	0.334664499246633	-1.11818996587128	-1.0929639709704	-0.889991805485212	-1.21990273988732	1.06680177746673	-0.912781865563599	0.635782747304392	-1.9759973825705	-0.117427885498304	0.218219282219955	0.0742449202219788	1.14707300226439	-1.9793526178473	1.04579584431539	1.19694020297835	-0.151339199092289	1.07424430150198	-0.568709782943215	1.22794021817718	-1.31826711219235	-1.17327357308049	-0.31367728309617	-1.39123038541155	-0.364174558736513	-1.01815562018664	-0.10050167421914	1.02046360652402	1.08911486915836	-0.0185369860019462	1.20889513303909	0.522444405505312	0.39543665510679	0.129465587493262	1.27112038302639	1.39273531263357	0.140896579285278	0.784417267546708	-0.332178372003409	1.1959037972068	0.642537931412772	0.672684088285836	1.11931929169615	0.00984047989166477	0.863165926478796	0.401258267267746	1.35437189634549	1.13454586118997	1.14880261865044	0.836978786871661	-0.937671996505019	0.43791141218936	1.48343375482822	0.56501782526119	1.12041993888771	-0.680395112503356	1.08893826977631	1.26816939309765	-0.482570365298581	1.09931969900139	1.2431227622922	0.334989335341141	-0.952310392202089	1.15337934352361	0.0969819335147186	1.03897358936162	0.0728896313975924	1.09296003643905	1.12277898940062	1.18836604337659	1.54839748844271	-0.0189326233475634	0.773455839108906	1.04970461241654	0.572270272085552	1.09506983176149	0.63563831656407	1.1051967739741	0.352307956339386	-0.0651322722672063	0.695017454711288	-0.885402598303833	1.09107482970242	1.1546344361721	-0.941655731967364	-0.00188655240222011	1.30425474052021	1.17355329686973	0.538546715106998	-0.306905652755999	0.0240800624474709	-0.0470928542229871	-0.876460611302106	1.26320117873621	1.2338505520038	0.400798580715549	1.40102835933258	0.106114352368485	1.06624002444736	1.21333589984402	1.03646404067598	1.07272928181407	-0.0948056765643382	1.29624695079604	0.663899635619742	1.21690830448857	1.06434086083786	0.0106575966722734	0.569838179943429	-0.263627387697076
"GRASP"	-0.704062044428255	0.661965304953378	0.219262391401063	1.14710475687015	0.226072112173731	-0.306576986197605	-0.327184376510114	-0.334971614027409	1.01134446163074	-0.892413547012439	-1.30522031692776	-1.90573845228109	-0.0306956393679528	-1.03020887918977	-1.84239014894637	-1.41525803609759	0.32564919597171	1.01099690068695	-1.5511433430776	0.223474630129707	-0.675116055563779	-1.1366322658563	-1.47056325136255	1.00324011647008	0.499301931029569	-0.905595255368227	-0.0808336512276513	1.13381640071794	-1.62707481125586	-1.20786128446474	-0.456718480352854	-0.95713084127036	-0.470720160242572	0.457164609092108	-1.09548211066515	-0.357565949227036	-0.465277789165038	-1.40090137368959	-0.215929805160061	1.05639751536827	0.755492867108121	-0.357286239868195	-1.29151311334768	1.47788736427342	-2.05844560069686	-1.70382917663874	-0.537562523079847	-1.83283209250352	-1.86996392086713	-1.45794797809442	-0.203192700888483	0.94054164994339	-1.41853366270401	-1.41856431380611	-1.68821035398124	-1.50469041823603	-1.23172707050649	0.532568171095759	-1.79289943463816	-1.50336430059367	-1.58735405992007	1.22844006385919	-1.70994395852174	0.429765321532808	-1.01280646353195	-1.14476230962659	-0.225916110267169	-0.881176358132162	-1.33750504514727	-0.999597245843571	-0.88510445634377	-0.519171248937545	0.358690794055545	1.31447713478348	-0.566159447705788	-0.331325269197327	-1.05541556352631	-1.35777168353475	-1.19629374427248	0.108486936537436	0.109617589581059	0.564460831035365	-0.986826623256195	-0.405280827666272	-1.37352844052563	0.490701189026996	-1.03829901056257	-0.947181314386269	1.21836884484239	-0.66032461270446	-1.35711809063422	0.433818851521261	-0.0549534388273558	-1.03132438563107	-1.36353510661046	-0.219505930100376	-1.05534242411595	1.14687362660651	-0.708822554702753	0.14126656142668	-1.36110776022466	1.18550980833209	0.918630635831334	1.11032378425014	1.1518064399568	0.449343490360852	0.585019877552929	1.07824178919741	-1.14118440944718	-1.17717246816863	1.19629996569338	1.12106900274105	-0.894197684338038	1.11083029383828	0.543424002151077	0.0131160612963409	1.00554638987321	0.995263321565403	0.0128101377556829	-0.0475228524909871	1.07350384601919	0.71364618143986	0.432265192441991	0.771248404722938	1.05200549114562	1.42204253390857	1.07724053576251	1.17217778447225	0.100588724452044	1.17112851472685	1.34113767391317	1.01341495843134	1.43100709553519	0.088787760741916	0.293707897722463	-0.0664183286503764	-0.757777491331774	0.876030605768328	0.327933931037425	1.22086123937188	1.26904776411225	0.397512702174871	1.30094641731698	0.983590523305036	0.646549142262767	1.09709077578569	1.14462892874909	-1.60600065922756	0.231281256106236	0.617330149866383	1.08029698109868	-0.124048364402825	1.14230593492577	1.00339065693551	1.47069913735875	1.05141452319859	1.20468302403768	-0.392849545118729	1.15955852622036	1.23082014489663	0.608957718290778	0.833185800286626	1.03647752463091	0.283646375725085	0.00577378794494422	0.569857817273667	0.14110020559523	-0.265457810230552	-0.104916868480246	0.0443004705937972	1.25406383789815	1.15850977100785	0.149446737779909	1.0451414296713	1.37357328491172	-0.266060670864163	1.04144961769814	0.515922002357613	1.39300300380991	1.04390312650257	0.560790647551998	-0.257316982146893	1.20051124670634	1.25359239204673	-0.321492399413958	0.428552257928343	-0.420417752142311
"PLCB3"	-1.26947648211385	-1.2316395895734	-0.349539576497011	-0.780853721878795	0.51769988540678	-0.580969079378783	-0.98565350885117	1.19529112661321	-0.218842242868982	-0.320558351362902	-0.436984086937183	-1.00458958443112	0.100984909429719	-1.15479448863644	-1.89396041581364	-1.02626929895109	1.26304543133634	-1.38884217161336	-1.53685951668116	-0.880094260959624	-1.20714563408825	-0.0787759207534837	-0.769905920438914	-1.30043072881387	0.661469378386081	-1.99926882594739	-1.5056836420876	-1.10579441724491	-1.14515454063961	-0.297443935430954	1.2815245491352	1.00034136415118	-1.24467187488442	-0.219009815757721	0.0859969104409075	0.0829521170598442	1.02902597571117	0.174968913370768	1.11146294431734	-0.569366659809462	-0.360080590187207	-1.61505128678717	0.836805765512729	-1.1578788785811	-2.16661039212647	-1.85430834935644	-1.01303417179633	-1.18411798060765	-1.95549974806314	-1.4967740477019	1.3913014811394	-1.65330275974313	-1.31658209792032	-1.16514172883739	-1.31765005182821	-1.47424082696985	-1.18023565325186	1.01508815721342	-1.2224634083752	-1.48435146365761	-1.50740651494009	-0.493581978850534	-1.95239996591394	1.15946572292476	0.607914146553958	-1.17375546644784	-1.07590020850715	0.504167967867429	1.19251036957307	-0.894798003828218	0.083864420783798	-1.18516947708734	-0.454113562243205	-1.38453300940226	-1.00933432071677	-0.0752717849912502	0.392146044991123	-0.768984731437134	-0.525622809235192	0.0673180568142261	0.169116424573703	1.03421695399345	0.309902257292085	0.415909175011651	1.03278287262366	-2.10809432924342	0.0996846634279968	0.101018918460751	-1.51943962667837	0.249351710712894	-1.42867894492516	0.576168675015518	0.0524895896520472	0.233529394455105	-0.800081140026924	0.225577942918611	-1.09402421600328	-1.28659950246714	0.629138137894617	0.784953202706928	-1.12704485156466	0.476385617885864	-1.06866517129424	1.07495372557629	1.14395217866919	0.410608698638962	-0.0232166986868401	1.29789804702245	0.500534954297955	0.306064446761005	-0.965607593184116	1.07077471255625	1.34920813353153	-0.257762641217229	1.31594658108631	-0.0793951045715451	1.11060472865768	-1.16303923634777	0.353044902240779	1.03491349165469	1.12773191308548	1.05433598911484	0.757446017465205	1.07174028980267	0.287846597820911	0.872436754747991	0.853784518888815	-0.0489286606425139	0.533895204247889	1.14325285104532	0.719934955851747	1.08301447629797	0.315885499384489	1.08874634628603	1.10391835767141	-0.247491650174822	0.982838473958588	1.12718465781699	1.17155096197077	0.0739125597253461	0.981773677490605	0.568317581609544	1.01638829418848	1.12691357890992	0.553570898248641	1.13398188773107	1.00407844033286	-1.69802511650703	0.118600296535404	1.11056524582539	1.13275787947565	-0.0566528516979006	0.377911599693379	0.449617338179085	1.40761506712158	-0.0796043914891096	-0.669244970323475	-1.3117430781816	0.504239037318142	-1.09582204074885	0.994593150271536	0.419791323577223	-0.353546645941331	1.11692380345963	1.16869931225839	1.05315688614345	1.16696853971146	0.408218516286779	0.45184907542376	0.649069672527849	-0.132859995982022	1.16781946492773	1.07311935396583	1.02563555973084	0.191170264088592	0.649068548557452	1.20769089239395	0.990840283943132	0.119692342633399	0.306699458310574	1.07727120034288	1.23743369164052	1.06930752781948	1.12907948138691	0.96354800810133	1.29227544477563	0.336557193565363
"ADCY4"	-1.38885208463504	-1.22110865101133	1.03926108646564	-1.34646264776627	-1.20759692371033	-0.689208479958295	0.603212025452534	0.0535204751966954	-1.40467633282754	0.0128033117753138	0.733449020116763	-1.85614133682233	0.480677403442512	-1.37363587543522	1.021981738357	-0.581096954989553	0.846015020287978	1.16924414442531	-1.62717963207178	0.236516725375813	-0.840725090822128	-1.68752585440379	0.101664687945383	0.54862246961488	-0.437951837242779	-0.271763611772021	0.0322064868346143	-1.29728781763289	1.16695875197209	-1.50084019331814	-0.531100443931144	-1.23679656233199	-0.959663310524826	-1.30981215095057	-0.49388420502736	-1.15798559042536	0.211241239883839	-0.302758068927986	0.0442554895665847	-0.242207609250377	0.488763250542316	-1.32192330483798	-0.589227522265935	-0.0898802340010653	-1.67704608608518	-1.77544795287887	-1.43214891415431	-1.95315076598088	-1.76809036909865	-1.65096803655806	0.978446013119929	-0.592775309065464	-1.62320375243272	1.32449535228857	0.306923907128156	-0.109019717871167	-0.28723077658931	-0.891467139129656	-1.43575067696189	-1.65070233431706	-0.0526891558392671	-1.40709148881982	0.516579534827351	1.46793073440399	0.0784552865985158	-1.33068462338283	0.219669812377676	-0.348384493348697	-1.11391358230623	-1.36531480200144	0.888942528525136	0.00574988682157362	-0.42886771335386	-1.45514124365046	-1.28543345955471	-1.37468119912378	-1.33598552483911	-0.099633261202703	-1.19005298681219	0.569441855787795	0.312807826944658	0.293494661697284	-1.15052154496147	-0.0773729790301253	-0.925130611621117	1.00751992143399	-0.0530046775006038	0.170801239815295	-1.61591387959812	-0.565512469686145	-1.58032766074789	-0.630208156695294	0.822898702503715	0.453382312408012	-0.0370261015397276	-0.213219869481041	-1.18240359982748	-0.978217399813335	-0.724056416872496	-0.841587506647426	-1.31322555517952	0.660339139659092	-1.21013364806683	0.464107325768759	1.23423516479234	0.410833948557424	-1.32477480569796	1.0589739626165	0.99855920169428	-0.101423094855193	1.01910818776749	1.33892627057662	1.33486967609105	-0.0920728868128919	0.813384251207675	-0.563294213646345	1.17678471658588	-0.76577574288935	1.07142747105866	0.579568340170444	1.28538102773662	1.15580426291423	0.236756000001859	1.00285390877778	1.01587396159897	1.01315103246612	1.01490666331297	0.506169580555385	-0.381594274709895	1.34700069402009	-1.03005576174895	1.22163642284738	1.17693787612665	1.16755640337668	1.08071009830579	-0.352392031845087	-0.21001699072162	0.481608044764901	1.20967034567646	-0.191683011390256	1.26609586649083	0.536326181639121	1.06823598462693	-0.88290707531796	1.03628351121908	-0.0310103893381903	-1.10644087933923	1.50830056248521	0.491895988963266	1.33056687081041	1.1637178961531	0.154174235434079	0.420138503171103	1.04990389040675	1.25322063027595	-0.118749970678319	0.185588720157368	-1.25956971983652	0.995998666585147	1.20248809422282	1.03998571424489	-0.961338341680956	1.20912208505928	0.857294305406602	1.06825663817068	1.15865589757272	-1.4166546380776	1.04144195756796	0.229159651455296	0.722361913836212	1.17691138855748	1.30076691873052	0.960096469150533	1.49055940634378	1.15789521213113	1.21176047756918	1.07487958141519	1.04732791475017	0.460719808698273	-0.194810699987668	1.04577050502768	-0.663613385152584	1.42169707756063	1.03927352393673	0.286677807259787	0.957203754922103	0.442387188274707
"SYT7"	-0.59413863950808	-0.543308815162132	1.12367725128571	-0.819898213072232	-1.26582550596158	-1.31585300236529	-1.31585300236529	-1.31585300236529	0.695745691789563	-1.31585300236529	0.617850363009141	-1.31585300236529	-1.31585300236529	-1.31585300236529	-1.31585300236529	-1.31585300236529	-1.10950730310354	0.422312249047714	1.12305399943509	1.11675950410763	-1.31585300236529	-1.31585300236529	-1.09116897801776	-1.31585300236529	0.0541778528685218	1.1611210064611	1.29868188364105	0.10067591438087	-1.31585300236529	1.19002099972581	0.0190018380181909	-1.31585300236529	-0.451795940383868	0.288995895534202	0.0605118598838639	0.17806190530376	0.466503544238587	-0.062182721528408	-0.224846581432601	0.524254228768087	1.18590551867663	-1.31585300236529	-1.31585300236529	-1.31585300236529	-1.31585300236529	-1.31585300236529	-1.31585300236529	-1.31585300236529	-1.31585300236529	-1.29187937943535	1.23091073799383	-1.31585300236529	-1.05385118209259	0.777227786992136	-1.31585300236529	-1.31585300236529	-1.31585300236529	-1.31585300236529	-1.31585300236529	-1.14101289756319	-1.31585300236529	-1.31585300236529	-1.31585300236529	-1.31585300236529	1.1219757978987	-0.331021718508238	-0.629218624030588	-0.406698895658972	-0.310416430595793	0.0959765452631065	-0.294469860977097	0.575590954391817	-0.673371132248167	-0.863668185669286	0.232265483194418	-0.0884214899942234	-1.31585300236529	-1.04022847225814	-0.646509057668331	-0.758738051560249	-0.965849330976701	-1.31585300236529	0.0129619339588226	0.597875163140156	-0.166818614113172	-1.31585300236529	-0.0439819362941437	-1.31585300236529	1.20801751008239	-0.407362527096439	1.3967200971233	1.15618015526597	-1.25682523244487	-0.917796740845731	-0.0611067159382343	0.22364526345166	-1.31585300236529	-1.31585300236529	-0.596491929797622	-0.380373919031969	-1.31585300236529	0.45370194976444	0.48656426515414	1.13327606368456	1.20309493481064	1.13465005472084	0.0981219470894394	0.536641828442683	-1.31585300236529	1.26300358046522	1.11803239989085	0.882502956379586	1.22871065494485	-0.039568977440311	1.19266784198971	0.441034940008368	1.3615990022222	-0.595446849429387	-1.31585300236529	0.366943901391941	1.15424619632897	1.23661959684875	1.25109792496038	1.29552345528634	1.19825378856961	0.942475493403265	1.19278838580973	-0.302488889046758	-0.23950753002459	1.35671509275608	1.294750149222	1.12783163951759	1.2416789168959	1.2895499964749	0.121573510353257	-0.157852139297946	0.246387878002782	1.13358525359121	0.321892118972733	-0.0988375809380084	0.340310644987679	0.629081530578467	1.17197636535024	-1.31585300236529	1.01514871328712	1.11883897902907	0.272893703388802	1.45015886069488	1.18367930495568	1.19446267071895	1.33371685760783	0.458366571701883	1.17739062805759	1.13650777910507	1.31561307905837	0.787199072910721	0.795595197917752	1.16082324978914	1.16903230587274	0.609604605146176	0.399594488464788	-0.70268911748132	-1.31585300236529	1.12894870178459	1.21235895538	0.438545890276075	1.16252900372595	-0.0151814707598469	0.502213304088436	1.15173539147311	0.118041479296688	1.21242250370644	1.22825291352684	0.765437811223947	-1.31585300236529	-0.505017933487938	-0.527389377117124	1.1348398804702	1.14539419621104	1.11955938804289	-1.31585300236529	0.272731473522768	0.666089713885848	-0.115627723079473	-0.327071321805056	0.842850315973237	0.944728855219286
"TNXB"	-0.623637433007791	-0.0587998293751832	0.140181922242441	-0.619203645123816	-1.12644052211244	1.18230740277083	0.217243968290032	-1.27574812219295	0.155771043867675	-1.4376521272845	-0.522110966714693	1.55377340490563	0.854787577020648	-1.22966829428045	0.701660444018579	-1.26101706692187	-0.514156327019637	-0.89522645500156	0.647497782268664	0.641459235309421	-1.13555736497926	-1.38799334985022	-0.671000475654194	1.38096505500152	-0.916515133317064	1.50788461104466	0.372348250508824	-0.702088942124269	1.11504367550567	0.946425407755598	-0.915514943906912	-1.13993560404317	-0.650911678535619	0.350959400149512	-0.429474301535649	-1.30996632806074	-0.276596617945401	-1.32558250145086	-1.09329878996814	-0.519310367583428	-1.15732142335411	-1.552112532967	-1.6016420646489	1.11241711753951	-1.69459487475199	-0.231106412308732	-1.40364441440232	-1.5726971493483	-1.58291287948592	-1.46585833215603	1.1544282716047	-1.54563615183721	-0.347278910537324	-1.37068243186169	-0.215284579534925	-1.43780732625349	-1.49375189834692	1.45877276116705	-1.12297890142819	-1.39254163611859	-1.32918553638996	0.532002743897559	-1.33591415551121	-1.03005117053005	-0.509172186282152	-1.34948763905738	0.145103756432138	-1.09927469854055	-1.31439583961118	-0.880609090127323	-0.762903422396358	-1.18077767860411	0.209993453540441	-1.14531382504192	0.0106858459341892	-0.359280278719736	-0.996454433718666	1.22431694072619	-1.34973151447677	-1.43678614202499	-1.39447708073303	-0.959659362079567	-0.806370998851126	-1.09298461809458	1.38714218181705	-1.47898433896091	-0.656575814101753	1.17728388957178	-1.51671528763387	-0.814388588221735	0.296007807247727	0.568776170773421	0.693476672297422	-0.754810813698864	-0.905222308578526	-0.458233941320756	0.424139630963473	-0.283367989228106	-0.760662573297357	1.14694874882459	-1.11596547456892	0.135952403085653	-1.17477218658903	1.13040080819729	1.44088548451684	0.730948039993808	0.289356984726749	-0.124488404221938	0.720354857008292	1.03078445551497	0.0135717347006219	1.38165583617445	1.25470197934855	1.09347384421275	1.07490901313663	1.07871936723402	1.07175563907785	1.06541173439705	0.500680249730574	0.0750436891448956	0.73594891847229	1.16531885429409	-0.149416742031078	1.25874533180012	1.25465753158171	0.967687979446708	1.19712703557261	1.13793693437168	0.828261589672197	1.36335879914904	-0.386557555979546	1.32787213327443	1.4410780877733	-0.248949706038231	0.265351280221093	0.23978426327248	0.295223809533492	-0.941303537892607	0.371221360214765	1.2014413176278	0.428361605921407	-0.00258353205367486	1.33541041983013	0.147635971628039	1.10104893119199	-0.65360005917476	1.24927437946211	1.38453030038947	1.17458825688113	1.44765577195365	-0.573273669139562	-0.0582982636004168	1.16328178583814	1.12473795357704	1.31128721168439	1.03637292455803	0.572252878695596	0.41156457302188	1.52006620124488	0.836213785450817	-1.23243254725468	-0.0727929330261476	-0.975873773767707	-0.432584386006588	-1.31571845783868	1.28083214411634	-0.420471025638513	0.0489687460812783	1.02011661448169	1.27032247570553	1.39223173854509	-0.108125185771448	1.06605260800159	1.08815349439134	1.21260728034937	0.194308935930475	0.00339080988390239	0.845371521744365	-0.812904882806461	1.09725032010359	1.31499662530857	0.261756255992485	-0.19016686093308	0.439337694512265	-0.650620924286527	0.48557246294694	1.11297134288448
"KANK1"	-1.19575867015625	-1.15841437790665	0.521535319049569	0.893982609535186	-1.13126933538936	-1.21561827194575	-0.981868173672047	1.02541048244216	-0.696715607306184	-1.29103598844985	-0.93356146879759	1.13691144279498	-1.17553806438705	-0.972250359111581	-1.7610819951987	-1.53230829366504	-1.03515420600519	-0.384580847679706	-0.696726250996475	0.224569634406539	-1.4573442512919	-1.20375006859371	-0.539303608632341	0.0882061666679937	-0.464617117960455	-1.33003431037417	-0.876035501848813	0.33001906750326	-1.70254852513154	-1.41701442511949	-1.14515486401021	1.23515917978823	-0.0944492657896963	0.611518999097605	-0.439840821440317	-1.1627947342559	-0.28810775360233	-1.16118020658027	-1.23319911535881	-0.873372976082357	1.02533551323979	-0.0340190333105337	-1.52627033145199	-0.275464979788141	-0.563886573489884	-1.77299644700451	0.341526026423655	0.495154117954119	-1.74128669309335	-1.63004125277555	-0.697234398018066	-1.67679206982457	-1.58155309007477	1.23674597654832	-1.48335049929748	-1.56876230004424	-1.69387921790004	1.17926752523673	1.18890819925774	-1.56152350751215	-1.70220067318764	1.03048867638804	-1.02973836883887	-1.98167755759752	-0.339417970003263	-0.0240122590113291	-1.07135494777401	0.371822104191164	-1.28270642021655	-0.488611708099756	-0.714087045858243	-0.354272965577358	0.316768968659255	-1.2167052016417	-0.197130822449207	-0.592975493681612	-0.0345579186163082	0.608895056908768	0.745810747139785	0.584119757859384	-0.141875819489968	-1.34462278158939	-0.251549457020572	1.16183698560124	-0.602662377684412	-2.03750412262742	0.176976579672484	-0.683290692009679	-0.384127604970852	0.461582597650001	1.47154536968689	-0.597372665127327	0.833257439721976	-1.14372428263878	1.09853463793536	-0.882041030515642	-1.27456794002217	0.341853124094558	-0.323501473607874	0.109707366544961	-1.2720866372404	0.369370845018498	0.22452630176467	1.15308158085649	1.42961322351479	1.09212170518947	1.09262295630171	-0.90776842737283	0.69954854046605	0.0835871259462651	0.54559981939174	1.28787633181607	0.636999221059118	1.03641319576287	-0.140324365396974	-0.456631103056015	1.18467538383535	-0.941938412424884	0.786908771723365	0.270668553614661	-0.922728117492237	0.899926890875487	0.413928221091406	1.11205818649636	-0.0450517538551975	1.07286279903953	0.713515225038651	1.18720276456035	-0.8661782816118	0.202512764194962	-0.201534028608752	1.29049614414818	1.38798350009743	0.045786767759611	0.532715133396234	1.13397704788723	0.553365490979976	-0.0886829838194754	-0.986576551317446	1.2917519855369	1.03012865421954	-0.242711646638529	1.19857648119958	1.18113947963438	-0.485186486491014	-0.0419554117974563	1.28461082773226	1.5657955961765	-0.10592602607921	1.39612062447127	0.107356272257483	1.01791296248136	1.33644941986418	1.0615772036394	1.44003454139329	-1.05631011539215	1.32514975383933	1.1898416757165	1.31392070750524	-0.0496817847400735	0.219169686982083	1.09355326853668	1.31911015809013	0.254952456810449	1.12096950914157	0.740660080755686	0.0720024328934427	1.28266585532945	1.37795957444099	1.28489996442358	1.37899132737401	1.05967156638293	-0.187804529010069	1.40156763648559	1.1672495172649	-1.05456889004706	0.0718450223368024	1.13074652263382	-1.06490897712427	1.12614810403208	1.02497734730449	0.164621927535093	0.33536964564846	0.607882499369029	0.556538422404594	1.06496374364307	0.288257360385829
"CTTNBP2NL"	-1.08212336013238	-0.420384241489087	-0.46297530956509	-0.616197050544093	-0.088906077639413	-1.14337214502616	-0.889148530869737	-0.493482003782383	-0.671308790915817	-0.855599261507284	-1.51463380948636	-2.22129027444019	0.222290585955355	-1.03808951230634	-1.99178967446963	-0.8718028368504	0.0274413059501663	-0.534454307996557	-1.67164603260219	-0.706508889549639	0.185207448103486	-1.1968803870638	-1.11881526730216	-1.24213647942229	-0.740968008632663	0.218264354020401	-1.83699718706869	-0.612111753222872	0.304405431038942	-2.18089302498149	0.359964796467863	1.24410469844235	-0.909158298133979	-0.956751619881713	0.0156482556831313	0.389504810369622	0.242825704220581	0.460241376759157	1.13790161461776	0.0919587386729964	-1.08011073082944	-1.41990113125199	0.330658683002076	-0.992381704376125	-1.69638311928742	-1.9868933295347	-1.73989179511524	1.61932444583864	-2.04264595476431	1.08357643762528	1.3995167589212	-0.106165336614195	-1.72365812003404	-0.958833988190714	-1.13699275924448	-1.80974454864394	-0.963902237063416	-0.173648150639132	-2.18083440902007	-1.0399463727642	-1.46661397043631	-1.91790720075014	-1.32905876499642	-1.27430959423731	-0.240295493650239	0.106051016333692	0.25415218301113	1.1548539352398	1.14640379134834	-0.633585338307868	-0.154873725804013	-1.11105544226456	-0.28973048040097	-1.01113614104612	-0.697595963421084	0.11065277220292	0.346257001236142	0.740581775005698	-0.656093529911759	0.319802302750795	0.221637041652226	-0.684604382152616	1.26580272847765	0.10078989053544	0.198521583833139	-2.08479001679562	0.0752741538388118	-1.25868385367359	-0.95710843108472	0.166432159164763	-0.871537434511575	0.273378448949558	1.25845248250744	0.00661143640036808	-0.641345647811187	-1.334915223325	-1.1472356509642	0.0744003646417412	1.16691373962734	0.422682764488915	0.0414728557945842	0.587761025810767	-0.0399279287405666	1.11466747976605	1.650705133477	1.13447824863383	-0.511352657609784	1.09516722691316	0.19639790315769	0.178825302275542	0.399992742495273	1.14806401578426	-1.03857693313063	0.476235540469657	1.15926954854322	-0.92325583965752	0.997415574213751	-0.227234402003165	0.0102660034230443	0.916423461612896	1.03522069941126	1.07214111468253	-0.787548704242941	1.05919646901653	1.00527522113911	1.10616036098924	1.14600081227848	1.09425742691033	1.25301557393733	-1.80217221557638	0.52430876708256	1.03764247740898	1.07461479996808	1.05244120324832	1.12180319090431	1.03988339855949	1.20459887967392	1.09800834183915	0.379479253930813	0.249889221932777	1.03438018763561	0.29833281020501	1.05975609050087	0.0753458628468195	-0.160341066440145	1.16152391526426	1.51417341487859	1.13509290849074	0.206511025207953	1.14857722550825	1.07923469825911	0.171613881975938	1.17480291702873	0.223350982322188	1.55676382085019	0.329092200311056	1.20651877579561	-0.0484487980267964	1.25317248014436	1.05270973822112	0.34564477131159	0.20469345222869	-0.790409712609302	1.20168223520022	-0.645339779150857	0.368468769721623	1.18944470770007	1.2019587360105	0.234330708700457	0.185482406681116	0.51149371538936	0.513945566471854	1.22546996734808	-0.828374029621033	1.21198085221673	0.127203203294432	1.11218040897682	0.971733195344335	1.28724880158093	-0.00277571706753931	0.117623917429738	1.00220388225156	-1.47764127198062	0.235318976004067	1.22079017742942	0.344034269746803	0.268781214954702
"SIPA1L2"	-0.857844419399581	-1.05221704893373	-0.268896294441145	-0.872585578213079	0.0375295244167672	-0.736070395231643	0.50262876652077	-0.603605727683493	0.421158967895424	-0.94321392552025	1.27595458874801	-1.08435289446893	0.241855409007138	-0.894133660234013	-1.58994457502832	-1.28109450796235	-0.41438159572628	0.144730460809791	-1.63611854132903	-1.1867585194933	0.456034730960029	-0.732106630822339	0.344289451086223	-0.993593826586568	0.609751684858822	1.39862725743207	-1.17886013471593	-0.500140295000484	-1.01378394797777	-1.24090032643823	0.524674486614552	-0.0320242619611398	-0.95177013410674	-0.851565194280461	-0.385635919800344	-0.150731375856304	1.11631240020957	-1.15512722502822	-0.378732537263952	-0.0870922498687976	-0.354789242625069	-1.70460500009217	1.39420775062677	-1.45507871917933	-1.48537921293279	-1.86555578899651	-1.10703877098028	-1.7510228974569	-1.70572580036217	-1.6134765011999	-1.25906466163664	-1.16853674455185	-0.991325547122493	-1.04313593030388	0.521401905122662	1.209594113718	1.32645005278402	-0.95690853093014	-1.44049192458968	-1.65984361967632	-1.75037207209184	-1.68408413126645	-1.70155252471406	1.38131896422269	-0.848701680640456	0.294923904637343	-1.09543575296849	0.170975264925654	-0.945931241526182	-0.189751873131078	-0.958697705038284	-1.1029123315465	-0.0264099272613093	1.14797481864472	-0.301342177806712	-0.0850159885170446	0.424379636310999	-0.426414596935102	1.26010900042751	-1.04646856580693	1.10720167681532	-0.03912612490034	0.0397315635337202	-0.651865882985648	-1.53266159048628	-1.54796099463684	0.0492111567437415	1.26775919330276	-1.24551072834485	0.186411199978892	-1.44620693401664	-1.16337583071173	1.11144544542785	0.0679028535912431	-0.986428716700489	-0.959991003733667	-0.191855783125717	-0.937401209466593	-0.661801807565656	0.284212640546184	-0.907477060236709	-1.01347086298565	0.47517333204892	1.27055271349903	1.36044231849154	1.18572216307588	0.612335493810985	1.39295988616772	0.29693371737353	-0.76988728247517	-0.564069077923923	1.31006972392271	0.242441204842761	0.0487350712458837	1.29956215229083	0.130951972304596	1.40213035259928	-0.362290388663362	1.10086025016368	0.371078241506635	1.34027150388056	1.13052317448673	-0.0470103324002667	1.31332279668199	1.17976798202615	1.23734725211119	1.30194279028655	0.0452707695679766	-0.141400915684145	1.36134718315137	1.30075066207443	0.701620690995447	0.382662095074581	1.20458114059595	1.27954777165433	1.28401893954489	0.491486131839618	1.17956218232145	1.14705899873915	-0.272557871044456	1.15911081459468	0.259590104287463	1.22022063686836	-0.913827875419964	0.293835295643032	0.600958611375461	1.18268368868265	1.75131288578763	-0.0840756854610414	1.33491457255103	1.36564882116703	1.2444916076418	0.450127360591681	0.238637110672557	1.25912196662626	-0.870930515353731	-0.421228666224322	1.39726036043386	1.37150477545846	1.34287229727986	1.36802475536627	-0.669141363416852	0.491677672183444	1.12019262332519	1.42672750173645	0.313261719682328	0.370927965731025	0.417285479305516	-0.777909895896634	-0.0769966885278857	1.17085351108314	1.39486048581218	0.574709962411086	-0.156192647193776	-1.0532592357997	0.0232174987336499	0.487166984070311	1.33413617946411	-0.558221031958105	0.148976358124738	-0.960701888024438	-0.94209558369962	1.29859871156259	0.617069800363729	-0.986923394554694	1.15655035955234	-0.174111931587776
"PTPN21"	-0.30492144142293	-0.459265853666538	1.04876387703652	-1.13404328762001	-0.143777802589445	-0.431904137883672	-1.3930749656887	0.456407524724524	-1.03368462577125	-1.27188891033992	-1.35983698264146	-1.66420196246988	1.03196529526748	1.38909495610842	0.185647465838829	1.24889724313304	-1.08601790990367	-1.27188703339843	-1.48335319258473	-1.0226291797084	1.28081603214592	-0.372489532439184	-0.353007093862579	1.30797793270637	-0.0758018804485366	1.00607124791426	-1.08355254686118	0.00790971575090138	0.263752986215815	-1.3449721957823	-0.943786115337697	0.0471512871630493	-0.233640457801552	-0.991159237247966	0.333436813361479	-0.616764138562981	0.115059597214365	1.51421635034368	0.175115747727228	-0.946123495153264	0.41435430416104	-1.48218606440657	-0.928211651551027	1.44802446145092	-1.81975430683948	-1.59574721562746	-1.55678804992451	-1.7062294925257	-1.55550146563575	-1.46133426354909	-1.75111296911414	-1.50966440928869	0.480399360267138	-1.39370066979844	-1.16912754082916	-1.45358121811633	0.0314245987517016	0.748536725024059	-1.50070538807536	-1.41237533390627	-1.48731465341824	1.35335820348441	-1.57700238238452	-1.10910662168073	0.558930928271863	0.479621164246956	-1.24691477308098	0.352099037832173	-0.205264436437444	-0.288807610618985	-0.359280516470478	1.09387163374896	-0.703126491105072	-1.2434867140226	-1.02816754821601	-0.240131034497691	-0.407873593261008	-1.24162580411847	-0.141491168176314	-0.268432176085181	-0.250613866215214	0.71419114959652	-0.610172073598803	-0.84928474854738	-1.01044675489082	-1.79573813364349	-1.05248711424922	-0.250643331517276	-1.41878911990531	-0.272306739016261	0.1453997501711	0.15846433078686	1.40541214456042	-0.451205917402728	-1.3992805056576	-1.4287956312739	-1.18986852830432	0.809577856981881	-0.965964055435102	-1.2568021805414	-1.21184727705214	-0.129292416967282	-0.333893289582349	1.32921930624325	1.406024128473	0.482957881124189	0.632620736413903	-1.03757212361963	-1.29697695106248	-1.15244583296038	0.600188572252734	1.13016982458791	0.96821058357154	1.22029981031079	1.20371025312933	0.257411229286536	1.0900418296195	-0.507264221346091	1.13723269538386	0.938684775305211	-0.0436260567089083	0.856410609457763	1.02898718218394	1.19896584924122	1.19018777547306	1.18860732910323	1.17694748251421	1.19926800931869	0.195334341739431	1.13784162597596	0.627624791854938	1.17027452849232	1.26468750911146	1.12701080762943	0.833184324613905	0.610235280007301	1.08747049559152	0.519994315966959	0.672638319255963	0.516644305434676	1.02499771426623	-0.976746240421004	1.15656753975857	0.151993914831949	1.0362974706818	1.18952976111534	1.17427534575823	-0.638015348807928	1.11070397130313	1.48965001061552	1.10905610147053	1.03736230312634	0.763238888206372	1.25791341411154	1.41779025111404	-0.925392790453503	1.10356401078038	0.715269893896312	1.37166424730733	0.538525991510855	0.402334987258402	-0.579806807392732	-0.449993423961598	1.13914309200297	1.21525890730203	-0.0289291244161087	0.313932792531994	0.186603842269371	0.401526445067184	0.0982836708564638	1.27082464667167	1.04552985854042	-0.0386349805890944	1.23276941233141	1.23006705699191	1.05134084578809	0.991317867114714	-0.14523655296339	0.848586383773527	-0.826185152885423	-1.32515898459029	-0.1880586136383	1.092931739967	0.255306864971757	-0.664194506289648	-0.472078649971418	0.0103821138773852
"PPP1R15A"	-1.1019400430327	0.0622578991462957	-1.43447438066823	1.29446652455211	0.370545945171057	-0.0589124918236001	0.442069218686854	1.28191036187865	-1.20224467819086	-1.25176276865723	-0.158776137871259	1.16024880581066	-0.783632363463567	-0.987148387948892	0.45895487064958	-0.633213530295377	-0.992355304996812	-1.04934684749556	0.861354448923796	-1.26213816197301	-1.33978177033886	-1.39917865439652	-1.07413263802407	-0.797674670486994	-0.3783009202764	-1.11597889246623	0.16942421332879	-0.999564123961423	-1.58214277426597	-0.11810335513973	1.02873287924764	-1.65229867293816	-0.784222537329062	0.196473007685196	-1.09588094894311	-1.08187628291213	0.924529757006184	1.61757177136068	0.395143093683996	-0.996847334222355	1.24542905210497	-1.50830512793003	-1.52700625186986	0.785789740311263	-1.54091068818349	-1.43222876003678	-1.4121348399769	-0.460283857203499	-1.58664251376185	1.38341677067911	-0.538565637378717	-0.926707761765156	-1.3183876541733	-0.973769701343721	-1.38067295573073	-1.66767106127151	-0.907043434206389	-0.175136896346391	-1.16550033775768	-1.58340254416102	-1.04561927300407	-1.12506016332047	-1.53424479350736	0.898921132732649	-0.205083444907257	-1.08714534250571	-1.3013481820395	1.05797505629361	0.0263302744797954	-1.17456697974413	-1.22187772514578	-1.34457879321427	-1.03373470179562	1.48060916253242	0.410355094979828	-1.31795872326667	-0.156358531197638	-1.13193810658204	-1.12869692554664	-1.31655563895045	-0.0629336918977577	-0.952859633779037	0.373962030906749	-0.146534105041361	-0.931159257468232	-1.57497689361729	-0.979784425247459	-1.21111015285618	-0.551497387994248	1.00698384491802	-1.42563469673564	0.1684415342837	-0.372340018656193	-0.172240764836651	1.3995298890709	1.06114988365065	-1.33765116758592	-0.825827233760291	-0.625182979368675	0.848026399931749	-0.241224474404065	0.563965980715435	1.00113598079957	0.0217589148511746	1.58350116033838	-0.538361314541156	-0.284358186679965	1.14278675258153	-0.143731227922398	0.413788031961366	0.795253993608658	1.28003988379614	1.16084259409983	-0.208495830424216	0.996754638610206	0.206884226030216	1.13152745837256	0.852809427093156	-0.0267270695956602	-0.870512365307119	0.944586366673676	0.888957364434445	-0.733499596477382	0.984148707839982	0.981688866038105	0.88240601594275	-0.12799863163914	1.14944718365259	0.556517792153509	1.18445131329052	1.37838177178225	1.15880600678644	1.31857987958174	1.00624975381846	1.26167166184393	0.951612096041971	-0.652842941257019	1.10617387246322	0.386638419221065	0.970232884286913	0.954323006630933	0.190842364232185	1.09182326495043	-0.151186606819151	1.0487670976944	0.98039283799835	1.20236226769919	-0.0708410629233859	0.681114744944672	1.00856118766572	0.787278651524533	-0.279334699856193	0.411875264582233	-0.268341824650574	1.21848004398355	1.15939694531532	0.767298633359035	-1.21511144320715	1.09996743118372	1.27617847487859	1.03703729548424	0.22818332034409	-0.27507289792704	0.942356834586426	-0.877506133032439	0.00565487848846195	1.26473262276563	-1.09402967093272	0.192658103661228	0.275748824788478	1.6064019148406	1.49007047830926	1.26098276267896	-1.43411833474054	1.14265459836235	-0.0537347347510267	1.27743418437207	0.474171130510828	1.35508303446507	0.824518231232423	0.818904045663177	0.545081490990806	1.64522946827953	1.14803990551208	0.322611622944448	0.652176121952993	-0.782767273717353
"SHC3"	-0.863075429438361	-0.161435430714971	-0.792869238275944	-1.14421828662373	-0.831726647290033	-0.775019843778076	0.395467786988697	-1.14421828662373	0.328799344117787	-0.239830376050609	-0.744739568390598	-1.14421828662373	0.878247598032868	-1.14421828662373	-1.14421828662373	-0.176405378027533	-1.14421828662373	-1.14421828662373	-1.14421828662373	-0.176583285974665	0.581018712476597	-1.14421828662373	-1.14421828662373	-1.14421828662373	0.531296346179305	1.17253669150629	-1.14421828662373	-0.412852275088162	-1.14421828662373	-1.14421828662373	-0.398494939463887	1.40484165264842	-0.707660074848873	-0.512614684870999	-0.25443355938454	1.15374265306807	0.24485314871153	-1.14421828662373	-0.617791797112062	0.858982781150686	0.1224951020084	-1.14421828662373	-1.14421828662373	-1.14421828662373	-1.14421828662373	-1.14421828662373	-1.14421828662373	-1.14421828662373	-1.14421828662373	-1.14421828662373	-1.14421828662373	-1.14421828662373	-1.14421828662373	-1.14421828662373	-1.14421828662373	-1.14421828662373	1.14798625665927	-1.14421828662373	-1.14421828662373	-1.14421828662373	-1.14421828662373	-1.14421828662373	-1.14421828662373	-1.14421828662373	-0.0965969880852705	-1.14421828662373	1.16217779876409	1.36778654704296	1.24326050109986	-1.14421828662373	-0.907878546720391	1.29220517509083	-0.968212578475579	-0.9682924590547	-1.14421828662373	0.150509776149131	-1.14421828662373	-1.14421828662373	0.664052414240121	0.195877228970868	-1.06700161330956	-0.618251760637968	1.15485031172065	-0.667886484453889	-0.479731073158599	1.18472432394101	-0.300497696401064	-0.449062701543598	-1.14421828662373	-1.14421828662373	1.03056443936927	1.22373990726705	-1.14421828662373	-1.14421828662373	0.0339544941049879	-0.425138562696923	1.15791193851009	-0.806480522222442	-0.260876306240902	-0.161921866254434	-0.967767468173951	0.012865089592204	-0.0636258719743228	1.25534226250485	1.41371186121221	1.21882864435175	-0.278733350455595	-1.14421828662373	1.15274861539428	0.137668473293014	-1.14421828662373	1.16814002037303	-1.14421828662373	-0.289900988870557	1.16312251568568	1.09316176552594	1.25101958477869	-1.14421828662373	0.024099424163513	-0.10480297776144	1.19993999279219	1.4313638840978	1.01320209429669	1.47569324531191	1.23481575082976	0.552486754352752	1.20655094383372	0.414468136625941	-0.602286088260127	-1.14421828662373	1.39617446287055	1.23358325663058	1.16535334870002	0.649483014449205	1.33340698122911	-1.14421828662373	1.1685471555764	0.302932708457133	-0.353563996694893	1.18880439949642	1.16229036928813	0.83311609605578	1.30795595608971	1.00346115370457	-1.11005778266961	0.917424276318768	1.51571452612546	1.54250992054818	1.15568025826274	1.48685084198454	1.32792059048473	1.16054342713289	-0.00824652768092102	0.599593338987776	1.54584996671257	0.383844888318826	1.19386564225925	1.33051340345083	1.41513809415404	-1.14421828662373	1.30059071158909	-0.876564823429217	1.20340787426269	1.25776284369959	0.218508405619131	0.493474271384365	1.18493503548925	0.876313038275275	0.754009515480926	-0.584251703453533	0.0592091155951637	1.28288466275201	-0.166758411864453	-1.14421828662373	0.0841750775573722	-1.14421828662373	1.31064061534586	1.21058979790649	0.348431204959328	-0.37784560547997	0.267117872746641	1.21711438614239	1.17858500442302	-0.423102950563218	0.655841503460934	1.47186679623796	1.18574820055138
"PEAK1"	-0.836355252634667	0.0419144704196615	-0.72075034505254	-1.13310714171927	0.0148141435663433	-0.64067746534558	0.223859251834425	0.710117464444929	-1.46456933963805	-0.821045136576816	-0.404772522529097	-1.5907975685554	-1.81077635534123	0.730549954279089	-1.33018936385143	-0.787067755861285	-0.379398437195985	1.17579758624947	-1.06053001814335	1.15235568529273	1.06172608263672	-1.24603365599334	-1.22859995401103	0.566250798468328	-0.494372636401076	-0.624924462885275	0.554012237159504	-1.19054508530026	-1.2795737549298	-1.01847328597397	-0.812786057941536	1.1622254311153	0.39399677503824	-1.40211662783255	-0.081566835097676	0.169769790652412	-1.48441793752375	-1.08935405258555	-1.21253847764488	0.87027614636203	0.944453789144672	-0.25799190437073	-0.936828030824754	1.38656554530418	-0.874883007437195	-1.73711908033419	-1.31042988224007	-1.03038895898864	-0.571016892239118	-0.797017816282663	0.0111889490383284	1.82345883586411	-0.935761686820635	-0.935509523127878	0.0739032736453751	-1.51089339693036	0.212826713056128	1.18199854335558	-1.09447879596555	-0.556099810685374	-1.26032853097844	-1.17948071438637	-0.6387739413406	-1.95360393766926	0.09232444223217	-0.263920829355027	0.881088281411468	0.515730481463639	-0.387227438376774	-0.260519873524045	-0.63721770793347	-0.535668841596625	-0.593190786376495	-1.46026507275655	-1.14415524331079	-0.369567299667724	0.887353294984627	1.12231768989571	-0.257842994377079	-1.33319359290417	-1.44015233708261	-0.202854631546759	0.202673174273657	0.471827081676187	-0.838852764475165	-0.675840652679273	-1.35970085063637	0.002914392140669	0.82326183434427	-1.59678240336212	-1.75854769082633	-0.483790470541417	-1.3346639373149	-0.772740478777339	-0.915928106544824	-1.36210047901866	-1.22085892416053	-0.395666620589337	-1.48899406396545	-0.243443195500699	-0.499885883320272	0.315961503473558	-0.885854932170199	1.62898887683368	1.28215899937181	1.06119738863794	-0.266630620491228	-1.53976274753218	1.32676691201563	-0.0998272192974966	1.41170746630317	1.13043721638382	0.34301341058466	-0.0211822629141319	0.839703025891635	-0.842552789290393	1.30244321571938	0.13630303412969	1.07396333165319	-0.136065806960973	1.24892444774951	1.13662014518206	-0.367184562432276	1.54900920190242	1.77089704515339	1.59391624396145	1.16097710785297	1.05852396733351	-0.0784174937317345	0.0522366944027484	0.79533695419115	0.305215633322624	1.51075442838466	0.974851018938969	1.20754059853864	0.490069134579385	1.05339445513301	0.794124761740547	0.299770106122172	0.344462970485536	0.873709979468245	-0.179736969711488	1.7135107898565	-0.476250556877237	0.706013604378343	0.934488306575471	0.740137892183855	0.990700022504275	0.244904433538376	1.51818586006751	1.24875446094357	1.61373226943991	0.878757678046929	1.04196844042003	1.15997932851715	0.178693724551208	1.28276113938803	0.614052459866686	1.69086342601391	1.30352405213164	1.98539172644321	-0.411297485154958	1.0594427203959	1.5065915120612	0.395906755062569	0.0643370636037749	0.0758683622118788	0.768392511983398	0.80438235399861	-0.116739634138853	1.31355110868327	1.57934512775548	1.52649537513281	-1.07056299085717	-0.224288060911337	-0.596451306530506	-0.0792338936402844	0.328321176295388	-1.51160747286103	-1.06716302153449	-0.905610678673728	-0.336947783996431	0.436199361323638	1.20014381388805	-0.16281718968707	-1.39341300508766	-0.110811179861455
"H1F0"	-0.0419794781472544	-0.962613017930148	-0.857949154057975	-1.23713485684619	-1.04866547445149	-0.45312170038115	0.976512275242609	0.32284860402741	-0.0338643717779693	-1.21071245520271	-1.11499769727861	-3.07217746700478	0.41836089428506	0.347913317533133	-1.97340276626694	-1.42607559395299	0.0910201121816695	-1.17699744957606	-2.00882406214637	0.373564227992051	-1.27800242216562	0.180480699280473	-0.138978313820934	-0.858368535904739	0.812969205204459	0.789439915450274	-0.974921274697026	-0.966136851921419	-0.114097548549998	1.4289722656062	0.0841696116121313	0.889473524395057	-1.08840660386099	-1.26658471816872	-0.17276147974972	0.500605280236156	-0.853901993869578	0.210254028440099	0.386485926194798	-0.0750131470018911	-1.5286420804859	0.581240411026114	-0.312374822479189	-2.56211739450766	-2.46490741951791	-1.45302701433984	-1.28953147931579	1.60613570608465	-1.26364121701654	-1.78822547256489	0.292169365184625	1.51343581182717	-1.83188077890491	0.605218149310606	-0.775882778671734	-0.107028004099095	0.0908615923922679	-0.085357948895447	-1.50966967083617	-0.985249371275017	-1.47283327833135	1.20615167210681	-0.854799799736784	-1.89553205423138	-1.01192101268598	-1.49739860253457	-1.89721715315044	1.16302529703878	-0.21447744380289	0.17629727074862	-1.20828293529159	-0.670518779817682	-0.518852904648028	-1.03975529942025	-1.65252653633645	0.272800205974412	0.244137028292072	-0.0973965747536314	-0.152913917564319	0.000337435227658191	0.978480745929675	1.56429050162074	-0.634839212440925	-1.10478991875046	-1.21480886434567	-2.27243884002314	-0.849707857133368	-0.0508307896224021	0.916599130111735	-1.12493214743736	1.21758545151866	0.299170393225649	-1.03578379363137	-0.793586364642407	-1.25309658060469	-1.19060247064263	0.0456855604279214	-1.4255460118708	0.117758960449987	0.274978323033919	0.0481200766031751	-0.346464347757951	0.287351850582205	0.665457130481215	1.51853554852808	-0.0218870835751236	0.00597346067357623	0.111156732865987	1.00953754418822	1.00615617476407	-1.20174714796765	0.994433700851279	0.943403744618888	0.864831740001048	1.03274665430071	-0.0925077045963301	0.914619107340468	0.289320721664584	-1.4953171574415	0.032709555732083	0.742209771952105	0.973623733991296	-0.110642999281662	0.96002876066036	0.205723713487063	0.0612706301680234	1.18123291898335	1.02013620217834	0.894760062663647	1.11242891451429	0.770986965033111	-0.0894734512115062	1.26431282452652	0.99383853163501	1.02136441379482	0.94373952366743	1.74244278407326	0.26000887171964	0.28552013854144	0.713242310124559	0.31168290891084	0.0166667744099538	1.0646420417579	-0.410916542078497	0.851939274058183	0.929908561638701	0.949778549967572	0.99738168364782	0.998255115210047	1.1943118255063	1.20484502284339	1.12054026129562	0.344677473184812	0.833526009920524	1.12424224612745	1.17642026890279	-0.0854181114172188	0.595501340237938	1.1919615982709	0.666152007311114	0.879026935694436	-0.222049820392109	1.06351462091904	0.874049022472226	-1.05311091164388	0.284972854575746	0.545100914863653	1.09766825150548	0.612527952226809	0.259771429905014	0.296317951160862	1.17817376876397	0.861563938753526	1.02626498900778	0.102554567705014	1.15556615353892	0.941333996264025	0.774977980724952	0.746658109184139	0.0419147509135799	-1.38062722237974	-0.0943242547458135	1.1453841781985	-0.799833531174929	0.920615043094644	0.277501221128177	0.394388008830052
"MEIS1"	-0.888152371104043	-1.56197158827358	-0.900620874213489	-1.429208919735	0.508774659141935	-0.804318742211509	0.380577188968915	0.562784071783387	-0.623784218303764	-0.102190030279178	-0.730564919287062	-1.72515992831077	0.6366085316961	-0.403148978441148	-1.34016721470253	-0.335778506700501	-0.175641439077799	-1.28342448309547	1.10136757764144	-1.12171011571967	0.195027562277503	-1.18615235653599	-0.569084445413521	1.19799626553514	1.00050861857726	1.0591402327711	1.00571796307455	-0.215022194626946	-1.62866776557419	1.49361759223912	0.754409339541233	0.6998186371873	-1.49111243517129	-1.01048505619886	0.849863799905528	-0.176267790781848	-1.15910928982262	-1.49492419742856	0.410781233923539	0.156778660696491	-1.47536872975678	-0.156440692153636	1.05414891680354	1.4905634338399	-1.36685519341687	-1.14050561927061	-1.25513201364413	-0.991279620651231	-1.0883392282805	-1.5897400801495	1.03416851416553	-1.70145629827421	-1.53093301110053	-1.39881194304362	1.11590538457338	-1.63814094105753	0.20280809220103	-1.06010868438907	-1.36672256932998	-1.65640333289517	-1.28296887895915	-0.35675465143741	1.12505599550969	1.45264326241011	0.0358216740915005	-0.0144516429910086	-1.57487418134397	-0.203614331076744	0.531607220910152	-1.36936681649116	-0.952447465979205	-0.451880204587432	-1.34631778267538	-1.04125830428565	-1.3180585498462	-0.414773684142916	-0.363823226304177	-0.1339094720604	-0.871518164841481	-0.656764152100618	-0.375735583005021	-0.709310870636156	0.455473130663126	-1.20600234548591	-0.700309919590828	-1.66580947499314	-0.797850795358165	-0.0988825477277364	-0.492031748531661	1.093115329951	-0.0156926760883318	-0.699931453992053	0.800202010679658	-1.21750728063135	-1.53404393164209	-1.54397310131911	-1.2980248343639	-0.483429914777612	-1.24459736580424	-1.40163743583681	-1.20125620269967	-0.361181123757111	0.609604896599535	1.35242574741865	0.988390462469511	0.999104544927665	-0.0412397429480762	0.079155491132035	0.213765014701844	-0.098873237280204	0.264185895448948	0.962967680127845	-1.21426191931037	1.02184246482389	1.35429040621018	-0.256690487727332	1.16547680307437	0.00718146935115092	0.919346120583264	0.722635261957909	1.11291536354254	1.39367239660784	-0.200135024240693	0.662169253199951	1.31561884002113	0.50360025662019	1.19880470605471	1.00483685591308	-0.602589322658776	1.21212009903441	1.27036075413195	0.813244947425227	0.248806862329957	1.2596449748619	1.38586616632317	0.144512596988909	1.2335206200941	1.16322693130822	0.424467215522551	0.311020466596887	1.03974109150808	1.02645583754328	1.08790855851626	0.665828838362732	1.06218268183955	1.28374728821007	1.38150385636621	1.35507703881395	0.997375842694739	1.41029613747684	1.25198285750359	1.16746779864731	-0.347031910525942	0.311658322526727	1.34482555519577	0.985384872277418	-0.146414188766008	0.847528435608138	1.2928387810159	-0.106185827037194	1.20046870482238	0.0936572117536931	1.03686291452253	1.49309614796691	0.247728863823732	-0.557330369093088	-1.04337639549848	1.07447298341648	0.433902964087718	-0.0987875032058659	-1.11603465394404	1.1145722272909	0.800135914201644	-0.288434392664432	-0.102850209256559	-1.51010530413632	1.19805633769229	0.483649872818654	-0.872228034950489	-0.872911205914	-1.2073889921282	0.997418498347233	1.10034133182907	0.992034865473567	0.609332948197037	1.20330741540901	-0.459144806849488
"LRIG3"	-1.02839613771516	-1.33292511095417	0.942982312543231	-0.251079085287305	-1.05570024083976	0.355629144565195	-0.940840771639739	-0.864989010584509	0.770477044022593	-0.0457471727199326	1.18434110363898	-1.79960545618109	-1.41918749902028	-0.226764422918256	-1.7001771719728	-1.58575311377867	-0.816792010597498	0.517346210931816	1.23023080040183	0.450033081114464	0.897101362683913	1.12357467177655	-1.07904717414062	1.07692620221211	-1.18213478904585	-1.32789925817875	-0.54730410390589	0.704902005829913	-1.64715201911474	-1.33230118956969	0.106949997530974	-1.02959498719197	0.407328740746823	-1.10027847836077	1.0446464638745	-0.630864195520683	0.342747862019273	-1.45997388260287	-1.07461112460984	-0.27021571144466	-0.954331489649368	-1.45946390681973	0.611409496683253	0.314527510657077	-1.89365350830337	-1.6623119883801	-1.60250275234667	1.33503584888569	-1.72415819396337	-1.45391167268824	-0.392703901685371	-1.52022648713908	-0.810824629023287	-1.44973249746191	1.00233318228097	-1.46907732560861	-0.91116473521493	1.03345828643296	-1.71283096806153	0.578759751924518	-1.525252228458	-1.29985854869432	-1.58351206380576	-1.8159095594439	1.06062313629516	0.953196911550511	0.915107422754294	0.0863069310284712	-0.186672539112367	-0.473113202085687	-0.506719015445889	0.657343365069977	-0.314982602544771	-1.27609030559766	-1.20280501322439	0.797284046905008	-0.258395305503588	-1.33190772521142	-0.769659376479261	-1.09648189691388	-0.424462593845966	0.430686197668504	0.597881386362592	0.0786114471949612	0.378812658117343	-1.12158974363225	-0.429891299383442	-0.792214023175399	-0.130560536755205	1.03701585662089	-1.17100789776997	0.403920092040569	-0.0851401305346226	-1.16356424249787	-1.19940633452283	-1.25079924809782	0.651236581331933	-1.23389050808352	-1.05911814550968	-1.02939744665013	-0.68408704077847	-1.00316827905305	-0.974013195853139	1.24288929895334	1.43006675008705	0.532221400734703	-0.111374158378525	-1.40175616533741	0.836758529691987	1.17665454534244	0.0787117787379477	1.15237015457493	-0.663755134388952	0.532399515359138	1.13884945619455	1.11261433760485	1.02902210088087	-0.0173321875734324	0.803696111132714	0.870556339479627	0.282830227998134	0.348312529072396	-0.283331601282989	1.32715988562646	1.1791755923069	1.00910612163152	1.18634906655179	1.20018946556987	0.637650636557148	1.39893671037285	0.215968071470808	1.2404939091589	1.17461815987963	-0.559077944919417	1.29452569909361	0.968417992988874	1.23206162192229	1.11293510992776	0.554050166820694	1.27751029678398	0.177741033890021	-0.407873078260359	0.21501901952893	1.21124178328616	0.955131554293287	0.943820115800727	1.2693695297404	1.30618354898765	0.740730172324441	1.36460873967689	1.10267061653302	1.23143942773692	1.15750492392334	1.38394241657635	1.38472738716673	-0.800967268694453	1.08973920987459	-0.133436566146229	1.20431378693112	1.30727185444645	-0.764763873393352	-0.19412205698162	1.26047794558491	1.34436233850142	0.269715227582935	0.481918635220276	0.162440753459611	1.27095413595284	1.28661375676212	0.756473163168563	0.00611835527246556	1.13163641425558	0.444934604940794	-0.100469412715741	-0.399461683042825	-0.940850850217476	-0.65045436273788	-0.369863604814828	0.654638158651233	-0.561476772809363	-1.04871262817602	1.08506072844602	-0.0971833091845653	0.251985272780693	-0.207045502286744	0.734404199381251	-0.969851122634798
"FAM13C"	-1.17303467571632	-1.19235325922688	1.06288513168776	-0.307826745948973	-0.909958780938355	-1.36611473097069	-1.11652472279753	-0.437209862129554	1.06593175541905	0.184492080487023	-0.395330918134734	1.53202905297571	1.2165595334321	-0.442468978190466	-1.59413125817554	-1.34445132241626	-1.03583004146832	-0.512348369812541	-1.24910996316144	0.537146956933294	-0.170578372581552	-1.6872207733465	1.27223592659545	1.37791325689917	-0.256841927664248	-1.5531744757122	1.15444269737784	-0.583970989288809	-1.48530159582838	-1.27648814946559	-0.79366961932883	-0.256283496834331	-0.490643028886934	-0.370631174608652	-0.470712613718601	-0.354341645820882	-0.41709147525597	-1.31153177686064	-0.978439203573026	0.101412201916625	1.13897400012302	-0.961933344726952	-1.81485911334098	0.808851888325535	-1.81432525479586	-1.58860670021939	-1.56842411559758	-1.72138607359843	-1.63208171578909	-1.27476663146308	-1.70399691860688	-1.3940177503217	0.0311975063512672	1.38666623748102	-1.54633574729821	-1.34160843348443	-1.38983023543698	0.344231663173837	-1.6104620841993	1.40458068836099	0.0349572887969417	0.834943557589785	-1.54162588312884	1.43314162722163	-0.99416170696324	-1.09135567885933	0.646375082540415	-1.06866676246926	-0.98654376900895	-1.07598240673007	0.186842463604668	0.0838824183956262	-0.782234001965666	-0.750167418292651	-0.540732770650159	-1.01666382226966	-0.920824166706846	1.09141866177375	-1.12075781378847	0.444022887930062	0.106636608843016	-0.721798604271565	-0.949704982307539	-0.0626615565830944	0.147351721503232	-1.22412101114802	-0.593435856249149	-1.35228032106458	-1.25119340908971	-0.78458712926173	-0.226884556063596	-1.03662528015477	1.26511579731635	-0.637148038107753	-0.900667911693043	-0.195870811093482	-1.20687248555153	1.06230181989678	0.350358252575274	-0.146779127737366	-1.14353314986779	0.454671069913049	0.389950338505406	1.08717111396708	1.36278293798398	0.751620603103464	0.513069715668982	1.08416438706465	1.07657295167137	-0.279568102890304	0.677416209726712	1.32188134857389	1.33339895993464	0.333341535605495	0.0473259297979135	-1.00899504003689	0.611835543034458	-1.1333167072281	0.624295598033573	-0.603777458546142	1.19778892421847	1.20357809121415	-0.0441344721725045	1.36771332064707	1.2003199681587	0.891592162142498	1.38089146003506	1.18054757283415	0.757809006714783	1.3384631226348	0.189673888352967	1.12892596672826	1.33458412932309	1.14939042482247	1.10844255986514	-0.152888720982369	-0.319068563241447	0.527404372831026	0.552310189594045	0.760270727491998	1.23678503201782	-0.688620892436089	1.11288014370739	-0.944488650052047	0.23392504204334	0.692434228885988	1.30403987000561	1.30232024112861	1.04072664953585	1.25937853708452	1.23848997466329	-0.00475219344286552	0.763530058620117	1.27218548407896	1.21833946131118	0.515716967041567	1.13959425752679	0.35023767654221	1.2078351640079	1.27773810146519	0.481640528622046	1.09402801700672	1.22903362566404	1.20703108929776	-0.871136130562798	0.767360192806164	-0.653900009003728	0.618146434392976	1.11317600061251	1.05937881734171	1.38538851370528	1.02946287172686	0.0338082995249961	0.391710880581346	-0.453671155629583	-0.127758194238966	-1.17394944598618	1.15021077735252	0.421551877988896	0.298837356766158	-1.47546564927253	-1.10004015542683	1.18094318409466	-0.0656914779737364	-0.0630368598546517	0.306686354654886	0.203733769270838
"RILPL1"	-1.29573516233309	-1.3037961962515	-0.342555535705574	-1.40768129691026	-0.56369683816374	-0.234331449333422	-1.36246102502369	-1.19303046677868	-1.28655521583597	-1.4000412373449	-1.35321390300474	-1.80985355593254	1.14809510188733	-1.35328834369401	1.32334675820761	0.443779161888307	-0.423622901341958	1.00792383113054	1.18989559384625	-0.207540731196186	1.04085789341037	1.15275850929989	-0.925339199524057	-0.732186433964459	-0.950765411657671	0.876550765236717	-0.529985305440204	-1.25125848640995	0.987587111160744	-0.595107868057201	1.33957048074872	1.41146615321439	-1.25863517223792	-1.17479886150759	-0.258375902208077	-0.947858257095973	-0.190920799607828	0.245109660507818	1.10070859822393	-0.582824544618919	0.603949188621071	0.403845991819079	-1.30207612391573	1.27340179390256	0.856697512814412	-1.58589823896169	-1.62277074050286	-1.83146557330529	-1.63609236668937	-1.51664577266605	-1.52443782279872	1.20884770042021	-1.50122120204851	-0.0744532414588896	1.35259286125291	1.29224414070589	-1.34345612160383	-1.15318850696594	-1.56682018877791	1.05341084433496	-1.55882479084797	-1.4515414569508	-1.55598264956162	-1.83642389551215	0.617167480383899	-1.34924862393931	-1.09327773909852	0.455120154072179	-0.186756808180409	-1.29301269814444	-0.901738824778068	-0.0599690979283053	-1.20203536370887	-1.41987470165757	-0.690892880261127	-0.91766036970494	-0.382960447730932	1.23212174035993	-1.27469417367831	-1.32762531355134	0.105700320673532	-0.310194871116299	-0.170621399061931	-1.29271478774175	0.543137213322616	-1.56278207582189	-1.11427126494881	-1.29363947786337	0.0273081804689665	-1.13317861238478	-1.04145509848613	-0.473082181796645	1.08421018387117	-0.643710443659249	-0.117219301400803	-1.20437951111942	-1.39797772965471	-1.17785357995759	0.322290696275966	0.955493267194216	-0.429431467063549	-0.339824590588427	-0.886819067115404	0.691413655161891	1.28342154281976	0.994598773802361	-0.339996965844445	1.02240237699367	0.827050951296389	-0.0061227936690583	-1.09439176563729	1.19546583690774	0.709839557655877	-1.12756831418906	1.15106270604908	-0.268129575185992	1.36122598791416	0.606681020944554	-0.16760402139964	0.266344715237925	0.983751973936366	1.02041745998636	-0.373180657232766	1.34441143568989	0.823047076794601	0.0491802434725578	0.457966462995094	1.04645244166701	0.1984883901316	1.15429956912586	0.700682769333458	1.16524769870462	0.804559240983716	0.991165437364004	1.18141135504858	-0.919556857124632	0.905766496483429	1.09491044287279	1.04110666164691	-0.542230604882094	0.504946420125834	-0.295041876895926	1.06126963813422	0.0700878243448872	0.556550866802537	1.04771753221493	1.19512822313894	1.4351278875748	0.884314151768122	1.10488648825014	1.37801418001307	0.276333327242198	-0.203283544735922	0.488180184191101	1.26973764819004	-0.69210068859018	0.0853360820236437	0.284326546913085	0.371389456759652	1.22997907234472	0.638015285752967	-1.05738220997532	0.264798707244063	1.40309824254834	0.584879528105711	0.131289824356377	0.798358836958517	0.273309621831329	0.356039477597378	-0.0367858757810387	1.37396511773229	1.17450305931952	0.845384362806336	0.784616118306076	1.1067204951968	0.116090450782237	1.08494789322953	0.717671794934293	-0.000596271943087487	-0.297831045555516	1.11058042252934	1.07265884339046	0.966748685246355	1.35208379247097	-0.0979861361654871	1.29851901705405	-0.21971577700352
"SLC25A27"	-0.448002646717435	-0.842286096716492	1.16299335672827	-0.070929451779141	0.00417890984337782	-1.4174269287627	-1.18851437427289	0.0990766526643962	1.24096609456297	-1.21868335072063	0.159766711217577	1.39706187327076	1.0604223654966	-1.17740227026188	-1.77965970863344	-1.4726173044851	-0.90231868517387	0.266527999039333	1.36113830745606	-0.569393855004978	-0.149436677735901	-1.9278088958653	-1.11568089344485	1.08568535105023	-1.15041820238765	-1.74835248722851	0.72776562575468	1.04534237195785	-1.61626629839524	-1.26484741335466	0.155616495387472	1.45582627908727	-0.381146097611644	0.00473213152116861	0.0192031724571613	-0.2318501385771	-0.633222872190081	-0.919702075681267	-1.05301285731993	-0.626150165485474	1.04893943183742	-1.10869398272516	-1.97710076706002	-1.4128819250049	-2.06264212986959	-1.78469278569043	-1.74775629244833	-1.90066663191292	-1.80834005927455	-1.35965442675306	-0.0765798846395363	-1.39276862109373	-1.23184888663464	0.188881243164331	-1.72269431231469	-1.35964197749774	0.61667927306309	-0.937791881900602	-1.86163555533771	-1.26677296807397	-1.3790091989624	0.612742726957342	-1.72356161556712	-1.04811153197593	-0.226398509137601	0.154434422738811	-0.248322670351897	-0.91036476197217	0.0599463226491909	-1.04024255917323	0.367637496031807	0.516491298122157	0.0164284250398807	-0.850013874451996	-0.92528727752003	0.69619983538903	-0.938593640569463	1.11525515238039	0.253913485154446	-0.743687248436887	-0.756385387320777	0.285793510657299	0.863878948233338	-0.357628182963636	1.30861758999871	-0.605056648378201	0.605882958886997	-0.0360123450588858	0.787800619214794	0.493859210156666	0.717510038622274	-0.483366816722731	-1.3469998683382	-1.05281267273394	-1.0808873609015	-1.13891123752641	-0.734676124289647	0.296513781534885	-0.860489399939042	-0.389151899789708	-0.943360144054202	-0.640459414339513	-0.808739294259873	1.23011265458181	1.3270128250514	1.05204422777316	0.752728988173974	-1.22384089120747	-0.89589553021305	1.06284564546842	0.456500373433237	1.17895734078717	0.0872331541001445	0.297701991471647	-0.88595766544881	0.647077056130745	1.19363014944505	1.13593806117449	1.20526121986875	1.17953068142525	0.182388352657409	1.30463803688155	-0.555725881580652	0.437101226865144	1.03157409063536	0.389410238177567	1.31179424668657	1.07873854448195	-0.862462752948631	1.01403288457904	0.420929501688607	1.09449790965555	1.27111734826447	1.1287912102361	1.09713817004552	1.0064582568935	1.04466118784898	0.583060258294929	0.303524606050367	1.0520392297891	0.183710690628731	0.133256620839246	0.939841314894617	0.851894798589929	1.1384408154891	0.858284835711754	1.25455426586595	-1.56058528148518	0.204862862899871	1.34758596338598	1.29736724882817	1.02304723175698	0.58298820392884	1.15910868962798	1.39644600021779	1.020273557002	1.25422941173323	0.920071037005485	1.37877817970769	1.30350339658543	-0.028099002056886	1.10982387127313	0.0151133464337996	1.19158681112722	0.183472992618584	1.25710678850244	0.0557068659925396	1.00712943456282	1.05164249364661	0.475308606345794	1.01088581598446	-0.288415423789699	0.735020443453851	-0.358676305819989	1.05843990390785	-0.496158378739124	1.00884587590193	-0.150884781497332	0.394973544614332	-0.324462204498432	-1.59154233725832	-0.597108521951585	-0.347902221715397	-0.607403608656938	1.02016046688126	-0.146307229512811	0.47160901726281
"SMARCD3"	-1.21271092736277	-1.04797809475181	-0.465200493197594	-1.12207628214692	-0.776269696369725	-1.47947788557466	-1.43079828411637	0.677220109237051	1.11500264693773	-1.32377808533519	0.904548945230127	0.769333143093066	-1.22545359143555	-1.53032106568896	0.8325113720347	-1.21839469804947	0.490714689923809	0.333898511581183	-1.55790460605445	-1.31066554240007	-0.0909415746803864	0.836302114033791	1.04207598477582	-1.19527265124137	-1.3889673440863	-2.07081322987619	1.08174029513503	0.201241498968737	-1.76058058715348	0.49500965165258	-1.51636044437808	-1.80052230876396	-1.45427155140482	0.000925072971502479	0.210489169511126	0.169375791328988	1.149277269057	-1.33379942554075	-0.233571522048152	-0.76498197664708	0.580158677365537	-1.08977937490365	0.773435756731646	1.03385309334968	-2.07683444585767	-0.0858905327866393	-1.97594477772488	-2.08100009717583	0.961331801716134	-1.6603781745372	-0.916094676254557	0.883747130335413	0.948064425081404	-7.3779004196847e-05	-1.87344518081001	1.0475912946661	0.862433280947509	-1.53244702671015	-1.0594057183529	-1.71340831821138	-1.35446990947814	0.440272323883031	-1.81894448420544	0.762733416011075	0.161581620539203	-0.152115275621593	-0.442334105415426	0.949194579633277	-0.754085015288481	-0.102043626856893	-1.14000402575483	0.975497910923164	-0.0347922806952258	-1.01065129533882	-0.0907059082744784	-1.23958628602844	-0.0297117708211689	0.803675420170965	-1.49886140316728	-1.08245612075228	0.974057109467213	0.355776267835455	0.0595456387819732	0.635527855967912	-1.46469573068791	-1.40214034593029	0.267435298289477	-0.0938624919985651	-1.44750140493509	-1.28946804621959	-1.14963398752314	-0.0102122202325747	-1.06431578558433	-1.47617024417205	-1.37443610531355	-1.44635068220726	-1.2198733081069	-1.25242304895376	-0.00237143599023127	0.700953126291405	-1.01025259812024	0.982701929613398	-1.12999138696213	-0.166370388932524	1.29559719484179	0.706015042859417	1.10588016238788	-1.34049116942141	-1.12014062622292	0.886053780585291	0.340262357304958	1.0169395767288	1.09986204696311	-0.0539979292112555	0.798037867113782	-1.31534452098289	1.07202526549774	-0.101216911981997	0.77435600862432	1.26281080812122	0.787596931747648	1.09309076269376	-1.1011176061067	0.953235223493548	0.840921069693475	0.866270554251072	0.973144101164486	0.409501754700763	-0.368339065560734	0.754835502582646	0.83257848490799	0.689323234648189	0.908353213809293	-0.132735454595182	0.967627975623062	-1.14579958274899	0.174304210840567	0.969265721024068	0.815030524627681	-0.221764502972746	0.654365310699471	0.424106861072376	1.05397667038952	-0.00957103421555701	0.700395277008876	0.447399478887874	0.800446335447334	0.758749332896304	0.981046822736197	0.921623903150523	1.01717775636027	0.817828543274013	0.947818427148753	0.953415065069384	0.821804284385299	-0.285429691470522	0.966252871858436	0.761507417912345	1.19708218823495	1.28571315562469	0.162648893926785	0.649474958808103	0.919546994830914	1.04815996641231	0.927125903824542	0.799568778318897	0.389629673007504	-0.81629378946812	0.837734699199736	-0.158612582001338	1.01938327433002	1.10610921969788	0.451105448062988	1.09928046798941	0.231514830920396	0.575205622211631	0.846665962309565	1.04240544998091	0.881732826815013	1.00120926223955	0.749210402295009	0.614369823705692	0.839782311393251	0.83175217438472	-1.0235329854911	1.12901523099526	0.795536664927669
"CAV1"	-0.910369448736087	-1.38121030440366	-0.462236409840362	-1.19089828549255	-0.948121048589646	-1.25037949113494	-1.37336020684907	1.17643050547343	-1.1544165596372	0.0778206581685046	-1.38789406008995	1.58795106779374	1.17885833032551	-0.636099775650505	0.292757849503155	-1.43899955001184	-1.44700157308054	-0.428869262906743	-0.178337484975666	-0.299877772611658	0.643676569819389	-0.20504168957112	-0.813782896023805	-0.722698378013485	-1.09255271542143	0.400379424689501	-1.05278570482055	-0.938826325741285	-0.941705136442163	-0.17015458407431	-0.91918947657836	-1.64839558455613	0.389948728630202	-1.06217744059388	-0.190703883377258	-0.66120911364177	-0.86451883488281	-0.853529820954193	-1.18571177400797	-1.12301180404821	1.14237176048394	1.34008525563177	-1.48282535805068	-1.4159266387232	1.3024558328306	-1.65295614128548	-0.50663122320038	-1.62613472159771	0.699467886225892	1.19749012132614	1.13646039188208	1.14266466159922	-1.50647032458892	-0.00685178902720615	-0.994071046345634	-1.56256352077637	-0.658961935012865	1.27832365369365	1.46699549765851	-1.38854045244787	-0.963324168162463	-1.07706148720527	-1.58505269718082	0.44114412225591	-1.01360298845721	-0.765297205052899	-1.17638945200652	0.142855926165788	-0.336721468793399	-0.181569893097102	0.0197461811787811	-1.25515935831915	-0.495372401040926	-1.32038049378437	-1.23389501518315	-1.02434947394484	-1.05770571877486	-0.439746873400829	-0.23204400496293	-0.320465535071331	-0.574878720583824	-0.798485130801324	0.943055838897294	0.124413652278328	1.23780544008027	0.0511620462414566	-1.30111330956267	-0.159975830602956	-0.429470378279914	0.971072590657565	-0.933233433390768	0.151973490716337	-1.42383559436123	-0.357431478324741	-0.844749911738225	-1.13657950404225	-0.127939123885846	-1.32152845058146	-0.896388474754621	-0.418228690262837	-1.05311084566951	1.23853164055611	-1.23710974627242	1.40048581159523	1.60566452820215	1.19415834710673	0.175836007359081	-1.37311484855656	0.120222235954883	-0.370825069276733	-1.10354746075686	1.17882159177661	1.26560290385204	1.1555700168254	0.580699120449095	0.153518898547162	1.31968144741798	-1.2930121874917	-0.142603317550454	-1.15918070431199	1.35019156512649	1.14529392145395	0.0503687737704324	1.30201741150361	1.27250318511305	0.271977449179327	1.35820587034899	1.19671576073895	1.13799996710209	-0.577437102607449	1.22254842110147	0.508286659488314	1.52143629690674	1.13158251661847	-0.100520488268139	0.0873098222936845	-0.299219557603661	1.12221713258544	0.602861918001922	0.474120184355358	1.29845272320441	-0.908910752551323	1.40693004117579	-0.873738228849358	-0.175562636834887	0.411740684786213	0.0441769561303084	1.6128737911773	-0.514116934185473	1.71047155209739	1.43440271522855	0.111048148474263	1.14006079508168	-0.109800309780348	1.48855729077472	0.363902812764266	1.22076235065486	0.491601254184437	1.57468316536032	0.0523006239404896	1.13714590765279	0.0388850973614855	0.757223995911533	1.21937049874905	-1.19301402798866	1.22841769313169	0.894626421436485	-0.452117222715519	0.245981661049567	1.20050878833093	1.32403997730398	1.23510244503478	0.809506346711272	1.21874851028377	-0.398740930063426	0.534379597674397	1.19057007614875	1.30622320860578	-0.0890179290124677	-0.284896423195675	-1.11885962891286	0.274845302914502	1.3710735698057	0.420517727931242	0.931581212534659	1.25020966257418	1.13371267016255
"PROCR"	-0.907733694481252	-0.940373197886719	0.375220939475907	0.537705549157417	0.7736232253612	-1.33302432465818	-0.00660261515096024	-0.889964882680138	0.660253686247006	-0.887234330756822	0.841874880420218	-1.76532845153622	0.330990106561586	-0.590344154128729	-1.67264274543722	-1.37001523939698	-1.12523121575044	-0.019169399673405	-1.2387358167008	-0.860077183710381	1.2002875259971	-1.89525989577797	-1.12554187098658	1.27706806733641	-0.0868882508082065	-1.61300662051253	-1.48992114123329	-0.333198067125713	1.20510665406713	1.3793370184351	0.421712643632495	0.989591522322224	-0.0734308307308191	-0.60648764962361	0.0135011276139928	0.759375922248859	0.0987098562433741	0.759289782602158	0.46296693907951	-0.605054087927352	0.472559576926242	-1.32050119161571	-1.95680275598035	-1.34775465769815	-1.99488600602166	-1.61820319113083	0.480876302621205	-1.92377158757005	-1.74822088042939	-1.15171859989726	-1.90495693567198	-1.35270701915835	-1.0256863216838	-0.0819556752317812	1.21896516011711	-1.25904987052007	-0.0648062565004198	1.10636540454853	-1.69314731610412	-1.16955377236444	-1.32727341184083	-1.23262291668713	-1.59112166984935	-1.82300610555659	-0.974048921171758	-0.927729227783658	-1.20739108117538	1.00027805669885	-0.25297688139973	-0.974179967732996	0.60480601494238	-0.625136917632032	-0.140391796275866	-0.899164243425702	-0.832420483118496	-0.423635174193028	-0.933447901807105	-1.03852858182582	0.117607338939938	-1.20364061760192	0.562152607045485	0.191149477431765	0.2422183755234	0.55640958721768	-1.22775348901109	-1.93816557601851	-0.211629966562908	0.0611592775628803	-1.16059151718992	-0.158559325693576	1.20246475128489	0.0767395819104225	0.16934853855368	-0.204183396881588	-0.711525834804482	-0.832900312045474	-0.458644255036243	-0.220914574920678	-0.903433695069952	-0.455553171331973	-0.891995525873222	0.433822861137674	0.872896713732049	-0.252442111509299	1.42266887878522	0.991640173341029	0.987161447180942	1.35874357438679	0.97080478289234	-1.12242733374721	0.329863282033368	1.31779369285681	-0.109785936256594	0.129861108599205	1.26081538297702	0.985405223503352	1.28733806975584	-1.72045534688413	-0.0738925685942923	0.138058406545861	1.10283501440336	0.656665013552684	1.10829498484479	0.816560715309109	0.36897200727632	1.142141757192	1.17803200548602	-0.301350470556553	1.01667855831305	1.18853043437857	0.227143095475613	1.03480686076465	1.2945548932825	1.09573889320472	0.760711196202939	0.0353232507729065	1.09764516483512	0.805974898485534	1.30091550146977	0.891307339618219	1.12909346699286	-0.83262742376444	1.29206434552358	-0.621845825684165	0.744850547442709	0.166524572237496	1.2321350725154	-1.44655081898462	0.336284654948152	1.24046157833304	0.530393319292161	1.19080598028266	1.00055905137807	1.08265119522268	0.278205889222083	1.01069803311557	1.10923992457632	-0.80882500475148	1.0652574946206	-0.728629391852949	0.963642634545701	-0.47082611529335	0.630134827194105	0.663900230572786	-0.544908688031842	1.0279753560829	1.1603811927643	0.327411190248041	0.545922284567567	1.16147847411076	0.312727804958248	0.979194447948316	0.441320798172048	1.31872235980574	1.27415639521923	-1.01002669906156	1.11299038781267	1.16919088590607	-0.712848157025614	0.722285760493797	-1.56123957637831	-0.0703874468350286	0.979423646658223	1.22712496044791	-0.162832592829014	1.05134039349104	1.14548591438569
"NR2F2"	-0.669589530659235	-1.35341430693985	1.10343678788106	-1.1896957302132	-0.788761007562482	-0.977247136661086	-0.430523220625017	0.494738394908531	-0.374361102409777	-1.57431804622541	0.503296491874902	-2.11589286478502	0.333095634156306	0.0408090336304416	-1.1965829421092	-1.7444602638348	-1.51424157218043	-0.248781605792696	0.581157116371585	1.1553070002135	-0.851417963564019	-0.379106652612437	0.00999445516029569	-0.74663346097508	-0.122715694936078	0.0892383077530956	1.11238544525322	0.7442486582234	-1.87459854532756	-1.68538896436214	-1.09832416653371	1.12710905776937	-0.555307342067247	-1.35647416749249	0.530886237183051	-0.237180564615344	-0.46296409182471	0.741164370119908	-0.949827615126612	0.0222571459234981	0.112423973813013	-1.8160044058279	0.480441586937986	0.569609839417127	-2.02243047468999	-1.70648393982961	-0.916216689349669	1.16692206519527	1.19390852333343	-1.57809997294157	1.00013280820205	-0.810816970233672	-1.52631617584078	0.666889526262637	0.567141326880669	-1.05876808023017	-0.818537071571573	0.0500619828379901	-1.72655186329175	-1.48816803758626	-1.55409264159565	0.305517286117854	-1.64032004537535	-0.333786880747728	0.0903085038394869	0.0471841691726296	-1.38065112869717	-1.78252457102664	-1.69924955977058	-1.76182452134193	0.523738235847812	0.609727026009848	0.0560754982901953	-1.76193154921319	-1.71694568011975	-0.627891856997573	0.495818679032623	0.473582941835661	-0.56780343045906	-0.994203159835894	0.32112462072667	-1.59168946699206	-0.378661162169446	0.418984487093621	-0.209279792222199	-0.990719180435295	-0.194359462565585	-1.33738693231983	-1.72538920045272	1.00531609297407	0.609496216083306	-0.634486687617612	-0.100479474904658	-0.169400748997501	-0.169103551539088	-1.37286749380684	-1.80931112739046	-0.628073135721347	0.351961194318196	-0.669808788410084	-0.416915673926125	1.17129669161511	0.0748081846075872	0.644112154790019	1.36690747919286	-0.15886952935366	0.606146660931587	-1.45663969677506	0.400914864702286	1.1610274353416	0.281796281419035	0.935397725912948	1.19890876732966	1.00105750477281	0.243245436288908	-0.184477315211489	1.16273046781142	0.431884417480952	1.16157262365539	-0.187153802720488	0.906939461255519	0.951681284102752	0.181205877122822	1.10880443358324	0.605395574195135	0.310279065118205	1.10904300886801	1.08370574897543	0.760344976438078	1.31588689641758	-0.487697310022722	0.273415072796309	1.09195919736838	0.88817445811378	0.452703607861096	0.702501396721601	0.435341227021601	0.735545742257784	1.08966628564886	1.07882271669766	1.16880138337515	-0.745586396763202	0.41898649294717	-1.77246358159944	0.983902376800666	-0.431725655906097	-0.884130343627034	1.13488679963216	-0.0563899841853058	1.23463591819751	0.894237369310963	0.562518247965297	1.09563955735601	1.13324334959903	-0.227807785123864	1.25848625125258	1.15434091693014	-0.998327414446505	0.955996313866822	1.07929940253528	1.19318730590035	0.704860197029324	1.14224811970609	1.03535630500353	-0.200267744889229	1.14529823914623	-0.929557177148327	1.20678040257014	0.540040896267005	0.760607985130242	1.01587805726367	1.04760264933432	1.04913425946823	1.06303566194972	1.06441299718017	-0.988731311803519	0.4735613348975	0.987439951124644	0.946496015901386	1.02900689799862	-1.78426848746245	-1.24358081832495	0.715734492884885	1.13785230089407	0.787298218076108	1.06274684123319	1.11076654505493
"OSBPL5"	-1.18419339401881	-1.25008033196933	-0.362361632711463	-0.997652078020337	-1.06819362922438	-1.30264602437172	-1.00484612410471	-0.460748132223948	-1.17403696128056	0.363060052670341	-1.15586852361174	1.71662100221684	-1.26005181229049	1.27054685308804	-1.67611623310778	0.143681595265023	1.27623320040786	0.295464456240298	-1.50094742103665	-1.2496913722999	0.347297957458723	-1.09274206230723	-0.596236106364122	1.52740082223225	-1.08402933803146	0.213508975344059	-1.31828296462347	-1.29367200389519	-1.34404367096728	1.23107361593343	0.322202860237593	1.40538310780093	-0.536169291838492	-0.029048384915367	-0.602528783665419	-0.569609501295777	1.13267890316715	-1.42675272054134	0.309816380768301	-0.995425879123061	-1.01352021156246	0.273050574524821	-0.308819681244106	1.12305292036631	-1.71533704619851	-1.13074004241847	-1.70770048606461	1.2212419730412	0.786748423385624	-1.477236911621	-0.42867351205837	-1.5902622735896	-0.325636722479436	1.23623671833634	-1.64668121030256	0.1093717812683	-1.63017938263278	-1.08161486731027	-1.04874066397086	-1.45071061809141	-1.48862526978516	1.44701508716341	-1.67528014857651	-1.17851626214846	-0.205882945390689	-0.830933067848035	-1.24196958926737	-0.0567893862895262	-0.958740486280505	-1.30781245279612	-0.974061638128538	0.394098268080762	-0.77136164249711	-1.23463546643592	-1.24469491104867	-0.433962471889996	0.622454745585525	-0.000343392181419471	-1.01079621058029	-0.983546473029665	0.46340537216716	-1.27869480164558	0.114043285948849	-1.05699794391413	-1.01659060158022	-1.24081378898124	-1.07501283524909	0.472284225276003	-0.985327647084898	-0.695304252212613	-0.0549368299420447	-0.436419931631966	0.611143879399428	0.445764004721061	1.33054131161474	-1.03378617638053	-1.10976550003145	-1.16183963887763	0.507558511170141	0.25244400636314	-1.19054530860357	1.26769446784795	-0.249784762271998	0.0988101226694182	1.21230503640411	0.597728822520955	0.129102699008294	1.09803035936813	-0.353290338467465	1.19596434346669	1.30836403054937	1.33729401013738	-0.472970596141587	0.0889314863942282	1.37275216642178	-0.715322210341571	1.30516072848855	-0.00570920603819405	1.10237815216791	-0.391062795522004	1.33622568797846	1.1241092126656	-0.999860748442012	1.24150257257233	1.11499921553137	1.32670221040557	0.420754031357644	1.2503334648621	-0.181053903595522	-1.08239149816523	0.700069508282884	0.754880192490092	1.26643195742048	1.26637230595793	1.09992724380219	-0.831931024040616	0.209392865678475	1.09294534037118	0.463995107269425	-0.278258929794617	0.253139095415182	0.210152737402273	1.26143246800053	-1.03831206395528	0.332416612041121	1.35293992760013	0.676918639726325	1.57032444592279	1.14379114921113	1.25696531727093	0.210444316231865	0.292941592065413	1.21348863819272	1.19663793503868	1.27402010780966	-0.107313232309669	0.294256270271467	0.334223231673531	1.23729546979277	-0.253480178447299	1.34686352342725	-0.10895281311142	-0.110158471819106	1.28957948085511	1.26441298381615	-0.681248623366295	-0.0224919054650957	-0.887174132977196	-0.277784239904915	1.10254660476725	1.19065107696183	1.37903604028285	0.168737847417806	1.45934226411709	-0.412734021827027	1.22474235652739	1.28310703686151	1.47093202598113	1.24739637342064	-0.540875398995178	0.758552447971579	-0.0828429512497251	1.50921885447983	0.166954672606123	-0.517732191356507	0.833803172291911	0.0727043865130313
"CD34"	-0.769068570965106	-0.867526181397486	0.092016939085528	-0.395243510503729	-0.853210581232408	-0.906841366444818	-1.00431922986274	-1.00320782606465	-0.945847442852584	-0.912240650209434	-0.297340775198333	0.274913652065713	0.315688855734292	-0.356952367376734	-1.06724647781796	-0.913634134372175	-0.7877048938582	-0.51020357904223	-0.109595283748115	0.529346596351479	-0.749658897933305	-1.21558786930553	-0.186267084284326	1.43758138254212	-0.86838006063988	1.61059706598633	-0.432708096568777	-0.596064754511423	-0.93253858661348	-0.837104051026882	-1.0348393242907	1.63274686175405	-0.697673841162557	-0.913782592896633	-0.313467402166893	-0.420496295890499	-0.0334923746501391	-0.347373637057351	-0.822740122781348	-0.199006552747893	0.0801200886191216	-0.904984615826139	-0.703625855891176	-0.934411034403257	1.44513087499594	-0.854465580632058	-0.364861737924144	1.6098867846562	-0.97916488634255	-0.959186205080638	-0.949971995091314	-1.17920861200279	0.373856594298082	0.40644083451114	-0.367323068606412	-0.784975424598958	-1.39247541470473	-0.869107309560731	-1.29250678491924	1.52307153845232	-0.508545787066803	1.5455885265928	-0.876403936588794	-1.00784477478054	-0.942895166004138	-0.0773289651977598	-0.779710045403356	-0.734303043340006	-0.916743295191116	-1.10103914176404	1.28105024359163	-0.788673395798618	-0.272133072206014	-0.946400203185972	-0.643402946229398	-0.819894576596805	-0.991218193871193	-0.961867084932974	-1.25907223329617	-0.921367105539962	-1.0369512528655	-0.106133739887687	-1.33609854945301	-0.754673516904418	0.0205287251901636	-1.24245669796808	-0.873891283499292	-0.706147418824249	-1.03314250739067	-0.949746731170438	-0.744552217625087	-0.634005907298492	-0.030109539428273	-0.414709877131015	-0.834734012058587	-0.930125550407733	-0.986091178715864	-0.808824055838373	0.0150068413278178	1.28101840982274	-1.07042949664418	1.50247331197121	0.00818154660885526	-0.401331957072157	2.08829173924711	1.43866407065598	-0.420657922291093	-0.907494758154567	0.133368958167243	1.26568585747459	-0.478471552591644	1.50129051028762	1.62725115528026	0.57130228340023	-0.0572474001197968	-1.13306431739802	1.54210947879532	-0.946528626532998	-0.177048647489264	-1.11894576567497	1.44320357776806	1.55617609163175	-0.378213452926249	1.43659447856528	0.0559463762195787	-0.245073935140675	1.60907494774851	1.44608303203017	0.255832787908213	1.68357761725159	-0.0733783223726088	1.34316714328192	1.47585294968136	1.23342358262441	1.28742628316093	-0.931072986668205	-0.721295105699572	0.330847014680167	-0.360309258909793	0.0544735535290943	1.48995407092832	-0.763125465989353	1.36543000896533	-1.20086481738867	0.174953444622116	1.30765486551907	1.32870670880943	2.1455435097714	0.37306402829025	1.36641172539159	1.41546465191812	1.28703219622052	-0.126224690594074	1.30200687638395	1.52598319531763	0.178127540951519	1.28511691494876	-1.03168681966097	1.28241376814092	1.50557002251468	-0.648080890363012	-1.23856297246147	-0.889716940641912	1.45601774393786	-0.35180248256989	1.27055338273909	-0.389656121609464	0.051683563841643	-0.179541831526838	1.31264083006122	1.63697216676	1.45087395297471	0.319747815013263	1.29678423913785	1.26227310403741	-0.743761667746314	-0.135264667048203	1.41763103065838	1.40721560661948	1.27366555040032	1.29955541419255	-0.643417385389311	-0.795519452038726	1.3097254057797	0.116767521867587	1.296335497541	1.48989413743015
"RBMS3"	-0.965994699943886	-1.32410688497914	1.30275864837414	0.0466256959969476	-0.384021623828559	-1.20069470195977	-0.973755241291617	0.362737161657062	0.117069933906572	-1.18720083046174	-1.046040618274	-1.74594870711043	-0.197128315561157	-0.60850098597193	-1.5735285830243	-1.52229783688598	0.396147628732065	-0.74514807460764	1.27539188428848	0.724424665151383	1.1469971781834	-1.28195229145967	0.442694276607171	-1.23167120820787	-1.13004289388232	-1.41017256327161	1.52130018476588	-0.254851096165776	1.64920937591026	-1.27237608719644	-0.586689634051461	-1.1579455428814	-1.07970731283417	0.421944185071909	-0.0981121316913515	-1.06730639575108	0.00214866822046576	-1.00104880258093	-0.336829734516921	-0.864897943253855	1.03519554276133	-0.898207425084064	1.51107851199812	-1.09615521833715	-1.5118699211995	-1.53222027323141	-1.5397679718373	0.498364044973852	-1.65722452984993	-1.61448028411212	1.47162319777473	-1.37890225318416	-0.901171149358776	-1.3895706579971	-0.35052264655418	-0.38895361275768	-0.0780440234209797	0.98516940043847	0.34218708410388	-1.17922463978238	-1.46829077449246	1.31048422434771	-1.39725759608852	-0.142174532136375	-0.0925689180107265	-0.314920182953194	-0.692351110019717	-1.02131843777409	-0.605589173494533	-1.08921151083732	-0.11151549015231	1.06977355237358	-0.339089535761952	-1.37863511897445	-1.10402958781912	-0.595238969048598	-1.03866744984242	1.25564116248648	-0.783767742715961	-0.898371992414463	-1.04522772325393	-0.333352944706277	-0.549779985324951	-0.0143156617279557	-1.13851343992135	-1.36732111913315	-0.725982678732847	-1.26009028146894	-1.5461377244306	-0.728977999826041	0.14655341159671	-0.131627386749376	1.1508955014179	0.31638679960058	-1.41386810439052	-1.34446902148903	0.0972415084699366	-0.972790375773221	-0.920325877547179	-0.444555955558506	-1.03574910109416	1.34778967795401	1.05571908823648	1.15144359391819	1.61783444248197	-0.639441879718063	0.188594278848007	-0.991814624372235	0.191664046809974	1.40572182726147	-0.693302916988403	1.22387683023801	1.2835462294874	0.491310663287446	-0.977931880563111	-0.556984300913851	0.221882593387978	0.610838225873996	0.34301359402965	-0.0794457315580253	-0.548190980120122	1.04223512993431	0.479913462334347	1.02739401185691	1.16734662763347	1.28393810456594	1.04810167502056	1.35594980296229	1.09804145015385	0.783863340227917	-0.373947098957795	0.960373082104316	1.57027569366553	1.10144755115737	0.424963733161716	1.07835664907602	0.705087913199204	0.929387009736271	0.718551908087662	0.706931470797312	-0.43575089242944	-0.784583853615019	1.38265648892064	-1.05452483774857	1.13878234421666	0.217100225407357	-0.164994773599683	1.49425759388348	-0.597213330180884	1.48048661985594	0.855592469760443	0.93645942300996	1.37648810980244	1.09506533052324	1.45590097010662	0.745701000969112	1.30633662116674	1.16676262905946	1.61928741823549	1.4008548736315	0.0360215270350311	0.0997279582953345	1.46983411341064	0.0802730703272034	1.0709540162236	1.18426015241578	-0.470343516985017	1.33589281413125	1.05334408365496	0.528005475974341	0.599673112963661	0.160061290088604	-0.880661530075346	1.35484917560549	0.375112351700593	1.26166996606228	-1.3512233359302	0.575839695545549	-0.0906312354858228	1.02191846010195	0.633038434432109	-0.178216326000582	-1.25106842697842	1.1027947332071	-0.531548758518181	1.24978213307949	0.381967263252368
"SPRY4"	-1.22715182367938	-1.16054678731617	0.572069381800062	-0.738652420860232	-0.902684558164344	-0.0738722446899705	-0.0200010135518552	1.02663508078228	-1.35114828299531	-1.00305573493179	-1.37951171864456	1.56502889383711	-0.850661956650751	0.548965592047988	-1.3956262928362	-1.20549040720694	0.144488043314427	-1.10695389651315	-1.2851598915334	-1.28069979885985	-1.41362030782079	-1.54469979550778	0.490779849295155	-0.494071375552565	-1.13012209711042	-0.142936425881393	-1.05950937489061	-1.13797357139264	0.0483800436084571	-1.33768997840787	0.367913381814697	1.13099061297825	-1.06980752418323	-1.03690942514679	-0.527099282508937	-0.251647190259578	0.0231706527961511	-0.616625291518566	-0.172772422842413	0.129109468939205	0.160041345710496	-1.54983742691976	-0.0195727809869855	-0.945702557380734	-0.901857395641443	-1.50566109436709	-1.29854416985937	-1.66999255010334	-1.66228052012115	-1.51121144878449	-0.926343452262769	-1.52654324775227	-1.52676875722953	-0.782242046497723	1.4201886599775	1.27969268556685	-0.0106108360185041	-1.50667870675909	-0.764107843672611	-1.5238624214821	-1.58697460444996	1.65407672719959	-1.62655603767761	1.30018577722079	-0.232408653034081	-0.559986568815819	0.0204135570586399	1.24556892058421	0.0414042118874744	-1.22675101756914	-0.69046661152245	-0.401054609265749	-0.944981408380289	-1.40876561508144	-1.40093658078614	-0.768605825945134	0.407193152339687	1.20802532230602	-0.25137531813699	-0.115196289122127	0.692685710151751	-0.585702954074413	0.783609804393797	0.435787645103901	-0.651981784019033	-1.6199926248258	0.0439606798553858	-0.896096571668252	-1.47910277709886	1.08899618898202	1.13826812233382	-1.03974709605256	1.10414061685094	-0.298564083516632	-1.21415962627539	-1.43450808676218	-0.0315759038275353	1.15828651086622	0.0286440437057154	0.425718613972356	-1.06047085780513	1.11484624053286	-1.32908688203172	0.888127727579931	1.11721292321073	1.16540269467085	-1.03194871711616	-1.10498975279243	-1.14927533715669	1.09627191703651	-0.909923852868347	1.10592651053901	-0.635714456355116	-0.0979931189896377	1.14902835455036	0.0282782584673729	1.31694219364956	-1.21320342240262	1.24711704361686	0.101543490140711	1.11841180054575	-1.23319059783872	0.638130267211865	1.14318198869553	1.13544643141454	1.16524113389684	0.660273354443101	1.15170332143269	-0.0375784487064741	-0.46326392059279	1.25907640470964	0.836181460696732	1.17106937297362	1.1645556664522	1.13829033758254	0.811132510621437	1.11446050712426	0.369712787123632	0.594143203625414	-0.122964721420233	1.27961067508058	-0.940904529799562	1.14680010998078	-0.35406312255848	0.185549639543059	1.15153517520092	-0.060497043462295	1.63677230721187	-0.224848065728539	1.28812312780252	1.41761833718307	0.270061826843394	0.564537538118564	0.72867617640081	1.47234593303209	0.0915437661416416	0.29009013738365	1.13013385277097	1.46207980830846	1.14150025634511	1.38549215308021	-0.795161584880761	1.15864213384671	1.10588260296624	1.23400048551151	0.0479137028288179	0.0765504809375212	0.218125551626938	0.0755202595125214	0.12928449653723	-0.373786433550919	1.09958336156791	-0.0118156477980555	1.37892040008136	1.24560806827499	1.10948367665895	1.35140670108422	1.31181647243145	1.15094990777942	0.894647312510705	1.29039896994826	-0.0199003737341468	1.10596367114502	-0.493333697477592	0.475933720832812	0.232746518735727	-0.144053134801034
"DOCK6"	-1.29331521138761	-1.29923215221678	-0.981649461242414	-0.879523364763692	-0.275135438056597	-1.01262664425219	1.16186173371047	-1.00459929794914	-1.20472591394394	-0.837702396760675	-0.756537865514871	1.08083973572671	1.29608472146528	-0.232148967050525	-1.52624663655611	-0.715826168868157	0.623643571496872	-1.00955332720992	-1.16087691751134	1.10145227342348	-0.0572823833228493	-1.47652885936298	1.0697167416986	0.439684903396417	-1.05817731983411	1.45607050568909	1.21809075634857	0.605472099569659	-1.67418476266052	0.0349590898566406	-0.218325611822823	-1.72126533391003	-1.06781649324087	-0.163232011722379	-0.106926252104493	-0.598033865138498	-0.852625320021752	1.28238003684718	-0.286044564984882	-1.21397690471039	-0.918652683506066	-0.645247032634565	-1.45791300529716	-1.02959609377521	-1.37841992279634	-1.4331938867687	-1.76291422479518	1.2278849839502	-1.76330980622923	1.28792289349135	-1.56657465606448	1.20137705424403	0.529194895923387	-1.34165008727136	-1.57071753875913	-0.64998338309213	1.08377418590739	0.420421286017669	1.04685881472923	0.188467076698998	-1.67863540809078	-1.70119995199747	-1.6809405568884	1.67858517847982	0.454295398619833	-1.34651764712309	-0.619479283054152	-0.889140321915244	-0.760490445850034	-0.83548379465806	-1.33681824886082	-1.24585892434516	-0.481815932506236	-1.41543813068466	-0.968529337297006	-1.02945649423388	-0.840617773792716	1.38337232340702	-0.769170394022263	-1.15770043637825	-1.07452882337101	-1.26931615478	-0.275464157695312	-1.17470997385708	-0.0283005781139638	-1.61578103793031	-0.80889272204666	-0.213298521467293	0.457943187289038	0.360513288606463	0.66864361565165	-0.0933248718665455	-0.343664785332985	-0.121361234017453	-0.533921169576268	-1.19110541377797	1.15894952406526	-0.431769675328459	0.378172887738054	-0.29288686580689	-1.43595941058206	-0.540189791228539	-0.415737287232117	1.34651974504202	1.36072440458786	-0.239021210580874	0.228979640192486	1.23776063035205	1.06065377969032	1.17198805138756	0.445400736615616	1.36417946553755	1.40710028603075	0.230931278017239	1.28421371724309	0.303836999762154	1.10568509604273	0.881271535353055	-0.126926307319113	1.19157843658202	1.14988793392188	0.699922913334378	-0.957412192656577	0.645773028976142	1.06899718188156	1.36417028480023	0.61935839084398	1.28618510634543	0.16674479779851	1.30723929983048	0.510700170265876	1.09733926820596	0.848420900391346	1.08018658461724	0.46480014619162	0.281391784487313	-0.785976975921728	1.29228621706187	1.18378355582421	0.187171122793645	0.561754710752893	-0.0564926727289216	1.25973151008659	-0.22378191199221	0.0559833442172889	0.0363138272354312	-1.33131921327405	1.65927779320899	1.10395768114052	1.39668127302346	1.54472545494452	-0.0471561436870406	0.264316572372789	0.383427876123268	1.53321781012055	-0.380204971711376	0.6382594683511	1.28441585696877	1.08402336716842	0.603031377559005	0.0690567842791465	0.202876341879346	-1.33847461904525	1.35353283237593	-0.482981486509863	0.171987239565016	-0.417982603104093	0.412269518432712	1.04288030231258	-0.911450569962596	1.07712625405847	1.15403554437156	-0.345218062426871	1.31296041370456	1.2640231129952	-0.371568565064029	1.10092586706129	1.07106022257058	-1.10719141826395	1.0696658071211	-0.499508769373598	-1.06027204592264	1.37462226538727	0.769618562644032	0.00984940000368601	-0.0625607579047804	-0.0721258258236785
"INSR"	-1.37294650159028	-1.05778848571266	-0.888924088581229	-1.07968557500119	-0.107460961234053	-1.13901832694203	-0.193826620266751	-1.13739525977357	-0.818918915190608	1.65359875855534	-1.32377887063661	1.80226011362421	-0.960150516793572	-0.623323308725713	0.0378440828249904	0.308730969672932	0.173149389134354	-1.14729822373717	-1.35923023549906	-1.00243772483848	-0.340023138001535	1.58044224239938	0.0964451672437451	-0.452627478038061	0.865851451178686	-0.38998782348626	1.52355135433244	-1.16966514297137	-1.48141641138857	0.215127580910358	-0.427642575705965	1.11038958651113	-1.12488157462738	-0.936418171699122	0.136401002397759	-0.372669570322898	-1.01768370877819	1.55078061227637	-1.1604108837657	-0.60917650797618	-1.26988605017323	-1.3457011653176	-1.29457208223219	-1.2282410242391	-1.38579486054398	-1.31063226208366	-1.47235071321084	-0.963947903977298	-1.59070459599052	0.625503570672165	1.14139412246309	-1.5741908438309	-1.48447710337566	-1.03663526368441	-0.673971152989447	-0.21384816912089	-1.22748154594948	-0.0550230149226963	-1.56171780189211	-1.48474668602408	-1.21708784994311	0.687068526821527	1.32095536005018	-0.277760527173082	-1.1794655988309	-0.231412998530328	-0.651633499025844	1.18070075645751	-0.926703464937004	1.18173654485069	-1.0825950472524	-0.287760569404313	-0.784637244305544	-1.10476731848482	-0.0354791086835368	-1.09757177691412	-0.905197327354466	1.26860910618676	-0.534302105215531	-0.206790442572683	-1.30568596483911	0.253737120041434	1.25310859495406	-0.772343708644838	1.25753016495453	-1.41631477087835	-1.10083088943366	-1.11051226710608	0.303415701553591	-1.17105483112277	1.58283976734328	0.336982737564674	0.00528522247884593	0.229660603552191	-1.39364171397648	-1.15739150102036	-1.34109112892866	-0.967572562335386	-0.421172066658647	1.16092971984567	-1.14017942896026	-1.10832626509582	-0.859620419364279	1.42548895130417	1.21059218265151	1.18533092800032	1.15395887843268	1.27007541311374	-0.974989683553902	-0.575550492646616	1.45217152295057	1.51377900758045	-0.355284092599787	-0.139175119025089	1.17587112874581	1.21071961842293	1.44310346901309	-0.0902313928062112	-0.491329931364782	-0.0396599866011353	1.60806403624791	0.383920978367265	0.371079916379536	0.153934074369469	-0.108929555307331	1.29432800296664	-0.519465078085535	0.55652690899277	-0.959498821821077	0.100313702067314	1.43934687731961	1.1945682127391	1.24061106150757	1.33948110557677	-0.240651014972289	1.30751093022039	0.169781978325257	0.346942611263495	1.3698010171144	-0.583727892384848	1.10641995300921	0.826393256435927	1.19240048014682	-0.145762756160173	1.16123004233019	-0.0591911543775711	-0.636999238139979	0.402587922334112	1.2729220066962	1.21414392782036	1.526347333979	0.643398033782843	0.902868787340647	1.21539736231261	1.28210895761618	-0.011282635998598	1.1599266085048	0.739701020529581	1.33823699183635	-0.119438390902468	1.16598446952218	-1.02000541485253	1.3375831024192	1.34925928917159	-0.49890115133754	-0.19589061873323	0.558586256040629	0.597495708528552	0.0495472922026097	0.71848652819227	1.59949475765125	-0.155660719301678	-0.634415115944464	-0.389977062421277	0.859997724532538	-0.374402550302815	0.511741142960294	1.24832189927349	1.13963098058832	1.1486785372876	-0.0851642406326603	0.201760527881116	1.14116857567445	0.0784849516503957	-0.715573985314605	-0.860767328142126	1.18789978878911
"ATOH8"	-0.608304819604571	-1.14428320311191	1.21503015773499	0.582551180998586	-0.0338265862680504	-1.34367620383966	-1.41784851933687	0.558809026583525	-1.10170310805878	-1.1776059006573	0.726341800886704	-1.76645958021221	0.566425455090511	-1.8957037378812	-1.64300862153729	0.71249179006824	0.366651180161284	-0.965035412359722	-1.29734232134527	0.409999381014633	1.26786523032009	-1.93487242952879	-0.773020777135789	-0.398262703543615	-1.05172538958318	-1.5933702027723	0.153227196028011	-0.0347666104013748	-1.42874645068555	0.314095315729064	-0.356068981898787	1.29095147626685	-1.07671761421816	1.09058910829477	0.14189853313549	-0.609480871715791	-0.531059132315998	-1.28490810980763	0.0590737696825393	0.0106003163629528	0.778677869836242	-1.32559857603681	-1.93593590725153	-1.33790258752714	1.14461434386286	-1.55577433502532	-1.59959405190255	-1.94873950073095	-1.66372498179005	-1.23279910252305	-1.79449000352538	-1.35389071517723	-1.17874239994873	-1.25704849688205	-1.4543296395918	1.29222208679955	0.198993946976779	-1.38514204425036	-1.67129185496852	-1.2342188600934	-1.36316631471551	0.120229316509704	-1.52650184738388	0.528522214591129	-0.265543271330102	-0.448492750432537	0.501573580135093	0.350696028674849	-0.72259621472983	-1.05879368364799	-0.117822286006597	0.00172682605214817	-0.827831233681287	-1.0603047417571	-0.39548226333659	-0.930190388505512	-0.0155283242921067	-1.20640394562382	-1.13342680737238	-0.670364481698473	-0.344885175289845	-0.939793003336274	-0.865471050825708	0.305431566638387	0.0576157030967616	-1.06213043171607	0.149771376563209	1.19421908656706	0.888705379378466	-1.01197078123576	1.25591966297724	-0.0743826301356509	1.24938957612042	-0.197634312228033	0.0111735168495962	-0.896335987720981	-0.122036157447995	-0.0858467245023258	0.478215761052128	1.19692645420565	-0.908736822326521	1.11220375062825	-0.159883619673945	0.816476775215523	1.40503523150444	0.428379042065773	-0.962129700540101	1.09024250121365	-1.14065356088122	1.35507460518025	1.37422793788721	1.20291452252998	1.2725830301909	1.1203118999694	-0.277746830273033	0.623800791952885	-0.415668685538079	0.895289337129274	1.19710567837051	-0.0347099340963197	0.459039374163734	1.10048332348426	1.0981849122172	1.34899412825778	0.245697033686707	1.19710009140885	1.13268595591468	0.176396340726084	-0.182324054890716	1.27486616100025	-0.85979599196918	1.16295687182531	1.10604689277448	1.11420618983434	-0.481169381958849	0.70743304718236	0.10889845424628	0.442002043268611	1.10447518993598	0.732854741365456	1.11101105922029	-0.732376123629102	1.13453457518875	1.13648002522353	1.18014629799527	-0.878572778913153	1.11119889027614	1.57426916061483	-0.864688038257216	1.35869861205258	1.12343968890089	-0.989344853205053	1.21887667186891	-0.886359550995022	1.44668795706078	-0.251152440665665	1.09889615748556	1.35025504876251	1.43752076529405	1.24077060928378	0.0451142131052142	0.517626023462305	0.275850945407339	0.647443047216555	1.23510179892811	1.14699378048999	-0.634468430374701	1.24763627420404	-0.663183048741536	0.0881620565287466	1.31257690665664	1.10191219788284	-0.41788370745594	1.13204269368372	1.32358727335736	-1.00225758127574	0.310206835656118	0.349506581734295	1.30451193674787	-0.209201431953491	-0.578096133089655	0.324345803562597	1.113335242854	-0.511856395840621	0.112771869125049	0.0136901646586165	0.0798220156766984
"PCDHGA5"	-0.573105546397723	-0.789204047155902	0.345771757550224	1.09561329065307	0.394196576724716	-1.27270293434802	-1.57017298903185	0.385321629460381	0.490528774793103	-0.49080448753486	0.531796723246074	-1.82127706514662	-0.593295264248106	-1.86006695695624	-1.76239338123302	-1.41542342174582	1.15635042140619	-0.0637441416855993	-1.17059042064957	0.29581664104983	-1.95490433439212	-1.95894665450675	-0.992752137517558	-0.46435601445484	1.07003458443657	-1.71440522607948	0.882688459546545	0.265210301780477	-1.48372167342855	-0.96245130964454	-0.8908008451669	1.26687019885017	0.391021297815143	0.674115184649394	0.617157905407178	-0.187434054507864	-1.31012190186242	-1.11078185773576	-1.0299288406884	-0.0592035892709928	0.33191679829417	-1.31254290115391	-2.06277736246929	-1.25037333321347	-2.10822706179327	-1.61188969421372	-1.65820552432242	-2.03484298888797	-1.71306180809154	-1.06780701709212	1.198223511669	-1.47018629757469	0.521726024499037	-0.998556761349149	-1.54865080933984	-1.17330716819379	-1.45621593712722	1.17663229475334	1.08692824525903	-1.04356966415464	-1.43805218237755	-1.09809808914512	-1.65336826354699	1.26909836178565	0.390568586693609	-0.0301820969000674	-0.17098918645824	-0.460659194750924	0.091523362212252	0.0772739996350462	0.765683365609749	-0.717897358086089	-0.602405232800764	-0.808935604869233	-0.364184800715449	-0.370928763609678	-0.148105586154203	0.769483831335637	0.22397754425955	-1.12019137484131	1.08016758861201	0.187397947917376	0.379517534035969	-0.716883816568373	-0.909202462302634	-2.13098504877687	0.678170432988605	-1.29236475219777	-0.986829592551434	-0.342280965661385	-2.09741172670567	0.191307265137168	0.72580422001084	0.680103130954045	0.209470916462131	0.0786495889656971	0.997366342403312	1.07083654043334	-0.854326812045608	0.528950044639742	-0.912908287714805	-0.952216674583964	0.0942616325088485	0.119690968464937	1.16862478962408	0.711895160731456	0.865105099340782	-0.785969150355908	0.632942819325481	1.0392337986333	1.08308422958738	1.17034662976581	1.15886250190311	-0.618739564954872	-0.394198051269029	0.0109896336762046	1.1402276793694	1.10776031954596	1.08453083314898	0.26894055855534	0.459982683474798	0.508935897805729	1.05737449155163	-0.151516187601874	1.02318084035847	0.998991109823134	1.04661687063448	1.0762424184139	-0.486184753526798	-1.57762071042035	1.13292392521939	1.07889803985198	1.0505105554158	1.04577878391841	1.03389257996201	1.05515070674774	1.10931695908448	0.678405545078085	1.03144716851242	-0.684907234977513	0.57438420091104	-0.707414666946033	1.05330252249532	0.308848930098175	-0.258773182707218	0.488066731558467	0.72644469310221	1.34672317346704	0.429629727147618	1.1963304390685	1.16019218074427	0.267590961747492	0.439061423558226	1.10471368399243	1.11497302835456	0.459891918678615	0.253118028600507	1.00263944631269	1.17119094558171	1.25187882022112	0.0380390002224374	-0.876185166411166	0.176462133084741	1.09592600948112	-0.0380838892687785	1.11879050139302	0.284059434025008	1.02631451483058	1.11099427451232	1.06272285826257	-0.324082967083778	0.429502665315382	-0.144973913951742	1.19912974271571	1.15015628191173	0.99681102724173	-1.16256047809744	0.0547334765671392	0.768111676321395	1.02744613491535	0.892725513420399	0.16450916516589	-1.43672132146812	-0.854005569265543	1.05118413584592	1.0924535281084	-0.0123212789129222
"TIE1"	-0.30194752243904	-0.892091744652815	-1.16676366117133	-0.760754991274874	0.29756398842266	-1.40618513592771	1.07383776151051	1.31531887611388	-0.706501266332059	-0.334159593130292	1.2239319358099	0.682913810709598	1.1074537832197	-1.61459258776589	0.559677072920618	-1.00111291190258	-1.65814953571155	-0.617913332236016	-1.71747868431551	-0.973353018374115	-1.31506015408323	-1.9475925627904	1.29260667233959	0.199415979775856	-0.82208423830266	1.13863320312392	-1.40972087738702	-0.846399919506852	1.16695460476088	-0.0689485206863147	-0.883683166455073	-0.18469661217729	-1.31821234140927	-0.977872870011765	0.151490012317332	-0.471437633594429	-0.300524433238119	-0.364547950844801	-1.06517182062165	0.126726186147383	0.683018855791345	1.44128555133462	-1.25205902824493	0.131769497221473	-1.23296011772286	-1.79907645527993	0.0705429864124993	-2.02436422619414	1.31204374581088	-1.68342606669439	-1.45464017343394	1.17877377232321	-0.510290780874359	1.42029030073235	1.48056058803478	-1.73312462361186	-1.49820354683749	-0.515264083114975	-1.71263704638851	-1.58596914407046	-1.69704837012722	1.27234712109091	-1.72442675001181	-1.93302756030006	-1.11013691572503	-0.833173350600687	0.184264439010532	-1.01214641856312	-0.976297097798687	-1.24629567580564	0.239541976326462	-0.80989119839391	-0.972267148171962	-0.572442123698064	-0.585990740390588	-0.631602914471337	0.566094782198601	-0.982202200081042	-0.829385632517737	-0.84335415222258	-0.993956914516421	0.471923864368986	-0.846890407942371	-1.03173900060947	-1.14799665532303	-1.9307293138273	0.250040289440766	0.513097905186878	1.32364721503316	0.0834548664667241	-1.58680332689148	-0.560483779988635	1.1110337714685	-0.137611023184845	-0.0105863231158725	-1.26221776780543	-0.831054936726939	0.432547514101444	-0.252317332167595	0.284474255707283	-1.32448231881949	0.502620974290587	0.177759331859004	1.22953054867146	1.28735191215669	0.35230379753746	1.17528677001316	1.12991942983466	-0.295231958960945	1.17306302760854	1.32323018768276	1.31310534758654	-0.453905764219524	0.371909975672977	1.22381252384862	0.0677488177103839	0.757758672661415	0.00963467150892592	1.19068635873128	-0.148939126646334	1.28379520219479	1.07915431452733	-0.874135112612246	1.21402545539384	0.169251676683778	1.14270488742793	-0.0778612409921396	-0.0512353865481044	0.392763567329394	1.45440892691443	0.314357333279921	-0.0195649674119843	1.11534453198012	1.21538285554298	0.833070941866147	-0.222575686446298	-1.12465951538898	1.24719885256297	1.11973297058882	1.16826080453154	0.487116767091883	1.14830996720654	1.11005632979669	-0.646854816747862	-0.0690041955358362	-0.280837689496746	-1.18755010034781	1.63306816708756	0.183621256003944	1.377808092954	1.24189454926447	0.77610414050005	0.400573387917408	-0.332350924439649	1.32148096728453	0.564748944220261	0.35358906407164	-0.80361730934262	1.38384824874275	0.500462596007362	0.0654329484611156	1.08689276269479	0.36708264600465	1.21276186154529	1.10017461288845	1.08093047044567	-0.592703680928431	0.526668097488666	-0.383362042901869	-0.28746271363089	1.15723762979681	1.16305719607176	-0.0756218827403643	1.26233896936277	0.570497751949815	-0.182510253198724	-0.571892733683221	1.2026251208904	1.15451390971202	0.352249347614749	1.2868291410062	-0.857563252486925	0.780449480068573	0.200398519486842	0.563983832157153	1.08528095006123	-0.179569495971293
"RBMS2"	-0.744716360492002	-1.19898729364812	1.13960355553503	-0.851036979794874	1.24566085766162	-0.945093220570658	0.135257218032721	0.250839527735662	-1.37831822193993	-1.09461637210244	-1.27986926852784	-1.66615068777826	-0.337676504022143	-0.62072146249885	-1.6981770376227	-1.49099274444063	-1.14057677883416	-1.10168783963604	-1.31993168926557	0.516764212682388	1.40096173364715	-1.38264091413063	-1.29336898963344	0.557229761867645	-1.03934263011286	0.512159833058012	-0.542669550632834	0.962402768871004	-1.51241944424517	-0.71044118672295	0.436352531811493	-1.28089773052568	-0.621303297870849	-0.965506599888371	-0.989118650839955	0.425752878967333	1.02542996234719	-0.245159817056598	0.8540255156269	-0.587441962508072	1.24983513172393	-1.16627128894708	-1.02607807376112	0.240259535273986	-1.75646245771954	-1.67071453876888	1.21789998324376	-1.82853350778556	0.146440003089947	-1.53424737809707	1.24285375400253	-1.56082949961444	1.03883694391447	-1.00331044171247	-1.06657649034853	-1.5825190852453	-1.48233354177311	1.00244087166131	-1.57831673892034	-1.42921201760696	-1.60452120662533	-0.938332170903795	-1.09763958127319	-1.43588816229785	-0.69641945099917	1.12428934052319	1.08433342398951	1.34038044937446	0.189745190660554	-0.348427614958726	0.228222002447795	-0.269102806835909	-0.0925002368060205	-1.14455607467648	-0.809211542331219	-0.19425434627086	0.403557380138328	-1.05587643990466	-1.07322930113281	-1.09708603819486	-0.850775554987789	1.25787797846709	-0.0577738615551304	-0.75920450396422	-0.183074716864044	-0.411073579502393	0.823555757328196	-0.1696256165559	-1.31913015052365	0.652678744696922	-1.1481119102843	-0.379574338751369	-0.420415217045937	0.721119455769379	-1.27618263853242	-1.28768843654848	-1.24390311453361	0.530828687251078	0.718331386882634	-1.02864719669303	-1.02819353793782	1.21269809342947	-0.906530213429806	1.37719974313333	1.37475140514089	0.983527961388544	1.31445631167469	-1.37133290736297	0.266271985340715	0.863555674731041	0.734017863451923	1.06533660173529	0.680931145077056	-0.481736153241238	-0.352950758573702	1.01887544853174	1.36094756926093	-0.968372661532229	-0.466073676833805	0.518494722116639	1.15473793841179	1.40840708809322	-0.316930511326253	0.99774631785534	0.0590480028672578	-0.559660137803009	1.31348898076011	1.36820594158812	0.319322013359688	-0.146531859350032	1.22828596153796	0.513269059966638	1.32804987761736	0.992286479781204	0.502217236628433	1.16360354558344	1.00106436625189	-0.0636105713617658	-0.492645453389599	-0.0271564335386248	0.301787915814833	1.17433760581075	1.23044095224229	-0.965996427241765	-0.984498864344485	1.07839898903065	0.369038284601807	1.47741253870741	0.478578114126651	1.33983116239276	-0.0735597440465072	0.778167514255683	0.0123714037452148	1.13983151872266	1.30187794627322	0.792069247519071	0.709632948564361	0.398852123422653	1.2566128400772	-0.162715727875183	0.6389361205898	0.146019306832467	1.19940700461722	1.38045569673753	-0.576825803975861	1.22629758464949	1.09158550230138	-0.00281040642944852	1.05278599206181	1.25173268286028	1.46955623465557	0.958480190654681	1.24528234517396	0.481647678710835	0.60698607759132	-1.06815612621093	1.11060576103727	1.08372255577846	-0.0829721879769791	1.20942486743708	-1.27063926193601	0.0742929836902051	1.29676699358113	-1.22870994164339	0.803638357388071	0.102940625163212	-0.351425907860187
"PCDHGC5"	-0.727372151810102	-0.655153189152191	-0.292380244225117	-0.465719990212595	-0.754244420320998	-1.247113602846	0.502019324974911	-0.171446549894737	-1.02352478531372	-1.22917408004418	-0.970469744347707	-1.88716055638706	-1.60261426174976	0.224802378335136	-1.76876158744258	1.10131664761407	1.20110298906596	-1.06504241963144	-1.13576834653868	0.604103137251814	-0.584424747852786	-1.99325100406696	-0.950947348984951	1.25053802832837	0.446079495491955	-1.73347280816678	1.24536967438493	-0.26600411831102	-1.59510660976532	0.337284304433261	-0.772933346274902	-1.24432339145594	-0.661108810901316	0.124036398529457	-0.756468038678685	-0.36159264353818	1.12966334307693	-0.970368622029762	0.743267061902619	0.160524826567637	1.10714751914462	-1.27676716818608	-2.14573208641409	-1.22820745083046	-2.163010799765	-1.81669418307028	-1.75512342552802	-2.07870965976538	-1.83488218847078	-1.07927373933409	1.29513290947457	-1.35131960224132	-0.815280376821779	-0.997189963255359	-1.6708273995113	-1.11959904956642	-1.46071039191869	1.07928962807196	-1.86295744426482	-1.01568630441538	-1.31712363790535	-1.073559019538	-1.6748343605398	1.26958786692775	0.649038756635195	0.339340179610318	0.639233690685112	-0.198514344538769	1.10938994431796	0.373873444097038	-0.376960018624828	-0.438165067327019	-0.146973875632443	-0.676977226099116	0.207581623361442	-0.0880124590204839	-0.15695385365963	-0.87425258033622	-0.849730597999666	0.0436565769197445	-0.771224748439632	-0.748968316740064	0.341434503043249	0.237029432416211	-0.219706804815422	-2.19845703920748	1.08778329878401	-0.328769288901843	-0.9351653555828	-0.177174052014171	1.14583176946264	0.515982460286856	0.720808156880821	0.165617783377143	-1.39630136691765	0.0538057879787552	0.0130540833338624	0.696657507883867	-0.533311041141182	-0.0322345150447292	-0.47031178890609	-0.113841320078919	1.14402668903204	0.628051913631845	1.24551368065949	0.0958710698583806	1.10185600627076	-0.252139354778088	0.615117577871593	-0.498182917473204	1.11687974142606	1.15065678682809	-1.39602345329256	-0.0364359341468876	0.355459609075792	0.177093209910434	1.12298181222137	0.3240490933093	0.151047939692606	-0.48866003370396	1.17088093104163	-0.435680755342048	1.13662391188663	1.15460358586572	1.15081193968582	-0.607339731412671	1.12465534613568	1.16094011507783	0.00688596639329708	1.30713859379971	1.12020455072686	1.21948811390588	1.10741211434232	1.15567751821829	1.18982208831895	1.08542353817672	1.09445456177474	1.12613445078355	1.11499429589145	1.07547767276131	0.485660587592506	0.268196213811577	1.16458409133547	1.20506350220726	0.0953257858325788	0.381842536286157	-0.892506925835006	1.49630825213265	0.637128588058671	1.24760096529643	1.17361733507322	1.08785087818989	0.267517293534194	0.303784272240625	1.14712604903926	0.427793981277034	0.0505771962371004	1.14714192411782	1.28804067642038	1.19281030657826	1.12369353876187	-0.0566354751340314	-1.13570637808127	1.23637166957534	-2.17261270257215	1.11439122348686	0.53876495515867	0.570283833945464	-0.075776575179634	0.760962722497751	1.24047184142134	0.630225421407448	0.438440893110223	-0.125705973396093	0.201996010463911	1.11225225612194	-0.333153180414582	1.17309880736633	1.25015744192683	0.237159425344332	-1.47348466961537	0.39424039191042	0.0279378175177635	-0.698470927242615	0.355474544966945	0.450728904670644	0.217715227794717
"GNA11"	-1.09348326310155	-0.317394376178178	-1.01786465247019	0.0760476054336597	1.17705203391417	-1.05580394502476	0.0317277648613029	-0.0338071802625718	0.634659193589845	-1.41362600023617	-0.987772000024191	-1.88567418655227	1.31408083577923	-1.17108264558887	-1.77636628206131	-0.83317605344207	-0.0782755083958296	-1.21381190331349	-1.69168836218127	0.247475458070712	-0.869920647513323	-2.01718917605227	-0.381948145623292	-1.41894700324391	0.715379252656737	-1.58548140227446	-1.04613715961217	-0.897086575823328	1.45905914387161	0.352348741968963	0.96225516540284	-1.57753542817782	0.113511944647389	-0.276802232762999	-0.418440123561174	-0.723004939770289	-0.541150527482393	-0.866116744689497	-0.0660633785171851	1.04904277290714	-1.04501674110832	-1.73052860423375	-0.591055263385293	-1.14952208415919	-2.16252440507999	-0.498440639926317	-1.74065266610752	-1.99363046269682	-1.84321675181094	-1.55065693515492	1.42843409860633	-1.70729140242875	1.20709415895053	-1.26417733917239	0.665938268784889	-0.566676239904197	-1.38820320913575	-0.7303911136288	-1.87011978167036	-0.957579281430882	-1.7023988643247	-1.65699390345973	-0.595310034356658	1.59444681909623	0.901644543214286	-0.0800016767129817	0.564731144541742	0.477898341600622	0.608988153091437	0.41831066351196	0.490115010167535	1.18418547063048	1.11737276381046	-1.28722802172452	-0.717940005450487	-0.159301586090928	-0.186351761413414	-0.233731492113517	-1.10043737703011	-0.834902868713183	-1.34323055374698	0.293365231312684	0.495568257713107	0.137245928836116	1.0053832585336	-2.10975146158799	-0.70969306388906	-0.895469010325037	-0.7998972474631	-0.24482744720553	0.551138114131276	0.25452537237417	1.07310233307382	0.303818949976813	-1.33503338131321	-1.15488791624358	-0.312570369844875	0.191449059683269	-0.235623224311666	0.495771838362662	-0.852900042198837	1.04979613113596	-0.792116111368745	1.10388102989587	1.21125083496125	0.943406735801405	-0.138960295587171	1.26442164564557	-1.17179268703684	-1.48296366324172	-1.25941825579555	1.34865322124875	-0.84244865085419	1.09641799168432	1.22285462087321	0.978679095386311	0.671650181518562	-0.208755548199716	1.28932050294374	-0.390059312621902	0.941993030141172	0.0426678723536494	-0.34787909798227	0.593509091601852	1.18235351453023	0.809461880286718	0.38316391199617	0.462430246392207	-0.662084925341039	-0.603789789748113	0.920582344266323	1.06995019508022	1.26496012234761	0.857292343688279	0.766549308458959	-0.476511288067281	0.0589473351789766	0.977496034927119	0.918797053187871	0.340788989203408	0.960955545746243	-0.60711430286208	1.18323638543372	0.139002176374225	1.04263300795969	0.355156159984831	1.29448938327175	1.39589984993701	0.522521846505508	1.21611643733165	0.526491306642862	1.06369036033615	-0.0664532162201905	1.22769620578268	1.37823751307572	-0.136801902968361	-0.10989626834908	-0.524671406762134	1.09789061608629	-0.939059337375756	1.35525650061141	0.776176213953065	0.921980382329123	0.668747724787195	0.143711798133006	0.69297366946522	0.984711860323286	0.0659904241278431	0.973549703980525	0.209267530105198	0.316372201916065	0.579543679844926	0.618031397914698	1.10727876738944	1.25606352419792	1.18370172778584	0.949750716429209	1.20498532497311	-0.933445123705828	0.401843780802359	-0.524818043545748	1.00352211663116	1.29246131608507	1.27259544489666	-0.0523823525419718	1.13613628420106	0.982123811471835
"DUSP1"	-1.24935466620598	0.111640806024026	0.215794655834767	1.09852650772125	-0.468814050705187	-0.693480155653604	-0.87312094185282	0.781237024922602	0.0425758241010045	-1.16668116627967	0.686854822425828	1.10828919040451	-0.913118714501052	-0.478373330132673	-1.32399000875786	-1.49167029716406	-1.11355932421951	-1.15545467661585	-1.29050909635186	-0.837769214106276	0.191831302452759	-1.30623664237482	-0.748289009585599	0.28471921461684	0.16325955956417	0.0502830130259342	1.05689021146861	0.0386545274571278	-0.98863205217669	-0.118444983373862	0.403364106397465	0.325625553297629	0.323501063444325	0.355991095769839	-0.951436269802884	0.594616990028623	0.779241436174562	0.19381968799533	0.289888708456889	0.511962458328011	1.07407795708972	-1.40693484148443	0.122294072408984	1.15273380552752	-1.36884653844568	-0.621404981124508	-1.82132126266218	-1.87622360151677	-1.82879944207317	-0.405204998378744	1.03879069708505	0.444135983314305	-0.666121548066762	-1.07859372516602	-1.65303092210363	-1.50734843105728	-1.09598084128113	0.819095329149327	-1.20098344595195	-0.236420878884565	-1.67749954558794	0.428649712124733	1.07214351892702	-0.831447505810803	-1.24586189055521	-1.17306944396154	-1.56232453892605	0.409949189226985	-1.41583676928767	-0.970430240286757	-1.46129898331935	-0.60786098269566	-0.00750455406539051	1.17246011505597	-0.300534977451504	-0.959120392485303	-1.13208756397418	0.0921926648581443	-0.645848365719522	-1.51558717227815	-0.23728250229438	-0.180783572670377	0.0436329192519376	0.378497015079212	-0.375857946938356	-1.65581423443565	-1.31102030335259	-1.27168467004337	-1.10730896267009	-1.31528257643105	-0.356185096289422	-1.17731745626538	0.215880945899079	-1.07957895032133	-1.10638924744091	0.552435774118815	-1.54273696299467	0.343958968304415	-1.5042955809346	0.36582462044371	-1.178887666196	1.27405753664007	-0.270301705095044	0.181379308763963	1.06892262196922	0.0689461623065912	-0.250826984901963	1.1367108686291	-0.981314950310351	-0.590771972095938	1.06221610544274	1.27556103765023	1.16221590400128	1.07367319701174	1.05659854120027	0.08101657070079	1.08461633061957	0.857879462539236	0.153920828668704	-1.45190800163804	1.11726870585479	0.754476770720533	-0.030169642040145	1.11559113741878	1.22168504292384	1.27869676249504	1.08687419190727	1.12162598838632	1.10499564389501	1.39774702642006	1.5008466935687	-0.127172562206871	1.46122753552839	1.05407608251385	1.13300162055096	1.08055074610712	-1.3096703059632	0.940465131876372	-0.582891442625195	1.19893587416572	1.33144562862546	-0.281401981518052	1.29545904843498	-0.996091957491958	0.172529771845468	1.21801185781537	1.11888638487828	-1.88979531505945	-0.0412547914070897	1.06167588416112	1.21753171421046	0.137390228937739	0.833320103658478	1.15229885967846	1.38480977814518	1.10078708712316	1.1465659400364	-0.442262968585419	1.32572561336434	1.06451816680988	1.23659763887247	0.675245821893646	1.10321016599054	1.16194965431569	0.413305240182933	-1.30929547526668	0.218364463852146	-1.58461889391125	0.514239916362731	0.572044933318358	1.32873445434262	1.14330215502064	0.580184224297447	0.0167088267392132	1.34920454457437	-1.04007890053888	1.20842711864135	-0.0925104713943416	1.32979269816048	1.11612097927184	-0.486433084629979	-1.05928388367622	1.16533085976996	0.935145088971041	-0.574273990678714	0.692684558583122	-1.5274318943635
"AHNAK"	-0.415677134671815	-1.22787281807411	-1.15839632573756	-0.269121910589318	0.0686606096592016	-1.02826774393352	-1.04131873988903	-1.095713165398	-0.940491371779874	-1.18534294227676	0.82027925543355	1.49595281830958	-0.197340745453874	-0.0888748675036557	0.347380953083961	0.359014908553876	-0.181059371572935	-1.3476200449016	-1.11789802877245	-0.342540283375484	1.44376706269881	-1.0557774497482	0.765922831054208	0.662980523645593	-0.847451536824114	-0.448910128072424	1.42102234514162	-0.773102532775659	-1.30352208168171	-0.186936204656738	1.18938400535551	-1.51983340311977	-1.53914000746817	0.514668252804129	-0.123891110369399	-0.544528384790301	-0.906152045647948	0.274343130119545	1.31244529386696	-0.398694489801764	-0.974139517738705	-1.10748155141128	-1.08810607956138	1.50103687336159	-1.47564448821137	-0.941161412042765	0.939731360317607	1.44742464674166	-1.53957814206936	-1.55043349080708	-1.37571591087444	-0.876272381826061	-1.09754180212403	-1.14587251675658	-1.11078861573546	-1.57554076646715	0.140216956218402	-0.730800225873896	-1.67979338858583	-1.47590298533701	-0.518049653828084	-1.6449198719358	-1.2364724257467	-1.34997711140752	0.753023669536067	-1.13600429081324	-1.1096516619704	0.934851032253569	0.256110371150209	-0.972400329678187	-0.843204672723068	-1.26038693451892	-1.10462415117879	-1.0014034602033	-0.974297191605415	-0.919649005434884	0.99344388429647	1.14670961563647	-1.00193473038621	-1.57182762788291	-1.02720852860119	0.251028050879931	0.223216748493573	0.475679474560209	1.44097376532209	-1.36593230030627	-0.162710299541813	-0.818381941279717	-1.51409636834508	-0.0787241796199059	-1.00219869924027	0.579535626681314	-0.986905311620495	0.890932957265344	-1.10406461177938	-1.12347152696057	-1.31256059042951	-0.936712454622801	1.10499054140932	1.007110809755	0.829222641652387	-1.05370598295149	0.635045583867368	1.25129513873842	1.51677266985795	0.202704934534927	-0.806090397098562	1.44267610368649	0.362638633663061	0.163517690114702	-0.723126704377382	0.71980244587571	1.14167804339178	0.257000449038042	1.36248057609168	-0.447715598148205	0.627601281034052	0.000601888445389437	0.927875900966383	-1.06885682190194	-0.689238235144193	1.26307625212941	-0.286491821567195	1.14671700572043	0.724552351511418	0.569231085321519	1.22885449663803	0.676367392664589	-0.343750898919763	1.58426946546531	0.157692125682709	1.19297241319732	1.56332259499957	0.0657138527623817	1.11318209549087	-0.604915065249426	1.00987354701346	0.353414742471362	1.3710725273768	-0.385755229647246	-1.20182992115884	-0.507836613052549	1.29634163731631	1.16214989394507	1.35851380964184	1.04642170206696	0.746353997405676	-1.80480572796372	-0.557710275206718	1.43699828952969	1.24277640142616	-0.3190700795426	-0.311258051348458	0.845010888749444	1.24624522257145	-0.183863514252329	0.413634970026722	-0.985937393344066	1.52618284019839	0.21275952313574	1.11852658028669	-1.01766054284406	0.125484768055593	1.23830637551751	1.21767275892107	0.525415603698811	1.16000077794182	-0.289251383055378	-0.200882478056411	0.104536001145729	1.24009117163419	0.815929195148419	1.3226806066143	0.558197777288488	-0.19934458355225	1.24582253037614	0.954912259335227	0.336507554149127	0.0300548454066392	-0.000134419249039895	1.28368966342192	1.13760851315085	1.21471972062127	1.1751439666938	1.36571194639486	1.19667240218908	0.973111316586846
"SHE"	-1.36517475594798	-1.34923546028642	0.0840030994435178	-1.39401245648722	-0.881378518060552	-1.27884656322324	-1.0590703681704	0.366579061558601	-0.424854493796265	-0.556518685093448	-0.914825913825145	-1.87581849778284	-0.107080730329082	-0.379968067974009	0.979552782152215	-0.554030745958811	-1.56787328550454	0.656354643624969	1.2774549126764	0.352793813525902	-1.36460252472186	0.345369788442293	-1.61001124619251	-0.208594170568413	-0.72963130830003	-0.170637922170262	1.48565274669474	0.288654845492257	1.14827800375931	-1.19987987466377	-1.03137939843951	1.37812080760994	-1.07245856023746	-1.17189456904921	0.871204928362797	-0.222640957821046	-0.601190302070656	-1.53051965792444	-0.461066104815062	-0.39311327366872	1.10613731950422	-0.0173617891346332	0.791486667309459	-1.34957757582209	0.256038162571137	-1.71811727611682	-1.64392963431921	1.33850501493631	-1.29149196127258	-1.56238770961372	1.13210211914856	1.25702063263964	-0.758521976011615	1.07511915129752	0.384130826082257	0.997816013862132	-1.36481697017669	0.663803580249001	-1.63591397635071	-1.45951720446616	-1.49655602775928	0.73108068607356	-1.56828985102755	1.35787138231607	-0.873584613788587	0.121127322258116	-1.14872910444373	-1.32035826091859	-0.65546591079238	-1.0231865715036	1.15574841175549	-0.0932549360345561	0.743807638928524	-1.34739286326703	-1.30182857237515	-0.623290429079038	-1.10010063408704	-0.690750050093298	-0.0281431271097956	-1.36366993234947	-1.01601383256617	-0.907174795465642	-1.04607156908769	-0.645978044637779	0.674242596120437	-1.9130356017111	-1.10836624594283	-1.20050480283098	-0.285833035355498	-1.23703319233582	0.199744759146867	0.32933275138654	-1.18117506069422	0.312274191630643	-0.148041803784785	-1.1480067871977	-1.31309052735052	-0.968988615585711	-0.660412173384226	0.278763927684685	-1.2302003642562	1.18484875307636	-0.245755038060293	1.28182001676298	1.49777404234701	-0.267770794485587	0.984499275093017	-1.52907577108754	1.10259838701509	-0.0709302575298476	1.22601094926396	1.37481988379263	1.37360778540868	0.994041860592103	-1.22396143870871	-0.904092181839542	1.13738159438114	1.0492156682174	1.06875562748804	-0.31383873017623	1.33641604911893	1.23109192118101	0.273119614756172	1.16363343231793	0.567812635050494	0.331818928951984	1.10765412612266	1.34800202201348	0.8770405401189	0.378386898222727	-1.08862066646033	1.16379646463948	1.27794094786349	0.976871986581625	-0.0495644952830838	0.344600215430149	0.0916133396190693	-0.295273326274431	1.03173216391028	0.453592613253798	1.18143210446584	-1.28917639989662	1.12789035156125	-0.677348429580057	1.03752379219161	-0.448593342624437	-0.266686656178979	1.45006029135155	1.11930546242855	1.52029104693335	1.3370142537065	-0.420534016698014	0.520855905440105	0.384596933791379	1.461932120793	0.767423721089122	0.51503336627743	0.923405346575031	1.38965819778919	1.45958140427923	0.546544171270189	-0.011610649591831	-0.921044829654132	0.72745836461249	0.279390742232651	1.17158411679634	-0.653138156648216	1.14071676802109	0.99899154151905	0.240772694845946	0.933387774810506	1.15951308413577	0.992375038617509	-0.208794085121407	0.970729716170297	0.478074555881582	-0.0326562224040855	0.997816798787195	0.666944257094146	0.0361234060081821	-1.52836148385928	-0.52817834340205	1.10727046038704	-0.452552005396243	0.0808664990612971	0.998306706069192	0.256487818315758
"CXCL12"	-0.887867166813304	-1.44297191971371	0.742783745469724	-0.258409761246513	-0.686393699232953	-1.14448325344394	-1.30091497179202	1.28449915685268	-0.153789954512851	-1.33213853487758	-1.03748903061352	1.49419594538521	1.27098408247677	-0.828162548839146	-1.09443074506939	-1.47274295587253	-1.17909163966129	-0.625567134085368	1.11831087107332	1.32410656733581	-0.492488944222082	-1.1992899663028	-0.93556743990625	-0.4730934192165	-1.32749149219569	1.33779294862558	1.13893886543832	0.0813094445612167	-1.30822008521948	-1.06583735959957	-0.955065124441622	1.01368739843669	-0.665428725786945	0.773637863420319	-0.461982165960163	1.1215006503138	-0.0428483201326814	-1.55902900855947	0.520669941170152	-0.723531856149559	1.18950038532006	-1.25821538863108	0.31847864035158	-0.293635900834806	-0.879895269564986	-1.49364816000478	-0.903710378794463	-0.810751521324275	-1.53791701064128	-1.59711463638855	-1.30758881193669	0.453364185232158	0.594423520474615	-0.782288264226328	-1.04461554436707	-1.4863508608931	-0.694944902630451	-1.45301177256258	-1.57926365004506	-1.50850545138637	0.419997249435943	-1.14007633293263	0.569174955503877	1.32545771364399	-0.885994963192527	-1.01283655657798	-1.50579467132691	0.0546991950454993	-1.18870199389864	-0.925203171204857	0.622500470534987	-0.196666580429878	1.05245978661626	-1.44756726408299	-1.40093900749334	0.0880824852101649	0.0880290794195934	-0.2379595710301	-0.703464771120666	-1.4556105772845	0.807679018039446	0.32475409537842	0.308954056885027	0.182549108077999	0.564638152348533	-1.39956907875904	-0.904136318112197	-1.33847776257684	-1.34876633296294	-0.437558004568582	0.280290492429064	0.0408275172371004	-1.29450999792789	-0.957287387364992	-1.00368982006329	-1.36177740030017	-1.2899025994431	-0.400295624729586	0.235287038038272	0.50291781019102	-1.32015329738735	1.27008630520268	0.101366576688316	-1.17879602800503	1.43150455459242	1.10545564425609	0.562089405867497	-0.390059559809484	0.779898472631381	0.136848603787057	-0.861733121824089	-0.499019171939224	1.20972952065383	1.1262280815254	1.12575811921721	-0.584066532837472	1.42462383863479	-0.586871949110633	0.741502563887792	-0.778796128596532	-1.20985070010415	1.34956193493449	-0.0597523385175327	1.39528728105526	1.14033487089498	1.04372222200371	1.40555135924628	1.30284160446956	1.25925841722516	1.3415729587664	-0.779095141772249	1.09170797010271	1.43536775027949	1.09346448058342	1.3848508593934	-0.626273738156125	1.10528485169691	1.18460424122236	1.184450697025	1.15766792409246	-0.0743329269465615	-0.167079921761552	1.3928785839845	-0.552965764724962	-0.261333145347221	1.03111605900524	0.265672865126393	-1.08288388764528	-0.74747466960039	-0.545499012981041	0.422230054007054	1.32600693480963	1.36312457826332	1.05844475391472	-1.41764239976143	0.0472108700821386	0.705793565762791	-0.947688972499779	-0.29621234332275	0.653467416158902	1.41496347352083	0.694791756980305	0.602490398247507	1.56777345895191	0.8505079960584	1.19166667391166	-0.374375304556838	0.821225475522737	1.10648315810386	0.164907439687499	1.10161813827911	1.4575646820341	1.20261268674572	0.133451577659499	0.451737268740452	1.35320111102279	-0.120995958677671	1.03390919321284	0.575589596119484	0.382619650850352	1.08556879171673	-0.859408154552033	1.36909190436156	0.898434528336756	0.0955071491550953	1.25707800611334	0.229087363163259
"NCAM2"	-0.721566703420755	-0.719102532103595	0.305847764129775	1.04992981184713	-0.0424565476825314	0.97269791723067	0.434714037535332	0.264259166595965	-0.338687397508787	-1.21829814408917	-0.97410828167817	-1.82508511769683	-1.49139317666468	1.10209156140045	-1.74332744632756	-1.35356185919023	-0.963214881863029	-1.07776615953438	-1.19445400908936	1.08335991895621	-1.85594883406481	-1.85761591249649	-0.901635948882012	1.04180555322229	1.10340887293219	-1.65113487754411	0.0835538746331947	-0.469623523706188	-1.58616278462899	-0.912090051482771	0.320143728965807	-1.25899017519559	0.0309408871913842	-0.386072117509313	0.72988167331579	-0.280026790717483	0.538977236968241	0.661958254977184	-1.02638848074722	0.461157876548169	0.505183094072778	-1.33027226278615	-1.8994867115744	-1.1885908300463	-1.91832565449511	-1.71426733403146	-1.6261476491842	-1.87566084361975	-1.79452102233375	-1.03946164063211	1.25656770954198	-1.37451993767469	-0.757789785427373	-0.814962417677022	-1.62943683392041	-1.16003130022113	-1.42485762707455	-1.55649046401119	-1.76427913051613	-0.922619372622298	-1.3290795508865	1.1830076743088	-1.65898356380141	-1.8564925918139	1.06870615034458	-0.101420036230573	1.03798852526229	0.860451233337281	1.02171903442779	-0.253873527226074	0.477368106500468	-1.4467692025273	0.909895914381128	0.660102793991087	1.05288777959872	-0.114416839595005	-0.275248212943573	-0.766378058067933	-0.525871816034009	-0.455109831372218	-0.0158201040303329	-0.0935853505897056	0.600046367546634	-0.378867720684848	0.0225225286730609	-1.91585898691827	0.408102554261978	-1.26185203001926	-1.13979416845548	1.2964526071812	-1.90808883059655	-0.360561308727102	-1.04399616424327	0.0410880552359343	1.00507546508352	1.09746181408521	-0.618749748407319	-0.144087980153798	-0.723900933956225	0.398369779849283	0.216607866334928	0.010132756917982	1.03482505024136	1.1709385421155	1.07359871102519	-0.667711759628347	0.179983736496323	-0.439659353935291	-0.000697044684199278	-0.761354748341469	-0.52239711146837	0.121617397713719	-1.38474995077834	1.05917887616253	0.693452813580507	0.588952088326767	1.20810722682018	-0.603493403336457	0.358697624712721	-0.272231210758751	-0.642981365813525	1.10969837957648	0.285548184791011	1.13490409695072	0.379989619086893	0.283421655400957	1.16000827899325	0.615176443010361	-0.655413045254621	1.14251939194267	1.27030389680793	0.999076876978008	0.564074987148947	1.0042095856922	1.02703910245742	0.653058790076884	1.06145492587528	0.809385605070422	0.793471848282501	0.490088241867927	0.206186217989474	-0.66198605616244	1.03428267553147	1.13789590778991	0.141134888015479	1.03024121680681	1.09646931995203	1.05323420450847	-0.182116936530569	1.21609003628849	1.22451791109123	1.13816226795839	-0.172358823539399	0.353015772699122	0.704441758645366	0.923415760885829	1.01226675286272	0.130268287881073	1.31452695986893	-0.873650873890968	0.199527256810956	1.01687762006199	-1.16696152103277	1.12698989085552	0.822283534176949	0.17519800140296	1.15705186428491	0.601823058917778	1.08657445675378	1.06892915307904	1.18501233373607	1.23730559886574	0.679668287234338	1.07637548784846	1.02117349509324	0.735905673686224	1.16746425628895	1.12080206353436	-0.247091230739753	1.09364305824124	-1.51003744749204	1.16106912233433	1.17354942835152	0.343268529315552	0.448314103446063	-0.286863456462391	0.0787903311165401
"IFT172"	-0.864713571349443	-0.727232143813151	0.0378727510020525	-0.78126943460072	0.0165217175802322	-1.59158003747414	1.31873301381056	-0.389302863444219	-0.721066468766407	-0.0326662093014312	1.21912121650723	1.44040323112533	1.05693260259624	-1.0289906809826	-1.08486003180247	0.255004915979025	1.27667241905583	1.13990353474987	-1.70514190896379	-0.541078070560652	-0.925470787470336	-0.502882157034723	-0.197702980305889	0.103673114469271	-0.942625495749027	0.247883921219192	1.32758298203836	1.02307530651657	-1.62107118361006	-1.20194769144088	-1.07022922485549	-1.67318529487495	-1.03943246836914	-0.947990255556115	0.117755501728184	-1.36453713228323	-0.128411909730812	0.0703830734817207	-0.644774410050496	-0.413075353249355	1.07049794079028	-1.37652116933512	-0.155549089556866	-0.90699239435213	1.569690263041	-1.81392912414786	-1.58709765890055	-1.8079642789878	0.490557665472929	-1.6585883909193	-1.47871348295333	1.39242864706234	-1.29672429754617	1.07587792272762	0.650020002723076	-1.3962526947939	1.21208443716164	0.688431126507818	-1.80654392919541	1.64337730975799	-1.74785703523414	-1.7004950053413	-1.1726827199403	1.55218060480343	-0.0280161428414342	-0.159622373604074	-0.505004655502274	-0.4639942617758	-0.944609901588026	-0.734611748892579	-1.00241515596808	0.522843022844101	-0.994857528967702	-1.20886714511399	-0.79191734396711	-0.179707291328891	-0.469349954624473	1.25869788534339	-1.15379699614973	-1.00993071311063	-0.694838088471084	-1.09541577912905	-0.9220873276883	-0.026853356464264	0.0624651273817706	-1.82068529706424	-1.00153151344409	-0.934354663362663	-1.20001528644885	-0.0833269409608338	-1.38432057495388	-0.338114110371492	0.24426632056625	-1.1652909013622	-0.857096187219741	-1.02086542926908	-1.12452368757981	0.731712983901822	-0.977019539288003	-0.0429007143034222	0.534791358737299	-1.25198750080885	-1.35774874880777	0.236038203843553	1.36006724958176	-0.0442671085851999	0.521923506108887	1.16366797741865	-0.138569891320259	1.09381355115995	0.403924418746196	0.422743128364335	-1.19560850570695	-0.207766957110388	1.07879384972884	-0.162262645283529	0.640151231928586	0.56503443852007	1.2201151127268	0.165953706870991	1.13953384389498	1.26910454423566	-1.22183586700909	0.103461423745516	0.202452952300679	0.0449805642995853	0.32299925421236	1.18663563405907	-1.11857535692137	1.34180277011603	-0.208310347971916	1.00541022142927	0.261920615194776	1.04553382425407	0.642861076040379	1.18255896436676	0.948874476422198	-1.04451083385195	0.932946879149718	1.1503953466535	-0.823327977971472	-0.989529747743654	-0.694203623170432	1.17472778934023	0.409014665575795	1.03927343067344	1.33818183685154	1.73106246960699	0.319866871349446	1.18906502447017	0.299300849841868	-0.110000155917828	-0.0362475759367232	1.19299955542207	1.12741977267426	-0.869603156766544	1.10299201066536	1.399972540288	0.308226944135736	1.08211085881251	1.19488538251328	0.257161097327181	1.3374272607071	1.42316821837457	0.623912606170458	1.12890375501432	-0.335212912257575	1.20900125486117	1.0787367438437	0.744310606727787	1.54452749472758	1.30309149245339	0.207360226501515	1.29255890053805	1.15674268525383	-1.28042114952014	0.285466516127255	0.267273504089524	1.14240377603699	-0.288441138538291	-1.0698557697104	0.912304577462669	1.04659496083588	0.981597538093528	0.126532168224112	-0.144976417033797	0.993036963956702
"HLX"	0.113424659870561	0.0236372231493144	-0.45526492378136	-1.06063532074301	-0.656314999722397	-0.257981192184437	-0.0710651892333083	1.35287094662614	-1.2469147022364	-1.14492457071661	-1.11113990208234	1.41878084704709	-0.996651617541696	0.771421330770393	-1.88173656896739	-1.20498364671443	-1.42118318752862	-0.815810978227367	-1.00205112340106	-0.824707391164088	1.59195497532815	-0.816990309301221	1.42371564883301	0.981846596471155	-1.24046107108155	-1.25432575542129	-1.03305592118878	-1.22872140836648	-0.875547628822837	0.498675578809986	1.30839859117811	-1.41280743584941	-1.16250068198642	0.614467354599682	-1.11246277854367	-1.30185843159774	0.533297720004784	0.791391904115329	1.36931993577718	0.199975511044255	0.448436212320228	-1.56855679152405	0.176848634087885	1.52130358408366	-1.72624194002177	-1.47868751279516	-0.0788259186217227	-1.98968866164507	-1.7722696605346	-1.52401704628817	0.00424622468606311	-1.02852096441276	-0.601516526474342	-1.07023498660638	-0.755553738562726	-1.24949766269201	-0.335898714174787	-1.20493328791094	-1.61721545689627	-0.997691793251735	-1.22336030195509	-1.09740015211017	-1.11796959357753	1.52320584402109	0.232492499841501	-0.986391372488998	-0.44611862745228	1.41616799018396	0.916916927050087	-0.901671839262856	-0.513673419959282	-0.68406373099599	-1.02122620475636	-0.834769618554513	-1.33725244838989	-0.388287456871386	1.08772911364864	-1.19693187056782	-0.910007434122854	-1.05351621790146	-0.745474937195376	-1.2748002849058	0.216595280366914	-1.02337390124692	1.62974067868504	-1.38043020760676	-0.502299579536476	0.371914253724745	0.45537953913678	-0.441741100070239	0.501637457197593	-0.889454266084822	-1.83071830157593	0.920890593606127	0.836595191496498	-1.15431467224003	-1.35074038295649	-0.695558321673827	0.843684211571148	0.919146344323204	-1.11134444440066	0.11498740252055	0.00798924608443348	1.07591023864647	1.4785305258261	0.774338601406437	-0.440902961791346	1.27996846573376	1.37473412356582	1.21495539128245	1.0067259681563	1.31428677437283	0.688550190829537	0.712504550519903	1.40487743925939	-0.639910295095285	1.12363080691787	0.678982783353495	-0.645701874487409	0.893550237143529	1.48404514994308	-0.131618431289515	1.02694466294835	1.00551921003652	1.50995709895478	0.734679101720381	-0.130975921519534	-0.162286875146976	0.742833933247595	1.4363951590438	0.889436180365682	-0.399575930966407	0.680696598597971	0.866058018181595	0.652172296259828	0.491769897236933	1.19475765817535	0.626766377604086	1.47643656230895	-0.0346138783823127	1.4126871990207	-1.09004092150684	0.126647588625226	-0.539232241409652	0.868308612950513	0.580819982738702	-0.262938350945423	1.14525618408971	-0.0931706930661925	1.172221706379	1.33930794103287	1.10119882547713	1.39208146029284	-0.262501804825859	1.06094230731794	-1.15733415439162	0.0263078611314525	-0.729562991549125	0.97774454551575	-0.615483227029637	0.722405017496394	0.70457582329006	1.46825356438899	1.49446020836568	-0.208644209139789	-0.790634369143709	1.13762375503147	0.946393730520254	-0.222611275057546	-1.23046816269675	0.129635462264015	0.564047809663909	-0.867540106616089	0.153493205096946	0.178328324406701	-0.35873774721921	0.730038947171801	0.638466008440206	-0.350123255778126	-0.246212951754416	0.904454259117727	0.991879785805306	0.972770539811792	-0.601843572120846	1.19583152467573	1.48846196450432	0.311260091682596
"RARG"	1.00718381618446	-1.18675864111984	0.961051843505087	0.214587390690388	-0.305721077075677	-1.17611665319466	0.220864490779486	1.06662544785447	0.104382243335352	0.0648256867492127	-0.012213206103485	1.32457920958103	-1.2170961416827	0.218985591889087	1.38732651188676	1.21866186573788	-1.20682200573417	0.102621906291905	1.29139629050184	0.946544115869242	1.34313056693077	-1.64246431747913	0.00494021344031224	-1.55722694137582	0.192607557030951	-1.4064776074356	-1.36837689969072	0.853400599693517	-1.44386620402189	1.44814752473376	-1.09911806950599	-1.30268679731047	0.0777239715567083	-1.13792261172819	0.776870371238414	-1.16538891851972	-1.0987931334754	-1.04881738409146	-1.21237278882293	0.0427787137784027	-0.724759629391756	-1.30517500161128	-1.81096777216514	-1.19740683257505	-1.81945121887198	-1.63354890445592	-1.24103757322786	-1.66797621732894	-1.56555961060937	-1.35062014607859	0.969059959525165	-1.3838023064249	1.32391755716193	-0.0742308353172898	-1.49961079827604	-1.24881810968663	-0.00275402099492118	-1.494605511981	-1.73362728181706	-1.23900332196789	-1.05997724412881	-1.24351454934599	-1.48650949712078	-0.206056108601944	-0.661515082716146	0.241567791370085	-0.995705622477477	-0.218317373981172	0.17835520089809	-0.600180834757628	0.991467921541536	-0.00565877041801358	0.839862694833534	-0.188378044468016	0.974616875463308	-0.117043092708825	-0.874976571594048	-1.03160434874297	-1.23939487811727	-0.04646541185158	-1.0713375365665	-0.682642999851591	-1.14467542272083	-0.230780575937115	1.32974453787847	-1.8790658110365	-1.08905454207732	1.26987848561939	-1.20625647026236	-0.912993425420992	-1.28341852590886	0.0121917055776486	-1.0779159251738	0.0327954984849825	-1.234099999849	-0.0218854182108418	-1.19708421738956	0.173442953214781	0.110172454914998	1.02621925557103	0.051981347074948	-1.22228278663652	0.0931821793758678	1.28231082780705	1.29030393630369	-1.12476492911084	1.01700516478359	-1.20968725803685	0.415662481955574	0.941317599738876	-1.16973050269353	1.20582546734308	0.00818217980450838	-0.355236236640084	1.0374535056148	0.995646118480215	1.12391347840013	1.02469069387797	-0.958792440104027	1.08019432129928	0.989145941707787	1.25151191991125	0.0332727314647432	1.19562004667233	0.735580216309665	-0.0369500761183902	0.964718501190858	1.30068820826414	-1.2433087262322	0.861715693197094	-0.181099243255673	1.30089075375977	0.522934316534579	0.771879079247309	1.06503907474633	0.774341551950255	1.02962639382479	0.208127707120501	0.567924430197218	-0.941461892656874	-0.233085613404136	0.36396787065675	1.07691407282942	0.874853111964006	1.13279410030728	0.197971162916379	0.941618973870351	-1.44035253631903	0.982217512177643	1.35900303220325	1.11845259441261	0.978841879674964	1.05065559282566	0.951125184667831	0.979221124945068	-0.629544604431591	0.267531649501916	1.03515217221393	0.418681905574142	1.24897299814695	0.0402101228210807	0.340689714899679	-0.584545535993529	1.29924695444436	0.197116915855621	1.02675473329165	0.092511224772962	1.04596310813948	0.907685053158762	0.893045216172996	1.02375683807012	1.26519883404327	1.31517778278685	-1.23402916173178	-0.189245364903646	1.26250433445725	0.591532395523687	1.13708642729362	-0.852444524294962	0.968261068372685	1.01257410033001	0.775455842210118	-0.500068754049826	1.01107210089201	0.104904014736575	-0.811725311955178	0.734121880721122
"RASSF9"	0.855636700953839	-1.11146698471671	0.138490536866202	-0.232692037694975	-0.107536668965509	0.00425982637873392	-0.447614866708821	0.241281347966033	1.36008605560262	0.0759055228222465	1.126129893749	-1.8954347793775	1.07050376022164	-0.416116535811063	-1.80562056613204	1.04555051925189	-1.39420144780393	-0.862203312168333	1.13753513840664	0.630016699113576	0.354966652360217	-0.940194231694267	-0.847210503475905	1.36421304849893	0.217547569870877	-1.65603427662315	-0.0174194796594998	1.2034949642593	1.17468034915888	-0.820961733639464	-0.949687177629291	-1.51483181570815	-0.351447765563605	-0.752866122793239	0.975539373558205	-0.754887326625019	-1.17176011710059	-1.49354573271208	-0.237311288027155	0.439173736642669	1.00892870413161	-1.59211240761062	1.01068941357681	-1.52351058013866	-2.02012807487307	-1.74475327060168	-1.65332851259947	-1.92475366733449	-1.83405716032055	-1.40571804379427	1.04745876472924	-1.66764041906342	1.0197731243961	-1.3080286200218	-1.68804459139583	-1.42686131860421	-0.15704356043868	-1.57177191348229	-1.83952823635813	-1.36100534771294	-1.55068411195952	1.19818719698059	-1.71240848262774	-1.94120009845274	-0.130241830098552	0.661083800541581	-0.226685660994924	-1.31390435092949	-0.827479582555756	-0.576808144401678	0.384230528770556	1.01431215445377	1.02260528815506	-0.954552883083819	-0.226957167909747	-0.797480702360871	0.700183381075601	-0.95961184239743	-1.13949654585707	-0.651529702257013	0.436416287299369	-1.03228581837134	-0.495552773311872	0.0508609534449341	-0.725002941622249	-1.97290440176305	-0.0417179007059684	0.530677631031557	-1.45796851206232	-0.444122030647973	1.02053396180528	-0.318250051502867	-0.0891167239774267	-0.246716720831747	-0.743972003723294	-1.29556471296455	0.478234454348398	-0.488121711302373	-0.592075903161667	-0.496706013816405	-1.23896491073554	0.326801395062727	0.567442856238214	1.24382837811459	1.38910994520093	-1.26522129089053	0.54567566750929	-1.44330912744301	-0.286126065986553	1.03453795043787	1.27983304868207	1.22502622873581	1.15438022428439	0.630902915420419	0.132919136658377	0.264622905943246	1.07017371984582	0.936524177070396	1.15744648035069	-0.148412337674467	-0.0159287528706959	1.10996921741517	0.981554696891542	1.04137345741394	0.618575073666194	0.240834983297809	0.796522831207917	1.27564386945772	1.05745846374347	-1.05873484802043	0.799681633251377	0.233241978002656	1.17343285320025	0.182994410292655	0.746868269224528	0.35134137269107	0.112446101202403	0.294226071146747	1.04399826594804	1.18135612834679	0.395261396725856	-0.192703505909878	0.782758499466458	-1.14739983893975	0.323311109306051	0.114762830723749	-0.714388491219141	1.4053833156929	-0.14041154110151	1.37304796594534	-0.286944807103609	0.984408838781033	1.10161331222934	1.0920155080957	1.25679371622148	1.13092057140668	0.929497000721473	1.07366734143705	1.31223560950666	1.04427966425865	-1.17031121839835	1.0207740121212	0.220784037413271	1.12113187231859	-0.0035713255265258	1.08849102710444	-0.34228605555577	1.15333255835941	0.992453485912651	0.143725425145688	0.668922243513493	0.478088029468262	0.574388057370147	0.00361971272840814	1.18380782110642	-1.07997410571017	-0.600208802818917	0.651136413176631	1.02721957654907	0.271147268755822	0.522863175917646	-0.635944592024269	-0.997754057519993	0.980945049322268	1.00226380329021	1.06111109363595	1.03095210597591
"ARHGAP44"	-1.16636897192197	0.0130430977007267	1.11069538520325	-0.955900045180496	-0.909786761112507	-0.557243768242378	0.0913437386756993	-0.283395862558611	-1.08963623499511	-0.942921087051154	-1.0879433604151	-1.93787291557911	0.983672571174075	-0.897306866193253	-1.84470808855824	0.981558745988079	-1.2756658320611	-0.977077578567931	1.06517340535305	0.623692361107672	0.998780977421242	1.13591445775905	0.248173709766119	1.30739716641519	-0.669156110850515	-1.62238588234483	-0.0477482701068145	-0.91912205660294	-1.51789043804331	-0.868887129443711	0.535738658247776	-1.42977748941367	-0.958182613521886	0.0458981191603819	0.137225096382773	0.332486122247541	-0.378035382007596	1.20939756191202	0.574533440749873	-0.800894957090863	0.398195412386952	-1.39183292102785	-2.07892000586178	-1.37744936906513	-2.14973945921037	-1.65463733608097	-0.612715261752066	-1.89114999399933	-1.7548649626314	-1.28173032220223	-1.95397097624594	-1.49588752667276	-1.12932955627646	-1.23735302893769	-1.62372268511136	-1.30961437196762	1.30151365830876	-1.56074008564127	-1.76074399173107	-1.25258021360588	-1.48927821474453	-0.506251434372688	0.184963962798787	1.21934146707009	1.02800714771843	0.109052825993254	-1.04513887583249	-0.742458802496964	-0.975081141951977	0.79407686806122	-0.973982906061447	0.296998763330141	-0.185483616926054	-1.035414232102	-1.0764308912967	0.109147573536257	0.0311695281718098	-0.574931676912882	1.05758718214358	1.00536452569184	-0.894368544804966	0.372272121815059	1.05227273440651	0.764891292957782	-0.137531561585805	-2.17241614796173	0.864461951052585	1.00335008032685	-1.23788784691072	0.30873368319345	-2.04147238403525	0.375749010570423	-0.318209927183913	-0.350622318077268	1.36741968138617	-0.798920930065929	-0.268863562858341	0.192071239105344	-0.663745169488525	-1.101414494087	0.417544142779151	0.562835860837559	0.440508181567123	1.29390812472255	1.25018583767425	-0.8852107048472	-0.438849384470608	-0.0452932700976487	0.0105809432392695	-1.20308912710756	1.22814586696756	1.02445626725486	1.12154019559359	0.433943580555106	-0.397100762521601	-0.204415180435625	1.17491140462856	-0.227700223291538	1.07210973533554	-0.442233376708709	-0.128541574868213	-0.18722161866465	1.1509521161087	0.132789407246988	0.247078823724355	-0.838912041993376	1.19940411291159	1.07164507459666	0.748168281689886	1.12144503973953	0.0537099710430634	0.740276933906342	1.22686751767841	1.19146020645131	-0.0810687411674515	0.182714032736026	1.00921249886496	1.01627870526038	1.06746369173554	0.608216497157973	0.607822580019556	-0.201902307233858	-0.215434100103584	1.07104435584777	-0.497476765605631	-0.794361222340164	-0.179060707238278	1.44414629390521	1.11183113196137	1.43965007238572	1.1892781283945	0.663680950355642	1.01319900845639	-0.707625100328646	1.46594028472439	0.372573228491871	1.05789199679697	1.24137305547232	1.2792395742341	1.14916281778296	1.15049093626948	-0.354954553850862	1.03221087103799	0.179234826851618	1.26882351911584	0.549006120408099	-0.536378873811377	0.43462473639365	0.502570344460169	0.283768671281608	0.709342715453579	0.00496376160045296	0.61101281369929	1.08857530396974	1.22080678137643	-1.02881457781709	1.0400079802573	1.33480698441857	-0.0610543291573602	1.00457958409378	-1.56675991261311	0.242467129052274	1.12913383488492	1.08327297869608	0.664161826767078	1.10479477330329	0.693044556398871
"KIAA1549"	-0.335118769821908	-0.79006985908887	1.01918160642824	0.065893309772262	-0.754387190946609	-0.678550869618282	-1.06005583168863	-1.17438634873467	-1.16398473341782	-0.0770973324346794	1.04301295598877	-2.06767953566021	0.24985266371045	1.34043366578281	1.30984947710263	0.551523528389056	-1.26327662869643	-0.798671608288376	0.875417526505618	0.344888023524286	-0.214779486718561	-2.20149383981611	-1.37245526857888	1.33487483006749	0.0853052986179751	-1.79580871811085	0.864927890624657	-0.101197501257859	-1.58141368113232	1.08955942814977	1.01894385447931	1.16915732629844	-0.763304160986404	0.0319901968762012	0.63338279984589	-0.50962358618096	-0.869960594890408	-0.172256209787649	-0.869655024933329	-0.646994793064829	-1.83715456591051	1.1906515020372	1.36861911904636	-1.44505483641604	-2.29550056598213	-1.76719178704873	-1.79572911256495	-2.36689301703765	-1.94780343313539	-1.31531399672908	-2.17038530260422	-1.4931075057543	-1.23006340574966	-1.32193319504676	-1.65653030909029	-1.53810347285319	-1.64617028710107	0.0481758838734999	-1.85020660032574	1.20783641790065	-1.58773156423064	-1.4585690653341	1.17015134606395	-2.30563785990752	-0.404223659977186	0.988265040222053	-0.794415253416127	-0.808547945079834	0.549042379065909	-1.02431006828278	1.08691769157739	0.988518021996689	0.323526426812792	-0.790047291603914	0.341280909317544	0.457486060070023	0.625913307900095	-0.510516529171683	1.02418404697986	-0.785372304595321	-0.0471481890957974	0.148219821400109	-0.784052106753185	-0.924372141704788	-0.754879977421905	-0.762652507735567	-0.118316703801369	0.243757292387408	1.13418218122326	0.249943223479372	-1.13637609036303	-0.270044374272462	0.980254556879912	-1.03974765762187	-0.66125625334035	-0.800933650883206	0.160526730110085	-0.229263377516348	-0.894987309864685	0.10847254826109	-1.17697244098206	-0.441914825178119	-0.545760975599641	1.12548076166997	1.149119559545	0.990476538591028	0.510231705940972	0.994919616417494	-1.04786743176849	-0.54543169881157	-0.74972590073567	0.664027055757521	0.355382254776105	-0.697305640612617	0.427562701346	0.0848974590487369	0.975204450453943	0.256520113765695	1.16603320728056	-0.331499829953535	1.06637530200776	-0.373236945469554	1.06113462059149	1.10144793629829	0.912615156823015	0.571697024456942	1.09859200406435	1.04657101494929	0.168472846603677	1.17629276551424	1.06721842380164	0.602775094486181	0.312321462084184	1.1416508478571	1.07460197153744	1.00924975334193	1.16715199175717	0.294396865077393	0.798601237267681	0.684670186925357	0.286222742194792	-0.710687593031385	0.982271074297436	-0.0544638066878501	0.597456774368641	0.43001544493997	-1.35932049596034	1.40390118782359	0.530514999761016	1.20983171730236	1.22402156412272	-0.278938422120812	0.822460963590326	-0.0062447263473063	1.35739292423567	0.190004361515573	0.984682902054712	1.29012537087064	1.24669360591748	-0.527652689321195	0.738774096803601	0.48461660719803	-0.249624790716116	1.22911447777722	1.01220855499513	0.117143928584378	-0.225188847210594	0.391111701896323	-0.094456534014067	0.200339743315603	-0.988879769788078	1.17087456496814	0.51664960392511	1.12269109372604	-0.0800541643467229	1.00871866857292	0.888168437555985	1.05082268884792	1.04601878442011	0.186740821992377	-0.469789587246438	-0.0424923596409412	1.22339900360516	-0.824084558363317	0.422396214921624	1.11430193760726	0.694861500569332
"HGSNAT"	-0.655746758862909	-1.47829633217541	0.905675494344614	-0.347137761027914	-0.237081261187571	0.16517846097743	-1.09192987176567	-0.59216880196501	1.28614515999789	0.788699219834069	0.698181048002013	-1.94912870283404	-0.694057725394722	-1.17636393417572	1.63546375797493	-0.376941101753425	0.122397368563444	-0.552318461341043	-0.920343793261955	-0.277053343867876	-0.0697451168335825	-0.971594880148023	-0.445454010417144	-1.25881944924228	-1.03874194749925	1.83750340417889	1.06612858221951	0.699441151497175	-0.548221467548456	-1.54859791994928	0.163769547889862	0.879756607322235	-1.14881250063611	-0.382222894400386	-0.148610974889745	-0.837606927422853	-0.505633005468919	-0.447031640290911	-1.57470939017144	1.08664054211925	-0.52154093033248	-0.654153418652821	1.16831743568599	-0.832385712659044	-0.85282713892284	-1.72851599322066	1.20139591147589	-0.11188072719912	-0.922574121140011	-1.4098709669932	-0.226265222190308	-1.16083314204738	-0.674064140501978	-0.884815499363017	-0.368883196370397	-1.008079641825	1.30138971596004	-0.972143948300323	0.822886985722022	0.103829227389489	0.522505496665885	0.804719012510141	-0.859320107960388	0.701419704775225	-1.09774632730191	-0.710791235896948	2.11604721919145	-1.14601322452312	-1.67998241787401	-0.888419621208644	0.0944749279346203	-0.513360271382603	-0.23685663865112	-0.351555441800291	-0.84978609667658	-1.05704902789326	-0.568151215985933	-0.882256844617852	-1.69357490402999	-2.41784583968532	0.902973669407969	-0.608131758238304	-0.0136829760406864	-0.551015463802597	-1.2512448427394	-0.474830678001949	-0.423935107872968	1.5013843047022	-0.421106253441646	-0.934146829635935	-0.685462002947229	-0.400154621469737	-1.22074543520398	-1.30813637983101	-0.425285181580298	-0.690609451455352	-1.58732467091188	-0.0555931092489843	-0.790894281810845	-1.22971979790616	-1.31761662065627	-1.47664366281823	-0.489113804037137	1.51836703799056	0.888624458664331	1.35604571424728	-0.779126353602268	0.841986267566606	-1.25766225254701	-0.321702003711046	-1.06737212488098	0.647236563230914	0.897752732238509	0.684332303810961	0.764637766965708	-0.757407227701893	0.893330172840209	0.364819005502261	1.40536207419646	0.476189729966107	-0.417964087575784	1.84705139955572	1.34031793688688	0.864531513831334	0.125460351031273	1.50880362640715	1.55292742910923	1.77746814498776	0.0344026582767503	0.844175599906965	0.449890886502276	1.00036496823507	1.57162071394785	0.829894700645425	2.04236649283058	0.577668989756472	-0.189286272293149	0.502555938361338	1.19700835222246	0.416661470792597	1.71346505143453	1.50387902544902	1.11752307793212	0.383408621902522	-0.480945941673058	1.30031006862135	1.0538407085788	2.21921784946384	-0.721359819854735	1.35606382813756	1.02176330674134	-0.43007869622059	-0.285541246748435	0.490363569369183	0.400645603072733	-0.72466356847006	-0.211427294636275	0.680339173963415	1.05777055227482	1.6904453503476	0.792810749931791	-0.480100156821498	1.74887863250783	0.310925655075794	0.729769991169301	0.0715068266525869	-0.993919667932418	-0.182072547586729	0.303533632577173	0.277082843661402	1.64791994565844	0.811689797049465	-0.108049092200679	0.769664488922492	-0.320428710311608	0.557299408928948	-0.288946968495905	0.672780084099327	-0.422186682248417	-2.09798811572087	1.31927188526487	-0.937864539303066	1.3846817390828	1.063672027243	-0.941480463370026	-0.438513214478939	-0.481309484189407
"DYNC1I1"	0.665871896848567	-0.789719194062094	0.307148807842249	0.449918490045159	0.982792312475203	-0.319822445781541	-0.693104168184451	-1.43974396239946	-1.0026666898559	1.07063292315584	-0.945356455823122	-1.88958128465297	0.344212319831033	1.0235927347609	-1.73971262539031	-1.37960635987204	0.78846751980918	0.287278134151148	-1.16035315198589	-0.246205834263838	-2.12599340909035	-2.00514184454915	-0.951525969842197	1.22651063512969	0.234997622593863	-1.63697910177602	-1.3877492123817	0.160477177128456	-1.517402723943	1.26681919488933	0.00787469512509515	-1.28396064700955	0.646478857440323	0.123408778302494	0.220408024399732	-0.557379382181841	-0.741044919442135	0.0930845522735772	-0.47255362365245	-0.285525153959057	-0.0084860050131978	-1.32639387132295	-2.11284292284056	0.694135587401586	-2.18772737301505	-1.6579030236659	-1.67673794431468	-2.10311400826673	-1.86823419555408	-0.944524755766457	-1.91310120373542	-1.30917487497172	-0.844463778758711	-0.930689815841964	-1.62142558140981	-1.1637721562758	1.29627247837694	-1.50351358492328	-1.83986899357308	0.988850607680392	-1.27762843791126	-1.11493328475061	-1.57585055996997	-2.01750693856927	0.545647768250329	-0.305800545317563	0.0969659204739817	0.558482915156163	-0.129979816695197	-0.506226191545663	1.02045544800515	0.439585109358788	-0.781420555710119	-0.597709091764421	1.04775704254581	-0.217779354970198	-0.0416448987049773	-0.787069135095513	0.479668488623425	-1.08687072698676	-0.694868878325061	0.353192318624794	-0.618771866756392	1.10697030356897	-1.22897720014164	-2.17190161785403	0.969492003655013	1.12050139607121	-1.02314517365421	-0.789242583550988	1.21004297913495	0.186768435452927	1.01444705499606	0.857779202362199	-0.446581881705798	0.654319488810449	-1.34058111194804	0.984143309799396	-0.190593567342539	-0.315876181314649	-0.694804053237517	1.04991037534591	1.08075233930828	0.758800985009399	1.09963574383882	-0.0352470446993348	0.978973625554969	1.21352984474915	-0.116300475015277	-0.0980997735209069	-1.59624839987684	1.17606822459839	1.18892255745204	-0.328762439196039	1.06565715469681	0.85902184634009	1.06607835040299	-0.0545468296239473	0.404052676154922	0.375361413698838	1.09329965601712	-0.517671033182897	0.092330846361871	0.521870664027557	0.665026228816748	1.05445328729385	1.13075017250224	0.258917172539325	0.585081491591698	0.98902082497076	1.04223863648008	0.757784823302765	1.09213642928627	0.526836126602867	1.10690159963023	0.502764913796955	0.402422321140184	0.36891078709986	0.116882966126678	1.04013012138588	0.416343046807976	-1.05482875222843	1.09854230431953	-0.115594728820963	1.16941642326999	-0.231496901249027	-0.90917821226958	1.3328897015747	-0.239926539594286	0.249277692078246	0.10064888759491	1.13892747797388	0.9869827381597	-0.118410707089377	1.12731441679132	1.1653382488414	0.999451181001011	-0.624021914996919	-0.375190815528452	0.307777788188436	1.05284519893834	-0.811619482783282	-1.17044003141345	0.605440053189693	0.905798968031269	0.760438478454571	0.55079752949241	1.06548958707324	1.01616806584924	0.0278473845383681	1.26840613862153	0.515861178265295	0.759414372078352	-0.991224391773825	1.15780684880148	1.21676678490909	-0.430718294459181	1.17306197079291	0.601577316672269	1.01365134120306	-0.16074472643352	-0.602919140638372	1.2141291905121	1.13362618395192	0.957093759755524	1.11821052199111	0.7247390171679
"GSN"	-1.53709200913699	-0.525742926231706	-0.856987678465947	-1.23635764867035	1.17132274049571	0.143097450478778	0.304725020606358	-0.447496320461732	-1.42846511476035	-1.2894673749012	-0.577809729126137	1.26289441701012	0.354657660583349	0.699053760536506	1.34086059869474	-1.22435853095186	-1.52818176347991	-0.796431529677662	-0.121626998547663	-0.508755061005875	-0.514713209860732	-1.12367934504404	-1.34205151022699	-0.680413940711566	1.20506472269248	1.08943683569437	1.1312621036155	-0.732832928796945	1.2700671330332	1.61744330371252	0.471115481185151	-0.613521027844533	-0.753733741598764	-1.41019042314061	-1.08959635125062	0.0110905401037329	-0.55839810977135	-1.49302611707735	1.30258884628565	0.141706036662724	-1.32711398418255	-1.38133996933935	-0.266904929094302	1.24312486399818	1.04166325946405	-1.55490270100535	-1.48536802199414	-1.33913540828516	-0.353586103776736	-1.46321037777816	1.06067295766564	0.123519358060721	1.19110522492615	-0.802819941459781	0.236059543384237	-0.410695557356896	0.216590803667888	-1.45181290746717	-1.61217126999551	-1.33483404807689	-1.30266973056025	0.827172051265873	-1.49062181201505	1.33026716963257	0.243490047108444	0.0555733949130876	-1.33860805388267	-0.17356538547746	1.14639609990098	-1.27922916768231	-0.424874637551702	-1.22186563625894	-1.44310460821718	-1.16888680893132	-0.988562895363772	-0.764256434144056	-0.0839113402665886	1.04119316314954	-1.3386130184452	-0.756339702040809	-1.36135998066471	-0.842919115709754	-1.41449423413562	-1.34793773995885	1.10468416368167	-1.31138107891057	-0.747088708903988	-1.44906736718601	1.11073746886102	-1.33543247861101	-1.62054287527701	0.333190025691844	-1.4105941850263	0.3633788345564	-1.25306078330001	-1.19995396848227	-1.33822535130483	-0.828047857788256	-0.0926991943926229	1.28663527844851	-0.845009301032826	0.131807226315974	-0.0747820770899242	1.10608275018793	1.56713867862864	0.287476439337743	-0.272324867496001	1.27825202828832	0.692136562436316	-0.876940807453199	-1.09776485488806	0.682659133177599	0.953435055818633	0.780524616797084	1.35613849969732	0.149934607318138	1.07828088203622	-1.26097345064385	1.14053803888241	0.391248048507088	1.08032190947954	-0.0412101437283187	-1.47087345077603	1.49155745302578	1.25661130960261	0.390718091031427	1.12845687815291	-0.0639015364434866	-0.277959653984386	1.31555636276805	1.07745727896793	1.21450185719705	1.29539259972938	0.550789935854695	1.06904527386884	-0.170972541738002	-0.24884402686366	0.298958059656082	1.20693019166049	-0.329993219472096	0.306222179361051	-0.642065820142579	1.2600106041612	0.477198734390214	0.905337904673516	1.17686634739041	1.18688373970479	1.13323449437298	0.800755300428682	1.14872041393481	-0.199550798132488	-0.636133411060976	0.245222392612144	0.184478030036083	0.476398812499367	0.420090776270252	-0.250532636410299	-1.35350015451	1.26426894951215	-0.115120006784235	1.36087666229208	-1.36797261423548	-0.311592293833747	0.460559589895562	1.19280139952351	0.604708094659382	1.05559174558116	0.217489962414024	0.0164759074688262	1.18155654483137	1.29408636732655	1.29364376752904	0.241824163402126	0.704075259854089	1.13376060754441	-0.281435505696449	1.24422998878942	-0.663188147163103	-0.170878864547915	-0.385228949583105	1.43103358030682	1.32259373550108	1.14901848623844	-0.277415123259029	0.587895482024839	1.26661181176566	1.00059105352368
"C9orf3"	-1.34619270155217	-0.773168602610182	-1.47888328077216	-2.2187325387276	-0.444147779500748	-1.23612957178474	0.274637710467358	0.0907500706095349	-0.455542439466554	-1.63353372224867	-0.73649083368729	-1.66720897550148	-1.22553573992908	-0.889115482864602	-1.32595625444675	0.420093651370671	0.942085517655752	0.259812731346815	-1.0628202750091	-1.06438320252913	-0.0727817218811524	0.823505050004376	0.809436406814511	1.8131381043473	-1.26721639207593	-1.06813017752134	1.16236867660964	-0.627225177265513	-0.529843194138186	-0.905246636778672	-0.52864012883156	-0.289325264955291	-0.448360037509077	-1.21772837047055	-1.05283908387786	-1.102403548923	-1.1890971230314	0.438087018207719	-0.882188020353339	-0.0045387035289769	-0.0633684286755458	1.25185372350703	-1.29288135393799	-1.36896527536912	1.56156456631326	1.3251474204119	1.56135096208174	-1.1064117372029	-1.05720908095119	0.678407744253947	2.09998057897713	1.56642656978982	-1.09974008231951	-0.668047719998268	0.665090299011774	-0.883331534851822	-0.684213793367272	-0.0588134689104774	-0.862775294551725	0.906443633886904	-0.800061321976823	0.540219702908162	0.230429310968874	0.309900529090924	-0.954482609599182	-1.05799151693891	0.2348179018381	-0.0778629427341547	-1.39567223628688	-1.07534776010763	-0.975403957388954	0.137188966218479	0.0296004552400609	-0.871264352599757	-1.58189019101118	-1.13309667103335	-0.523685839972508	1.31760761346336	-0.355099767194156	-0.91073027577181	0.128592484231202	-1.14696099201056	-0.704561616220228	-1.58966835469246	1.19226004569313	-1.20950232896551	0.335008894601553	-0.257854581730546	-1.3015787724245	-0.952040030716659	1.10808680774094	0.0590003648858906	-0.242569927130126	-0.888768374429068	-0.618508685353316	-1.00951597214669	-0.675783596481981	-0.272895086886639	-0.707026870987178	-1.25772287460248	-1.23602020679636	-0.619407965119897	-1.30700561638094	1.14187531167975	0.660013603435583	-0.509508934780286	0.665340704925637	1.46779607519247	-1.0782829127839	-0.116783391887954	-0.4345399144417	1.31025782701306	1.12040003504438	-0.305975940582471	0.594531217315755	0.213855662335736	1.22555184758816	0.206358150837443	-0.19325863484413	1.77307930834983	0.00751771219120703	1.61605644516228	0.023329775145508	1.36872847263222	-0.506821091325578	0.292364540645045	0.175100143348931	-0.727842748192494	0.399500669369527	-0.92073956178054	1.08324800263239	1.06089093370757	0.64002451178218	0.302904833529683	1.23185084530966	0.405734090215921	-0.23463691518905	1.28055947231066	-0.256486139843466	0.214723473659277	-0.55537609253352	-0.184222273541421	1.28684463986756	-0.156199573910739	-0.763972505976718	1.38631158052232	2.09965168191662	1.51786915222116	1.47960166993628	0.544267320714842	1.14646889264062	0.182890295877603	0.282893818846993	1.92637129016592	1.13811069373046	-0.636531279975342	-1.277479275023	1.64646226592528	1.54849235932248	1.4019756308303	1.5823224101499	-0.385267485293443	1.32095276366753	1.28312232816666	0.22256349567448	1.0596257590556	-0.744319255265894	-0.17912022382943	0.074896259944824	-0.324708089407602	1.54001566876725	1.54619408294551	-0.23635039467199	1.34944270649489	0.121882863643378	-1.1156379606284	0.572159327602382	1.63335827511221	0.355921939723124	0.463417372415915	-1.23269768502916	-0.290382198921627	1.40928423249919	1.54660748459793	-0.650887825547779	-0.0589565431053557	1.25166345502576
"GABBR1"	-0.665601014718568	-0.06796579457367	-1.25910003750822	-0.0314479841044572	-0.171888207889491	-1.45896934157355	-0.0862168786191607	0.96449765897429	-1.2066218411335	0.195810522850373	0.455677093725485	0.703230877507341	0.0217949917285407	-1.30878617043705	1.59926641949983	0.635775217714915	-0.0798754631941953	-0.0553528802939839	0.951440626198788	-0.162729433451861	0.134804662592561	-0.943480572987075	-0.306782957267044	-0.240782527534084	0.0960342347381077	-1.47817129748306	1.04587240672639	-1.18847242304933	1.20951970033234	-1.32499501719544	0.0522130303186408	1.19264111445203	0.987098625618233	-0.051991175311528	-0.366445292538741	-1.42258880019495	-0.770345018209137	0.218313855727821	-1.32381371508917	-0.369046670738131	0.549624676567613	1.2135129838872	-1.23331065644311	1.19355418557747	-1.40961219394017	-1.38243084643514	-0.200598026367586	-1.64507766974493	1.53115373495234	1.25100794934872	1.50576379282004	1.49036265992256	-1.30161236728387	-1.44209476599368	-1.37512539480722	-0.918766243910971	-1.19459957379068	0.407640404485377	-1.38195486888706	-0.165463178729359	1.51088012512913	-0.359839085208236	-1.35100530214855	1.26945643126417	-1.25322513499176	-1.22030089903523	1.05692754653572	-1.44749554523284	-1.01088288695298	-1.39360695925517	-1.29676225997078	-1.04150247789768	-0.126730609598412	-1.31331264408478	-1.21504729341998	-0.222513662498122	-0.245875716050585	-1.23310680963834	-1.38764994480318	-1.32331628462212	-0.231226699946948	-1.15615180301973	-1.07714098448473	-1.39225258690501	-1.32332861324398	-1.76656736364236	-0.147015264713169	-0.396671355248612	-1.60755822814159	-1.45881065607768	-1.68939425167657	-0.218086972646517	-0.122945819562642	-0.385538790653436	1.13985495347618	1.27409601387365	-1.17594737019214	0.186103914359502	-1.51702682148317	-0.390712572285334	-1.26037012025743	-1.33953149717424	-1.24945430904361	0.870475727349683	1.40379618830651	-0.144068624269117	0.487598630134855	0.886834067822235	-0.39028670823146	0.413882309218365	1.00585502121537	1.3400115185128	0.193340445332886	-0.350335743202502	0.493687152455238	0.00552589149238957	1.09600332899976	1.07303230158298	1.09483288078898	0.997196675341046	-0.283335307589714	1.28552961935455	-0.0495944262387661	0.37429603532874	0.602259691316138	1.12937183806257	0.0088400569639667	0.383830996531338	-1.27148262468097	1.48405512214567	-0.385242602530468	1.16208544718938	1.13097850073434	1.03426589634097	0.965698302840248	-0.422561603657028	0.052814572526377	0.384400409970175	-0.400380764878685	1.19201880110585	-0.697950477183134	1.21560642596796	1.18791542101107	1.10561598922329	-1.08684786609773	0.802124140353805	1.26489308972475	1.6717080102769	1.04199924758532	1.29172516976523	1.12722465418574	0.745760971047174	0.65052033270609	-0.0811905109722216	1.14956123018105	-0.453975075396048	1.20081417341845	-0.108135526437583	1.26594821978042	0.60390623205113	1.06791269921201	0.651843501791977	1.1113981986125	1.42869892084365	-0.153789776484344	0.995056008067674	-1.19265692858543	1.1020092736197	1.18694672764758	0.698080863944619	0.89642271580881	0.271810006339877	0.12477368739047	1.22792826971731	1.16957172530339	-1.22594582864312	-0.222259572658961	-0.400158802626032	0.0334417634633203	1.25296326118678	-1.47488170759335	-1.23475366159758	0.459276480436471	0.802057206560862	-1.33797107721964	1.04974430753595	0.256120349380862
"MCC"	-0.867667526593564	-1.37600418774736	0.735321157529907	-1.16528895781709	0.481341517192658	-1.58745251326918	-1.39046047750296	0.416456863755443	1.36596299307601	0.323526919324613	-1.35613392105104	1.52449491214096	1.4156400344464	-0.856757161088925	1.26687669434277	-0.870620362972449	-1.19652026666744	0.582911237402453	0.659243396184916	0.125898175132509	-1.30830299744375	-1.60767991964556	-0.793936492836261	0.131677367615798	-0.00414107449196432	1.35838026286148	-0.935550602339618	0.287587987948924	-1.8261659430031	-0.908563533499306	-0.49813345307477	-0.986393949536787	-1.25071675605264	-0.867608694867222	-0.00764124388050416	-1.38256626719369	-1.25232918326468	-1.34659515433714	-1.5261699284203	0.238516787972558	-1.16121138165099	1.46773721115245	1.3347365599658	-0.0703134078425699	-1.40865372711051	1.31264353142302	-0.858439034254865	-1.84142655506469	-1.852408547959	-1.76968588765905	0.486354900350256	-1.10522208818279	1.31460899855624	-0.223054194939911	-1.70177215829592	-0.526165806432817	0.984244842105799	-0.624590169155183	-1.13092137992636	-1.72698777528078	-1.81377614537168	-1.7729662456305	-1.73916035000175	-1.56912161395241	0.920188810238124	-0.214862793481665	0.549505567131482	-0.0966479231303028	0.681826388077873	-0.899728268368595	0.29437690696649	-0.350830298332247	-0.409020291869785	-1.23914252268958	-0.755230466671625	-0.64709169915485	-0.795685115112611	0.944411803553754	-1.41313291512132	-0.539610913272296	-1.1055679648876	-1.59067514477845	-0.800874266653379	0.309304034987299	-1.29533014870216	-0.817794547624347	1.11513543336791	0.99720133252817	0.951937252119016	-0.484621394841343	1.36948444124652	-0.491371499734092	1.19369237872718	-0.752202641563483	-0.191335449070373	0.54072943910338	0.541466752584055	0.345013526082016	-0.716021264478504	-0.823895000559757	-1.14397899529489	-1.13699973200976	-0.980137288538941	1.01627524840929	1.33229417452954	-0.322749223496607	-0.171201583861203	-0.132657563107339	0.759146410358027	-0.446850725835928	1.09434613134617	0.515222665212925	-1.33900502738918	0.299899867010382	1.3892367221976	0.0438252358188776	1.21251872568318	-0.31953666609197	1.25357898326704	1.11383430630833	1.02664644704527	0.979144474507793	-0.260274045626633	1.40636740461867	1.00949471035217	1.23105899128423	-0.822214594696689	1.28813487918197	-0.253930958610134	-1.09786602088993	0.445571661768028	1.14009523083284	1.18515193284441	0.193608570061528	1.31628425464958	1.02389071138325	1.0129541697619	-0.647849259703502	-0.866172895410271	0.361269687123466	-0.194780046623686	-0.648930666306631	0.607700581752675	0.742447418595661	0.147451387013599	1.27783385901233	-0.312336062204483	0.636932732265733	1.29679856426508	1.13420149708672	0.972108820682375	8.40633236095461e-06	1.30399352082816	0.782190574391809	0.442985749011654	0.526965826785705	0.102412865680773	0.985735202727	0.111533646225515	1.3723355808686	0.65624220035326	0.123016843526779	1.19682419277625	0.548455927797108	-0.649537336817013	1.29875301084845	-0.814405436001746	1.23504794703199	1.06172364063407	-0.607203679830025	0.427886525404252	1.31080244436234	1.09358735852568	0.582248888111442	1.2922672030985	-1.29170468207443	-0.991038525993717	-0.457993549351053	1.01856573229496	0.497276160852918	0.688973314562675	0.689055802933245	1.32606573968444	1.11907770571294	-0.0977330698766196	0.756706170390654	0.918536147871393
"CCDC85A"	-0.10525012838632	-0.229068053461753	-1.33361977293935	-1.33361977293935	0.332004502774279	-1.24026457874082	-1.33361977293935	-1.33361977293935	-0.811163709032702	1.10801533613068	-0.570708028011239	1.39599035267435	0.444448153266835	0.0332813851608763	-1.33361977293935	-1.33361977293935	-0.578219088417435	-0.138780540127536	-1.28124719892623	0.127126432663073	-1.33361977293935	-1.33361977293935	-0.536207188561682	-1.33361977293935	-1.12416454560744	-1.33361977293935	-1.33361977293935	-0.529651148060945	-1.33361977293935	1.16499601154859	1.27902602412111	-1.33361977293935	0.297813193058514	1.12500292357776	0.113700202498937	-0.436839660575953	-1.33361977293935	1.34294860254746	0.168774631765319	-1.02543434912127	-1.33361977293935	-1.33361977293935	-1.33361977293935	-1.23768882780681	-1.33361977293935	-1.33361977293935	-1.33361977293935	-1.33361977293935	-1.33361977293935	-0.69578525188866	1.31920594954271	-1.33361977293935	-0.384822795994127	-0.533588112232917	-1.33361977293935	-1.17176065677627	-1.33361977293935	-1.33361977293935	-1.33361977293935	-0.568304747302927	-1.33361977293935	-0.885788098604023	-1.33361977293935	-1.33361977293935	0.732474370697442	1.1003421990509	1.12452646110378	-0.32022633749184	0.330532254065329	0.179031423101597	-0.376540835448909	-1.33361977293935	0.378034677520229	0.0267171934752142	1.08071858410774	0.536839653259943	0.311398102104846	0.542560292248638	-0.355686636635141	-0.793409932164839	-0.0954892568656563	-0.989769652679234	1.11654927944804	-0.187776322302351	-1.30547206489694	-1.33361977293935	1.13680744405397	-1.33361977293935	-0.705865825881393	0.0174424348392202	-1.33361977293935	0.268499848903593	1.21878523588988	1.07983523573728	-0.247162518036739	-0.717599272527589	0.0647271538710245	1.09650264533258	0.758761611065148	1.11505766602367	-0.353385159157157	-0.151433318026394	0.624769093334162	1.37795190930954	1.28498116094309	1.16180080275633	0.501235186832841	0.746055453849855	0.262774294591205	-0.501625077971426	0.180069394933782	1.26848832521514	-1.33361977293935	0.981076073171809	-0.891992347529224	-0.664343566925678	1.11247060944218	-0.198214701275381	-1.33361977293935	1.10050282619787	-1.33361977293935	1.09842014663102	0.648927795943896	1.18132969390582	-0.127146142830548	0.869544605803436	1.3197845612858	1.10235834720119	-0.0745475877220365	-1.33361977293935	0.47089351597675	0.396115922367511	1.22823943966223	1.14800725413314	1.12081500430003	0.209470209406424	1.13514643069058	0.865122109884492	1.15704887854662	1.01176139216758	1.1316719403881	1.08048029588616	1.20984172710411	1.13549392943412	0.214970938062017	0.913261271492826	-0.396492483899829	-1.33361977293935	0.471052719567968	1.4324995463378	1.26481277019676	0.594352978501375	0.427661129306586	-0.896390872256574	1.44126524548374	-1.33361977293935	1.09511710454411	1.26322044170645	1.30884170783666	1.24083462263972	0.841548584492795	-0.233494319801558	0.507352715327374	1.15820628705316	1.13195905368831	1.17307272334517	0.163184070117154	0.0543812607115333	0.411860857000889	1.16388847952527	0.683567537316481	1.13583530356032	0.0738569261667116	1.16999197153659	-1.33361977293935	-1.33361977293935	-1.16378706028382	0.734843759779118	1.11645403384939	0.799689823180982	1.19732072011052	-0.345749153238109	1.19241534995894	-1.33361977293935	0.279124131694256	1.18682558200645	1.08959194525266
"QPRT"	-0.407610027015836	-0.449671047820254	0.979561214118661	0.0214545157916109	-0.5595422367101	-0.700324372766967	-0.197384213492917	0.664378032576471	-0.816812504417535	-0.568104969975982	-0.99348758836233	-1.96402206586481	0.764814637396552	1.10730773639325	-1.88577061254285	-1.11461212629912	-1.38102075451641	-1.21146439296455	-1.41870815214449	0.784396810768446	-0.945858020045676	1.03207807168137	-0.400253153336518	-0.752066395793419	-0.862588182287918	-1.81065258404927	-0.359140694585403	0.248558253593402	-1.65594176941621	0.484433957437239	-0.394743273826661	-1.62279062831585	0.41550858643162	0.34711516828337	0.766610930052411	0.509120772279366	0.778203567831201	-1.42865591245135	0.363789171409254	0.923226106097973	-0.918684361966585	-0.526037164097873	-1.30347629948046	-1.50553814269011	-2.17287249619287	1.27476137922615	-1.7687424402002	-2.11845684949284	-1.85453293383968	-1.45278438253359	-1.99445145589238	-1.59531837056033	-1.42322563320669	-1.13891900468094	-1.74307381134625	-0.294638452012928	0.258636418507585	-1.6525740942506	1.28535966466319	-1.41274439132368	-1.62470788658417	0.933733707937789	-1.70190769475515	1.34685947464263	0.939848958117833	0.0175491033063172	0.01324846606646	-1.34086141928845	0.227718818316126	1.09223847233924	0.393776846642397	0.204184815938388	-0.334181744002006	-0.955365352437167	0.576837870507173	0.648424701795997	0.601552383420545	-0.649482842762079	-0.438690784509116	1.06220025563897	0.865198841332338	-1.26811156844619	-1.24048427726798	-0.00876039907011528	0.418575048173507	-2.02196069317612	0.690097815569723	1.09246636164449	-1.30105642000996	0.254577145025613	1.35723711803962	-0.9759279347289	1.21220451930736	-0.301438259952596	-0.0286232304457061	-1.1551853081984	-0.68975994805455	-0.888169262357329	-0.212403649391291	-0.473971319258732	-0.487891189183625	-0.11718666646167	-0.872907126344367	0.992689866968775	1.25206409371832	0.99561019166553	-0.0472479322944425	1.37367110472069	1.02622941466856	-0.859855163616157	-0.0408453302863303	1.23626727977241	-1.08655877606298	-0.44736865837605	1.01995010623487	-1.12305331924762	0.0308891681201994	-1.18450162444746	1.05093787636858	1.08376281157276	-0.909714263983557	0.710855733685497	0.587922683102025	0.979441169170949	1.2687595083209	1.01999685740009	1.20786575883487	1.18069249554954	0.836269007576075	1.29039608141269	0.457167211459766	0.895957440635989	0.496921175474343	0.241912715606675	0.229200633245086	1.16071108037541	1.17650831145058	0.152186921209957	1.05454517616439	-0.0640453590717745	-0.224859346380048	0.498806498791369	-0.119309182864994	1.00200967015189	0.197426860830304	-1.35780790339425	-1.15461848349802	1.44627970071565	1.06611116674247	0.57491312314151	0.999901094817071	0.121217643476975	1.11629205888461	0.636435117992246	0.300486599817271	0.931919370810046	1.02967063240106	0.957210136563288	0.988993258495881	-0.417254972534344	0.1763238069972	1.05588277528175	1.30732064664744	1.25589689843831	1.16684474470822	0.982575623237078	-1.10112664387236	1.21431061460833	0.768381643504129	0.364661719078196	1.12122640020453	0.951802051287041	0.249645133949656	0.979552317950882	-0.648978447492284	-0.767924770686676	-1.05459079821101	-0.292692659275409	0.45863819659673	0.525058543989153	1.23945246159691	0.0384643809738399	1.00029509503353	0.335295134087179	0.980458864798032	-0.240811722594779	1.00250871825966
"RPH3AL"	0.718891897733709	-0.972820376205419	-0.640627220502652	0.210434717425614	1.17662755282191	-1.29229464906973	-1.14977469054575	1.13606415481724	-1.10684986242616	0.340601904320148	1.13798473529325	1.34568686273508	-1.0527280004298	-0.994594424174796	-1.67248053690484	0.345776316911265	-0.524177675051546	1.19177371072059	-1.24875103918049	-0.0961854537682989	-0.13522595206033	-1.92229368063727	-1.16233670754571	-1.09516100174853	-0.380677937786581	-1.68142985482998	1.26644947760239	0.127806786850003	-1.47168284102787	0.685135195240072	-0.287540004476567	-1.42833248956906	-0.0695592858068199	0.173400092703643	-0.898776482891151	-0.164844884932278	-1.00067716272365	1.15968529075917	-0.983040038898592	0.0267830449070443	-1.09858049425051	-1.44017011291714	1.27640484407086	-1.36419933418417	1.19805815034949	0.621276330872586	-1.6679676304658	-2.09884140187386	-1.80550355874188	-1.22011598357047	-1.80070534988144	-1.52251879719213	1.23333854034443	1.24200822615609	-1.64456737180248	-1.23794244020863	-1.47705681359272	0.508627648922117	-1.70976968006052	-1.20265763489172	-1.41141530199243	-1.3045667864189	-1.63171176713739	-1.97398770471579	0.521376990425947	0.390961750282153	-0.577381890894326	-0.944489127473868	0.123626744598012	-0.955309591059694	0.216796942931503	0.112917523810471	0.0701692692486573	-0.979338660408764	0.138508477049262	-0.0337087021746055	-1.01338810993109	-1.11638978512145	-1.194863057386	-1.02131711550599	-0.345730722309535	-0.608711174847843	-1.06858289939641	-0.556429664436833	-0.913572977030567	-2.08898003184473	0.00474913638117671	1.27943242456644	1.25233576427346	1.09978863541506	1.29377344415599	-0.00973311879738027	1.16539299133887	0.455247863976587	-0.894088029863609	-1.17197995728436	0.56059219348166	0.370665805954575	0.466073514117864	-0.822391322049768	0.116724266339971	-0.464022512543462	0.488110253232295	1.2908974997338	1.28332262115815	-1.27319958647309	0.0316461671199534	-0.521922568658784	1.1023338336406	1.1316270665454	-1.13233767130772	0.750166511618119	1.08736431500504	-0.375465451561923	1.12742335837652	-0.979988361230183	1.24148810908784	0.32065896757684	1.32588642367436	-1.01024945016746	1.16200742807738	1.20274573452693	1.22427326258171	0.132971240661497	0.667520958731215	1.27873510008997	1.11519832582576	-0.175906852138599	-0.420959247285576	-1.56594304946331	-0.887190601089608	1.23005705184365	1.09401922696022	-0.28255679120383	0.253154881613316	-0.157403799687413	-0.189101948506109	0.236916726733937	-0.617262093247074	0.649918325173147	0.611607054906555	-0.697963532040738	-0.357929867780655	0.156972265084538	1.11203506827971	1.20413238509494	1.16937876072442	1.58545439817083	-0.178285689779704	1.07774287166073	1.16629484767766	0.0222947945567367	1.18872808250973	0.623916334022819	1.31701579891894	0.497283471246363	1.14879592296783	1.13776038189098	1.31003354630486	1.24014822984016	1.12280766052903	0.350624000983168	0.437549611513906	0.0968428348544127	1.15648728615365	0.466426019970714	0.17554651409001	0.213544867889326	-0.683768965187512	0.284100291504885	1.28944167116039	0.403237722088132	0.0156096894435591	0.0198098731597658	1.08726005606707	0.592468443306658	0.302847451343065	1.11489359997911	0.242542522270904	1.14782408022922	1.25092252681855	-0.0244798623194491	1.22819978160385	0.745365806296632	-0.933833038697936	1.20030962347743	0.586648537195568
"FGFR1"	-0.095368431368072	-1.39732561070271	-0.127622267784107	-1.22666514725183	0.964876934339249	-1.76616168717984	-0.0758964990981132	-1.08091802163707	0.238701999488375	-1.04525914449564	0.259148895925752	0.864738526254987	-1.31453248864073	-0.719436678698147	1.4799771177027	-0.8127695069356	-0.853527144876754	-0.124708253996981	-1.98277757056972	-0.701946914312058	0.628860298158083	-0.961540476535605	0.6229223905069	0.0237541115076608	-0.414077095379247	1.39196617657856	0.547524891722566	0.285255138784117	-0.299413924388438	-2.10124641386208	-0.916942541115251	-0.233752576452449	-1.27088570532324	-1.2913592214536	1.04065614014236	-1.3294566162947	-1.16708088036649	-1.16474234806534	-1.1837564968452	0.920896690031719	-1.12613245485831	1.2268453897897	0.678576091162296	1.3566424767051	-1.96844610840845	1.20337542005678	1.28538842029181	-1.47578670315202	0.0410622320781824	1.05099482937523	1.42895514065505	-1.80602088136578	-0.935834268316517	-1.11842619987428	0.931048568998566	0.936143885928024	1.68242163939119	-0.114614806313181	1.35983733767235	0.683184777247778	-1.72220220360034	-2.03407440934647	-1.4698826611769	0.112784488168071	1.04126910520859	-0.20521650113073	-0.0257158240884106	0.19273230458581	1.24127807669812	-0.979075783864956	0.0348923852024686	0.870371566316463	-1.03462407234634	-1.24012275784892	-0.955329659765641	-0.144320041821543	-0.176024282039101	0.247933313086615	-1.32649453794197	-0.937875935469615	-1.29813229889647	-1.64416620295455	-0.801298344044779	-0.389542785759648	-0.963785487007191	-1.16212804286924	0.615506993804509	0.142268123703363	0.0882021345562726	-0.494027129573457	-2.0581445285497	0.366391030024687	-0.15582117431008	-1.20555558340673	-1.60701647870687	-2.00259489399996	-1.20267873694771	-1.61166898872579	-0.992369227961333	-1.08942058335144	-1.28889424291417	-1.10243973058989	-0.889257001715908	-1.00900211402848	1.29046307677921	1.02961480031435	0.090210463028957	-1.32595189384209	0.621723564105146	0.644556963585006	0.28432476850335	0.0753741197282638	-0.272632250965171	0.577982085606512	1.50813235619205	1.14691166473049	1.11576770857384	-0.152481472926839	0.519702429875737	-0.194585470415549	0.350978311532448	0.669610342178755	-0.981335432673456	1.18975000802072	0.653739082973574	1.07373660450079	1.3685025923567	1.11893571209833	-0.341827447921813	0.436776357177299	0.535527031070006	0.50818720867701	1.4781277132985	1.30819469743257	0.539905025164292	-0.817098700735398	0.626939106724633	0.0234299330023432	0.404291602946875	-0.283283271871815	0.0486695765661233	-0.819634184781593	1.42706707957835	-0.684472503073457	0.993119064621495	1.33808074620087	1.28453028864183	1.4705314529035	0.526633467776546	1.13041153616537	0.932918265697444	1.23436207524861	0.52337301370855	0.511879767283234	0.607586307119832	0.179941848636345	0.414807232692351	-1.24366974113968	1.08832387756811	0.543614833300225	0.0546747939246582	-0.221593790432128	1.29978596845287	1.13729908680776	1.35241063542827	1.17077198459538	0.0391544115330133	0.651175771178619	0.523601467035584	0.85969795433691	1.4329474609983	1.30224878381198	-0.504515760290255	0.027977550068529	0.711303587152862	-0.231828393308034	1.5696449029666	0.0330254948507428	-1.25613240500896	-0.26354503255213	1.11772033627892	0.547468763847856	0.89501225723852	-0.0041995925526213	-0.275506085910372	1.2759183374572	-0.238843590627924
"SCN9A"	-1.33667995678604	-1.02101933915026	-1.06106868242965	0.724328523226945	0.670419452142548	-1.34433070077759	-1.12439373322707	-0.897470981735909	1.08039999306376	-0.650264956277176	1.21251298361469	-1.77305856671643	1.19304239758137	0.634853014741895	-1.73397615604666	-1.57098546836235	-1.37226044766285	0.165090748578658	-0.0964390361471738	0.970362902004085	-1.27783627928653	-0.910261539742111	-1.41726005272431	1.59066407898211	-1.17930025728341	1.27203368288025	-1.38427988862411	-0.442969751952186	1.27162339096849	-1.25015988283048	1.53623450539028	1.50630018545862	-1.06662616791658	-0.60404738900177	-0.579425406991035	-1.29025255579604	0.195261932559716	1.09223682679369	-0.250205395212207	-0.32443785560584	1.34525837656384	-1.52934046995732	-0.725879637371357	0.39669688589435	-1.92389480831095	-1.6638857692418	-1.22143342504117	-1.80977851206139	-1.71451574621332	-1.48260591411225	1.29445997315934	-1.60256744714409	1.07383366304647	1.48478355973883	-0.0484571838171703	-0.0452003728271323	-1.60261709443437	-0.931468694598582	1.08124537111244	-0.0108488428792006	-1.51794360500906	-0.842954612256341	-1.67760527357818	1.36812985077731	0.851924582852716	-0.416091484439143	-0.88131994107835	-0.267180584859264	0.494289740566819	-1.26925820842579	0.075719770069345	0.0453301138427178	1.11389411604755	-1.327172123133	-0.0814294063687509	-0.526635666932461	-0.186994946330047	0.0261395907822482	-0.803661453323222	-1.01065544267434	-0.678686101744232	-0.95670200823062	-1.05008997439381	-1.11125103063758	-0.646537775795506	-1.78826677794597	-0.13031372204145	-1.12687688137371	-1.49518083856546	1.08552947385698	0.300091619242463	1.09266048051633	-0.590647870647546	-0.548440125282823	-1.31685022530049	-1.22080245955797	0.593054624231632	-0.738035377556292	-0.88693633726107	-0.408056453249939	-1.37785410858153	-1.09384230704725	1.14686471241216	0.349140682444082	0.220132869547829	-0.491983262244967	-0.146560779716539	-0.609316504504005	1.43373590225637	0.476916840563755	1.36629090689758	1.3378172410021	1.34157705793532	0.507313349507516	0.0653168288982645	-0.843455396064849	1.08752686416852	-0.4348414011955	0.0868831017676792	1.11375971594593	-1.19749908869176	1.12705575007271	0.605757053223972	1.29065033560935	0.200607883940913	1.2906622433543	1.53331883370005	1.06851549225722	0.962826836569052	0.349375393117031	0.465347513663667	1.06330458957102	-0.383502031871711	0.122396768709887	0.395979707266165	-0.293603186596308	1.20179124557009	1.252869679146	1.22879855028536	1.10009479011399	1.10489183696602	1.10213019460925	0.236802935264327	-0.582754985194851	1.08007376566036	1.07216497820912	1.40950123443977	1.61269876431171	0.0924466233251451	1.24211602520856	1.29329776185171	1.13406679059306	1.11773915188718	0.511739052567766	0.461399177511527	-0.0540742484443923	0.310073837595258	-0.196250671205633	1.00081191136823	0.788075900158349	0.112118511353443	0.0152476682328533	-0.450390801857757	1.11489613035599	-0.355131748535794	-0.00511104201255655	0.00486799383352958	0.885953533332427	-0.873823232773005	1.12297178517151	1.10515347346595	0.596149420691967	0.0731315959259825	-0.582990143968313	0.195847778454887	-0.952298361410856	-1.04959344244653	0.00581062319984356	1.06528027335814	1.07794664151757	-0.300780610990475	-0.361974512731445	0.663186186460075	-0.0927887379571765	-0.216469897073499	1.37267198032384	1.10867289039309
"IRS1"	0.0719502591641874	-0.603027903333166	1.41817376432229	0.0292273749888119	-1.05347327954962	0.114747664092135	-1.26847648237148	-0.789534049997384	1.08125935449607	-0.942059265338088	-1.098198426456	-1.70976013036543	1.06831476447728	0.963374737908778	1.13212067733852	-1.89182709115196	-0.560243554384465	-1.43810595541684	0.870184366027314	1.24305432675613	1.20289695074345	0.943950856433394	0.257753931726873	0.29909926643379	-0.066900061880666	0.939775860768888	-0.974351199930405	-1.15388718687734	0.909833044020999	1.09701192159905	0.289243371067038	-0.787104322668918	1.22575611290858	-0.474037369083424	-0.958203895226796	-1.00477570387811	-0.525281508475495	-1.2246450073331	-1.07056592156926	-0.0898469173145756	0.628516799924352	0.886593089331596	-0.828402214036201	-1.8418811845148	0.589228702748833	-1.88595130920747	-0.567069221102878	-1.03080938786258	-1.60362313499786	1.015217476854	-1.14008248830964	-1.61737664490514	0.0307388538996516	-1.68708129591643	1.19299075858769	1.21025588055225	1.14442535985095	-0.92367531113311	0.370091491421419	0.73162796151307	-1.62557737263788	-0.943975498259403	-1.2385990822463	-1.89342939838936	-0.496231311326908	0.943789322454292	-1.1214064458105	0.231495081287369	-0.915884499574947	0.0972750202241907	-0.043010798806977	-0.914440520824097	1.02697541874714	1.24256556471774	-0.82473591024729	-0.803463015159729	-1.53126294972513	-1.96679567234991	-0.837276344725268	0.112683704447252	-1.16904724456361	-1.6284004878115	-1.02942593037246	-1.02160697174578	-2.01640747738444	-2.1366337250748	-0.789863985909716	-1.06180974058953	-1.82686874318737	-0.941495765334959	1.29352203601685	-1.49873022435814	-0.583016871926211	-1.01940440892864	-0.150824562085331	0.0349719133441682	-1.62865696904119	-0.0828212655010356	-0.635789616252136	0.924964340926138	-1.06363924511268	0.388385370766596	-1.07912330929878	1.09802096897354	1.33480589606035	1.34700134514503	0.468992176539246	-0.412077793259854	0.519304175150084	-0.12630061608687	0.885477647804528	1.00991881618246	0.424107167091272	-0.308883686958711	1.32310519221307	1.15681327979339	0.409927987426578	0.181518977326567	0.0362127269549966	0.712380780462113	-0.814841963345388	1.44125604015685	0.865882382622285	0.872346057612955	0.00515750432664076	0.926780608697809	1.38831544036742	0.0540867044268271	-0.701197997719015	1.46964324518842	-0.428838857495345	0.0415676481413089	1.26264380134662	0.0214713218025554	1.40926698228691	0.744048705984608	0.628480986016311	0.883430709361214	0.0238889306680094	0.890077180904903	-1.15926943418465	0.520304786524655	0.578553123944619	0.621364142046084	0.881350308908136	0.246659367812809	-1.30096434177234	1.46689275171493	0.21259978353144	1.56472883254471	-0.698851313890126	0.996742038082285	1.15579164783072	0.850303754151632	1.27861997561125	0.0164117879846407	1.10113722387099	1.06794961183089	1.54403274199759	0.339679871507883	1.25343603719056	1.23186288516345	-0.628864307611742	0.570538390005296	0.619106166112579	0.677682736515689	0.153778500852238	1.02105221528437	1.19722529101035	0.0689247634351077	-1.02548944380226	1.46880633910245	0.152511861323004	0.930489271758982	0.936789979280479	-0.758762246910383	0.396506185936457	0.942566580549955	-0.687708110883118	-0.00827484766891163	0.0837911622077761	0.875757065644179	-0.119938390910578	-0.860706619888087	-1.03896474730811	-0.57193855052414	0.867864738178012
"ABO"	-0.708760773465801	0.858012771358534	0.440198717051926	0.179464604373086	-0.413644726942947	0.874565613896434	-0.856909110110171	-1.42927270241012	-1.04443039981354	-0.951294944546968	-0.0509776509681477	-2.02667119026741	0.127224347950992	-0.543431905047085	-1.93509349025214	-1.31126496749286	-0.688377965021113	-0.752314152399892	0.136070959291697	0.0465385711148949	-0.776322076620119	-2.37074987277345	-1.07155410046405	0.972135511965669	0.202557757213027	-1.68178523497381	-1.28754994990432	-0.818494446481233	-1.46034679835956	1.06719217094371	0.0583346483335763	1.22686527270767	0.983248402684422	-0.610978076646618	-0.426282687602583	-0.444881102901316	0.36517927698508	1.05035933435686	0.568703131263769	0.69517549201564	1.09760772611241	0.358009196825478	-2.47721130746732	-1.23136297162277	-2.69404445163173	-1.84412238815193	-1.56744050695717	-2.40232108454658	-1.81553494907576	-1.0480116476832	-2.15992612691552	1.2966274099958	0.0221032400124408	-0.993318787555287	-1.5407661577208	-1.11226856373248	-1.33881215551915	-1.39793538121983	-1.85356590460331	-0.986517031663681	-1.2537062318122	1.1231795725041	-1.53730054867939	-2.24874988600133	-0.853550293870126	0.83226239704973	-0.873506197187099	-0.204505661375008	-0.886965895701735	-0.679771071922254	1.12559361816747	0.335180958086385	0.879833304215124	-0.0290371075112572	0.736813881235478	-0.059859263900769	-0.519974722307734	0.562686995227618	0.656005437059656	-0.0079678248553654	-0.450371703799392	-0.80663043719847	-0.415295077007185	0.470704175622489	-1.15019766146057	0.0882139707711672	-0.491169902966193	-0.868968891026691	-1.01551579377775	0.447840712325993	0.289055843476182	0.953314225733471	0.246357227782891	0.42021534809973	-0.225882651293326	0.266116430900855	-0.0882245196347499	1.05210867756658	-0.289733242812845	0.913610347475567	-0.974836966636687	1.00187037206101	1.03155163078113	1.04488714156017	1.04323464309398	0.983411725143977	0.20220644928373	1.11697442293314	-0.263044334593528	-0.0768805600554709	-0.304000418081393	0.576770694725707	-1.31617444926385	1.07483302948761	1.03456289885528	-0.321693773759151	0.500263741089687	-0.13542780297945	-1.55211285783249	1.00131176138519	1.14240080820021	0.109437559124749	-0.886361655808121	1.1805170310881	0.135183207342289	0.150363005050621	1.12607342826162	1.03059138854785	0.795591637853165	0.194676229737406	0.384523310168703	0.364727254757084	0.966872911067828	0.5491276809802	0.303202279865451	1.05625983796193	-0.329863804154025	-0.125934689342035	1.02668034000939	1.09313338009329	0.983063865617384	-0.810194508431979	1.07670960645897	0.775009990886826	-0.291394360496144	0.372445255379677	1.1564368037044	1.27048830497169	0.345733347334076	1.33140054047333	1.34889432975865	1.01612118802849	0.986773619415791	-0.225601990234308	1.27965826921313	1.03977416795969	0.321454598539891	0.978983845125302	1.25508764528146	1.0049274292932	0.316941950095283	0.0603158898000916	0.984692935136678	0.98876590735845	-0.93237018756816	1.0399629299863	-0.805427022683017	0.968481098335356	0.695354686472571	0.604373387634829	1.02229268876617	1.03977436868866	0.511660871330848	0.131840896082607	0.993373505713017	1.18056795985847	-1.1961790079679	1.19798216713059	-0.627959073427239	-0.137483708940857	0.0318177965389042	-0.0308753041531532	1.22676238261692	0.326525299183235	1.02130173757963	-1.99436181590194	1.28735227392945
"PLEKHH3"	-0.0438523482620038	-1.29437508509927	-0.302538162643461	0.121005743623911	-0.912225907486672	-0.180782856434946	0.77589955421852	0.453058610204058	1.3174278761677	-0.373723412479503	-0.981126444532518	-1.68983905860817	1.17722024321654	-1.35691840059815	1.57921163675969	1.11362601230678	-0.214331977806961	1.23358310484735	-1.42327955038161	-0.333114044664117	1.06386047216216	1.37386576537656	-0.712779017771065	-0.631782951877844	-0.600879446981962	-0.408519265962051	1.51737161467412	-0.921085873267734	-0.65659002156071	1.19537529269011	1.11467363935065	-1.48906990980729	0.245058677399126	-1.08290855092603	0.301125121545503	-1.2645900926533	-0.563274891281276	-1.27935162031882	0.797807467887483	-0.894734381057831	-0.284533927877407	-1.53649118057727	-1.66622058174274	-1.47666348946858	1.21887081784146	-1.53861845987495	-1.58603850677931	-1.72387794779109	-1.62406744328251	-1.36295799037377	0.871427087777248	-1.55900727723678	0.587315512787462	-1.28062773035855	-0.913857504529573	-1.36662467233476	-0.0726729790804023	-0.951307630948343	-1.61535459645027	-1.45399831042849	-1.47252286765829	-1.04189736484144	-1.58572392085893	-0.767842772729426	1.05105349066765	-1.1035862890827	-1.13000613956134	0.13269106462669	0.445793462402107	-1.25486308722735	-0.101149838056067	-1.19137531775486	-1.08775684264938	-1.36378334122175	-0.446291056863232	-1.03937161072822	0.322835839369264	0.426333901179718	-1.36690425782563	-1.0185657015729	-1.02336907328845	1.07993199508635	-1.05331600033183	-1.28289294760645	1.47025425802942	-1.69124565756069	0.0897060445732627	-1.13702520701812	1.13530600725505	0.533403423609917	-0.90751882257842	1.08949473187981	1.18099543567643	1.0919694740878	-0.849894591825005	-1.25431465034068	-0.57146955476917	1.16795272180349	-0.290544212759995	0.0313853167937015	-1.15558701517352	0.714424239693045	-0.439562313466794	1.17123160991043	1.35185198072331	-1.07579375837158	-0.0509436655170736	1.24779526931182	-0.813598294709342	1.18289654511765	0.659458953008928	1.36387874982778	-0.208306008865217	0.0171492839687847	1.12492623379415	-0.0928753255259666	0.580351177318975	-1.00751944059784	-0.137319222706708	-0.147211864470529	-0.0318489319046615	0.396297210373264	-0.488685525426113	1.14753158303715	1.2399671454424	0.069465273062798	0.708257753386923	1.18131235105024	1.08003556813788	1.38111744786227	0.269770617957427	1.14723375743492	-0.451281782121203	1.1588437098291	1.09880784601734	0.969981226911059	0.708866199117985	0.480543218828844	1.34312809555041	-0.67371870244769	0.588677570158258	0.152616387589896	-0.243502024599535	-0.076938070751505	0.297946682780994	-0.0419252303998486	-1.12170643639724	1.47052039626759	0.0109642607348588	1.36084088026074	1.41057384147969	0.0877323197230078	0.950599326364055	0.890637453297226	1.30331131176411	0.174210490908604	0.257622281996755	1.18878598183349	1.1295170573884	1.1219032156673	0.299977618031476	0.14541697444911	1.28539668886576	1.2509530198777	-0.493760732460484	1.2595456320561	-0.742699371699879	0.702205534176583	-0.368967666572585	-0.286580611812623	1.5157516346982	0.410053975611905	1.08066573257856	0.699781568842887	1.06435568139769	-0.971531846094093	1.07706888038563	0.209288273510289	1.29410915482317	-0.991224417337054	1.3989523278898	1.07260674805746	-1.22957923714267	-0.710851514413979	0.463695509347726	1.23621996606209	-0.253175204135049
"FLNB"	-1.04557694327175	-0.226632010159032	0.81738682661498	-0.091294009304657	-0.225290737368773	0.0454392794622659	-1.55443503935289	-0.519746539838813	1.10618447171175	0.587985488252648	0.45712562446361	-1.76482124762368	1.22721055742614	-1.60610222324257	0.447213421610723	-1.63970384351206	-1.19053896026791	-1.0587643969244	-1.36922954480077	1.08262897933886	-1.43170943338941	-0.427481801292713	0.261696982439616	0.34589919196662	0.983885021253787	-1.83913721804562	-0.981245081235358	0.265791707953044	-1.8265889767628	-1.81841936849479	0.96277096263107	-0.0403605740120458	-1.33713030059679	-0.215522290111894	-0.144417590089285	-1.45336963972079	1.15182586458793	-1.46579151544734	-1.29931979239148	-0.753685696567037	-1.18876822009694	-1.60403238391583	-0.0407711536800128	-1.07858689521683	-1.33835947416617	0.855820928224293	0.68304960356399	0.0651481598970644	-1.51188872349676	1.07217566461794	1.2093056066618	-1.35327232979168	1.23901561592192	-1.05268377723941	-1.26359449055564	1.34106107524568	0.442773785290823	1.1403918617457	-1.80396126741728	-1.74331894411988	0.993101755560993	1.36287880173905	-1.48163910205506	-1.08823958860351	-0.589979123505549	-1.03542999510276	0.775332067421079	-1.23355734327865	-1.14912477702692	-0.26845585059614	-0.578934444610854	0.465484183756388	0.414053298174665	-1.53555001944655	-1.01395499685834	-0.803228259147558	-1.45582757215165	-1.06399214032539	-1.29756080124261	0.298088851996882	0.690021462061416	0.163548216097802	-0.594092781217941	-0.268068520864181	0.978755456089651	-1.49748874536937	-0.0264819383857562	-0.858569107180873	1.29369785788918	0.288880154085593	0.133625310996017	-0.91073907396062	-0.848105788325092	-0.139469565721412	0.985121213187645	0.1115690322492	-1.55497061889187	-0.471063772586531	0.278802369766872	-1.1092315729477	-1.45157205340287	1.08081149520141	-1.10049372914149	0.396193019803146	1.2447324419686	-1.22891177396401	0.803234011114436	-0.569867116393284	0.701107824452141	1.32946824178187	1.14777567885162	0.741553892469135	1.3909308309307	1.05563021144361	1.09459098210173	-0.553340732996451	1.09010463254316	0.834159322364475	0.490117449544493	0.99337714017326	-1.21138846017576	-0.918031317892355	-0.0025382948959343	-0.400911962177461	1.14491434093079	1.04802718914595	-0.180591777789417	0.958769728492935	0.969729441264011	-0.969440723548267	-1.52104929338261	1.13681139157764	1.40146703502824	0.300564082678955	-0.0785495912191427	-0.278167219351275	-0.260493612571024	-0.786437562060364	1.06316812214871	0.916036105360959	0.316149372996915	0.022037272354684	0.939762071240853	0.151080058071042	-0.525762245685044	0.241739193804009	1.11584240944973	1.43101431382688	0.043501200892999	1.14671826269299	1.295082460261	-1.09179981444883	1.25150036488698	-0.357849311597515	1.30163805615163	-0.0601211061520084	0.425216190922534	0.0505613677625879	1.19873688436658	0.567422504609977	0.702012791914384	1.06840455935534	-1.31265531190842	-0.872544406933719	0.332554781135809	1.07997350330534	-0.944425708436561	1.11105670811854	0.534418130345592	1.03974747772448	0.756799348265004	-0.248235136637378	0.722205438824381	1.42251139567636	1.30695951738706	1.20047496488957	0.591597420511897	-0.482646338585936	0.974927997060027	1.21457180799045	1.04440950780299	0.83898798561032	1.30229442869784	1.04657608894329	-0.606811259802868	1.273807050081	0.77362958281593
"CD99"	-1.0300787682637	-1.20413538083854	-1.12275650525914	1.26206026868491	0.67153170602851	-1.10224294127344	0.0256657382280371	-0.284515592860328	0.330190862917594	-1.42832462349787	0.491742065930164	0.731186568727755	0.005708082576531	-1.34432366376786	-0.276650391759723	-1.22623023428456	-1.27587663214897	-1.16523627759864	-0.498810417344019	-0.199675391873762	-1.51387171651931	-1.10075963357815	1.15664985508047	-0.0881505811013291	1.60687940643719	0.43841423192038	-0.0234532039769354	-0.367337368540453	0.563198192832888	-1.69742931718375	0.289301759525487	-0.162941116554992	-1.12554845862558	1.21921824827608	0.102922147477527	-0.339875200358014	-1.13198171289658	-0.148107554694755	-0.626175452939012	-0.229405616740474	1.43512923463717	-1.25765622514719	-1.25758024645827	0.535567156887213	-0.0491066797638955	1.48880405060173	-1.26434218066937	-1.24223884016999	-1.48790359403375	-1.46455009391697	0.184975834698704	-1.16652506063312	0.216798004675459	-1.29340067794199	-1.02689086919341	-1.31086361672011	-1.40161203400193	-1.17893481922807	-1.21295450259078	-1.11792887657892	-0.224460302224697	-1.23784094231022	-1.27114875613645	-1.59548000391826	-1.23279277845071	0.106196091491187	-0.652585651391307	0.289238496728598	0.73695547847286	0.276744961528429	0.334282087496234	-1.08161564473895	-0.231352168331204	-1.08541206300494	-0.727184521922533	-1.28123264337323	0.577482372984906	0.188124677317224	-1.10468631096703	-0.177076381490667	-0.357424193805033	-0.196564663167117	0.879554007294961	-0.902277479587752	1.68068673539814	1.54285030934366	0.480355695268218	-0.965705768751295	-1.42468346955177	-0.418345570637772	-1.47910245835792	1.94890497923551	-0.179797814125542	-0.377536481845616	-1.27613088300876	-1.0768959717671	0.403183722563433	-1.14449287307678	1.00047385553758	0.208302084044719	-1.23673747245928	-1.16436818585383	0.53110397104079	-0.205086023731464	1.14637578259693	2.30403281816223	1.17499714441503	0.445250518657327	-1.0013248867155	-0.890977982330898	-0.569124732969554	0.574679581924149	2.39056960251722	-0.0344712379878095	0.436186337785757	-0.081111955412648	0.163497595345724	-0.0500641332719565	-0.138456653994048	-0.82160213262597	1.78770615268931	1.23997190957917	0.229215127300738	0.112144318102125	0.342445048463307	1.14131141577524	0.624252643901624	-0.203444910520943	0.0675485574906373	0.5669435762379	0.779270246945895	1.20134806371129	0.281011809027737	2.08564329285783	0.412637293655036	1.13364455501598	1.38147031015225	1.59424961289239	0.164709147088609	-0.153878082805424	1.85530951120416	2.32886291610032	0.383796944919049	-0.564738397625018	-0.283344608642738	0.183285028947613	0.336268490739669	-1.0074699585347	-0.420868979065376	0.292719154485456	2.35377081454728	2.03806763654069	0.670140546458455	-0.0256401736949344	-0.51167677291563	-0.720697320542732	-0.515044817185748	2.38316990821277	0.522813008077092	1.42778049570104	-0.381713121155536	0.261484961671191	-0.140829304825477	0.0260240951340387	0.0701320164952698	0.596107732435179	-0.247727390502996	-0.743140465516767	0.701646662754876	-0.284527328235682	0.640510055943008	0.469121067516377	0.940936507330998	0.557424469439198	0.982795305815507	-0.980902842616243	1.76983478097958	1.13356644095982	-1.3805457678261	1.57734764348256	1.38122963630942	0.0422939573694062	0.279818406510542	-0.311965319700559	-0.362915994086862	-0.185210675675051	1.84006189624569
"CLDN7"	0.507552337494726	0.188731052434449	-0.621709360439728	-0.401040404342028	0.339166365615426	-0.449732651283551	1.09291051864915	0.774926545075445	-0.837057156615583	-0.932187162612258	-0.742373695717563	-2.14099779771297	-1.30437073599497	0.0823305614806968	-2.06183562108743	-1.10919986789775	-0.769033930972229	-0.259882736708637	-0.945944309859533	-0.659095426812704	-0.36542809171965	-2.47161266809373	-0.714787243577387	-1.70686602238581	0.714705548600778	-1.74360653029905	-1.22631786187325	0.0816030585907826	-1.38951636393017	-0.723522249208815	1.04639745878276	-1.02099294453774	-0.342403048410276	-0.456358892984494	0.113341411135741	0.988341547941561	-0.354505513391404	1.11269923338921	1.09935887040789	-0.354070333715897	1.05514389520769	-1.0714211186174	-2.66526580672913	-0.942260307434989	-2.66526580672913	-1.83220061163514	-1.68584092379329	-2.47504447699558	-2.05936751941782	-0.835491772913368	-2.34958118929832	-1.11112149983599	1.07526890049677	-0.69382034152114	-1.38761936864263	-0.978490021551749	-1.25230917534759	-1.31421599062748	-1.93070578158208	-0.705079840178691	-1.08249707805103	-0.884810741722232	-1.54120407922314	1.15696546171996	0.50980157871922	0.306190065027846	-0.614537199995226	1.11279686405734	0.730453853762332	-0.250602305073402	-0.622154652490704	-0.290167794718953	-0.552071751454969	-0.0627891858316938	0.734180207986412	0.681253599336241	0.968577522896226	1.19212862826865	0.586830825352933	-0.589186004589679	0.397538711938214	0.094478463780357	0.686628612481587	0.95006089694439	0.563560175461454	-2.66526580672913	-0.157868803470915	-0.0372790507649691	-0.505307862372717	0.555216362103798	0.232024176697614	0.38032033710366	0.193255146922921	1.01531299639413	1.05618887196218	0.999468614480235	-1.20527723093712	-0.140394813354482	0.316724681936678	0.967668414011956	0.341193937024642	-0.520997586805922	0.471876448984433	1.08361206579384	-2.66526580672913	0.17508522393741	-0.148286556107615	-0.822033634303553	-0.462103569010295	-0.690736613224831	0.715687773640478	1.1195217986321	-0.30245928702092	0.197206040353048	1.06715288252805	-0.100999993393328	1.05694981125607	-0.0895173786608099	1.00765607296435	-0.0417676724629937	0.633127570064019	0.979612798300621	0.0562184586272473	-0.032357219497593	0.428105507959995	0.0113804998065665	0.417149592767482	0.416450911347427	-0.0299692095892597	1.07002119972197	0.486922596963666	0.833699750973428	-0.241838418469539	0.948286818124983	0.549435893682705	-0.108271159850626	0.947958203569801	0.268978835018492	0.984622517236709	0.969314490838337	0.266245464954244	0.242818009443263	0.560667126952811	1.00295698429901	1.01401099223339	1.02331465463115	1.02515284408486	1.25217929439645	0.502651017891198	1.14007427707827	1.13077008333407	0.204272902320727	0.639596106992655	0.325582659156095	1.18616542386844	0.150644548380752	-0.638074192502807	1.00771626578259	1.12884093036445	1.07498573892899	1.1360803389535	0.0350683152467957	0.995430744462888	1.05157884164492	1.00078132575914	0.977749856317892	1.09283886169101	0.962718935315167	0.961095036429049	0.506277538588689	1.09844086748341	1.04424464168197	0.950462334292333	0.671478920483502	-1.19817452150929	0.619497774507402	1.02089654570091	-0.497018607695879	-1.68739125673801	0.836330747253011	-1.34242630531484	1.03202509958584	0.969431957544299	0.6321724137163	0.382294686965561	-0.215354627672635	0.34313696889205
"STON2"	-1.38001525105071	-1.04924119563258	-0.226198236501022	0.458586630078433	0.00598702618545225	-1.00994573622829	0.0701631435200165	1.27906781819988	-1.24784265350919	0.0667548258397766	-0.506930751941062	-1.79383648767175	1.14920687797375	0.856043807278912	-1.68857404828446	-1.19853480595652	-0.576846117279837	-1.36230685763202	-0.198638144755451	-0.239697121376209	-0.995490172785968	0.297007172819389	-1.2182247250757	1.31775849229188	-0.312599096188085	-0.0547682874872499	0.839459843801908	-0.0756478259039751	0.483070513002156	1.49056753449335	0.122697628739663	0.385760590073166	-0.758888284363024	-0.436066692666443	-0.845649982000157	0.0692344321522955	1.22848784801494	-1.45617819967521	1.2273574395425	-0.539975952857326	1.26250001676829	-1.61322427048654	-0.620414961394848	-1.23936770347505	-1.91379770132351	-1.64085609911507	-1.66019258087668	-1.79954160683728	1.25067638429771	-1.60509283135815	1.15990409374664	1.44682612602994	0.552543171635092	-1.36047873166276	-0.552927101563774	-0.361113168552515	-0.268715385530866	-1.64639641015612	-1.41194835982991	-1.58729405923849	-1.61550755897017	1.38709090450796	-1.70594105290158	-1.14547289949167	-0.51942832134487	-0.366766312752464	-1.3191368592819	-1.43443318792359	-0.91826365777661	-1.00447630230146	-0.353144235396413	0.400350880256269	-0.37080580563932	-1.19157789444626	-0.602759002299467	-0.978456068104944	-1.20834550035873	1.25395815962351	1.08116889526118	-1.40997080238052	1.27530930164929	-0.87810334546342	-0.582639918319261	1.06083698140544	0.24539662911375	-1.90923068392187	-0.860776194259241	-1.44178080668119	-1.52572029943204	0.159606881120108	-0.722701238918877	-0.384973744480279	1.14462309417617	1.10637580685986	-0.413376242761341	-0.963225451492008	-0.460301868544285	-0.848469466273789	-0.00221498582138903	1.13060812678171	-1.27004711862462	1.22348715989419	0.166593080930988	0.518143443196716	1.42899139918139	-0.819561196754721	0.337562110242786	0.620554880053816	1.24016543014781	1.17389855701881	1.07883526907997	1.11371778800478	1.27701940333369	1.09727953598497	-1.32924720193596	-0.267333679496935	1.20584864431638	-0.0638125371406558	0.00626315932801213	-0.572215494239783	-1.11813166821982	1.18168090711808	0.603069959487796	1.06926735491508	0.568505457636089	-0.166793497089135	1.29046790097723	0.91690024777257	1.18930098220619	1.13595581681204	0.2195931537187	0.446927121986381	1.10894914578183	-0.939338151348448	1.11168404542154	-0.0497736951737544	0.0778445452379056	-0.207407380422889	1.35757496570315	0.34463788901651	-0.200712535578343	-1.2258643597225	1.06939034097858	-1.54084472688446	0.764876979142588	-0.268880818067718	1.20997005756906	1.57495173538916	-1.01035948258854	1.45010032875933	-0.218107291259459	0.154535130635502	1.06759893306009	0.460330067647478	0.317744584904925	-0.106560590686629	1.11098467933241	1.07716971075198	1.29921587891738	0.69758443987614	1.07550518701208	0.286150654822675	0.378470678702826	1.33396827963001	-0.922235499159484	1.23950978028051	-0.248626924456622	0.852522657345284	1.20266248456001	0.199160198841886	1.08880728069484	1.12472309684381	0.563467097837602	0.517389635128017	0.485738197490565	1.28561273264542	-1.06763132070159	0.466545237118853	1.1609536974375	-0.0144552313636427	0.657617953378057	-0.980611688089309	0.66386126790908	-0.881521967406494	0.101095233315337	1.16949294169291	0.59811777097665
"IMPA2"	-1.16554175795944	-0.0703877277331658	0.134562821456996	-0.252526244691954	-0.130709571701673	-1.37470037045833	-1.27448700403009	1.05428745896426	-0.443590745630853	-1.03876167241824	0.974971116683811	-1.87271711398014	0.554868239121626	-1.32268726146575	-1.78828939640138	-1.54979503842489	-1.11799001053503	0.997035640225969	-1.42786205667573	0.790438623949847	1.15445295383467	-1.267289421242	-0.597974848824105	-1.71874541084016	-1.17542328316402	-0.220136586374762	0.370070202375061	1.06453085074185	1.45971856137601	1.31462295060525	0.971019789300821	-1.55844385466566	-1.06745777731485	0.33497616637644	0.00384929226551426	-1.06291944141671	0.628740197627492	-0.844136659783088	-0.734097186395678	0.60721691478981	0.464863094817525	-1.57706093131654	1.13197615078671	-1.48652955578125	-2.05727769476594	-1.77345345703299	-1.70258810274252	-2.04302057486157	-1.78804002567306	-1.36969915429715	0.998015330823794	0.974584681629965	-0.848533922224098	-0.860703338883184	-1.6554571665016	-1.42212924598901	-1.63812248413375	1.24552856446539	1.01187350212798	-0.277546592150943	-1.59630269260185	-1.4116878536658	-1.65574112954058	-1.9491746290594	0.0542959378712354	-1.24857837472596	-0.463279284618271	1.10780014591205	0.53155883378066	-1.11030124793562	-0.606746647015868	-0.0633490074700438	-1.19207815501307	-0.210274380896804	-0.502271860192534	-0.803203844224764	0.0559741103179657	-1.2535919773078	-0.384091737510174	0.998880841816454	-0.919747711338558	0.105144388843163	0.974231516984458	-0.852093397947431	0.763953036989237	-2.09214292379496	0.303852015363778	1.05134384954022	-0.468584589693309	0.346846568487749	1.47424742273693	0.903402527806561	-1.2829276850775	0.567360231138554	0.9878492392419	0.454836499951385	-0.127382755734832	-0.847166577468949	0.571199338945433	0.530877158361625	-1.19433299486233	0.251379699734775	-0.462907227904508	1.32046465895606	1.19423013936793	-0.12880857005562	-0.709094340413623	1.06704452703394	1.0293503076633	1.10043717537027	0.846678413161919	1.14762901121165	1.05477023641456	0.483996106757026	1.1445773481123	-0.897935589138341	1.15908385232986	0.300452396370282	0.254976927459994	1.18691153443697	1.10556679213516	1.07864017155667	0.967830730643152	1.37490706403144	1.08453939748141	0.74937262821008	0.191218179654626	0.65741970605689	-0.352531137563305	-0.678865819253276	0.850562788866222	-0.0840859438158445	0.481105251753115	0.390297686458962	1.16032587118751	-0.450624712167976	-0.0194035598489356	1.21538828552629	0.707551243284982	-0.979863536628389	1.18492902389931	1.00312606113681	0.217856037029465	-0.147968443553647	1.08105892982016	-1.0846607795725	-0.304471436738888	1.12882538574459	0.246569947120047	1.36266260309312	1.26208394421684	-0.098314107114029	-0.0230533671036913	0.547304332045813	1.46036998660195	-0.966008808721188	0.147326053726155	0.00818575369991439	1.19812917899338	1.03198346347015	-1.06039265541215	-0.143231435381754	-0.886486307756488	0.472212888073397	0.398783702617593	0.218884159976462	0.370713192515777	-0.403705442779326	0.0405313804043301	-0.580476531557941	1.4097724066194	0.590075930279748	0.0243479474028481	-0.368684450169372	0.986120238120144	1.21297984103913	1.30041513849963	1.03508287995497	-0.900310915218285	0.441420323061459	-0.99200999385882	1.17363375074618	1.10994074745656	1.08603200566002	0.315501444626987	1.10718314837039	-0.220827467780454
"MATN2"	-0.231835867007086	-0.89225488108292	0.221080215709196	-0.392067565598087	-0.994323692788637	-1.22582840651548	-1.14390885152569	1.10325140417323	1.17034027119755	0.0767835586919082	1.24300963450764	1.51260375748283	1.01091346920094	1.30728975918345	-1.87664511443792	-0.973174248633041	-1.04746477746231	1.09191338979825	-1.52250484916823	0.116522198986282	0.138035879160947	-1.23603346540134	-1.16025068926203	1.07936920214034	-0.254978199472623	-0.784270177419355	-0.815856482089719	0.380334223549204	1.07567776498731	-1.42895263763381	1.09345204244296	-0.926998368568224	-0.530093167627385	-1.05750783938815	-0.0844784677279776	-0.952287092160097	-1.01092356032529	-1.2067798114241	-0.874279715581547	1.06623418528562	1.0149243475143	-0.90038539951024	-2.12546611900751	1.00656649380344	-2.12800094553576	-1.94612511196037	-1.88541377806039	-2.01760825317222	1.3466341761597	-1.48996490905338	1.42555328716205	1.36955687908151	-1.43667103794276	0.645331620537525	-1.78045025001482	-1.6115593339132	-1.79310337194393	1.39956374154597	-1.95974848217225	-1.49605424307965	-1.58301469174041	-1.47705936817315	0.655727613450301	1.41494347693706	-0.460651000279852	0.642661248802049	-0.483569118288905	-1.16684316077077	-1.16913097507374	0.251031643276389	0.426925191239986	0.294534011026607	0.583465653251813	-0.807091528923449	-0.0466162263063589	-0.710038815113959	-1.03132281399561	-0.0926510039186916	-0.0225549875681271	-0.825762509955623	0.109338873558485	-1.48050975461745	0.205763557549825	-0.990738745190157	-0.849888041826189	-2.1125758179066	-0.292100566963198	-0.927298657060267	0.822004857681036	-0.0389847879368993	0.615668740532691	-0.707778072267283	-0.518362809793549	-0.966568627224446	0.0136528251921304	0.0309347483931882	-0.831245337817426	0.374828544125233	-0.620625317363077	-1.07427493332716	-0.357438512746802	0.671692288696868	-0.0158832338394003	-0.407151189482233	1.47774454322203	1.0534777097574	0.2776073842374	-0.274715409389258	1.22338083445002	1.32183434791286	1.02250035266572	1.29927134678553	1.26647879277161	0.102323811328824	0.182145932614352	0.0837401788648002	0.277304540826226	0.481642916170072	0.58228950283729	-0.368945809352296	1.226124682633	0.54752667675195	1.02788149240641	-0.429109115260749	0.211266745252279	0.732654290768947	1.23326198319265	0.324980362846597	-0.0964026838544033	1.15888731746026	-0.82988896604611	-1.08814335588304	1.28064319228566	-0.665733243302709	0.938721700414231	1.13377383902404	0.397871151079051	1.0457748115594	1.04683358207644	0.974216483910318	1.00533792713008	-0.508476416913744	0.61617917811267	0.00144082076242003	-0.328336232105825	0.524490660504426	-1.3297958196877	-1.63026024136072	-0.400326824768361	0.545158652427775	0.867138007496977	0.997962304318364	1.14783282229947	-0.556973753332652	-0.131775221315082	1.15148809295192	1.18499766871805	1.28212087668175	0.231893058032253	-0.731962977667216	1.26453657875245	1.14082752773457	1.31374892153764	0.49838154815249	0.734471769192477	1.090608991328	-0.711227013873451	0.865278659092713	-0.0691918114533865	0.270367902818584	1.24498113028874	1.33055575215054	1.1198841702276	1.08697087972586	0.402249270100124	-1.39389653101692	-0.206981544795329	1.09845400565676	1.03953589412027	0.0390192386769258	-0.171572428853317	-0.949168300410931	0.393423903620279	1.04209182538472	0.803196531849902	1.00083078994801	-0.140867172134615
"WSCD1"	0.457092127602391	-0.689973692838814	1.04480736530168	0.0728559829003103	0.3121539682584	-1.25709386121132	-0.125695230678109	-0.81965266572599	1.09104575032779	-1.30842476315483	0.204432322456618	-1.85572214127669	1.23762989799334	-0.840763756007876	-1.81358273870786	-1.43902747171622	0.0319230187041004	0.723537878437988	-1.22841678021782	0.382162169826263	-2.13844225059771	1.16120088309412	-0.679004637690399	-1.72140271923263	-0.233473472353439	-1.62972397185728	0.499969258739159	1.03252619160014	-1.54003586837408	1.21387449699314	-0.521289792230106	-1.31920214018927	-0.502991535313684	0.176741040814017	0.284944162184552	-0.677304648077246	1.12291673879957	-1.12525673452379	0.79510976546591	-0.00640327360281402	-1.57900322719447	-1.36141554825465	-2.07669678949305	1.09413711372555	-2.07602781637147	-1.72809807462309	-1.61107903137572	-2.13098542731153	-1.83872711213215	-1.06921462362591	-2.12112643331574	-1.47357025481774	-1.00275083858549	-1.05056705263107	-1.51676528777882	1.11651968180669	1.05168214394461	-1.4375668810024	-1.81479253428871	-1.07366497773784	-1.40026285002937	-1.18012644116004	-1.55253297831634	1.25907323250944	-0.338811014814501	-0.201736565580626	1.06597890685839	-0.36913053153179	-0.322932388952429	1.00038642947963	0.94681335755398	1.06165226548023	0.58093051218611	-0.967049601331139	0.0298603626817307	0.182709501005201	0.123255963739527	-1.04140459005743	-0.918394326092518	-0.66673463201379	-0.814457513895073	-1.21949144054369	0.699040155619099	-0.544248257022834	0.110794190097314	-2.04606215430875	0.210956489394003	1.02090510813469	-1.05809331555923	0.456265773567118	-0.0907511375157824	-0.96469860372266	1.15863826689512	1.16722989182787	0.354151439996717	-0.725833345099309	-0.473030468343463	1.09504290035751	0.296919267797628	1.0675963762721	0.368422106286544	0.488751908034713	-0.310895037219348	0.255018145319423	1.25753935223336	-0.819828149981462	0.999892734627112	0.634135001798784	1.25600146393891	-0.157166535126143	0.771915658478407	1.22551930602524	0.780407567024869	0.266154657833409	-0.289664559575836	0.573965036920876	-0.437354338002357	0.695201247882161	1.03890348819104	-0.440860131159459	1.04737936447903	0.169622669019704	0.236895608166925	1.31795302809598	-0.175799718250375	1.13090871438062	-0.502821631300952	0.989394625425273	0.610240810985728	1.35624897707758	1.07586138515828	0.0769992276369657	1.09459529303753	0.777613773549787	-0.90200947892531	0.364434453877161	-0.122247197531039	-0.327973783664839	0.675142839754715	1.04199435542855	1.07534152366686	-0.24406250029033	0.00893616646769375	-1.0358110344977	-0.57917420925764	1.09093520448151	1.25477550596187	1.38137375691928	1.22001783055249	0.54718206175756	1.22019854074124	-0.934954704494974	1.11863754226008	-1.22188633729698	0.776943865945573	0.3866609890858	-0.121840508455705	1.27320768462777	0.900264667399239	1.01082235579215	0.41396229475906	1.13945517331538	-0.461216939151504	-0.107277549306947	1.10293403507811	1.18968400447219	-0.839923741608281	1.19425212146724	1.01733113678074	0.15215144842681	0.405203672494028	0.529219642978718	-0.708462049996256	1.18541930789734	0.302172360765168	-1.00759469878463	1.15431440636609	0.449793791771036	-0.741949387400105	1.08147143416942	1.03648624335195	0.725769336187057	1.05328646524329	1.04219733692571	0.615008205863014	-0.78690141819934	-0.019591413583819
"PLCD4"	-0.876444016655462	-0.839763176569751	0.206194746208867	-0.620304075204554	0.205542732694416	-0.76311019834802	-1.75437104043576	0.0669635140794967	-0.56281564115491	-0.0352572977620796	1.08505596772254	1.10468164563872	0.630326716422098	-2.2973262297139	-2.2973262297139	1.13602681414488	1.10454642202282	0.741040812293476	-1.25384556480414	-0.749590478850153	-2.26020230125322	1.12110283561727	-0.764033346701978	-0.0713556459063571	-0.844070373412507	1.07396118079114	1.18396330573188	0.377360148553869	-1.78826818063116	1.19554456196801	-0.924294342091552	-0.482444539267393	-0.691420394580522	-0.776150535107616	0.490725670669065	-0.951204296596701	0.363963980796762	-1.22402084146605	0.589186537782887	-0.312966595382106	-0.374153687191697	-1.41694233594725	0.838776005206024	-1.35723900666189	1.03570354010841	-1.82018656719864	0.508320389111597	-2.2973262297139	-2.2973262297139	-1.03086115448327	1.21466952537432	-1.59121477062165	-0.982720743004631	1.10652435484102	-1.92967289466102	-1.20731600829839	-1.6343355871293	-1.77849129418413	-2.04631255485566	0.535054220592963	-1.38325851960936	-1.30605218548984	-1.97927364242891	1.26831222758274	-0.22368503575523	1.05753559584329	0.0199877762571835	0.175188564365536	1.03620909496914	0.25273659470602	-0.191943263429515	-0.14320933143953	-0.0687516455468449	-0.772552419964589	-0.647003477291203	-0.241681856573837	0.614044345623386	-1.02429089048754	0.0383296118716693	-0.891563391006164	0.306659182598236	0.182672663790398	-0.258819781123557	0.0675936309186786	-0.827319108104294	-2.2973262297139	-0.29000665405368	-0.773060889373372	-1.14353928790177	0.166638321313023	-2.2973262297139	-0.454728944497262	0.112812122892782	0.656958912112467	-0.911579675717494	0.261911528759762	1.20888997647283	1.0541663232149	-0.755776943667075	1.16278742967813	-0.485437250771551	-0.565304174936604	-0.436727165791402	1.0742776950817	1.0457841818848	-0.689981715844571	-0.173683828306826	-1.0430201035916	-0.501358263776043	-1.00654940514882	-1.85360187990304	1.05634599648933	-1.51893021375138	0.0886023504088783	0.574783929828954	-0.95821832212862	0.577847864377535	0.332059381860181	1.06376644629986	1.029376687561	1.09678686858067	1.09691595266336	-0.369523179464912	1.36337037021568	0.421215859056817	1.01603410855684	0.32457439829205	-0.384055894550762	0.0991848539197105	1.27080477805043	-0.10450020172032	0.399121156803346	-0.00125239066695762	-0.670408869269685	-0.527175242251829	0.322422729045441	-0.713581400696958	0.608449978135288	0.393933555743078	-0.0520850766569738	0.691651111472945	0.475222388209953	1.04899296052239	-0.219313414656343	-0.0105046474308888	0.247518605486856	1.12665187593541	1.27805073902642	1.05523504636865	1.08828617980029	1.17661600135801	0.623943491167069	0.729308398526659	-0.33991536806157	1.14306938087801	0.859870988315144	1.02743328133356	1.15930146201765	0.157291031229228	1.06547219371926	1.04381933738264	0.866604776808758	1.13315381164432	1.08305018903296	-0.175620193460072	0.438091576011521	0.401966624343877	1.02324227426056	1.10626848100211	0.206218477224218	1.11370284548616	1.1704895708266	1.03061540044227	1.1256140016768	0.200139210707849	0.498312334250503	1.05666349585395	1.06808295403204	1.17122088096812	0.433577870805236	1.15548097928354	0.280549805645953	-1.33465843853426	1.1689200127455	-0.551226691177997	1.21384442626303	0.716193994450307
"HHIPL1"	-1.13283769065176	-1.05890037502486	-0.154430878801958	-0.630398980477075	0.209318599886616	-1.04468525150728	-0.568200832328242	0.623774836863169	0.101082895783374	-1.22341115454427	-0.832636279558262	1.40899020198246	-0.97928153722115	-0.0833772642846116	1.37194826208591	-1.4418523044892	-1.28134340114732	-0.0932232195521254	-1.52335410469989	-0.768377320338603	1.26546479115212	1.23168508063279	0.231742814987116	-1.18417671083594	-0.626333740549015	-1.48498371344489	1.42814295542864	-0.308544921838367	-1.53730980832522	-1.32471381801589	0.234771582919809	1.3469857596557	-0.565941986500187	-1.04271673891505	0.260404571820822	-1.21634671123313	-0.0213488629031086	-1.15995724095575	-0.988471526194875	0.268198596068499	-0.672573349234064	1.2021599791744	0.237965105291	-1.22967974619294	-1.78449702635963	-1.59601125292154	0.78668679957568	1.30850200224413	-1.6106785563099	-1.53678905566132	-1.74720426717024	1.47307663876205	1.27515365510086	-1.50310084585945	1.1420159568212	-1.47881331360067	0.511287593238251	1.28456454210529	-1.5773019992216	-1.46556495121435	-1.51194013679138	0.409867621841409	1.31559124036782	1.53612529260934	0.455666357639281	-0.34923279649522	-0.94516595543605	0.342470234509806	1.31251053575263	-0.763285675937031	0.444859558884207	-0.495000360029019	-1.10138131755598	-1.26483692423874	-1.05921026198463	0.388333408546608	1.20959699035585	-1.21232008355358	-1.23311637709332	-0.128481484834939	-0.390445462620218	0.36103336349747	-0.469878771690638	-1.1746087067464	0.437804127206116	-1.70429000481869	0.740219226559507	-1.17349019362078	-0.359015491039402	0.148385601669319	-0.247023516053571	-0.0170966131911677	-0.992395369398427	-1.01632963806123	0.197431486406779	-1.233093025123	-0.111565303612855	-1.06231982265513	-0.74690924082774	-1.29328974929309	-1.29810383147891	-1.16435032814472	-1.11032250704163	-1.16690453216628	1.22838797678415	1.29955908878901	0.475938333010242	-0.30325672191654	0.925964317495374	1.26681490257215	-0.948512595052287	0.26348854072787	1.19830261284471	0.0152473166905476	1.21521726879195	1.15879923094672	1.16570959778178	1.1260535145377	1.31007182017839	0.538164539674543	-0.891617671899391	0.057558302669139	-0.0569241921638771	1.23404321003527	1.29828692732276	1.22129007911884	0.165685960029021	1.26129095824742	-0.106251196879576	1.31348229207221	-0.967414622200208	1.23725644654031	-1.01399611855503	1.24955762982516	1.32862457583333	0.693426213519404	1.18642762331319	1.20663874865737	1.20590797833846	-0.0224454888064052	0.308580499739881	1.13329971480657	0.0991882680510982	0.248542126874581	0.388851715071476	1.13464211123498	-1.39574633720289	1.66579592317494	1.15410563647701	-0.703694648760237	0.21924939021284	-0.0892858102374458	1.19195931192325	0.505967918979432	-1.32678155797867	-0.617114438174718	-0.142341090169573	0.854753908825569	-0.281994731554601	1.25223449750165	1.25455033093528	-0.424463410272115	1.22573981993764	1.38159717658383	1.18172428289336	1.13522596028193	-0.638799082880287	1.22666008835973	0.519095987954039	-0.441513388069343	1.12031546937249	1.21957142682531	0.301551700625646	-1.10612588135069	-0.605295762225877	0.121336392325543	0.221023467204187	-0.280148796921301	-1.19622999404658	-0.213507786720826	0.130950067654033	0.642066464282545	1.13492835981115	0.232785258119509	0.546128836014905	1.38804336742652	-0.443244209597973
"NXPH3"	0.993439626787829	0.191956986488529	0.993861460686142	-0.278013862734982	0.706348719358574	-1.40315748183768	-1.51415599404856	0.230606950850417	0.980174952390013	1.08618233636988	-0.845689522799985	-1.51415599404856	-0.344359789884718	-1.51415599404856	-1.51415599404856	0.765984696996716	1.0826103491061	-1.2727808180077	-1.33408407914551	1.2189226656851	1.21017712745134	-1.51415599404856	0.837668886800225	-1.51415599404856	0.144544242375691	-1.51415599404856	-1.51415599404856	0.234786171433879	-1.51415599404856	-0.878042684553252	1.13152099577637	0.977170011597316	-0.293597139944315	0.603066923884089	0.173309488245133	0.89817943379793	0.0169364456059699	-1.07308857564134	1.18215989451435	-0.351706857507637	1.19987872345055	-1.37260662641102	-1.51415599404856	-1.29932570991535	1.1159063274124	-1.51415599404856	-1.51415599404856	-1.51415599404856	-1.51415599404856	-0.980897855350413	-1.51415599404856	-1.51415599404856	-0.753883298424225	-0.802633984499115	-1.51415599404856	-1.2604909492499	-1.51415599404856	-1.51415599404856	-1.51415599404856	-0.809008289023984	-1.51415599404856	-1.09587850264868	-1.51415599404856	1.25688738126666	1.07134999164194	-0.407041646573805	-1.07414825564893	-0.179675482236762	0.471845720655814	0.824128412909562	0.447526652545508	-0.443468959122046	0.854194955157702	-0.421047554406671	0.0708077385823122	-0.542217160821844	0.451170401726767	-0.741337675483106	-0.560529046897151	0.350944259543157	-0.60840017619241	-1.18491718106906	0.887180245599301	-0.531362543662572	-0.184389705311459	-1.51415599404856	-0.368108771096473	-1.51225926094273	-1.06342456089007	0.79111879174577	-1.51415599404856	1.01109986417462	-1.05071713914821	-0.568229685560888	-1.51415599404856	-0.234826240711977	-0.0329635694906652	0.512671721158946	0.545795892670083	0.411273303114187	0.259579310215131	-0.0968895604034733	0.640174560227443	1.01319379344502	1.22352009090991	0.0479021901989712	1.08806912079548	1.11028066941157	1.07348711865002	0.536046883632242	-1.51415599404856	1.04224563214701	1.11300934210612	0.145275505807757	-0.295479489845242	0.308255589820324	1.16455808584644	0.381410413459319	0.993740433598856	-0.618657872653439	1.0932164060979	1.03759059774265	-0.140945029837001	1.04287489265402	0.368700894931172	1.105892304465	1.13684885610731	0.688977735359098	-0.256192459620514	-1.51415599404856	0.0651722189663233	0.589253911775997	1.15179704007177	-0.105663974456078	0.327380121324207	0.808161004584995	0.728358136362496	1.09941995042814	1.04822774074161	1.04972680172845	-0.0668001717388184	-0.465667659687702	1.16743739132729	0.506098255396953	1.23603616710975	0.136767949417556	-0.749040839284008	1.27327954025702	0.334712912703693	1.12281213543425	-0.671597971742956	-1.33663968042392	0.759120889981172	1.08959818238833	1.23372895171821	1.01295020608	0.658694806364162	1.02160054567927	1.15118392302401	-0.856865706108707	0.0953356443860067	1.04629109910036	0.620461189440978	1.14834368208775	1.17997014722747	1.20489887893634	0.365739582150828	0.998741910289739	0.684877720661224	0.557373963392214	0.280362483824927	1.19046886509028	0.888835144105197	1.04061053404705	-1.51415599404856	-1.51415599404856	0.503372497903641	0.572016535441433	-1.51415599404856	1.02832713085831	-1.51415599404856	-0.962868436560515	-1.51415599404856	0.723988704945657	0.944445454691541	0.979235260604586	1.06115691552596
"ACVRL1"	-0.860440933557214	-1.05257970069908	-1.29291323382177	-1.34469251900155	0.698440058429142	-1.22954686833541	0.909965765554603	0.65972323979695	-0.298891893404132	0.272763864659349	-1.31512854696526	-1.76868690428273	-0.69236422960574	-0.461023525306168	-0.225953097839615	-1.45085860139653	-1.29202101276453	-1.0575450929166	-1.46144937198891	-0.39938115015557	0.558572788433288	-1.54052519955418	1.04524269411016	-1.03532362817395	-1.05849072545774	1.34772707355962	1.43359032607791	-1.27038739087585	0.0532477701732652	-1.26162631705508	1.21016238976961	-1.6654942289848	-1.11131298820307	-0.969637668838392	-0.44737484802183	-0.248867857603422	-0.25938852371447	-1.49246279225308	1.2342175149774	-0.0558468587054518	-1.2517758655271	-1.51693551490487	1.12890706591977	1.1982450741095	1.2773468443586	1.49335968171644	-1.20611008440547	1.55637613390015	-1.6627907701321	-1.46057342246824	1.47086271792792	-1.46482797599927	-1.29226282224894	1.1274454668702	1.09353008390755	-1.50690268310304	-1.32567434108108	-1.14899019779766	0.877530568884109	-1.22751127649192	-1.52144014121284	1.36171798055038	-1.42003454224088	1.39386462977049	-0.312930161220866	-0.336615057971529	-1.25623525460516	0.74389088200577	1.09070884854275	-1.18584121927397	0.152447893394993	-0.238027262079439	-1.22474780873464	-1.37609273747946	-0.814759918708972	-0.141526286594283	0.189983556785021	-1.06783121897213	-1.11180584465874	-1.27564375726482	-0.252204437799612	-0.407051096243789	0.359752216957471	-1.04776863139544	1.49333175243966	-1.31683358707257	0.143454685695866	-0.0241866081962784	0.171937394323717	0.216695443329876	-1.46812362849795	0.181903000415014	0.247761152331377	0.839184178079977	-0.225941781624334	-0.661246446102408	0.569090985745081	-1.0106244918053	0.242362730960437	-0.372075085347425	-1.29282698186789	-1.21262691235176	-0.982218728029466	1.02597743323794	-0.63424659166568	0.233472085150933	-0.35691972722046	1.38957812858867	-0.0484953188529441	-0.40561063895826	-1.28800832699313	1.18269727007906	1.10611172463541	-0.371474771042909	1.25969095578599	-0.786137457077736	0.607973455254279	-0.91052210405159	1.06169559941625	0.560248630164901	1.10089225520422	0.431785297861607	1.06739370098633	1.29029262353528	1.19827226045342	0.432334449444482	1.13477600565974	-0.219884625129451	0.0495165470979741	1.29470364759936	1.13452822388263	1.16159483341669	-1.10537303013145	1.09735864377402	1.13423368205888	-0.576983836416341	1.0739940749551	1.16651330584615	1.2665068586055	-0.648114796531975	1.16143679805475	1.06629707802538	0.0693055877776082	0.064309128076087	0.570285779547073	0.296985133001938	-1.38935697684531	1.5639540917082	0.719174278205047	1.33755611189229	1.17244232482277	-0.0749173898883946	-0.633723470680469	0.076274594565012	1.27763820848757	-0.472646452708982	-0.642244642438277	-1.05102901501221	1.26694889126749	1.04953009773191	1.22819823763279	-0.175963631012377	1.01508192475644	1.39085585089247	1.10502847439498	1.11005754342375	0.775118326921997	0.35459419992668	-1.2391790685503	0.548644598071291	0.545929531179087	0.112470476962268	0.809697546888048	1.43652605299186	-0.0357520595367166	-0.860367360826366	1.14864733967152	0.30719321682896	-0.346445668444178	-0.705019466907542	0.522802759636713	1.14776481175604	1.17280640155263	0.206508070928963	0.216437872670745	0.922379377370974	-0.0561201468629611
"NENF"	0.441650249736032	-0.875644293030594	-1.14262656480896	-0.930359133957959	0.273444633943804	-1.04736815147691	-0.158368473607223	0.00462687286389193	-1.1764856003607	-1.09915978688788	-0.1765118817688	1.30722399426977	-0.801975374870011	-0.949031973981154	1.46951330589788	0.19401086700551	0.139740559950888	-0.813221536389258	-1.4944594029181	-0.122758647903784	0.180032713554799	-1.40534000055228	-0.372964717946495	-1.19816564508318	-0.294488741852686	1.32641561460509	1.4759805965442	-1.26314952587875	-1.51324000373292	1.59651287666967	1.12315654447565	1.3710927242221	-1.25847059810108	-0.105026531178985	-0.221573922218602	-0.0767828672890671	-0.264288426274261	1.06396483289051	1.068395408379	0.157262277289421	0.946121637872362	1.45739580925	-1.51185040528824	1.20471468573768	-2.01262880110954	0.122389459317006	-1.10047226175492	-1.95058264518079	-1.78499226882861	-1.48924916816669	1.20227020785647	-1.55827406629431	-0.458385530454647	1.59970237800627	0.323769037484665	1.51493096692393	-1.69218470313011	-1.63023495927257	1.36239058786142	-1.45054844925763	-1.52013302649097	-1.56900479090945	-1.65810174870208	-1.86423819257414	-0.0555414325532071	-0.309320169598315	-1.55601917333975	-1.29374036153824	0.410054038916828	-0.327638361395095	-0.906921829393585	-0.996052507426848	-1.10574299524613	-1.16207936434969	-0.387326871192847	-0.602129404411314	0.738817676502798	-1.40407703889017	-1.25602406021779	-0.941103890665923	1.06072114367332	0.336635525306209	-0.339021120350135	0.291279335050673	0.427059864003217	-1.98232159580958	-0.576277817656773	-1.22438413210215	-1.19540911132939	-0.452709134408129	0.31228982688993	0.404771626970734	-1.40533670114911	0.368535938899902	-0.223247104137199	-1.34459198717931	-0.477978709684711	-1.26776515663584	0.142059952141086	0.50177581911297	0.547359122661882	-0.995468927814501	0.178535938097877	-0.875397532746642	1.22971883847254	-1.28694906831034	1.07167123859072	1.43779282001586	1.23999378855935	1.25272967936696	-1.28758557471914	0.978171439722857	1.03775506712351	0.723991940578812	0.443182362147433	0.393642878679418	1.19180848407707	-0.246239846036234	1.1299457527118	-0.530728229419651	0.00862714544954583	0.770084419304219	0.658952002216118	1.06609296273109	0.132057097791485	0.240748751943344	1.09131919777487	0.491243580534547	-0.225211556393752	1.69388737461375	0.582726298191133	0.506117285370683	1.05164598821096	1.08529291354366	1.14171134940074	-0.543940704770915	0.533666961095376	0.97435245738342	1.19498516175815	-0.214619793312013	0.633033779107197	1.13210645889106	0.943206679128859	1.0075359795825	-0.461040357195644	1.12017407764962	-1.09710002426628	1.40654689336726	-0.571853559780533	0.976871991614885	-0.918928537620081	-0.472247880898475	-0.337173735631475	-0.286241045972709	0.267006055251019	-1.13117292310679	-0.129535712569407	-0.303614478260295	1.04892991739181	-0.0868995888184035	-0.950030297342064	1.08471487853017	0.990467013221915	1.21039477526702	1.22014835064109	0.590191429613727	0.43193683048548	-0.522223827703302	1.00627893598331	-0.686103142047975	1.17591580826917	1.16352338590669	0.841563492845371	0.727618111889917	-0.956848866774933	1.16298973205861	0.935065888969577	0.258354367770103	-1.04420435813461	-0.0391024569627617	1.25415713696858	0.47024360400659	1.08527944667805	-0.143504753065947	0.787810349743989	1.2459703133906	0.970514057401153
"SORBS3"	-1.15378052616855	-0.960634457731234	-0.620001904277091	-0.907569374676085	0.00649434736749435	0.506058460524058	-0.958370775762338	-0.806313058357424	-1.35276099801951	-1.31552839265109	0.470997682196025	-0.702119275639053	-0.0316786593714059	1.34636709763421	-1.82881575835033	-1.01206361487895	-1.31875446996974	-0.891181028595883	-1.74637535593755	-0.404777471232522	0.907239890386248	-1.54354976032491	0.25842578979189	0.336696981729602	-0.662501280371482	0.610913255553518	0.133152961394915	-0.783386226712116	-2.04846672530118	0.0610451232449672	1.14507883905954	0.966788411320147	-0.951914799196702	-1.38487991024373	-0.873061721439965	0.677654742575305	0.510267218332228	-1.18183739468995	1.07612857332816	-0.761997815543518	-0.852379354331843	-1.76072133041259	-0.889701058462053	0.739574537185272	-2.11463312128012	-1.86087062641223	0.903778279401968	-1.84920630320445	-2.07088676971352	-2.00712458009614	1.35119387467135	-1.85648135124571	-2.21443435915336	0.516483353071186	0.887164353515469	-2.16547425927667	1.20911096977733	-1.35459304233065	-2.0157289767127	-1.41889203521215	-1.14229659680744	1.14922367592768	0.673461279885114	-1.15923473333275	1.02093423393236	0.296093755228763	-1.26086181872345	1.13287172470776	0.391214228879181	1.25989884703555	0.390035528284597	-0.224429853408892	-0.823788746016465	-0.992897387802058	-0.126846404706094	0.51239912806667	0.725331616302173	1.14585237891647	-1.03837948230779	-1.32422995295618	0.491261794603113	0.41340137679614	-0.7401164230316	-0.800480188194577	0.703522519902206	-2.19689835720381	-0.847595987297005	0.898833182047513	-0.0198042936645379	-0.842908986886893	0.452379377872293	0.719554068990611	0.723446843598196	0.685801737551608	-0.801641500476858	-2.01997677967055	-0.793851253173695	-0.38373090489127	0.909719928169232	0.477908423061766	-0.711973997552056	1.58763051445207	0.606075558732608	0.324678191617099	1.03373732132825	-0.5647122443567	0.661178442879749	0.675577789735018	0.820192594054951	-0.474328180120305	-1.06466348182495	1.33073588530182	1.23627552411607	-1.00675302635683	0.466007071841608	0.985144381243781	0.761562329506313	-1.20929634354944	0.431927249242131	0.858809971484357	0.553089717538071	1.01345116075686	-0.603696968655699	0.890095701632829	0.385079676858206	1.19240758004686	0.453032448244634	0.777540818470051	0.505551808773485	1.25078128881122	-0.737480731249202	0.383532298478336	0.818573559672828	0.0295789781702119	0.189178138214288	-0.162939177779501	-0.00804785209132983	0.726286228242906	0.940397351300461	-0.570801356114293	1.31255840874544	-0.0822734887701877	0.721750929375618	-0.513033660982917	0.801570553583176	1.31548756594153	0.968611384076919	-1.95110488128093	-0.946652696682724	1.29536052834436	0.816584056741075	0.380026219411371	0.48299661745993	1.31290960975783	0.804427498585142	0.427295871337358	0.616469758489467	-1.01114792178751	0.297594048135636	1.09611134090157	1.34841477536011	0.00391823261873361	-0.438042494946765	0.874436788749578	1.09981598592138	0.956881221300274	0.27148023287697	0.226590869921315	0.218385356027225	0.172997844826195	0.444545325249156	0.662385323265534	0.884992481762369	1.09508516368398	0.589608097573747	0.974557321541834	-0.427538098308908	0.513303733220877	-0.215958714730758	-0.160443593884988	1.37599567515746	0.621521275415361	0.9472222384154	0.744207857853046	0.745446218175203	0.724645499077729	1.20624460341833
"ARFIP2"	-1.22041127664029	0.077915199682217	-1.49422459876948	0.0206319225663454	0.524103524538067	0.995043272013858	-1.39867536331668	-0.831058047566328	-1.13427220555358	-1.13036413502261	-0.716328563170516	1.62742739538169	0.011303043338976	-1.40939999463764	-1.81793064914605	1.04486607329696	0.245519162004627	-1.02268936418136	-1.80979045003805	-1.1601614765267	-0.520062960433883	-1.51974916661733	-0.0527835379566175	-1.42369571755271	0.764598935321005	-1.60444783092713	-1.02113183074055	-0.817091888487575	0.725718949651369	-1.63672281520089	0.0902766090191341	1.3302839056488	-0.459986065721955	0.0841527172628161	-0.30021306749296	-1.27718387968645	1.08639693091228	1.09817108703163	-1.1461926231904	0.26846000206236	1.13509145411851	-1.49043901199113	-0.66749507745853	1.4935755637154	-1.75418220660565	-1.89250867005973	-0.80558500813614	1.39499458711157	-1.81328985178668	-1.69632043741448	-1.58757546917429	0.0910213071251506	-0.950761186949983	-0.841129979384997	1.36626212008746	-1.60681603840076	-1.39625312353764	1.03737725932153	-1.55844047051581	-0.777104560301447	-1.68935696600354	-0.859893606323596	-1.76547956214528	-1.37681223358163	0.347816650224622	-1.04708708347138	1.04149277411956	0.318500273654798	0.271195728446385	-0.10685005584364	0.760921848911629	0.743257521427456	-0.00538971054662553	-1.08854231173159	-0.539401809019215	-0.0218998996314357	0.406241457709523	0.515026937392465	0.180742205925131	0.214439557222245	1.13733443612606	-1.2841762449932	0.346632340314489	-0.0450383461526413	-0.859203637876228	-0.891594810873232	0.820334502297068	1.09086054132063	0.719850305871348	0.231181527901163	-0.179895144632378	0.508840921552897	1.30834313724142	-1.01007639540318	0.0105130522599566	1.04134808934678	-0.929130667315507	-0.395725117641693	-0.80002810095721	-1.24259677139155	-1.21621449154327	-1.12359128680182	-0.892883336757999	-0.476868251637252	1.02110470105205	-0.80578270684173	0.381176175620288	1.11927527738081	-1.13281557002704	-0.573465247041117	1.041896773206	1.03343472618686	0.964794687043376	-0.3815114095513	1.14856304237854	-1.05168586065178	1.26719876633861	0.634073889027255	1.41756160508934	1.21601134259737	1.03575275986342	1.29788969345089	0.415932049051105	-0.851663955117157	1.15550137375653	-0.0733373359175831	-0.162000497241665	0.292786952284327	-1.19748502587977	0.222891554166696	-0.53590043442752	1.01042296073276	-0.97542307421035	1.20071185374412	1.26337402430639	0.369158066670553	0.383817101260024	1.15793614282953	-0.600278406561984	-0.668849313951577	1.21139878236797	1.11703127444783	0.902937007799119	1.19691000136184	0.187380562264541	0.251250352767141	-0.151147293052935	1.55859940521836	-0.58655642095623	1.33743018292825	1.31888844486192	-0.0605492373776337	1.20334360081578	1.07211632075878	1.35083332713139	-0.118701957156702	-0.0717300880523535	0.529553971923463	1.37046032109691	1.20497951129328	1.34156034087745	1.14063168527865	1.36673059440234	1.27833053558227	-0.0275082338430431	0.999937544351416	-0.045867197657648	0.815443336875821	0.685674541181315	-0.120532372619733	0.536889178073127	1.19660655580682	-0.0671054244772519	1.40109861740138	1.14883986821343	-1.02214506456663	0.601123518617682	-1.03799729307321	-0.141583225327623	1.13315357126268	-0.193426392983143	-0.0144585338998686	-1.15066155563467	0.75146846740953	-0.770260187472851	1.20637792348187	-0.795675936224702
"TGIF1"	0.992111205604765	-0.379267734134105	-0.716529830939717	1.12246940569356	-1.19534107691914	0.672714745177684	-0.741683724447303	0.898771409802811	-0.354956377678148	0.0119345599397283	-1.14119532703	1.65226062333143	-1.24532118604371	-0.824068720812651	-1.21902041477211	-0.395376931950354	1.10155659779881	-0.293990728954395	-1.3593507241105	0.0567778229389678	-0.838894035162288	-1.23914825948058	-0.992859109579104	-1.14764473792621	0.424054581037697	1.27562826623312	-0.925696031321443	-0.541643251937636	-1.30209791829494	-1.44939295040716	-0.417177232581156	1.98419070956781	1.27491303945894	0.955421652248797	0.984471902959904	-1.13952068864012	-1.34548247935773	0.180209587462493	-0.721216147526733	0.933532704489934	1.21235578444431	-0.804552089694614	-0.916550934254799	-1.46311916190146	1.6612646130391	-1.32178533820477	-1.31661354882349	0.0932049100308564	-1.29606306858003	-1.34222425448742	-0.645376973676908	-1.17321087233923	1.57419085425596	-0.981231403362091	-1.23068840652598	-1.26909924754726	-1.33659483485268	1.60935330729695	-0.808220435957798	-1.35210906006745	-1.37477779394245	-0.398386042300135	-1.3383806309044	1.51463277718662	-1.05995195371209	-0.958132119097257	-1.12034563566348	1.38747805338908	-0.722524461553004	-0.938337503983934	-1.11284164945898	0.0529302596228877	-1.00746166231623	0.0655991171691161	-0.886884323862198	-0.773929230120613	-0.393243763432496	-0.315867707703366	0.22987705451	-0.590252532095343	-1.21085482817076	-0.760189869781956	0.990881819792441	0.939696374139728	-0.313254849736418	0.0936050772367333	-0.465688448583965	0.848963285543565	0.700519428648557	-1.1138251043135	-1.34595440078515	0.397793801009101	-0.734976395629922	-1.33231992164917	0.133090232056487	0.319313376266393	-1.18210250859983	-0.0441620116002518	-1.09102577407603	-1.07416565422672	-0.56552891500194	-0.569064066644131	-0.700340746095559	1.06778825028785	-1.04680026090318	0.962505295076738	-0.547409600396967	0.997839341299176	-0.337374248243442	-1.29578678723011	-1.41523513402025	0.610270200080035	-0.659664119772892	0.593157710521987	-0.0826903338732992	0.982877997222317	1.1339011951342	0.745245321065494	-0.860127315984945	-0.78764559781699	1.11146849053424	1.10458364428797	-0.133786436750862	0.901042382915272	1.45264255318785	1.23287947047399	1.06717940897957	0.928164877948534	-0.748672650323397	-0.28050427551206	1.7239270621481	1.05156076303801	0.962224304688308	0.606369669561335	-0.225391677073305	-0.386936229981657	0.978798307294437	1.04618071185849	0.0486725619846287	-0.404299649739695	1.04644571800699	0.912274543261526	1.51157495521439	0.373439057382482	-0.61497579791043	1.3357498841325	-0.920806782685597	1.75485376676798	1.03131393172755	0.938623135545062	1.26983040122838	0.930919071860472	0.0959583404395354	-0.00403595590454015	1.58764744444227	1.02220153733492	0.913180624690047	1.45903818462549	1.14783295957579	0.00732656435575476	1.55172937180963	-0.777733392090232	-0.190312999646036	0.02253824505718	1.73654459658921	-0.0460720725202862	1.11685056206964	-0.881135836406084	-1.17966176005693	-0.103940374572243	1.49307591767197	1.2507985693588	0.479363013419908	1.14650176040676	1.60660415947552	0.845057284640797	1.56144024523379	-0.526094953741806	0.975082894173493	0.99596202729537	-1.39033914668041	0.0643908652536779	-0.604216563560056	1.01677343257365	0.354766943062806	-0.820572214801839	-1.25943054413253
"NUMBL"	0.230998310122342	-0.987144492297254	-0.358927534828862	-0.862205621888593	0.206880722606465	-1.37203477019598	-1.42358292817469	-0.930949093726675	-1.2260202453324	-0.561015824768258	-1.56101091089912	1.48545900649398	0.501457688058191	1.05919445011633	1.33907764879515	-1.13846335595673	0.535890955313204	-0.864975207247473	-1.66384541425813	0.830521669096799	-1.46422875279897	-0.766279121426196	-1.30671422717353	-1.44522797397386	-0.706697531930726	-0.199560186437902	1.38848500636836	-0.852383297718393	1.2601539826209	-0.53236283893081	1.00381067560491	-1.61027036125017	-0.244027162889339	-0.978286775518776	0.992932042227939	-0.105553031727432	-0.0302189693888297	1.17254787052128	-0.54535741090902	-0.154354593178248	-1.30503552170213	-1.76065102146109	-1.29101579494749	0.0734293377472343	-2.00839836505388	1.58580048671864	-1.72200073369724	-1.93410467304672	-1.90183200752857	-1.62887180816057	1.21620677319967	-1.81136882902904	-1.54703817440756	-1.54299888237661	-1.36881851578568	-0.487167429546109	-0.906816079469858	-1.36626037325743	1.06339250967396	-1.61843574290779	-1.72802778082695	-1.62360851544041	1.01900733588897	-1.94690442054745	1.09468302524752	0.44166284459995	1.09485180384456	0.42754095397174	0.0467969885675114	-0.968026029829434	-0.915057557597855	1.21573690959199	-0.879638116709673	-0.19587537230591	-0.210435844333221	-0.0216964318581707	-1.02060126921643	1.22359263345456	-0.982807309189131	-0.215244596996489	-1.2227094208302	-1.18980151908395	-0.501201206182854	0.109437391691356	1.01361194144978	1.11098841064467	0.102730807590628	-0.931192582175731	-0.00719584676069889	1.10989016008882	1.02223169823834	-1.15563103818371	1.02625022164999	0.212074351231821	0.155447182812264	0.692773475435215	0.664426000636303	-1.20068140308042	0.319699636837414	1.0916331755248	-0.87989176288727	-0.284242979379915	-1.15714676787908	0.359817200808406	1.3630631805574	1.29350172054627	1.02781052270001	0.485865219051805	0.288224305136858	-1.11679257086342	0.202420042017281	1.26278014126003	1.23433841046152	0.395540045653682	1.2822606318983	0.231063691044529	0.26544167769007	0.617120882521824	-0.319261990357365	0.487277480455319	1.21581655073826	1.20303648380113	-0.387763818991451	0.609054714244313	-0.17978593661445	0.587328735063845	1.08335506236586	-0.781258512719935	-0.415412371585883	1.58007464140396	1.12326191446199	0.984178514380972	0.719758505292948	-0.315750019214935	1.16511543950897	-0.567351034220407	0.446332945670355	1.06409361941497	1.04706896138775	-0.365349749067921	0.680590220072054	-0.161516217136994	1.07180158123134	-0.654893007619922	0.74500474135276	1.34787397931437	0.0897772123887201	1.43405178569827	0.153985176346978	0.233916046259556	0.706439880304232	-0.58518104803211	0.777518811427662	1.11176529664244	0.967481392606128	0.25031565840099	0.00316095025270743	-0.681020347572558	1.20809596311456	-0.15400253700386	1.10336123585414	-1.06579934075569	-0.434073546695216	0.25887382316115	1.36676350223371	0.487358477029773	-0.893042749871127	1.0749711422962	1.06706388470008	0.378798767524642	1.18530799175468	0.126010382399746	0.171983108694746	1.39718198763895	-1.39527336034982	1.21455087720072	0.378548542260674	0.853643802677361	-1.01665588911568	-0.113121053128928	0.436426923286154	1.18113280283063	1.48157555474129	-0.235260767032236	-0.899141324801675	1.18455899242123	-0.828361266690155
"SPEF2"	1.06521474348094	0.616300317313321	1.04126707711677	1.12110819392347	1.17079917507508	-1.46431983311292	0.11154943405742	-0.767117646850093	-0.0495450177914288	-1.0820383722291	-1.1029301816721	-1.92733197764546	-1.33672853897656	-0.145754268736171	-1.79063526062322	1.06607811380961	-0.968752705045919	1.20015795060399	-1.66720805552389	1.20643270959262	-1.04343451710018	1.0923299862145	-1.02372183743175	-1.03170176487345	-0.446408758987171	-1.27072682634037	-1.66950525098935	1.12243731386984	-1.73149112899539	-1.47893283830164	0.122976687736815	-0.552135226041067	0.554867363658719	0.4857057050837	1.12940517433194	-0.284606006705479	-0.310112839904808	-1.37289626050333	-0.835412889387778	-0.920404358932532	1.1688335793021	0.0416213071819033	-0.511099485566912	-1.60436215719668	-1.98255594113008	1.48818835666385	-1.6948725102604	-1.89942151764006	-1.86332793521826	-1.50627025208408	1.06512671353029	0.33916133134518	-1.32911817742967	-0.937242376921713	-1.70118384543717	-1.53082987723786	-0.834907248625371	-1.62472320672184	-1.79666398418068	-1.51642977312491	0.60422405418867	1.27318175601191	1.25122837827516	1.2553449778887	-0.919079771057603	-0.470883981660124	0.686776738232952	0.036545797880575	1.12261809454479	-0.639178557884767	-0.827703704026004	-0.350573252218893	1.26115092682281	-1.1234172202521	0.514670980984956	0.302423284520967	0.0705300907155767	-0.209288540217599	-0.921730686936899	-0.892870833904172	-1.24838830603771	-0.0318962952998095	-0.640981505258123	-0.515776947994297	-0.842443498416703	-1.97505740448883	0.243828678706257	0.241762787223559	-1.59666926745133	-0.0563466998820638	-1.20767678188261	1.04585603304503	-0.109439696533144	0.0524122365842725	-0.0637041319953145	0.249746734798124	-1.20586135484591	0.486686926682514	-0.134956863804522	-0.419449801186256	0.310898048622092	-0.176328212299492	1.00349487403156	1.1423875495159	1.25124945846332	-0.544721854879074	1.27630692607476	1.28173338596489	1.05243645063099	-1.14027175251761	0.707905754695196	1.22635263187907	-0.690280999267421	0.162382474680827	-0.995684159919865	0.315098975573948	0.344172721191832	1.20386399157906	1.11013131839354	-0.23357507487623	0.378787693972669	-0.405228691177684	0.109177592352215	0.715094559873265	1.25073364963468	1.15528963070949	1.0340777848103	0.996349892740304	-0.663666384271441	-1.49498588919682	0.407882023579772	-0.811940352029814	0.244894705982371	-0.980716157318731	-0.65377705986727	0.35330994300443	0.541495251240362	-0.612490204857131	0.364964494324526	0.906509631255705	1.02428423015455	1.08441350562137	0.600144789584122	0.631611798545153	-0.832803965208132	1.1216523753801	1.2330425769391	1.41300556889783	0.647649131488356	1.19752245194281	-0.400587270870993	0.631118921111295	0.113243905908492	1.02399345041614	1.41255233319678	0.667978077745885	0.483340252078777	1.21407458934968	1.21424285916514	1.11750212011956	0.415775302662729	-0.746923926954034	0.931899775412914	1.02048193709838	1.25181554628477	1.05105190908387	0.157817069843581	0.68613358668766	-0.0846802781327581	-0.190536986669382	-1.43048396933448	0.660653350369745	0.543208305338207	1.26348332835572	1.08418519621798	-1.03628047063931	-0.930493817017625	0.155647382227595	1.25027709822037	0.667584756328566	-1.18598212544367	0.666935280434722	1.27402406165568	0.0195993320038739	1.08633414418428	1.22681446399814	0.252049467630797
"PLEKHA7"	-1.33835484405126	-1.1660692306126	-0.503995819354586	0.0133335432806582	-1.1011104456568	-1.29429149747229	0.926930676930288	0.669540308742927	1.48981615689279	-0.959822801559227	1.32326356790301	-1.0300979680571	-0.786716371755091	-0.308815503132531	-0.347223108654794	-0.297511265741585	1.29939080740981	-1.30628200308504	-1.42549345960624	-1.25027837687021	-1.19190020396321	-1.54102666622301	-0.747521090696529	-1.07305640749288	-0.360248252997045	-0.313586327195518	1.29594394420009	-0.783401785320256	-1.41657661432164	-1.14941506105618	-0.615911999003753	1.51574165798582	-1.31099798612533	-0.742595557768271	-0.182765911063919	0.282743961265956	1.11805865770401	-0.134783325014896	1.41626318847227	-0.164869158320547	0.633011759091029	-1.11517313882342	-1.28101243050305	0.813276874145885	-1.58802877210457	-1.49826757425753	-1.27921912796584	-1.53833585715019	-1.47278709932729	-1.35839899166773	0.0248445192747643	-1.40203322937635	-1.18636743000928	0.609186611582349	1.70553967004272	1.16465221525091	1.26906057244287	-1.21209279904295	-1.21644149354395	1.31626310636174	-1.45859416183613	-1.35550478107235	-1.44917011168056	0.415234513856563	0.237802372728422	-0.229782447687569	1.27661573511843	1.1610453564424	-1.0381846733872	-0.557873183703281	-0.39766603297839	-0.0118665708185251	-0.745016870378342	-1.10746698718935	-0.943686980337034	-0.978337430300751	-0.946064844441493	0.458020285852196	0.254626247873119	-1.16907356092352	-0.0339129232474588	-0.195621088833377	-0.277344569081757	0.141193752946563	0.404330865343136	0.344399196368047	-0.764023489294091	-1.10067002156483	-1.2513774177838	1.44002089852672	1.42179067362854	-0.311867896148414	0.329624721436431	-0.497261551255527	-1.08379839028495	-1.33354087042279	-1.18114597413701	1.09387665618115	-0.403368745726302	-0.342724678473261	-1.22619750127297	1.09591890882193	-1.33590597843631	1.1249460183577	1.26995841256365	1.40332953708426	0.347574098284718	0.268184824195316	-0.958156147526284	-1.04245658277352	1.20231902833832	0.545787425859471	-1.26023793386463	-1.06109187711474	1.11608645215321	0.246547473787832	1.20288941713526	-1.16938134838161	0.323146504034988	-1.0149924411261	1.33448984864461	0.728591444145004	-0.54779107038212	1.29695175276812	1.26414178709422	-0.0525929371968351	0.253141252749467	1.18047056972631	-0.011103334766359	1.31680842258851	-0.122425247198703	1.16971197380271	0.300924593280184	1.25623844720338	0.436618934067637	0.0928489973265566	1.12247603849808	-0.587671631689399	0.619155868214311	0.196770479725982	1.07263230774633	-0.66799414647337	1.27131792263989	-0.704472129491536	0.1670586866044	1.18753048318648	-1.17279386641063	1.59927050288313	-0.394952892438786	1.2342713791458	-0.57374489935889	1.14860106971013	-0.574560644566274	0.322628513123392	1.51600789610851	0.0443664302788876	-0.13496093269109	1.51828857599173	1.36719618320306	0.796569370011641	1.23063561492383	0.15573205674764	0.807441521757343	1.29601000608326	1.47696128383244	-0.112169053926823	-0.665292359379012	-0.28346977356159	0.663218855428442	-0.104681957799881	1.42192551652174	1.23856688062902	0.728758399258809	1.24926391325314	1.13878640423951	0.0948255959088792	1.2348780977042	0.790157381629686	-1.08910872055979	-0.445869972240072	1.52751682238496	1.10827424899815	-0.932373583292961	1.27925135561256	-1.04531074358029	1.16474682506642	-0.984578739913606
"SULT1A1"	0.594811855121937	-1.04290400556656	-0.465636513479677	-0.827563527358973	-0.136278801080357	-1.53036835858916	1.0578361798648	0.118745241860828	-0.080110293472876	0.523358554744904	-1.2432298678298	1.15603620005134	-0.95786916864855	-1.5026642152476	-1.03299825725097	-0.0352699972490391	0.614021209046337	-1.17048182103239	-1.7382225070875	-0.0177281988742158	-1.06999357306611	-1.49929399116148	-0.195275861866005	-1.18062225636932	-1.27908529254983	-1.72451085114853	-1.65526842349669	0.618066207150171	-0.115863693300969	1.59358608513044	-0.127998653761539	1.01623156617749	-1.15467618739705	-0.283480911007455	-1.2660015438238	0.10002747001188	0.264527193022679	1.01532449457286	-0.162634730674786	0.0248242124961256	-0.188676156753638	-1.32406205721794	-1.98436319875237	-1.30160413947311	-2.11585676760674	-1.75210591098637	-1.09686079013142	-2.11404923457225	-1.63705870850289	-1.60671328355949	-1.71447959426205	-1.21453365166632	0.576043700892377	1.14271759696189	-1.691432393823	-1.28536458515724	1.18178402176453	1.26952393830237	0.946664038151605	-1.57574354705046	-1.37888288365433	-0.226147442096864	1.28286081710033	-1.93415304856521	-0.16095134712142	-0.146790562059527	-1.15849531295849	1.33280796900127	0.795947526143003	-1.42268407877614	-0.0380099352865152	0.0249694240600395	0.205790290120511	-1.1759916225472	-0.170585644295093	-0.0458636454834809	1.08296835384372	1.20294833497479	-1.02513436163955	-0.337743636236816	1.23449900366411	-1.22729783152628	-1.20934721309764	-0.0231250455836737	0.736377216517665	1.23978335720904	0.450212968561508	-0.137044093142589	0.0265780805213869	0.623524358524258	1.33570984859512	0.812155238983727	-0.977897834524829	0.425076001151505	-1.01236109752061	-0.759875243201795	-1.43962889951731	-0.537849928601423	-0.0886222178526744	-0.446204332634007	-1.24151105796638	1.0106449883521	1.07855414306203	1.24090545797738	0.911287733363195	-0.134267501775591	0.672210048462898	-0.151682145746289	0.0186684669543426	0.0741969815244051	1.24845393372477	0.338435466705709	0.263583392995022	0.265079723972048	0.0260833227582318	-1.21343306746865	0.172388605421429	1.09381093183801	1.05708560341187	1.00906858150235	-1.2055117516319	0.00602320961404326	0.72566088905707	-0.187453632594346	1.03990678900237	1.22601985865276	1.03157498288843	0.90430027770334	0.365220797417551	-0.954632234205953	-1.11867399184152	0.95393106089233	0.7811278035007	-1.19778105725795	1.05660791653564	1.01368514078492	1.12511616557919	0.991271045964753	0.989696579660429	1.00948249179548	1.23821155865355	0.0278610087558838	0.037723528773083	0.0187873802276857	1.03260558741434	-1.08926200286407	-1.49344171573067	1.5408844777863	0.559792972774281	0.946737478753877	-0.370803957866962	-0.121312367944608	0.431340020159143	-0.733504771484152	1.19391519003738	0.738731188355454	1.13861552791418	0.73163683662073	1.51092932059068	1.17657185724054	0.669167475393063	0.647280863734391	0.385263695726432	0.112714823562768	1.15772721488912	1.04624331978297	-0.295591016420801	1.11789711512832	-0.113697260757403	1.07479673913624	0.680323901783722	0.952851029714566	0.787783177861884	-1.51243286523734	-0.958933025587929	1.37113015171813	-1.23562982837027	-0.22110988455868	0.416390511324003	0.0569982023087457	1.30608663379937	1.14120057364067	-0.598813110745331	0.393613732335389	0.976044941535372	1.34644194108377	1.03838010399931
"SOCS5"	0.410641461450156	-0.299313058907418	0.507525801601862	0.831026302440941	0.392913909111982	0.712924320829281	0.625010250918097	-0.496478324368878	-1.1236600238374	0.779135932887344	0.68031299758056	-1.95421004680046	0.158897697728601	0.409359160742232	0.679683513760155	-0.779987758838148	0.852491521183732	-0.388462241007672	-2.43875830413558	0.0122911571746396	0.287796442569635	0.00945200260134336	0.446629890078896	-0.632440148193222	0.196119682679558	-2.2538364990569	-0.195748954410528	0.87497582909286	-2.69604892881975	-3.00829767887884	-0.956157153304763	-2.02784526680482	0.56729467316163	0.468216432344953	0.811708750629998	-0.909118145064672	-0.436460640213163	-1.50343334837783	-0.648659413930523	0.6943657940735	0.840140546269497	0.710591115878342	0.835344903630109	-0.34854198219986	0.775736491550961	-1.81164639545171	-2.02857857257612	-0.692942197216537	-2.06598958411314	-2.78373232188996	1.00620648725252	0.270577798303605	-0.805357420118604	-0.900756268300218	0.211310064852363	-3.18229357198513	0.689010550996331	-0.88776252653688	0.35361981067905	0.646304982259473	-2.05438633203908	0.539271237549341	0.946108165733554	0.658458674027863	-0.335626528991508	0.843167095960991	-0.486547771269301	0.793167094327413	-0.733979135784784	-0.681338503601143	0.418575543868361	0.700480071823668	0.333508854724116	-0.975680512101467	-1.38439436032023	0.688499355845125	-0.294945411131021	0.890724839940407	0.27477731636158	0.552915680456481	-0.161545983953209	0.911830136907085	0.247386908659315	-0.953382773417041	-0.940306602506427	-1.44000365456844	-0.366074446637786	-0.373856885512225	-3.02546675600115	-0.973632617038944	-2.60454415839429	-0.112916554118683	0.591785915296705	-0.744558588306034	0.151077455366735	-0.726877710408013	0.220414193550139	-0.858208232591021	-0.878464334546789	-1.63760414764687	-0.827150553475793	-0.0794583239331783	-0.870063231315174	0.833398847995882	0.303894610474931	0.414566340286922	0.839023508021945	-0.511200709307299	0.979426564160644	0.617521951750911	0.776149736947361	0.769974838862509	0.766423661553176	0.557854701146078	0.882078353174827	0.30746424073676	0.701101221719158	0.621046978455793	0.808335844862115	0.850161465628529	0.776833005814964	0.711659969493285	0.754785611350625	0.692644958554438	0.849863827703056	0.706443269700456	0.611600660116787	0.800431244091265	-0.507748156914764	-0.471482840383078	0.676936212631787	0.417296908010333	0.717633264103129	0.721352930225765	0.628372581181444	0.712075924793954	0.68455342232119	0.568365932224741	-0.0656364848055716	0.823025449181118	0.6338136308925	0.753335463080433	0.460566161771132	0.842577420384326	0.69876936414273	0.761479901880063	0.963897369150466	-3.25775304103816	0.86903504808145	0.765286122556148	-0.672909331093389	0.678270528403128	0.625640305805443	0.823392048814832	0.75396644431263	0.636228739556048	0.750849460466315	0.470049237384146	0.524610116614228	0.765212704349721	0.830324307552107	0.679802578773211	0.9172923791911	0.796891608601924	0.551838720439186	-0.0873303946558437	0.238913592132558	0.699889415667089	0.805137057682193	0.47400049211101	-1.17156535365152	0.691302709446423	0.568313162989511	0.586637079948048	0.732739977478142	-1.66794480544464	0.739076976709783	0.715839556416772	-0.660671494022697	0.509031575761015	-1.90943677600723	-0.667831040553992	0.913396503495224	0.559269064168374	-0.161556044276325	-0.853954319243025	0.265811996147667
"ARHGAP1"	-1.28045704917464	-1.20994874222881	0.597404854824771	-1.17797183356397	-0.419996838403199	-1.40850707996274	-1.33139733026888	-1.11787778788946	-0.978222355172332	-1.29275245063564	-1.20592945300331	-1.43876377718779	1.28740405303236	-1.00802738653644	1.29694735695328	0.685030859412399	-0.320122172166243	-0.832226088189965	1.28940364641286	1.09361931296882	0.277484033816343	0.256900362489263	1.16698087679162	-1.33525007697028	-0.599470351611396	-1.35128823250452	0.447918626339833	-0.407847595295998	1.32820973677844	1.45953137163327	0.526940923912567	-1.78413064714186	-0.680461126878982	-0.624694128370986	-1.11858487578472	-0.477828616921832	0.313366603861248	-0.407531563124399	-1.02437350801147	0.305843444175105	-1.35894560542165	0.959312650118665	1.38876781533651	-1.6518290116038	-1.79844415359969	0.0762557799417439	-1.44923698252573	-0.432088307394945	-1.88708307613392	-1.83155141268101	-1.02216874249807	1.39212833428911	-1.33455894652994	-1.61535714282554	1.09170437915965	0.41684277773485	1.07849670660177	-1.28903878308405	1.30700103623397	-1.37287549219892	-0.109396662210613	1.09358853711572	-1.72931345472446	-1.68619912185198	0.289740727397153	-0.345538175084009	-1.34308022289717	-0.684738505471551	-0.371452698734204	-1.16441745567735	-0.767602475103824	-0.48794635484971	-0.0423405566487804	-1.21568425087332	-0.391089157172904	1.18780976341312	0.468157242835081	-1.26705647698798	-1.24524982272453	-1.37709000355947	0.0645550942106659	-0.370524237291907	-1.15422591795632	-0.947218324287952	1.13088380477032	-1.41792548185702	1.13235054717446	-1.27824557996878	-0.0818011709724457	-1.18127417612657	-1.00490373911682	0.435980077899364	1.31787014450822	0.0757404557807867	1.24065897194482	-1.10421936764794	0.114904535347005	-0.235141871278712	0.391947759287131	0.171244446032438	-0.305767506308791	1.11939881813806	-0.0815156497744413	-0.102800293936627	1.35106536245032	1.13635596736594	0.154694959595457	-1.1468528154911	0.598824831181326	-0.214557098101802	-1.10589411213664	0.124326348216599	-1.33202045822117	0.880730297774513	1.09927857580417	0.130106812255887	1.28246896083421	0.692595193416606	1.08295538192656	-1.01130375961918	1.21028129930795	0.433501523442566	0.490539344484464	0.135242936950843	1.39569532494594	1.13606475074873	0.0486823933802093	-1.21114499940766	-0.320863433479375	0.751404249948357	-0.351872183129578	1.05564892231113	1.11301378247012	-1.02263000168765	1.18829931833733	0.124152144306601	-0.064885293657442	0.04031780907947	1.23242100996817	-0.18927629704985	-0.111971270474601	0.772579758622399	0.229192501654533	0.603790901754616	0.519095692959236	1.02819831660389	1.19785957114742	1.65493349681561	1.08219161031234	0.179949646146311	-1.12522209629782	1.10181297939924	0.352954920566903	0.588946519638018	-1.21659228691915	-0.297983039332412	1.16021781688005	-1.3614908419949	0.416033876417364	1.2754640177781	-1.01308172466859	0.63583046767223	0.593941285064254	1.4821283174113	1.33491745293865	1.16655833870883	-0.083773489151061	0.19778274468387	0.612172762970411	-0.296764192486786	1.05732654479345	1.1926152859451	1.19119583297418	1.4692502918614	-1.04581628937973	1.16107244889796	-0.00728821453102631	1.34094259216326	-0.287371054885123	-0.755091523400348	1.56660881267785	-0.0842437399791913	1.11570909631036	1.28282964145163	-0.0133290401391272	1.26425585195248	1.04656332586476
"SULT1C4"	-0.346531433487043	-0.697124335931862	0.426214729376243	-0.0536300783899275	0.903472741155183	0.792008198957947	1.31366004403662	0.776828261964234	-1.09263489798379	-1.1682606945789	-0.329236706876688	-1.40664817140868	0.865444781743503	-1.50665404975662	-1.44235740700944	-1.18076566590393	-1.05258656492341	0.831611742800172	1.58620610110732	1.24744111097549	-0.356086110688232	-1.4985183085233	-1.00237998352822	1.45478509569731	0.675287525081591	-1.38912216816277	-1.26384723643974	1.0978571174983	-1.30965650806964	0.915101094804568	-0.0750870571026557	1.46575576944684	-0.344940803594125	-1.07766748402727	1.09382096104545	0.274750794674248	0.6035950650193	0.936821901228153	-1.11356597559538	0.930339856839609	1.49800289065125	-1.14142535138882	-1.49698442828281	1.1441148986702	-1.5250525329272	-1.40388715764714	-1.36361466269199	-1.49710709109785	-1.42049738143817	-1.07599340031343	1.70545417309029	1.57604363552508	-1.09993987818665	-1.00017666845711	-1.38033305583861	-1.16342465272409	0.274412583165719	-1.33770039883705	-1.43700793216207	-1.07673961063935	-1.12739347213412	0.931272429516323	-1.36397421185533	-1.48439943254323	-0.614097143333316	0.932635958296155	-1.0397919253186	0.785590554561958	0.24086877503703	-0.844918877552876	-0.23394211362093	0.86702901470218	-0.319293438594777	-0.346033396541638	-0.676441059826075	-0.662036237659878	-0.935214134105773	-1.0258673278131	0.751583786478404	-0.483707824474763	-0.544739157872736	-1.195334738061	-0.259134863427714	-0.509884866566849	0.471614976978145	-1.49940024083754	-0.371458357294136	0.71312791145366	-1.07435030852961	-1.0063312161847	1.0630066345278	-0.869229268323792	-1.09102103414843	-0.298014531166482	-1.30443634706156	-0.781967474354035	-0.308664424734759	-0.279355493951673	-0.956895074220298	-0.995559744130448	-0.666059923663925	-1.07697782346944	-0.444495562962565	1.33052950021543	1.67583872951078	-0.312693760594359	0.685340005449323	-0.38495142353323	-0.20691172331595	-1.14887482064228	1.30264086346366	1.30120517753985	1.46397923924197	0.309531325606318	0.30619759798383	0.888870166096325	-0.223592846081748	-0.997191382193439	0.296597308625742	-0.198733614660002	0.885890019110525	1.20346152096102	0.0667114957094744	1.07262838691012	0.813637512930032	1.13463768121222	1.03039018444956	1.4872434562971	-0.0150958048821438	-1.34476174420571	1.57352629644863	0.48995986708996	1.1638417162998	1.15347014822944	-0.097171236217411	-0.185300207726043	1.2584462727466	-0.176483457272615	1.21842352931888	0.234634324347403	0.975802494981482	-0.284722881228604	1.44962440491416	-0.905265899485861	0.408077102463663	-0.279693846335847	1.56234248997042	-1.25105233613717	0.738814926700819	1.51032756368216	1.32754520433128	1.06455160796308	0.963337256076801	-0.149569461326246	1.52835034579173	0.217302219417155	1.25761081974036	0.933282102343666	1.615400989145	1.20940141321527	-0.128586480694318	-1.00942355562693	0.193886593106593	1.40516062492245	-0.342891207588644	1.2391244581487	-0.152401595567406	0.872087602432858	0.286684488537208	-0.319088597039429	-0.0497678667842543	1.09242045583587	-0.38104831758474	-1.06265197014178	1.2169238609294	-0.868863572440945	-0.446534187957762	0.28835900695026	-1.35865250369381	0.935729830288163	-1.29882249370938	0.977811852645729	1.36909986039181	-0.817409824927139	1.03846734718076	-0.534965104478456	-0.420139748983259
"SPTBN1"	-0.710794634267282	-0.760688056791266	1.24686166832489	0.0224891641790194	0.27240915966612	-1.18157628491639	0.760929757882339	1.21518850254874	0.158967517747328	0.467431269548727	0.987336775343905	-0.777293692133585	1.24386146089182	0.409377843392184	-0.995092045928636	-0.247755767733113	0.671572402310528	1.77865631400664	1.43491088338411	0.483418633249837	-0.356268597366948	-0.544566106896814	-0.213761698098923	1.15194792149771	-0.755473571335241	-0.396983379073063	-0.390983897621243	0.364649066647904	-1.08563700312158	-1.01864082649883	-0.920937476649927	-0.997358485306735	-0.416932836505637	-0.154708702564419	0.426950616382179	-0.580611219948632	-1.05277700089578	-0.752798205139194	-1.3996207408837	0.409459379546607	-1.05250168009307	0.468598568385026	-1.10543229269485	-0.642727924164508	-0.865567480825525	-0.815349730852211	0.50507636557911	-1.13478083452994	-0.780065928529413	-0.735639068280735	-0.521190511902715	0.0890860288942549	1.39699238779562	-0.801666454266608	-0.611318247690024	-0.797159060165575	1.47992854019622	0.210336985691284	-0.19373814318084	-1.34849519144112	-0.620809347722348	1.23927674450352	-0.856380428711332	1.414357703957	-1.17036045642303	-0.531174918439097	-1.43888382665627	-1.55068672992653	-1.08607368525054	-2.43842422051236	0.179567101979221	-0.894418709983866	0.226763231414253	-0.405787519099307	-0.682992818838102	-0.152338486798173	0.161265960283646	-0.777711198351704	-0.306502187815872	-1.02585512791413	-0.788554461348599	-0.52577435215015	-1.53849144035739	0.523085362534831	-0.558185082416743	-0.911186133848733	0.169861840394627	-1.12454299179885	-0.64853691809249	-0.771272748680076	0.323760920440002	-0.811699852250758	-0.937179671748819	0.300949978393896	-0.802902359755372	-0.673667131215383	-0.283622094019176	-1.82858130461099	-0.732175230908924	-1.02666583531597	-0.305239706565476	0.0524710771683669	-0.69683771025001	1.64105204927957	1.49516008331002	-0.681513745920176	-0.407027111570956	-0.884198351913934	1.30812951605832	1.53905701828954	1.31300144390497	1.45982344005194	1.58790927113353	0.761636927740297	-0.0925590932330088	-0.677613134222262	-0.133934671448839	0.970907618261891	1.42640151927847	-1.20422135924388	1.19753941969798	0.468296461503946	-0.105670195101191	1.1934183373082	0.223543018833774	1.72378359252687	1.54276909441108	1.33378351029112	0.105080730790417	-0.629416491619446	-1.24630884769528	0.854398308240337	1.40693759789365	0.790270943000493	0.129410563835062	0.663769588068656	-1.08437230227338	-1.9395890883184	1.27874641543107	1.25572840884939	0.753723369426921	-2.39438156555769	1.3334381899509	-0.175875975435182	1.19337845656482	-0.918538330189991	-0.650039274699346	-1.26211538930728	1.51277201111269	1.76089820598854	1.33046522632333	-0.607608979402048	1.55379872440126	0.00896829912408565	1.79421257255863	0.349755826209371	1.44956824692695	-0.578984023404263	1.72421039997521	1.40309641804421	-0.0121132453588108	0.931853822746095	0.175696244286304	-0.229345497656812	-0.878780103095707	1.2921205196132	-0.916415607710215	1.53648925165331	1.34160742101127	1.40467902173742	0.877228017126353	-0.32395597794054	0.876809159916835	0.833008308044476	1.39915129606591	-0.895616155655257	-0.882074770746949	-1.33922000686943	0.859067435997617	1.55653144088242	-0.667589752929027	-0.420542368737895	-1.29234315743096	-0.341222356367518	-0.112619047601624	-0.762245563721305	1.59757911060893
"KLF6"	-1.13604272459945	-0.522495596836524	-0.788430756813525	-0.864842231847341	-0.442465048668101	-0.375460572900675	-1.13141149161465	0.974504320255103	0.255815055969127	-1.17733105085124	0.847840989429573	0.499820231275131	-0.441877245857833	-0.319680731878425	-1.65041196333124	-0.686818105855272	0.169482004812614	-0.0662703508849852	1.51758323075641	-1.06962002609431	-0.213148780920515	-0.800090824512852	0.548302833877468	1.56636357702074	-0.165599878277942	-1.18782367273403	0.645920073473969	-0.349595114091844	-0.0619662193173113	-1.19582745900211	-0.297158786234691	-0.169419399470515	0.0480672201031508	-0.059571185328041	-0.562130630725278	0.250628262474933	1.22027628574101	0.35139182736078	0.579579060098892	0.0858310800787339	1.37118837871924	1.02592414440692	1.41467043606105	0.748907380289593	1.16303792753284	-1.57522938113753	-1.5678120890669	-1.39855563663437	-1.77748094148672	-1.67946578031822	0.216819015978119	-1.17010145243134	-1.22386615110179	0.105556316915705	0.382406036001263	0.401880485726072	-1.01095314358935	0.441993898267438	0.257190885335025	-1.2590804089066	-1.07857013225771	0.146574888694072	-1.2644602714576	-0.983442329325536	-1.34765211379059	-1.27966791575005	-1.21444518051513	-0.874109932207185	-1.25120375694355	-1.21468810760208	-1.23491517957285	-0.126121189290308	-0.00339377951931508	1.11634533637624	0.103621328943594	-1.16038753887253	-0.438599334721777	1.1238018535613	1.01408977787608	-1.21354184798029	1.31701786771029	1.07456285198251	-0.15454202490813	0.0469323768029973	1.21982415532249	-1.66650903351368	-1.0909009739012	-0.668751787956192	-1.68008680956818	-0.36231164232469	-1.68187839330841	-1.12225744271714	-0.984941132025579	-0.999878580080979	-0.94650758575059	0.369930699498548	-1.32047653955907	-0.271117380999333	-1.07384504630507	0.248075043053913	-1.39740339261692	1.04873390959192	-1.11797820104713	-0.381811294381946	1.12302401604673	-0.535086362170136	-0.245549273300902	0.271463511804725	-0.491476582395733	-0.616560122957516	1.09773795163516	1.19755854874184	1.30319845041216	1.16563759368149	1.1404221496916	-0.919093008440794	1.1471249763935	1.25886572429577	-0.310820705033981	-1.03236900243116	0.488999753417217	1.04182826032486	-0.386652607031363	1.26373449603147	1.31260609498967	1.43341802397045	0.914950454133973	0.815836766179671	1.13366362457985	1.28069072551137	1.34417571784786	-0.2941735923128	1.66399251679412	1.21075547544609	1.08767905543521	0.950244602112971	-1.02895004732571	1.05654980706894	0.218599442488296	1.32743600070645	1.30798844254455	-0.774293473209985	1.29013960678242	-1.15852414961284	0.488499147671297	1.21376222078357	1.25142021344213	-1.43060747430082	-0.571058034467679	1.22508330977673	1.05151873157286	0.516984867553329	0.108679903383434	1.17579888058307	1.48539391816597	1.21377171467603	0.229123381696851	0.336509248519612	1.54253647461962	1.63987536325797	1.35459524443322	-0.281923152774941	1.28341076671407	1.58340142895525	0.622932560794771	-1.1614825839898	-0.11717313580457	-1.05923343725425	0.44486034160442	-0.194413200266126	1.30864291771837	1.20941750658634	0.478540593336065	-1.03436215711297	1.3471587678849	-0.948037410768124	-0.343359796289734	-1.21677436031673	1.1205856935282	0.631242770524347	-1.11603023794159	-1.49032923785704	0.0108477510696448	0.459612911929104	-0.885173045887792	-0.983090067137751	-1.47199250473955
"STARD8"	-0.876335448405161	-0.924811171517634	-0.313879873571086	-0.91069113424046	-0.379193522086778	1.08809523594683	1.39046311205347	1.10783512607379	1.12614991906541	-0.694409043767831	1.46789170946098	0.220558756356217	-0.265828711117464	0.836569065211959	-1.6753608156702	-1.66775233731579	-1.74427949478772	-1.77856585377919	-0.471239102015315	-0.556080955059279	-0.276599083132181	0.603230425348728	0.292649606370288	1.56655682899552	-0.823064600178965	-0.12380834833858	0.939481895231914	0.152643733524845	1.1312227269448	1.10642540867023	1.19786064896188	-0.293270394246769	-0.43052050925246	-0.0966536700087782	-0.886433476479772	1.03437146935344	1.18824844588325	-1.39363924737854	1.11605154224218	0.295601760732919	1.05836888397194	-1.48918695347232	1.7589979987151	-1.63185353654182	-1.95309181783015	-1.04050100537584	-1.30625425959749	1.40103229784882	-1.69462314260004	-1.6653429140836	-1.9352349988223	-0.968754416732238	-0.961268379503037	-1.45389236586996	-0.767885667943062	-1.75935023435842	1.07746712885784	-0.976061237445171	-1.7931291393197	-1.35115268165313	-1.74411301882305	-1.52491464706964	-1.5143014454876	-0.807720076792466	-1.07965405370684	-1.03083551246171	-0.897663418559882	-0.322822540994853	-0.771095961498257	-0.255913435833496	-0.89015141557141	-1.08311751330476	-0.330539718878922	-0.816918200119268	-0.889015493228715	-0.734041469147	1.09176219013256	-0.0446392350860737	-0.0853178790743816	-0.416260545798695	1.09123163035611	0.879576570458505	-0.198920570904714	0.421900178876019	-0.882411898809274	-1.89437113568311	-0.164456061031665	0.958555199012646	-0.999185972559425	1.03199634123758	-0.295660240269241	-1.02103282243288	0.918145003173663	0.166178877710676	-0.32280948629542	-1.59566458565453	-0.997780515351947	-0.125518682344888	-0.0637996516758089	-0.106819249708597	-1.24457667682965	1.07436037040437	0.0521618949903677	0.180932251006622	0.433390998990368	0.547317663509103	-0.505830161197206	1.20139444061181	1.10660615227435	-0.859945939252949	1.78377809929375	0.996361387729521	0.227160507760857	-0.0542171249234887	1.04753837923798	-0.985253304701535	1.67392053424444	0.119487793366258	-0.920755785043676	0.0454470320191909	1.06159671190953	0.108177449130774	-1.00151645492776	0.33477702439018	0.280446743374459	1.13365705843279	1.02270171210532	-0.243953529209761	1.20106905421317	0.0735905207922575	0.77537382522569	1.28596061503721	1.12056194022552	-0.169754146774163	1.11866466702751	-0.0313687934536138	-0.0585657898269308	0.0678484465722371	1.09557376099157	1.07654860226769	1.61559629720099	-0.307246172053192	1.32343634556086	1.1907880724384	0.155297166636988	-0.126916129124389	-0.440612232377449	-1.21104673217613	1.24122025277826	1.7056493193271	1.07835735182899	-0.160754636853117	0.68910491980931	-0.428696757287323	1.73096943425372	-0.4824405220829	1.07407810988693	1.72054520247763	1.11296773709902	-0.952346851107069	1.23002323023884	1.10267439564759	-0.370043638998293	1.23561682866344	1.15453649560732	-0.492615394488041	-0.312128809652435	-0.298270107685827	0.220517668409466	-0.0215117908206679	-0.252222552693136	-0.0739864716510493	-0.356567526190334	1.10995542844072	1.14292105022405	1.19890888453654	-0.688139567889547	0.000498567667708041	-0.866867938016132	-0.588517154528357	1.68619226911593	0.212557490682657	1.68406138678936	-0.412521024177515	-0.492715911748369	0.408150308576973	-0.338777942415083
"PHLPP1"	0.385082859630391	0.117763280407237	-0.513370530412022	-0.804992663295573	0.730588513845784	-1.04628652312132	1.20289272468878	1.00198759910876	1.43788824935747	-0.479525942743931	-1.29532786185949	-2.10433062020216	-1.00793984101912	1.16905143616243	-1.99619534068351	1.17928063110878	-0.912481390796887	1.26906005710018	-1.64756093389012	1.12055569465057	1.33878512388835	-1.31218910631739	0.177503574176467	-0.81416551370289	-0.458779067575813	1.28304577908728	-0.618531999705704	-0.220641604660218	1.15082255444663	0.529330064448573	-0.33015797058348	-1.29895160876662	0.542281792247756	-0.178233410590972	0.0234220896198618	-0.480739694013774	1.15259653394499	-1.42774000194445	-0.878795855506959	0.533064257751784	1.19682638082243	-1.66530089224606	-1.54997189175271	0.456625520128852	-0.836836521473964	-0.949862442382607	-0.890363253273556	-2.11975032418304	-2.0474056409949	-1.62454771616757	1.48057971905422	-1.67629307990951	1.18285230046415	-1.59950834533052	-1.56601128939828	-1.27542016127266	-1.3681455266112	-1.9147408902803	1.2115080433258	-1.58592580090059	-0.230879916800005	-1.69700185085092	-1.91281698972158	-1.12931625579213	-1.03971755503821	-0.684717410691369	0.172828174542657	1.07388322907705	1.17412914007882	-0.0565685618150255	-0.893749668876608	-0.365043751970197	0.915922644204897	0.460773038708785	-0.98712698201107	-0.461227025069933	-0.915947720214523	-1.3041683956002	-0.52473859665726	-0.362523394500757	0.410342049330833	0.358252709390166	-0.159862523830428	0.0023691484927433	-1.43429472026939	-2.17791824901911	-0.12152542546673	0.441314818138229	-1.52810950458881	0.454959257044727	1.20593615550731	1.04529702607602	-1.3801227415646	-0.0889941128001489	-1.29443414803075	-1.06095339726875	-1.12278670852012	1.11274084119869	-0.148518477768171	1.01332975302506	0.512484977746239	-0.966949370455177	0.777479284507645	1.06277584906403	1.17436358762633	1.13798272776368	1.01180846316668	0.779751358283421	-0.901832882440815	1.35578895548441	0.439731990967819	1.12122085327983	0.502635740944483	0.190147167165351	0.0768342474868887	0.972209484703873	0.334883772644235	0.793301084092664	1.0394904888987	-0.000162357333702997	-0.870862118672896	0.662994521565998	0.128483919546355	1.05403579653774	1.04830696976924	0.423989610582565	1.0420041170783	0.0899415260563132	-0.0742378537408804	1.33305549256138	0.0750600767273441	1.06453849729433	1.14568357029075	0.28104890770941	1.18733312812857	-0.386211882409015	0.726983520999677	0.198424333485692	0.0764875551807402	1.04365832366151	1.14995385779798	0.348111067069188	1.30521356261504	0.483043367763627	0.247687220861947	1.12432043773686	0.205030006531222	-1.77512794954631	0.183534145271554	1.14601160563927	1.16785775453917	1.160300794092	0.604128758499914	-0.97507553597436	0.419214209149383	0.997345312084526	0.559363626377774	0.555801880211674	1.38000004916161	0.416926897220448	-1.14102508946389	-0.71832409586468	-0.902392719979343	1.16845592698461	0.823892219958955	-0.625201072194318	-0.507400308378881	-1.00874258566761	-0.386846948506453	0.998485637487007	0.502085263311249	0.555195022778235	0.442767958679207	-1.02967529943567	-0.547073388756524	-0.29062896814188	-0.822489733137145	0.205364736515229	-0.198655314419666	1.03807871350967	1.05105630524078	-0.999264489435503	1.05411723483826	1.1896357956047	0.182343930898077	1.22203360558386	0.240515736962727
"ARF4"	-0.64916997664331	-0.104228149255127	-0.52154325191387	-0.79581030880439	0.803445762264219	0.740768605865443	1.07755130861283	1.47755328299884	-0.0820683108856216	1.14204240152036	0.141838277545718	-1.66047547078706	0.352527620930768	0.238477694360064	0.921018669941708	-1.74047964396692	0.760756610841511	-1.6959493882623	0.918356302973985	-0.32559551738539	1.05791415359273	-0.522460684993904	-0.102645616641077	-1.64815045431319	0.639598895802997	-1.86209492143521	1.19938359809293	-0.434593266321307	-1.73006853528939	1.05110380517854	1.55472801295594	1.30151163646138	-0.586378869003935	-1.33122040598047	-0.628546609132492	0.884308736951568	-1.12009319254497	-2.02622059831836	-0.631011299202359	-0.0319476311615481	-0.227456991730599	-1.47241718063665	-0.766953399009474	1.23653618610219	0.888092923632838	0.791257228884177	-2.04946083592726	-2.04059440112944	-1.72300307760247	-1.61222910696349	1.05794693941908	-1.92181815581042	-0.66637977483847	-0.469622497230779	1.30200970317833	-0.167846353630466	-1.48275618935539	-0.325193298096277	-1.87265770907584	-1.73047156827908	-1.49057126108632	-1.58889133551179	0.259264530362974	-0.268670676150255	-0.551636544216444	0.809968980873152	0.0180103927499531	0.642418146448996	0.744548174982915	0.496212833158507	-0.699730041975668	0.189666520008722	-0.626041641033996	-0.327941460479459	0.489813652584533	-0.274463925698995	0.0731088978895337	0.176108323838997	0.842665309870518	0.773792890415674	-0.3490528082593	0.865976559333534	0.549302724453788	1.01383829011984	-0.869290347356839	-1.89957481063907	-0.933271218800733	-0.151952867828759	-0.680041182703362	0.334759367875641	-1.14232603767633	-0.177193080093242	-1.46253518210415	-1.28536599497586	-2.23079123866199	-2.01605123256409	-2.00699574194811	-1.53096574814718	-0.374059028264353	-0.191769349889339	-0.599213654843265	1.24306253780578	-1.56479699583497	0.778809457658308	0.758449139764148	0.660557165373497	0.827282332349846	0.46870127279793	0.75731331690156	0.448967028637491	-1.69201206398396	-0.633141003383632	0.981896564578088	1.05021286540982	1.16907856468441	0.924928286763967	0.958653156431318	-0.00544001846412241	-0.929858534814164	1.2995174621932	0.818848755434164	-0.521318534653587	1.51057442512494	0.153498220330802	0.5656445233316	-0.989135171911711	0.98614110491336	0.598001414849648	0.360033117845307	0.422503398219271	0.929876128543994	-0.289462350238952	1.19501609764943	0.725631660741356	0.917258015513024	0.706963170621204	0.971230576505031	0.840183080530459	1.07918325581235	1.52681216960332	0.181108345372432	0.21209270070758	1.17592653608088	0.0963944541145772	0.788562704133321	0.893722085216758	1.07156516387295	1.32814222452624	-0.53665468676068	0.924270221663824	0.486437647835505	0.644079931476603	1.11368577482705	0.952527455041559	-1.44145528245559	0.547414698344444	-0.269210278598421	0.721190687553775	1.37714597547775	-0.371444401136985	0.963906590662723	-0.421210347698784	0.892263327627943	0.912002375431774	0.582836994829232	-1.18326965384681	0.937973582841876	-0.995453766321321	0.684417651156729	-0.0222825149618555	0.772898587850999	0.893448478998456	0.954536113412585	0.473667372444614	-0.741406804865581	-0.372601389730599	0.853714809807045	0.431381425030614	-0.649211091186555	-1.19321279068245	-1.76359665447461	0.133216270479049	0.621059292899257	0.639925778933589	0.443003199375687	-0.584624431169346	-0.498722858379584
"PTMS"	-1.01258331721528	-1.22404201615358	-0.903612322195492	-1.27544859272789	0.0479950487341261	-1.00347809010766	-0.444026281300887	-1.08226048546228	-1.1939392170689	-1.45835829852607	-1.54243088596542	1.76284032232148	0.56764720261914	1.15130437899918	1.41328458466198	1.18211267021547	-0.719729161424029	-0.490450348073676	1.21149090249923	-1.22929925265668	-1.30860215244212	0.160927813683469	-1.13426940935676	-1.51527481840086	1.35608981038969	-0.09851589184672	1.60603774196729	-1.59281744335659	1.21149103854459	-0.672645617006684	1.11143294804064	-1.208400346743	-1.2888589404868	-1.15425520604937	-0.303693028076646	0.0644732982185489	-0.499695877900832	1.38632773177091	0.476170071521128	-1.13232896471492	-1.43521671859258	0.0376890342564078	-1.7637950892965	-0.870713850750001	-1.55345391858343	1.388038242345	-0.993823434002668	1.20051994560378	-2.04782365796553	-1.84477517772005	-0.116982005713713	-0.527890435866083	-1.21758299296013	-1.45676913249415	1.11177035529418	-1.4984772959874	0.339043166315525	1.08977831337385	0.424071678622221	-0.914602191106645	1.27653228943301	-0.940878986237071	-1.97230366890231	0.836061842100509	0.470061245860279	-0.654960028489784	-1.62709621399418	-0.0291631783275807	0.0691101386519559	-1.33447326568802	0.122206843795854	-0.970872019853399	-1.46803488797006	-1.14774679458008	-0.294850672849343	-0.27093994288883	-0.804826755775808	-0.500123117145338	-0.220569167583135	-1.23763534158108	0.302502566401094	-1.01711190213182	-1.21475004273476	-1.18397510247695	0.100768085903622	1.14550533290543	-1.08690992948545	-0.475531294838818	-0.34108200663794	0.227600765342974	1.73284011051306	1.11328381346782	0.0523006618828162	0.602865596794275	1.31019933207979	-0.520341002491632	-1.27243183761034	-1.01420657316995	1.18794393288507	0.792137091372395	-1.28488133995306	-0.0443609503077077	0.270567869301386	1.112223907053	1.23189996301809	1.06614996676833	-0.788726033136991	1.49225680767236	1.17213050380508	0.493007334439344	0.633337075004164	1.08015100798282	-0.980057476095361	-0.339471060975221	1.39233704244441	-0.974455558295309	1.08034268559005	-0.507083192034315	-0.319109977783423	-0.145811269781293	1.10484073581486	-0.213210029407992	-0.566441598162873	0.303026442644916	0.310815688670895	0.39592033921022	-0.0796895923216375	-0.177240688593346	0.571443181202522	1.4015933665907	0.135039872950564	0.287651544378547	1.02887277335681	0.472157329866233	0.403982800214607	-0.806573645797789	-0.281754725655407	1.06402621015665	1.32999965734012	-1.10794152964203	0.0753135234504752	0.0897032703665246	-0.206386049159013	-0.382047614204588	0.723607919171776	-0.294482421384832	1.16154064280771	-1.82304552584233	0.184076391368662	1.28503133997068	1.17165919550996	0.584844473510318	0.0286551940550608	1.0909344865735	1.30659300744868	1.03826711785522	-0.925895841667773	-1.23189075154064	1.09383307717159	-1.26801295299403	-0.210949556240303	-1.45025307178318	0.201470045540817	0.292887513213625	1.23495026289621	0.221634751681536	0.25368413381501	-0.158666440473729	0.347935075523822	0.0917716725324883	1.08740678076592	1.31309544282284	1.24628966899547	1.46879122221577	0.0654386538358787	1.34618866604076	1.1071923222377	1.1273502358824	0.206709845129508	0.342261393161773	1.53058848608903	-0.324575487482523	1.12292229015246	1.27749110478646	0.580055983699695	1.34815090026578	1.1001938350491
"STK36"	-0.752195160955624	-1.16799232403558	-0.0974909645371001	0.740002027366217	0.331110168847871	-1.05731924868312	-0.806410370502417	0.0794403882930398	-1.60086190682728	-0.852243602026022	0.00948378383297207	1.64122647284914	0.386971114559686	1.21994639286102	-1.47695472652576	-0.0398755341661254	-0.739725466672284	-1.5507149874118	-1.72999159538748	-0.444958640748834	1.2959921112402	-1.28851713199631	0.253215022766862	1.27788004224988	-1.20435649452727	-1.67572789343833	-1.5110145917286	-0.0204247174318926	-0.798977201150956	-1.42533991144591	1.17419771104573	-0.298180391036975	-0.619572032935741	-1.30836576742411	0.457986578635026	-1.1872978271743	-0.0505362960874868	1.08132769388663	-0.588171560651209	0.177938044522302	0.255269315890756	1.23812520466222	1.08456769814272	1.31036213144939	-1.92899509397152	-1.59343522924127	-1.80701180953673	-1.88570356781772	-1.80585605895995	-1.69844489523777	1.49144545386555	-1.36109532666673	1.38889432137459	-1.60957183456321	1.37337525114886	1.23340763982294	-1.58848737997059	1.29788410041839	-1.234452746751	-1.63768770850102	-1.71086228272599	0.687227680195313	-1.78071849886446	1.10366608977207	0.465044307698145	-0.749561914620196	0.551769834762111	0.255148577756759	0.296245300962251	-0.27407848343357	-1.29028822391759	0.850888626573342	-0.799673646569626	-0.921454271428967	-0.206406662048463	-0.400009926033559	-0.524826311739832	1.35987132155296	-0.632158996953993	-0.587983012093985	0.419522105540192	-1.04984247833933	0.567927826671341	0.328043965651687	-0.373954033922446	-1.82683996465705	0.445080227593053	-0.770538697611474	-1.11638219251491	1.07718658361136	-0.965074177615533	0.502572204836315	1.1006959891551	-0.822156896408559	0.45399310152781	-0.66335507738085	0.0576635335808238	-0.523744696092107	-0.861078859913812	-0.150122041396291	-1.12715527883416	0.408937607664656	-1.18916941361969	-0.054223455613523	1.00760312441104	0.463133768927546	1.0697549678189	1.24375708678456	-1.27570650781918	0.387391238855913	1.1738554462943	1.24932454944815	-1.47442656155996	-0.530807936522703	1.12411708018166	-0.237948414798437	1.21833314367622	-0.0916061269627818	1.07402155832005	1.06912843582717	0.194040626363279	1.1264060291763	0.176187944949174	1.26445284625598	1.12958551378596	-1.18093202175489	-0.433620256166609	0.429620587722172	-0.286756992092171	-1.10221392701223	1.1303103363876	1.24301843396878	-1.34493167044655	-0.0864987497048691	1.21663040586557	0.0205936617440536	0.894782639725632	0.0650759123878438	0.446474764587592	-0.273573840663362	-0.890431384120771	1.07207020290756	0.59647603761555	1.1922368794829	0.139591402786909	0.380349929365615	0.183128887998525	1.31855245547314	1.0180560275951	1.18046086650602	1.18906468832784	1.01600828383884	-0.0135511970976479	0.658568736272178	0.750912090872424	0.356460058992468	-0.535903603447435	0.587991967292956	1.10557571241694	1.21097003822597	-0.733370843499233	0.316331009373275	1.13128109501517	1.36603158776521	1.50391375210752	1.04839182944166	-0.187978953530346	1.07393521704703	0.588324306482629	-0.816843588060084	1.22539181246003	1.0465458694562	-1.12760561263689	0.149904490943476	0.0646002032097876	-0.0214788233815012	1.31751936606548	-0.635193313239311	-1.1587255239408	-0.874182101755913	0.666877893009065	1.21708999710718	1.31074953974323	0.231079859683211	-0.827572610987496	0.470901606653925	-0.87699930756038
"TSC22D3"	-1.14501694106736	0.0699441298427192	0.414481390596883	0.758752201967643	-0.441155620953298	-1.21053711931384	-1.19433583357891	-1.22902971889315	0.782043058787556	-0.491507196346116	0.157796422691127	-1.34010029482532	-0.318944275483705	-1.19339832805449	0.939878748161799	-0.150060462622782	-0.318832846617055	-0.644263998844666	0.0391399593192672	-1.17290168844392	1.25359916042836	-1.2669483273604	-1.11321709676339	1.15682433110845	0.172976135692805	-1.20068326680853	-0.0312094450073392	-0.811680992411115	-1.25645007872321	1.14618955280367	-0.401041248457885	-1.20771890607599	-0.530792210169777	1.42425501962662	-0.569578431956709	1.11172610316807	-0.320404468189515	-0.108156135162777	-0.219913534198686	1.20801747175097	1.4472623465266	-0.192328639189475	-0.937565982086956	-0.178564691621211	-1.19072918098436	-0.0591478528773897	0.289600363713226	-1.18979114318491	-1.28091423975045	-1.27888514501269	-0.500202910571006	-0.0612232124482433	-1.13128095926545	-1.25937765174431	-1.17305015354001	-1.22130890710839	0.131959846674301	1.10350687726334	0.816364022050861	-0.826341738539149	-1.2790217072885	-0.199829615833979	-1.2218795414937	-1.30526615915587	-1.1165076822593	-1.20425233936909	1.04000545538628	0.0805280174747565	-1.14245720922183	0.155559811845779	-1.26373448289649	0.683256181074879	1.17277707606427	1.38612319658749	0.0632549509723242	0.073966315301359	-1.24564160498898	0.0181905518534424	0.632539468874189	-1.23828248547054	-1.16940124491573	-1.22703694938042	0.155156923803768	0.0378629992161206	-1.20520382613821	-1.26754561655647	-0.502176833907971	-0.413222487944101	-1.18629759836242	-1.17853125264587	-1.17534180839687	-0.627114153428685	1.50594013673635	-0.302934020965192	0.0888021469409099	1.43883702492276	-1.21031457775042	1.44711824895759	-1.14270194004168	0.691729824523552	-0.908365601048051	1.16304272123938	-0.801276912986654	-0.145473809902026	-1.12691047682118	1.20749286319749	-0.433650510610736	1.14154308912993	-1.24902397599761	-0.996199130792058	0.733151431433913	1.18807537689643	-0.0226745524597298	1.10919171365223	1.39151807403377	-1.24913600428933	-0.556643866101874	1.11792876400884	0.457541673847215	-1.21801809613328	1.149043620009	0.869646665838249	-1.21643030803634	0.486856578792794	0.731380733869683	1.47255810440093	1.15719396074432	-0.458033389023113	-1.23416710724123	0.714756016661516	1.07771800319314	-1.23821253475248	1.34934774219976	1.15848936649634	-0.708999131247715	1.179486686902	-1.18683491863513	-0.130333843155016	-1.21305018979793	1.53104933802098	1.43209357515785	-0.540309166477911	1.45722486069395	-0.627358828284608	0.776320425602476	0.0366642308117901	1.27088751085098	-1.38526312252444	-0.0941797790158805	-0.805060963967123	1.02802348510496	-0.340491100972135	1.18130132957042	1.21435580681326	1.40398450293289	1.26057203092771	1.35502237434102	1.3577281333893	1.40671569923994	1.12668333074984	1.472603668445	1.10095166413068	1.30039172592513	0.698797259596823	1.15244276675709	-1.15463688179874	-0.271559990669865	-0.873100862133503	1.42913655104684	0.816681163243164	1.62422384028097	0.419758978429363	0.639773679023842	-0.441084551665275	1.59189688405304	-1.03119685022505	1.07492242698286	0.8720414007799	1.23271036893074	1.40286041773253	1.08388256536538	-1.00286970479918	1.12582725197534	0.597093053622038	-1.02531815021507	-0.884846491923715	-0.662554143415086
"SLC29A1"	1.00229750781711	-1.25154494866238	-0.293515548062852	-1.29322538292595	-0.176485094681977	0.716254851005621	-0.48945352379544	-1.12824589392091	-1.34992978727368	-0.486186928760136	-1.18129368595121	1.20276865275342	-1.04777530066772	-1.26396987576086	-1.91400167782362	-1.50932326203725	-0.316435509465612	-0.921271850510193	-1.30207644711491	-0.920290167593799	0.181226388339586	-1.06937609557681	-0.215024418856979	1.17564522215279	-0.086504658140575	1.24024258395503	1.01737132720479	-0.638501721218299	1.5768460062323	-1.57236030112109	1.11979894177608	0.121848976688301	-0.989032649639648	-1.10378054880708	1.19074271179027	0.544150396814243	1.16474168616725	-1.08650773618185	1.04854948985577	0.24943326890014	-1.28708406184762	-1.53509274309866	1.06964743489644	-1.4782972971594	-1.98749466470618	-1.06355442925568	-1.65362592125343	-0.873405277928146	-1.98699542609863	-1.56291662263904	1.20427543015711	-1.77881102736901	-1.55341877550124	-1.6038951826768	-1.7332618647679	-1.56457919425824	0.972667733116901	1.33208151389972	-1.826366404079	-0.892942060051037	-1.58903284563053	-1.12159103068212	-1.25583620847683	1.64249413957631	0.010467315310678	1.27014730269104	-0.870547771390465	1.34095808925866	1.358503702855	-0.299411241936073	1.15070313242185	0.0332079484108825	-0.82104440921489	-1.24503393039188	-0.258960684060842	0.378754270102305	1.05795195184148	-1.51561251939432	-0.71492073268935	-0.0635267106112505	-0.45144412075232	-0.239922181584103	0.430483512792858	0.985519078561865	1.38680519276107	-1.41240355687591	0.272698963173423	-1.09062904572641	-0.30493574237477	-0.425608475003777	0.558760139784227	0.432311006546871	-1.06828509207044	0.306890567264602	-1.17966715400345	-1.0572595324993	-0.754331753225688	-0.450745992913513	-0.00558774350386722	1.22929830912223	0.376468284621957	1.1477568832533	1.25828393427231	0.423184836840799	1.33058195475087	0.619875985537009	0.37200688561187	1.02144683405123	-0.888979023449017	-1.54461577640261	1.09499845612197	1.13986320450076	1.04756834636778	0.477419285653832	1.15660389188442	-0.449865539139735	0.72804070808824	-0.476207296184152	0.996211136872127	-0.472016504935675	-0.854976368558939	-1.0701696653814	0.699961167055986	0.489808035563205	0.814144161444808	-0.205078373865534	0.526615085210281	0.599581526052501	-0.503697835128759	1.44275396475346	-0.45642000220404	1.52446692033483	0.571505264276759	1.03915807713131	-0.919704833868756	0.580416697786852	0.80315091236037	0.473166895642634	1.02997118438003	-0.0228257016631542	0.653978789833427	0.077147069254734	0.372848220013092	0.103222248438729	0.223559350228243	0.144144832592047	1.46880595746305	-1.03694279304266	0.276872938741859	0.173429196645845	1.2405502750978	-0.283390669731083	1.13258137247009	-0.296232910620489	-0.139527283002297	0.894265040085535	0.0222935043196203	-0.336840959987137	0.193280551288748	1.26626881009288	-0.706432601212652	-0.262987791783896	-0.172556680570404	-0.0593109323296017	1.15685417185998	0.983690950792115	1.15906709649865	1.06509790004446	-1.10665761954575	0.598669148416908	0.507619909523544	0.997022806577525	-0.321203343932894	1.25075149366814	0.327982000497477	1.52786362652159	1.42326240192709	1.38285125263439	-1.07997294893954	-0.0613985651780628	-0.963656510107606	1.61029287852616	1.17166091034601	1.05177626202485	0.46239522860118	-0.0593433874646697	0.253542899038276
"TPRN"	-0.456215898721141	0.154658322937041	-0.350013149734371	-0.238699638107181	0.0336385583093419	-1.24512331526418	-1.25228461467182	-1.26299317863624	1.1899861256729	-1.10040933328941	1.20762080800929	1.55049756702005	-0.644485013887607	-1.10699817359943	-1.66047892554114	1.28157069629827	-1.05054821040445	0.32994017929538	-1.45863540455599	-0.179365366626568	-0.450576087053578	-1.80112633834302	1.14247192285254	-1.56108253165236	0.47774734049031	-1.06927786107754	1.41128113169967	0.0148136741695169	-1.55466412380814	-0.387285620929247	1.1594214660092	-0.727627927455932	-0.727639726158991	-0.881834252481764	0.202426757701676	-1.17307618983641	0.381161489011383	1.1746607850089	1.11470257433444	0.436896332583136	-1.2161407281194	-1.52467990796529	-1.3778148071458	-1.39259368127501	-1.82922233217946	-0.567402981639612	-1.4686394356912	-1.85319637511081	-1.73824141953334	-1.21939819249748	-1.75359526482382	1.41179989063367	-1.34141381976224	-1.31118833131186	-0.258430292719879	-1.335244966802	1.2362019175079	1.44188878768739	1.41929467014734	-1.34767361313878	-1.44951819680026	-1.38523022720671	0.104786722302524	0.260597641480876	0.0835652201783263	-0.289162300543676	0.0159026145822837	-0.0401640621844916	1.16669137111737	0.630797505256237	0.137918483869204	-1.03400659479205	-0.0255482529448899	-0.809156046010488	0.273174513305122	0.199210010774651	1.12126471901824	0.176800791775012	-1.0364332781634	-0.538822606205691	1.09148554729195	1.10878571211409	-0.423250986305487	-0.933191719583992	0.164135163266191	-1.72658110811577	0.125475956137825	1.27173577225642	-1.29205136609644	0.345969169076401	1.3453054995315	1.11580385785845	-0.587661501835619	-1.06891864607291	-1.24514677079778	0.192951553294692	0.389518403316608	-1.15080265436349	0.488704474694767	-0.99053255833344	-1.03945834128019	-0.994478683424084	0.453410453061466	1.09760057937382	-0.226838997904843	1.13529031703528	0.623841805957141	1.35166573860545	1.22850381255719	0.795723957794312	-0.0438292137790849	0.333136445944293	-0.907899584820443	-0.91927431106993	0.491446899181842	0.99592864715066	1.09579324255651	1.25044337508776	1.23891378061474	0.760019018786364	-0.93041076633959	0.761411843970796	1.34147112081058	1.06914674022274	0.640255351229449	1.09651095722359	-0.598297053459848	0.171180669961715	-0.958673209513679	1.18251234618196	-0.46771981710155	1.1152017827912	-1.06677736165332	-0.414442711892624	1.10878181250496	-0.932877822437866	0.443604661713977	0.414750470889672	1.36972345211421	-0.0406889302649861	1.08650868712246	1.27754220874663	0.0486406227617065	1.23991035827556	1.27829136609816	1.13361333954709	-1.2111737322675	1.61502099780135	0.242781590365408	1.13515683889442	-1.25176099808738	-0.0677020755974287	-0.117402427909195	0.10519730853476	1.22778300383338	0.372693088555095	0.0261291567880449	1.36264053463566	1.24084348928133	0.652013172285984	0.609376215458222	-0.108497327306543	-1.26841584390333	1.17975004868199	1.31567752973711	-0.477266777957353	-0.474510764529577	-0.312688639252806	-1.01383908294931	-0.771574258282235	1.20574210371051	0.411596765329796	-0.121281040419973	1.13461540815752	-1.20649643434728	0.523164990239543	-0.340317390273424	-0.937971200998698	-1.12157511623659	-0.892091202584976	1.44608964618787	0.872028289281269	1.32547289356318	1.2119951464214	-0.276363479497317	1.15674866944025	0.827536052316625
"ZNF334"	-0.27094588959783	-1.1135005702028	0.510724272090443	1.27300235836203	-0.320637146881264	-1.20889124102259	-0.331169279243846	1.33688114332082	-1.25745866622626	-1.17124599664984	-0.215288908453413	-1.40494387712452	1.27956078514413	-1.16377752142416	-1.38153986395202	-1.19620046200739	-0.583793176595449	1.26935566157332	-1.32212141187888	-0.0961234845348038	0.527796768231607	-0.631702110056708	1.31524973318529	0.787620706741308	-1.12799143490159	-1.36043340097996	0.12001946686295	0.275776749514162	-1.34734371753705	-1.20853783685486	0.101087709791335	1.58843954291976	0.0605830697851741	-0.624216466700399	-0.539574384728485	-0.943824812053842	-0.84114988794007	-0.907454224704783	0.298772402286882	1.14545032732789	1.25076106904208	1.53900729208534	0.209819650499142	-1.34565252037955	1.41613663799866	0.282938117329173	-1.24994724845399	-1.47573517465984	-1.35856587603029	-1.2817305209834	1.20964960236864	-1.34837419135976	-1.180583808015	1.14268936679137	-0.26269244421741	0.113031568024753	0.608769714779459	-1.15360978047486	-1.38995010956035	-1.3207752964337	-1.29053045444109	-0.66930091373924	-1.33460479675617	-1.49728961385997	1.26227707849926	1.20849510095628	-0.918884255969632	0.0994409346144522	-0.518463589018083	-1.18434819632081	0.317993369628118	1.20924816860651	-0.196353976523605	-1.16024196460691	-0.165961458893606	0.721935818617826	0.301431497709854	-0.0484152687180405	-0.2137892036858	-0.0149958488098893	-1.04488528736428	-0.90222931383972	-1.21061298402854	-0.926022066122249	-1.03582254375237	0.258963612030695	-0.324944203105517	1.29975509553585	-1.3600279589235	-0.0566534282952368	1.18751303727892	-0.554559373766634	0.441378959128051	-0.80989183248469	-0.167619499180783	1.20188056126049	-1.17469747984791	-1.15660946313577	-1.17220214983507	-0.827364195830331	-1.13414779357196	-1.13248639676426	0.36349929329803	1.32539893135227	1.36087900370273	-0.377487410084091	-0.0554149351336885	-1.3484514747649	-0.225546897361256	0.312657569785605	-1.08845064103802	1.32368433418275	1.23624291589985	1.2538816116448	-0.540640186419745	1.28846516702436	0.444189509072566	0.095113113357752	1.43502226695612	0.494192714513695	-0.708843493529391	1.33211658368532	-0.244743823109715	-0.281774383728218	1.3479057160536	0.923017987232341	1.25965341143293	1.53491730784907	-0.399258848850808	-0.391019285863533	-0.685072748653465	1.33299028523997	-1.04234226626458	0.430614094159122	0.294099830474891	1.33159256793369	0.371967373399526	0.155272264176499	0.0772286688099431	-0.612561369158693	1.30256584098243	0.123454749570776	-0.106788825122494	-1.25878150554013	-1.15004383984897	1.20186236081621	1.3506212188087	1.83563327345706	1.30721040416858	1.40423976467184	1.40224179675831	0.786474349596997	0.342946267603329	-0.803900972037986	1.65214195717161	1.32364192293366	0.0944705338057669	1.35341158939687	1.3440247368867	0.732314069875816	1.30731558610001	-0.357587672301506	0.580386926354703	1.48939863978202	-0.307352643793187	1.16839693214832	0.0484091402474886	1.3697209465367	1.32063741788769	1.1951565676989	-0.989716722958416	-0.241422622344131	-0.832660369091078	-1.27080401581804	-0.604460353596191	-0.945640791139149	-0.164502005630501	1.26439333667544	1.20097071073513	-0.451401386727207	-1.37857992666776	-1.15596140617606	1.2390726535379	0.415314944143541	-0.683656503528886	1.25497690149651	-1.06313743071401
"TNFRSF10B"	-1.21558818665848	-0.992406563086617	-1.16544166263394	-0.0298982336526345	0.323892898886946	0.689700163748435	1.09630146588229	1.2340412505532	-1.53608832213479	-1.35251115822258	0.0211292819594397	-1.70784629917942	-1.50837682027075	1.23943239552126	-1.44262319529761	1.32167331222834	1.35102402528466	1.13643868149699	0.349574741062005	-0.990912898013182	1.42529514027175	0.244749935342084	-1.06354803069476	0.597837310932499	0.0283948348979263	0.811057259409979	-0.351773368680375	-1.13051837991991	-1.08519484752504	-1.58546685843884	1.55880496271161	0.118177332029728	-0.990991908910117	-0.122375972050057	-0.292201839447399	-0.093464095095372	0.604798971336601	0.530033622865984	1.29288567349467	0.388388831208121	0.156879121625138	0.968332732612503	0.705743470340319	-1.16362153510623	-1.53340073229662	-1.68640737347662	-1.66714091292844	-1.84440000334395	-1.8478644578188	-1.7527534427026	-1.1195385863761	-1.45368389647258	-1.24008322383232	-0.274050177453333	-0.0558538492533639	-1.06460330183866	-1.55811763713333	1.23317415650313	-1.74215653961421	1.28020724709104	-1.28596705371896	-1.62134276188345	-1.01399020588342	1.31156056240348	-0.17761393723827	1.0602039844481	-1.31704418319599	1.11921394509949	1.0514345282483	-0.67312763721782	-1.17538040590123	0.073534720787651	-1.18733367943737	-1.02598246048781	-0.26894338489293	-1.1565191803822	1.15663019426368	-1.01303877024384	0.174225384658384	-1.05722687035923	-1.06139712345663	-0.624915884664088	1.16622706083455	-0.0678233139448502	0.640842192604617	0.00497425433468271	0.438078069147947	0.532218802197833	-1.54669017765346	1.14133676257884	-1.40749881757573	-1.17503659873445	-0.565873793669201	0.11473002130724	-0.279432971778035	-0.682502375462423	-1.29327045000827	0.459674527640527	0.735528027832397	-0.97666497221454	-0.390595681872421	-1.12382179112306	0.463037647512717	0.148533239099799	1.05409574195168	-0.589482037438774	-0.800403447451688	1.16801366819407	-0.645742941605963	1.2608597960062	1.10910448898781	1.27567878498308	0.17903524474448	-0.350499019498634	1.24105709665488	-0.661080119040172	1.11265364051473	0.710003987573613	1.03795287746089	0.115286324972204	-1.31426277703625	1.16479135565852	-0.203768734142381	0.225651216628355	1.11243307729989	1.11893586344364	-0.93526130069765	0.98590690258986	-0.166434348484262	-0.818934457200516	1.23742507868027	1.11453349014206	1.45570793111858	-1.04099165293586	1.02932450739975	0.0622817378535557	0.16629913452675	1.26547104383872	0.57094944593887	0.306459803364178	1.08096884951975	0.292770564032129	0.231729587279746	0.133486254901687	0.524404379547449	1.2855979437417	1.07839739123756	1.59655417987772	0.453992693065605	-0.709336553783718	1.08853371024461	-0.0529218433862655	-1.08098601664138	-1.26092142963773	-0.156070357571708	0.552145331350746	-1.15986198398823	0.307182931119802	0.139509722748145	1.13541018385273	1.40969444403475	-0.364764979873131	-0.228749930694352	0.742443629566497	1.01983814067363	0.82608053348877	0.35683126955167	-0.197254289989474	-1.19016799956072	-1.3422443406124	1.09281902360964	0.196775072848986	-0.238809048049723	-0.88558340897016	1.25900093114107	1.25270934021449	1.21484829644652	-0.90559594570356	1.13805321859469	-0.71417373491045	1.38657860536595	1.33182760281154	1.35917909899861	0.601047812008088	0.407830995153733	1.40915949502859	-0.641024725415856
"TMEM220"	0.769052290551685	-0.35321031057571	1.02804584638133	-0.695870499912033	-0.947128325936556	0.363095858612426	0.410557546556459	1.42011900909091	1.02241640992163	-1.45180131264348	-0.999187977575919	-1.94654033906388	0.948228166103365	0.418046601033891	-1.81890067319255	-0.923677672904662	-1.12823594915198	0.659805803331358	-1.36714566372851	1.10382637519809	-1.06518893089137	0.696028023048033	-0.359657814008294	1.29847059690483	0.457015054726586	-1.10520586533061	-1.08562799477645	-0.757127248024797	-1.64789639431739	1.20388205471363	-0.196213716525135	-1.45203495057759	1.04647908617571	1.06213062173605	-0.80659201588329	1.07629843415525	-0.863954413100228	-1.24188227216796	-0.641625039891497	0.176708684324119	1.27095010347895	-1.51569297562531	1.06209338289388	-1.38664080881448	-2.01643552863429	1.45448871543883	-1.73362376336562	-2.05549421337358	-1.87887247117008	-1.14381910951284	1.25583871996535	-1.56463778455356	1.30681908552224	1.00010064863024	0.385305541207506	-1.3955041773657	-1.66261560819462	-1.5851393101301	-1.86695952278891	-1.13541372528089	-1.50184785633831	-1.31830959526178	-1.74317440306735	-2.04716319833821	0.458863709521804	0.186474642171475	0.373146462532695	0.00459097711734238	-0.559292713043835	-0.765343750273538	1.06477382261037	-0.109142883622685	0.230208289511392	-1.10025321914078	-0.182955164745328	0.296006899231705	1.14058398075715	-1.11607057583633	-0.751465336305293	0.448590254167198	0.343720929220594	1.24911644513604	-0.291949590099815	1.04748707028155	-1.36981123149785	-2.07170399736303	-0.23352627622273	-0.774539160453777	-1.23717367190844	-0.0829890191768106	1.4088415874302	1.16519261126092	-1.2271990509448	0.54942725453343	0.443757519157884	-0.284761829038112	-0.113580452310791	0.654296084108716	-0.856233292271326	-0.979159900105535	1.12419690715104	0.0812119980279628	-1.02846821574023	0.751957791138715	1.12967899806179	0.915842505306954	0.956751467962588	-1.2429256609661	-0.386108974768307	1.01187278435767	1.2457196993385	1.08867187141488	-0.514491549126792	-0.18694876057621	-0.219664620886633	1.16550454924949	0.873319186170377	1.1208710584152	-0.0906907163023285	1.12818550231191	1.15397843846571	0.447062693351334	-0.815264318571735	1.17688173262098	0.644392049411666	0.389643303751716	1.14319296386764	0.236499491242974	0.109937372840471	-1.78929491527598	-0.277615680977037	1.14351006182403	1.02333029194035	0.557530601667327	1.13058106657103	1.02622961034248	1.14936281843127	0.443396033114713	-0.408128287354941	0.0216043912768719	0.263639705373561	0.061428442372049	0.587040034606102	0.468811909760029	0.528363719169383	1.01895287589039	1.19719931671978	1.43005428335539	0.102750902485311	0.66781415999955	-0.0791976912905029	-0.530312976163003	-0.820755982931719	-0.386740310938472	1.24873559189291	-0.732312866779768	1.16912602788153	1.06530613278961	1.17692413079477	1.37924372898561	-0.664033579567305	1.18194655688235	1.20999198630226	1.11253449822002	-0.00484314259436299	1.05529830538848	0.357065158506688	0.507809934904264	0.204300928266898	1.09744880067981	-0.90100363636904	0.0137563932576178	-0.593301862894095	-0.611163937011312	1.13822212242933	-0.489752161970008	-0.459991154612394	1.14789852342203	-0.951177449220097	0.342422937363368	-0.0533349272701492	0.489016954010121	0.128937547684393	-0.945236024575833	0.137647288029927	-0.30085587614008	-0.844671508273206
"ARHGAP21"	-0.950667139449181	0.31388839918596	1.06738330260771	-1.40967039268854	0.33454225312341	0.883281329973232	-1.19643639529903	1.11946919757897	0.55284603148483	0.0716167521244613	-1.28915483116466	-1.07850309033756	-0.960174401088593	-0.130631303463419	1.04031251003038	1.11099754993007	-1.1480407445508	1.06408383104457	-1.53656590171114	-0.825445105523344	1.20361524936433	0.130738950609488	-0.154500900873656	-1.23590668770876	1.220503407443	1.34498153064757	-1.57582294558875	-0.707236847378366	-1.62133446250124	1.43873342331038	-0.490594688566169	-1.43413668753516	-0.2337242747268	-0.921312574922781	0.0283048724124736	0.627687012642804	0.0289158372841286	-1.57526831858101	-1.14210943379655	1.08031911036819	0.759141081605677	1.46854205238208	-0.69278419779916	1.169154783551	0.294256966279607	1.25043226635375	-1.6652043186116	-1.99679189061678	-1.40036311430149	-1.83706845146583	1.04422211773223	-1.86042404519848	-1.2666898072734	-1.70000739014338	-1.40651795847456	-1.76467220516365	-1.212935569774	1.33560213790434	1.31144865514006	1.26653408276413	-1.73396780651809	0.0800893185961068	-1.75796367576299	1.12719879953032	0.248673748604194	0.104980023593534	-1.23845332602483	0.766767076971396	0.520482610469261	-1.00833530891527	-0.996646810058046	-1.09926114361908	-1.12658185959104	-1.40732211064619	-1.47994694886279	-0.648312115657974	0.984910671614301	-1.08943591474502	0.408245340001261	-0.0347611674286836	1.05880544693527	-0.264447327650753	-0.617392946110124	0.373667684324936	1.03248576024893	-1.66829111454611	-0.966322084293644	0.197879381722729	0.315437748561421	-0.719603225540231	-1.31945201052325	0.566418269196169	-0.165819974627771	-1.32367715518137	0.15540495006172	-1.14601612517333	0.248025533243144	-1.60136472638956	-0.22632100828671	0.46763744022622	-0.905844546553859	0.282865951469358	-0.215491779591909	1.13374312476784	1.32432950875322	0.257516821491184	1.05964618058162	0.336299732751509	0.110891395361403	1.20170272541181	-0.0981084696468714	1.16908838611337	-1.16091528089527	0.988817088303617	0.319999792810434	-0.328798877142497	1.0731798197365	-0.936643277862689	0.828622108800224	0.598749937250399	-0.749450387073588	1.1761978780712	-0.191074230273674	1.35072589563836	0.764930897052863	-0.560841442884746	1.12989988973807	0.624111006389877	-0.357494718399004	-0.756400481650475	0.766437514162879	1.16358818791169	1.29823893634443	1.076116834856	0.436419950860225	0.518795157894585	1.06756313378289	1.08047651509252	0.710148259238377	-0.559966815237153	0.76171138950911	-0.929304610520925	1.01125248902197	-1.11722630338155	1.10779407048668	1.21879371181242	1.06189926929044	-1.77102793112686	0.444004281381523	1.33649457258219	1.10874562988264	0.731032840328828	1.01421075496744	1.17175494894236	0.579756837797737	0.122572319114466	1.18883279297872	-0.323033759617823	1.36644587141943	1.33024646879745	0.22385191195119	-0.70153117115947	0.581940850118096	1.11915494497271	-1.19095533219749	-0.17632154662901	0.170643806442783	1.1334600012544	1.05111695370153	0.686260014967938	0.354918853064532	0.0383172917852525	-0.279431013691062	-0.43820835836444	1.04126811559979	-1.2872365502117	-0.325509159821358	0.29557335801673	0.278072178021644	-0.13782989340072	-1.45916313112384	-0.462719727342477	1.03433503086722	-1.19457070435631	-1.03112824254374	1.01196183790203	0.0624291787354609
"TCF4"	0.174289612194001	-0.580780889732776	0.553526244856947	0.264105869514263	0.591942952647106	-0.608127677239725	0.119604278866557	0.563183153264876	0.600148249116042	-0.417895157981577	0.258413917148531	-2.03800263037695	0.486381976307332	0.571630110680772	-0.634170077676417	-1.49288579827984	-1.44712920196852	0.357395714647697	0.535992135394517	-0.111756329572528	-0.736465347793457	-0.569247768051189	-0.96511955292665	0.549058925666035	-0.279746138894567	0.495117626977417	-1.2516981324801	-0.236106869053121	-0.957693790186428	-2.67046402612179	-0.719163229303714	0.550519027128544	0.600534369276687	0.454737585264336	0.534221691116928	-0.249732149145871	0.315770407652498	-1.11605289787602	-1.00345234382732	0.610590651044466	0.239866230890685	0.343691687747321	0.331387897116908	0.401928351759043	-1.10377207720097	-0.935743591301223	0.53478913111942	-7.52758971751788	0.379635176847516	0.365010149463285	0.414937389920083	-2.36536351564551	0.189867008623134	0.212968852453691	-0.503232892608989	0.296698268963971	0.508508392898435	-1.08725925342163	-0.955142600900837	-0.26071953854346	0.468229383219487	0.282415168611162	0.542395215381611	0.462832020618311	-0.313200744512412	0.194433501159394	-1.06810275677162	0.741073513392505	-0.324445737331295	0.0515043965540453	0.491741205592741	0.0488972451609577	0.460985373439731	-0.907086958748894	-1.28084531734418	-0.274308872892894	0.398718310004784	0.496432430354737	-0.838296612882273	-0.609006759836831	0.241092610150788	0.530494647285753	0.518403997262702	-0.796800535381635	0.486033137397918	-0.795757774774424	0.391446638370663	0.150562847153967	0.138144017808926	0.489825603307977	-7.52758971751788	0.532592264056583	-0.786777411949792	-0.742317964117799	0.3869480235056	-0.460229079476133	-0.7552673474613	0.490589233296359	-0.8296362581212	-0.428740489781681	-0.827555548137847	-0.239798774585042	0.550586396797673	0.519541765499364	0.511426433126145	0.225299024817647	0.542068646541098	-0.407517921047773	0.277645475629296	0.453722788565244	0.307570274697972	0.550894903774455	0.250438580544955	0.62020798295705	0.238980755643488	0.46580213661946	0.459995397448813	0.297602756590377	0.531243715058382	0.599046758932332	0.634100760382141	0.484269860413948	0.603995120721866	0.567055737795535	0.386563754553446	0.176958024803083	0.637927836973879	0.46758715758914	0.019248340838234	0.422861277937877	0.486433911069373	0.636409658737109	0.38178742373104	0.562406470574282	0.530606275503797	0.520858038936922	0.151128550363704	0.272002641265818	0.435354749487259	0.513579592007739	0.371602801475895	-0.484667374111782	0.520318917844711	0.177519222401171	0.64064175721544	0.483423701867233	0.585727885027276	0.440403773986836	0.51701191993178	0.396814453950544	0.59682021822277	0.368213159722994	0.315995348870997	0.515897916438336	0.589178871099153	0.569900038673027	0.553867315306625	-0.564380938072006	0.422997849592307	0.262783169162317	0.556571878835825	0.523490210040074	0.652967076044529	0.595561077820133	-0.28897284171502	0.526947691333561	-0.609279613175377	0.533401324227978	0.408223870050451	0.554664601326247	0.449802474154332	0.465742370710743	-0.407968301377186	0.240808654782485	0.568876929740976	0.174976491982264	0.507647453093287	0.535006313323191	0.586287688218833	-0.0504121014305969	-0.332438385283502	0.167487098053623	-0.304432462044485	0.330807143600097	0.20306004906886	0.283940525299354	0.18950575642994
"SUN1"	-1.4054879172682	-0.565126374013167	0.903222947640571	-0.67501874326214	0.0158308855919918	-1.11096457924799	-1.25632134553865	-0.664143073350223	0.157502337163488	-1.21103887885409	-0.147378437699286	-2.0092337478749	-1.28234066751034	0.0747321252406787	-1.18141636109919	-1.64217386768214	-1.24235881362029	0.555249923133346	-1.68766891935271	1.14187497828976	1.15429970927024	-0.625325048254967	-1.41372903085337	1.12916321091042	-0.998795271654278	1.07378963865389	0.477895986489629	1.10157511479146	-0.0101275674294688	-1.63593552150531	-0.486714436873986	-1.61743995408496	-0.301315874945404	-0.239498587983083	1.12236600032663	-1.57992829916956	0.701812018185292	0.63535965101266	-0.855623928318622	0.563567451970152	0.450795660872489	1.0877086087822	-1.17734389000664	-0.0289002630450437	-1.72163485376897	0.547066396133648	-1.67318622574324	1.26246129945391	-1.85220674162332	-1.78397095778175	-0.562068688310808	1.24739740446555	1.01571324115528	0.420981100037702	1.06111942728034	-0.886720407210692	-0.0868249703446386	-1.78140060167787	0.644700191121212	0.411896936671001	-1.70981410415887	-1.58820998773803	-1.80389790554318	1.06532816170911	1.22577102626632	-1.30635587344377	1.14349068916612	-1.26549496240082	-1.2930988569536	0.450317894809938	1.15408926186722	0.731059055383334	0.262343777740224	-0.141438578259876	0.777896666163631	-0.579309573066222	-0.662092618449889	0.625382121515043	-1.56272793387314	-1.28042303593051	-1.47875901104432	-1.22618139928767	1.01209131560713	0.16363675995281	1.13588871376623	-1.55249251337791	-0.211086915700508	0.543721792119532	-1.64835327090214	1.05588406813587	-1.04577694136127	1.01026291589521	1.08906630135163	-1.33699763056728	-0.976567705730171	0.412812161403785	0.57155718567336	0.72927410203594	-0.408026207580111	-1.01017039362192	-0.973450275433069	-0.997837473120293	-0.116184010500638	1.10519861425848	1.05205858384666	-0.99397380192943	1.08601184098888	0.302790273155229	-0.365402979554197	-1.42541360161052	1.07099631718178	0.525121854386544	1.06786809635934	0.302484915789378	-0.76457660587134	0.580255207584259	0.53955549684754	0.906369944035712	1.09830562804723	0.630572134238511	-1.18954304132959	1.05445838902221	-0.417533205071357	1.10772226563012	1.11287561385787	0.55285325146321	0.543234305167352	1.01868430309984	0.137629960647556	1.13899012505082	-1.40130435268872	1.09093598867734	1.18156538598365	1.04169641712367	1.00238335594076	0.423567771748491	0.477913263594886	0.389066149651678	1.08706659162752	1.08703573293843	-0.538377770435313	0.731174426103381	1.09287881174587	0.672624645841877	1.16084785420981	0.794794943678144	-1.05296209704055	1.11574307654344	0.998606475770126	1.07132354302093	0.757888840051657	-0.713623642988017	1.04163215871764	-0.0241500156471893	1.11366094486255	-0.504063918467334	1.0401966524335	-0.0249737146502004	1.09338264215288	0.433229093674219	0.419447532323083	1.07067356389637	0.154267535420052	1.05414035428714	0.419602926207966	0.632462289315805	-1.73290194603859	1.01466467519462	0.678537441580193	-0.145103509179798	-1.62461539306961	-0.909195984081474	-0.473280369722826	1.12998700179011	0.159399556217297	1.09894125404974	0.357563899784973	0.225142830383608	-1.43114264545081	0.0940080532746934	1.01893368156515	-1.43183575585712	-1.10350800996724	0.762384815094763	-0.765919508292678	-0.215467915807311	0.581614297413334
"CYTH2"	-0.622451229542915	-0.568581076480934	-0.851069748956966	-0.933413811468722	-0.929844364697797	-0.898931096035632	-1.10473727148492	-0.22657547524316	-0.342137044830992	0.452782373994564	-1.27715410468102	1.67681197950356	0.00388090841198701	0.460041044303614	-1.32914711050509	-0.639858698674416	1.10817918967205	1.11875611510707	-1.76098330419017	-0.640110404335047	1.15291347780236	-1.34128872548382	1.01397838286275	-1.53627079068899	0.399684638206084	0.303329845661426	-1.54835334546869	-1.0195079209315	0.382094247143371	1.17707394905346	1.35707667649752	-1.08978486619459	-1.30852411718934	-0.873105829869608	-0.197391339763287	-1.1581034869506	0.712054605470043	0.0230606771386743	-0.491737967536861	-0.209469945060892	0.00687596700849127	-1.46658017929498	1.55806539276403	1.42011375363869	-1.49746519328492	1.33216219392809	1.11142815248946	1.29470685746412	-1.69573808668	-1.70430466291291	-1.71678427767902	-0.705518916884369	1.1935693643348	1.53402315958828	-1.39081567435846	1.36849464959295	-0.432100561352361	1.03388682298474	-1.29923691499615	-1.48258540017995	1.09584308800992	-0.979507528431663	-1.7367961512759	1.58381427643121	1.06854835806175	-1.33434116321872	-0.210899616514293	-0.891706672911077	-0.0470611345038639	-0.907846634309334	-1.033892730466	-1.10033839887946	-1.2013471271452	-0.00341565007927616	0.495640004028652	-1.44512245124133	-0.537649635718261	1.3761135933844	-1.29480453686628	-0.64463892408167	0.160070429821259	-0.916033858057506	-0.700518284902042	-0.493829072298188	-0.326986796351155	-1.66744735393406	0.188010935558543	-0.952617389276746	-1.04406958163624	0.80534796508556	-0.587079112848074	1.38943858020356	-1.11489106151392	-0.898050560332008	0.553456412732225	-0.0306653204343822	-0.228411816975155	-0.554016963452444	0.501310521858902	0.81850122732388	-1.13767652001315	-0.986719494383246	-1.20274592984787	0.190232499185524	0.701734432607714	0.0895325654673957	-0.66474012772394	1.14202858022371	0.191924653858839	-1.24136870998935	1.23397314087895	0.830420953758675	-0.895276949827919	-1.46153088622216	-0.345569886080872	-0.340543194679141	1.22846646546039	0.476514748687853	-0.905973295928018	1.3240510271116	1.44971251747369	1.09107888280038	0.258956349909482	-0.00682576782429621	1.11185107778485	1.33837491462602	-0.300732690191729	0.266978940209522	-1.1874795930454	0.920112972376213	-0.278960695135445	1.29983182020668	1.24512244833396	1.19897382645823	1.14879972166188	0.177644645699176	-0.197198271829141	1.29056816181265	1.33706931440021	0.00120424410848529	0.223967475230105	0.792002679996372	0.163471538959043	1.21972041276698	1.26733554662662	1.0072923733075	1.13129970310579	1.49577603191677	0.291484874558829	-0.254156638958453	1.22807158548797	-1.29336786666068	0.377400878440336	0.307070064087459	1.30811475240022	0.00289835476977111	-0.910843894845335	-1.24615636931063	-0.33256566313744	1.2453644673138	1.07739001559437	-0.852297907159278	0.469437324084602	1.38009662324403	1.2185865951245	0.608022845751334	0.072023255729232	0.354921442014042	-0.834690906572289	-0.0299576969111079	-1.32741724839541	0.324608774801601	0.261828577757797	0.436247262025759	0.745181201563296	-0.971366634113445	1.07952444200934	1.09273624609406	1.30996825734326	-0.223097215303464	-1.21579247118306	-0.741913010820313	-1.28404251950363	1.2362481535025	0.682669187565263	1.49470120892784	1.16289565281497
"MYO15B"	-1.13132209953394	0.370288227966294	0.109709076702107	0.363208456281031	-1.09716666530574	-0.176895687205246	0.146836866582844	-0.334915724876873	-1.25952203520255	-0.308336688940914	1.359606454646	-0.736346958524694	0.436557416000547	-0.370827510251992	1.36068230686142	-0.557061411394793	1.05902348160438	0.598720008791253	1.25463509547412	-0.275230472406002	-0.757543689282318	-1.72258751034862	-0.88826289011026	0.346048461035632	-0.765759882680536	-1.34997609014391	0.325741773729529	-0.980575325917047	-1.63973232873105	-1.43581414264294	-0.578547572910203	-1.70512492889196	0.0118741626523337	-0.287014567657215	-1.0244600518415	-1.08108223334843	1.12764851670482	-0.463632281512561	-0.620399518421409	-0.0160057974910029	0.428748639571105	1.44227291997966	-0.87767603739977	1.20626912693187	-1.58522398843472	-1.08158481484095	0.858719612109532	1.18457397483629	-1.50776469185358	-1.44474453260097	1.31415018141881	0.633371192646404	1.14888419681514	1.29029742675732	1.37301640148373	1.17475660903646	1.47874030831925	-0.932345758355334	-1.77778412651882	-0.867845538362236	0.00416945597772728	-0.926048189465073	-0.886000016254331	1.35237679042347	-0.929329562309884	-1.8609021569919	1.30350223700371	-1.01285013325872	-1.03189078572692	0.583196003973404	-0.826074846605162	-1.29313746026015	0.553067537708364	-0.875594672926231	0.256638299615483	0.563381865390074	-0.992620167614164	0.307742986069431	-1.23579641612995	-1.45160510288836	0.404002086987507	-1.36440204322711	-1.42854014524587	-1.30205391250132	-1.48093215741857	-1.653811609219	-0.831340617083399	0.334287728693739	-1.11066293434683	-1.06177921695287	-0.89237495624044	0.540102691223637	0.0773050446074088	-1.10790326529611	1.23914902854368	1.04099870665602	-1.07076160498992	0.287276036477544	-0.937908613587655	0.16629964941215	-0.969947012988423	0.335418398801851	-0.587348447933921	0.242610822109681	1.27999144014966	-0.925219825853755	-0.286994929680972	1.14428009483244	-1.08661713554659	1.49229613887413	0.478648756614623	1.42957579912266	0.0917322930834868	-0.976812187943622	1.54945282389184	-1.04269117054531	0.609674249210656	0.990972707752843	0.249930823743712	1.25891614185527	0.232788554577961	1.42991004717897	0.435079755780297	0.498525687862706	0.590246696955477	1.52632024309368	0.187324259159225	1.22662778808055	-0.803416275739798	1.32223631039827	-1.03902794408694	1.32562100049904	0.59070452042648	1.08229808930772	0.322425611968043	-0.0944424156361667	-0.979461523519215	-0.700981512349759	0.0952229234352207	1.49764129585565	0.284617217550683	1.18534284811158	0.219348729802378	0.221861254410369	-0.317741294822449	-0.722137317835025	-0.169019239121702	-1.84738801934844	0.170867788890788	1.48274252136104	1.25803782930717	-1.00727901746061	1.44076488559832	-0.162152643963192	1.02011281033321	-1.06393404801907	1.30879673770334	-1.03432279110314	0.184317708934499	1.16102824084276	-0.172293866263619	-0.85899845374455	-1.03614055475143	1.53442149018379	-1.12104275909233	1.12155854302503	-1.10259668773157	0.333901673408713	0.641773597425905	-0.933042760164092	-0.19207652495189	1.48588993367747	-0.240294928938286	0.281687907106606	1.20258567223867	1.70267812827887	0.296501231790214	1.0399216393809	1.22514638609687	1.10474277785078	1.22166521803962	-0.494642100838915	0.170178737147076	1.47054969783437	-0.825821141833344	1.15411751803476	1.13780962959953
"GPR183"	0.931078658314189	-0.111045627148449	1.28177544951396	1.26743672961837	0.330724380498737	-1.10957044004381	-0.354872255893875	-0.443528878021345	-0.124547444278493	0.73045046686501	0.0648292417080691	1.40404663673574	0.695701613298047	-0.914231640228356	-0.90961077851308	-1.5769445749488	-1.4907497134016	-0.829218194392922	-1.70241436321299	1.34859311457653	-0.999331106414096	0.00955650173885169	0.145054453116562	1.23848248733175	1.05368637330591	1.05870410568648	-1.03904679512158	1.22952141733313	-1.62903044958444	-1.115438390527	0.478491825271671	-1.67237946564403	1.08140658336622	1.40198406649514	-0.929412641477896	-0.827989384749134	-0.902801782481512	-0.949910259571245	-1.30558028593683	1.4098014291492	1.29977426303864	-0.381293290419157	-1.00557252947204	0.318725341117738	-0.978053116501715	-1.64098125552866	0.534701722650267	-1.54549286151616	-1.54344839232263	-1.61331357298544	1.32956501521952	-1.55250862306336	0.279636324567367	-1.01442908725721	-1.75034462042111	-1.45794268091189	-1.10931935333151	0.168612136817439	1.2018075327554	-1.10450055008314	-0.753958009175353	-1.21652862531721	-1.58687599898333	1.03359408547772	-0.83039851384553	-0.91103715205952	-0.135640270131104	-0.835985587494315	-0.460645169565249	0.781073560545351	-1.04049418388558	-0.0146348544291677	1.31061270106207	1.18241459082188	0.494444057444062	0.362488263914913	0.453016622608442	-0.868185018416079	0.320742146154575	0.145000207097281	-1.206861866787	-0.882746629524301	-0.664611890977563	0.176039130168723	-0.280619844595906	-1.65888383312628	-0.832882474250079	0.681850528899657	-1.20650126559048	1.0848504433161	-1.47410331389331	-0.436003637778611	-0.157670279622202	-0.937120171791189	-1.01781566121755	-0.146595388058066	-0.88898314519913	1.37484525942509	-0.939764319273858	-1.05049169049373	-0.788378567428629	0.245125746823555	-0.049575253304586	1.03867450026217	-0.0189068820283448	0.694644656166539	0.354162231486988	0.277101741132858	0.529253716609141	-0.819876987787061	1.16020158446933	1.11341615117273	-0.894398634800235	1.43582758682874	-0.976111009044958	1.0817856403362	0.0612229700879493	-0.225699335652202	0.573635121222071	-0.26356623891036	-0.174281033734623	-0.97772270506531	1.24170142420497	-1.1295826542098	1.01474222910249	1.31653624631983	1.34554060595699	1.17471564394871	1.02976728397602	-0.630555049945476	1.74651915373763	-1.19945769226606	1.51151272705456	0.578980950834059	-0.0583172566528506	0.772800275971698	0.472049738551498	-0.02288524460576	-0.752599815332454	1.32308281548039	1.45762115885723	-0.160911743495889	1.28130180598043	0.241799693618483	-0.91742880316842	0.818916450080461	0.136965832630984	1.60638685866311	-0.975816775076228	-0.625464900649304	1.34758871689903	0.0850744035506591	0.611519965132283	0.993440066333808	-1.14143730214974	1.33944540676088	1.30333008310703	-0.636159630791707	-0.905649338165101	1.19499724939602	1.22824970423523	1.19943645383901	1.25521564623955	0.859376346763458	1.08125650859747	-0.226986838791389	-0.172055239332641	0.191233454073733	1.24660534243045	1.18779872422732	1.09015060432384	-1.02746425882123	-0.0808249170008152	-1.59551462192927	1.38924582952101	-1.4142519285744	1.042864275492	-0.500046167129978	1.23605628526399	1.16259912544235	-1.61310966607042	-0.913170355344675	0.498259573986316	0.445969644083617	0.703043978532801	-0.171426029769042	0.106656681090447
"WIZ"	-0.59937686280512	-0.990634078544807	-0.892937150010603	-0.937668171345194	-0.219867334119018	-1.12150484949307	-1.52949680869852	1.45582968682618	-1.39267501114784	1.35374542814793	-0.429656704581044	0.59818430002744	-1.1021363213701	-1.15739796716471	0.569357388653908	1.62496439333278	1.06906099012897	-0.436060474674068	-1.24457719376089	-1.08041700174931	-1.40725140616247	-0.945068866184083	-0.987650250172062	0.477132032240208	-0.992762557024408	-1.4974042769403	0.354530690086352	-0.294465320680318	1.03382316918599	-1.10213116726884	1.16059283347108	-0.743427766104473	-0.963903113826831	-0.988910412761399	1.06103084911519	-0.880769256858187	1.15832171330669	-0.916059767097979	1.184453028806	-0.206364923882559	-1.27312454805041	-1.39408497306101	-1.09095998433165	-0.139225179006616	1.2391589034977	1.86223440723394	1.50490043448468	-1.53312545761234	0.415993384035758	-1.28498950145475	-0.799566323475938	-1.47642693119669	1.08648585045387	0.750774105241653	1.7757731425186	-0.969759040047523	1.22585619560686	-1.08038981210458	-1.34631373444517	-1.4906589391209	-1.42318247773051	-0.529475965069681	-1.43175107620276	-1.34606093195408	-0.861251071598016	-1.08407981059596	-1.00076528089013	-0.446123539285444	0.210544904004004	0.336051615840091	-0.715488022260445	0.629741643766782	0.529546208792392	-1.01903067665781	1.05198338278448	-0.43625117813085	-0.006360178853874	-1.21332357884233	-0.145491782555461	-0.921734183284012	-0.0896187832875543	-1.10112053968956	-1.11702036649345	-0.316413746303274	1.31072637959074	1.21100430557008	-0.327059742545814	1.43105066183927	-0.850459268152131	-0.8308361839531	-1.33186129207938	-0.586768665113002	1.13478368232232	-0.648770706886499	0.2722469627656	1.06627035616032	0.233261303046389	-0.303227389304369	0.058102069038101	-0.264177114439693	-1.12113047990607	-0.276219485781114	-0.43275699980153	0.226189105317058	-0.947454782632617	1.18149049205762	-0.110776579434706	1.61077661454128	-0.963920845919239	-0.962182451798662	-1.24640037249504	-0.0289401803133347	1.43132039070919	-0.711518351461053	1.35572070062428	-0.293232039271449	0.180427587120969	-1.03105325029228	1.50463876033971	1.44244197339093	-0.870047220762833	-0.422898990104161	0.712902343703778	0.321549738350263	0.385215711000832	1.50313157660631	-0.195337843824054	0.0874109447098875	-0.6416222292669	1.2937279961308	-0.738554235731637	1.09756661685144	-0.430180484252462	1.33562869932806	0.503174951180587	-0.174447527164825	0.000367880360546753	1.48447683068936	1.41452035394645	-0.164229601972899	1.22245740751096	1.37126744105113	0.0138639825223178	1.42864304151507	0.569957057550249	1.39258312484756	-0.370474797427431	1.83398661200874	1.24078918692861	1.38209819081545	1.21724627111496	-0.545115647274078	0.814972287988994	0.409426515478272	-1.09078980808111	-0.00170769740345239	-0.88599195757832	-0.795794615897193	1.29956054320699	-1.04920543541137	1.19554424674651	0.329353276332412	-1.10085174760169	1.52862197542728	1.17696059771089	1.03698811118069	-1.11770409640091	-0.6448607499666	0.513257948805291	-0.963965759373156	1.45556062164223	0.191805331302169	1.2075115987124	1.30253064781518	1.10969570450933	-0.391513986242363	-0.185522616571904	0.960294473044329	-1.08572525274589	0.303159703185703	1.66434702204755	-0.130461496422262	-0.223649887752532	1.29100744143051	-0.860252164025996	1.11174982897493	0.407958798569397
"ZNF251"	-0.792255859763298	0.331283649914072	-0.584810815886578	0.719599153988807	-0.321096483632519	-1.57752692535828	-1.15910538601045	-0.0897737131457991	-1.3956036795777	1.4348515593678	0.596460135007308	0.879425960971935	1.21825634071148	-0.34887464968391	-1.52379446657424	0.713147970600988	-1.09140290437145	0.245047737908487	-0.0640570325444787	0.273536620202195	1.10255497185293	-0.707595966950191	0.662204577092831	0.78109164394424	0.264680168561029	-1.33044332083062	-1.68063695024814	-0.574691868395885	-1.14718822856585	-1.92816020013891	-1.60612295190244	1.21300318525161	0.113581328339582	-0.960091853861259	0.301442355332211	-1.43053421318167	-0.533582530209014	1.27442331527606	-0.820600919520292	1.32871026896011	1.04729174177945	-1.70410818125338	1.32336631020158	1.76906364225701	0.767215857200454	-1.32419264160112	-0.990870211758433	-1.00224498978486	1.1949717175896	-1.87181049861209	1.06688380885235	0.0885207855984902	0.731078154368476	-1.44703560739692	-0.732407407959169	1.20997662058676	1.25349398206887	-0.89175754378183	-0.785621818172651	-1.65314157440948	-1.30581574152164	1.08895119380802	-1.75129313090933	-1.61729127011742	0.466542130201151	-1.53900091363999	0.119112312982728	-0.700199317423533	-1.38064224108599	-0.348869398022046	-0.326919126282413	-0.068085597066483	0.468303139992873	-1.64050671510371	0.175654674014088	-0.299548166358254	1.39894184814994	0.652349586525912	-0.508538788044873	-0.784375539134276	-1.02597540087004	-1.77261497323629	-0.379189909204112	-1.24959243139852	1.32700567670428	-0.668027937947072	0.523089883353774	0.657625536696576	-1.03906084715417	0.229786566214068	-2.12347365590744	0.386863436302344	1.22887877159367	-1.78072308487462	0.917839334146647	0.709695675362076	-0.613745049827454	-0.59528704278944	-1.58352619816573	-0.935378995111677	-0.59537191178815	-0.666289770622756	-1.39490232562816	-1.17650588575447	0.909251795933348	-0.774528538877564	-0.572532531483175	0.185179968584927	0.486889159243997	1.2647858229104	0.786815943564097	1.26283772931324	0.417242741714564	-0.509293397293905	-0.908626473521863	0.402121425187559	1.28708207690481	0.664415603150399	0.556593182868866	1.21068001449385	-0.322074070426578	1.07649412140636	0.676039169041044	1.33494962247293	0.884999359531757	0.797369610589625	1.18068056999687	1.29807806787448	-1.38606629813483	-0.829016490006032	-1.60713003006773	1.22141654839691	-0.0619336844744292	1.11391522723862	0.893672976009636	1.03102688937475	0.202985242271173	0.808152398347902	0.327706259434362	0.391087666973901	-0.948196843641333	0.265368457674636	0.657567043707667	-0.30113276921244	1.24805134301345	0.5911307423182	-1.66320738402922	1.62805806754057	1.24032181467127	-0.185390306529598	-0.404668972410396	-0.499975460331529	0.644330273373155	-0.870614214947074	1.26523985851031	0.405923997390781	0.159847959451056	0.908596275117015	-0.109902744069239	1.4603330553812	0.456032889330514	0.434730878528971	0.888810012223114	1.29272274169931	1.27058556047509	0.779038184408423	-1.37536072046462	1.11795231854395	1.13118826643197	1.36799719110959	0.154322722965576	0.433647300881834	-0.0133183940273081	0.697899132435075	1.36176263078633	0.218718025657556	-0.21122362545693	-0.384373271788341	-0.659156277835085	0.902553070015591	1.23072719104664	-0.211188463051026	-1.4195294450103	0.211181599287756	-0.799776198350749	0.216785489564089	-0.599587250692534
"TBCD"	-1.31887292831551	-1.19861856536542	-1.26147374981132	-0.628093608704611	-0.111395715337146	-0.0516322121405801	-0.185183451248356	-0.191585423480229	0.894861463909816	-1.1788454956377	0.631933873569038	0.963975342678672	-1.36437126249354	0.537489716301261	1.47175844206528	0.572520542482772	1.11294237952448	-0.11508649202401	-1.28852855208754	-0.0937256625911956	0.642416601373502	0.904596238221075	0.688099424555996	0.868753896808422	-0.287707348918611	-0.124286772170072	-0.513711344632305	-1.29439443926399	-1.07087718846009	-1.54812651137061	-1.07655235307305	1.04814192934163	-1.4396763879596	-0.478320768201529	1.09792376815406	-1.2962280522323	0.355577178598546	0.959176844446546	-1.03119165543097	-0.404745767252206	-0.0132075203020617	1.25354005138736	0.636884166711552	-0.447736109751729	0.329828396715779	-1.75461324064723	-1.05843213727551	-0.238702921515857	-1.52710217417868	0.350091856011532	-0.262604109852053	0.697924174914321	-1.28308752385933	1.35045291831335	0.772903893766914	0.872115665463298	1.57339116292181	1.19645451699165	1.28838005753955	-1.03932120873493	-1.34923813389771	-1.29369892633174	-0.678858373875059	-0.136555816074543	0.948287179405721	-0.440651028843484	-0.500606985768567	-1.07682130104323	-1.25079537897976	-1.3536969210229	-0.976806123917901	0.382856598166696	-1.21999393783805	-1.0273103767476	-1.25212817118261	-0.987914000781236	0.406312470936012	1.14627153175146	-1.4241531846327	-0.456844170366404	-1.10611050423761	-1.33089324958077	0.0600226168467877	-0.787513526422607	1.30126834550109	0.765157752277582	-0.396291411004472	1.3529494878298	-1.09770098000063	-1.44230311702882	-1.38112757132984	-1.04467129507081	1.37444293615742	-1.06151693496636	-0.320810916399836	-0.829093013760231	-1.37829899873809	-1.43664542185507	1.42106990361022	-0.702502670996335	-1.26238505441098	-1.30013476624472	-1.22446974250592	0.956532551034971	0.980008902861295	0.0868337178175408	-0.824481975268268	0.893965414257896	0.344645367868169	-0.202284645447537	0.670291608165683	1.05244608872337	0.793879500808677	-0.225825220277774	1.14832084062669	-0.921019474684079	0.388635522943084	0.9879549822477	1.20769041880878	-0.258441987607396	1.02657616656587	1.33096252678676	-0.0127923657027583	0.444520020894981	0.590998900575314	1.00889947797609	0.640857881295704	-0.718570389579864	-1.34857781815021	1.04258551671692	-0.335746317259936	1.4898516686439	-1.50971318390585	0.302830599389992	-0.306713766422349	-0.34285200525218	-0.643878542825912	0.890332598751876	1.3461225697317	-1.1226999739352	-0.193247868820417	0.920827578424211	1.1116476147715	0.443270317003323	1.20952476772272	0.736081638459148	0.186757684498058	1.78250475457073	1.14657533269146	1.05425735349924	1.40921587571498	-0.248352283524671	-1.50945877563025	0.956786423695577	1.33047315021803	-0.329735552683562	1.22224623276595	-1.50992808454642	-0.971263327533625	1.01537894467569	1.15906207848721	-1.2863670722114	0.490916152388119	1.00689083510965	0.178854111847534	-0.25480468420539	-1.2419381017457	1.5547828651273	0.807854645965559	-0.274679893672088	1.1531998621628	1.45809859286503	-1.65609252868958	1.15996014894601	-0.179575188337731	1.19870617190601	-0.979295089407229	-0.0834194463835908	0.661007789259371	-1.70866887567972	0.843303324386069	1.41055118936352	1.63943930029719	0.914776661271044	-1.058083137786	1.13478213485073	-0.189161464334367
"SFXN3"	-1.04602361371006	-1.22942933538342	-1.51125756371565	1.17075517650805	0.507635759763357	-0.881577784527543	0.169218088473084	2.35066606114232	0.00563173210156962	-1.09599219193759	0.471765001744226	0.793729249942725	-1.39946006520785	0.759695945208747	-2.65240730100896	-0.62030633429142	-0.75580718575367	-1.20887625234219	-2.17228699614042	-1.2045982532048	1.68018648214355	-1.07067472055574	0.20865376844386	-1.43113134140665	-0.0319903514604813	1.04759873338456	-1.09723705426541	-0.779799468308319	1.17805564839781	0.564912360823881	0.48241685477532	-1.50039516946667	-0.198471927871734	-0.92968391632549	1.31322483324129	0.725779273639989	0.723204299380984	-0.175004665693113	-0.0778698034595576	-0.0599509397113936	0.00341633804573677	-0.739247940061786	0.680164327757073	0.479933835943309	-2.214519475149	-0.453434652493178	-1.22742377605361	0.572521514267602	-1.41055538308216	-1.99888932801199	1.06084309884442	1.08763184967645	0.163668683832129	0.386357417220399	1.19100538415992	-1.61466965020084	0.830730853555989	0.835507374891207	-0.0851451736895807	-2.94225567112991	0.786895927402605	0.499695715073381	-2.38158276674895	0.705754379578489	0.0956570277883179	-0.225703700318123	-1.3388576445222	1.12615187833281	0.913338715934352	-1.07784538683854	-0.854641829243925	-0.330627285523826	-1.63990733869579	-1.21217048022512	-0.843375571519626	0.115612580443111	1.26548692994751	0.410949399156078	1.795744186217	-1.1565618912998	0.445936126800191	2.10823741661136	0.237400197626342	-1.13202677575727	0.970718983843325	-1.5026807666364	-0.519643260671859	-0.4420432699345	-2.209782773435	0.113039089211145	-2.16610697399184	-0.212260300352973	0.366765551694516	-0.909669923976087	-0.533931958787535	-1.15148944443313	-1.11070196271167	-0.166195278599044	0.289601539136263	0.808892765028571	-0.0478711704283949	-1.49570342960091	-1.56158066439048	1.07501325154306	0.130298506552754	-0.653928893740163	-0.332454109789532	1.22751855023007	0.628642426762806	0.317869188577679	0.382505358718628	0.293529073801639	0.00234622994148841	0.0466412091837305	1.07217743519279	3.11809466164799e-06	0.852900762271834	0.341814851984679	-0.672066997567264	-1.13540754844659	0.910377544775289	0.522239218038695	0.242041750006577	0.0958189494625632	-0.105363323987384	-0.117178075816281	0.790945619101921	0.896744614919171	-0.0518297666755392	-0.178408603624537	0.679545634167421	1.34716565916071	0.531466688683515	0.880015557547666	0.982200636883071	-0.109546537473057	1.86976690661925	1.12853511460667	-0.0607557269239849	-0.457409958630721	-0.245543700006844	1.27773218408022	0.70540857098785	-0.197728334284095	0.512108782752231	0.85034980491436	1.1927406587538	-2.61760059867112	0.539568081290853	-0.345250559407141	0.81643671394715	0.966671554816289	-0.946083163585806	0.645566217374541	0.471051735869018	0.446948790876651	0.496169854621414	1.24431876752582	0.224238609473557	0.308056343093453	0.501618997339669	-1.31299018777705	1.18049140043091	1.14763780386164	1.003290397063	1.12679836126029	0.284288508263466	-0.297159095668369	-0.0797377275018398	-1.23059966582384	1.03709157086139	0.366241977380544	0.372457544801395	0.13934189625972	0.912395393710278	0.770505208649232	0.252599555553197	-0.414106614528603	0.202409608962366	-0.797367290020519	1.29630309493585	0.183439489332657	0.569780964793692	0.831813884927188	-0.320583130960977	0.58557605896765	-0.491925856518251
"C14orf80"	-1.23374798439641	0.38966604787704	-1.26114968474899	-1.14841153387156	0.329271325355481	-1.46478064995852	0.363475445899561	0.0864110910726286	0.779191412356882	-0.835169766224502	1.28318708984133	1.64256643771535	1.12048925306112	-1.47853452392753	1.55873828852116	-1.12361270027506	1.26955360115919	-1.35291027769061	-1.67426429956589	-0.688100082727562	0.255918519466246	-1.38092438639064	-0.626184340887816	-0.932868520866722	-0.0961364666980788	1.45840030587363	1.52325589300759	-0.79736216879682	0.612079193887047	1.04030325558131	1.14706199987674	0.191151386753416	-0.00493704533074358	-0.237883569828414	-0.325263694203297	-0.966167219432193	1.05289033375496	0.758590572288578	0.29683649284762	-0.00477745289618376	-0.148602935277686	-1.72017967996766	1.31394394311408	1.37527212076691	-1.97746632646386	1.3346478972748	-0.314843071196683	-1.99215539060277	-1.85226862114821	-1.49152772716446	-1.79475242143089	-1.78568502238196	1.23229402339819	1.15892939645956	1.17666144455131	-1.57734770130769	-1.36089412018914	-1.64862760272679	-1.71200647070695	1.30997812447882	-1.62765745977011	-1.54101198724364	-1.76230188002826	0.599086769302805	0.940828393333582	-1.10249979997086	-0.00119244696615342	0.183746614667936	-0.393244622611605	-0.496948208271259	-0.840824432936909	-1.19540108552329	0.0586572992169463	-0.0117020923807037	0.515418670318881	-1.14389358568567	-0.170918419354839	-1.16386332852541	-1.19431823436549	-0.751912625885059	1.02488900632297	0.448731384066751	-0.78043632949318	-0.193548617379608	1.02881841889688	-2.05526532301962	0.487478439299508	1.15755679732795	-0.897552688925975	1.10312756534318	-1.44808018475748	0.0824711502842262	-1.07435692913235	-0.444016919381935	-0.660830152003753	0.655058898559617	-0.046873950449403	-0.0573520269308506	-0.400676047928306	-0.0649815009643486	-1.25678529876548	-0.564407226813149	-1.20374348434059	-0.83431511825563	1.05187798240014	-0.105127135591637	-0.24435395992425	1.29120826863929	0.385542847993443	-1.55448121180853	-1.20185888574488	1.17370537662639	-1.00682281080981	-0.827613961170385	1.16923501338206	-0.071343686860643	1.0872070155485	1.09275030674538	1.0038294301474	1.00642956746814	0.194549728307837	-0.458777750837499	-0.621607205622347	1.04745225511026	1.22219212303872	0.634473201791844	-1.18921117862695	1.1881557340514	0.0116087893629072	1.35060769517588	0.30376099579536	1.06110551197635	1.12943324892088	0.371998568979058	0.676573302537518	0.928393646651186	-0.421220261806508	1.15571260569066	1.02995871813109	0.138658420688809	1.02638808166546	0.386424125874114	0.234851211395556	1.0695251725957	-0.126773511465539	0.0951327650581501	1.13133408544817	1.47587154642435	1.03811331748319	1.07886845972781	1.05389766697522	-0.915740106174782	0.209195860368509	1.06151132428336	1.19450566759382	-0.124631971730696	-0.570858495944601	-0.0146831127723965	1.00627784052671	1.11533943880586	0.22562940806957	0.85953650829267	-0.978294848757949	0.674730145797617	-0.0342089033421343	-1.06470787647715	-0.601035362718625	-0.392531950779349	-1.03399811137406	0.00767997236362706	0.710048364364737	1.07705784622912	0.278381245965854	1.15171315514399	-1.03059919017604	1.06618080145388	1.09328373036597	0.41572045490771	-0.0797326138986302	-0.168679015818831	1.4337263480681	-0.0551673444534112	-0.950516916157912	1.26850504062621	-1.06125627001966	0.454543383506919	-0.650738509515759
"HABP4"	-0.62451175486396	0.309489213124654	0.236074379587017	0.966600941899829	0.520718538511336	-0.533136557054427	1.09130395110204	0.922294872539901	-1.19163648813577	-1.27754834256898	0.975673307693522	1.51925317215147	-1.25184729241354	-1.33957108722198	-1.23379484147219	-1.31918076727214	-1.26314122080909	0.897376286136775	-1.41712070564783	0.876155112543171	1.22507128474114	-1.27668074619736	0.80305983769483	-1.18279124555216	-0.497500149514519	0.808058957682287	-0.403406896918088	0.782746132011546	-1.24736877714504	1.15329369898251	-1.34022295776205	-1.13602877732578	-0.261515472307533	0.935326017635269	0.465560342317616	-1.30047741871662	-1.29577718862759	1.03229798035594	-0.503959511141756	1.11720475723578	-0.604392599347232	0.933572104436132	1.23186483786004	-1.44765413396312	1.52552118745064	1.34236512618055	-1.30419006470632	-1.75800846185681	-1.50644013035308	-1.57254670233391	0.983635762500239	0.846068952057651	-1.34304800308774	0.726906876287767	1.11738891629795	-1.37952555255553	0.534025442282665	1.51734862651601	1.37119060588055	-1.4232081540542	-1.47339270404683	-1.29035301046653	0.816161516375654	-1.61697798571093	-0.424692937238335	-0.821085710553896	0.902559323431846	-1.2807844317697	1.52756909861685	-0.780347663658581	0.17788356087936	0.267515532309862	0.269889042514981	0.225539333646599	0.95318072426566	-0.735751832536691	-1.20144874470359	0.00903354364852111	-0.503893639581927	-0.496817570906203	-1.28800069254049	-0.0928839727617984	-1.32583379730243	-0.861328952801191	-1.26318540874519	-1.24684489079275	0.715130300192201	0.891052460607028	-0.236276955873272	-1.32154313381522	-1.41249651455272	0.60529807195153	-1.29117935291827	-1.16364986248541	-1.32654992217892	0.226728863214944	-1.18994737435145	-0.707076263459294	-1.27144699779857	-1.24744088725116	1.06840973030782	-1.19850910022157	-1.15377659871648	0.89403494012815	1.42231084033088	1.01487111953491	0.327827002718106	0.843473289563591	-1.36171203008311	0.884643926495287	0.305135099464681	0.82506268218212	-0.587030882431848	-0.870998480763178	0.866373013487058	0.0977651513499381	-0.671692712636279	0.142095808028648	-0.196939721772444	0.849839708344607	-1.2774724512819	1.15904817080722	1.29708301642945	-0.838275732001082	0.60381611223522	0.760877530058401	0.995844006649571	1.26610725785996	-1.15369415293148	-0.297658397153407	-1.17763463817671	0.761825397022576	1.50669575739101	0.219717513247857	0.995470199000846	0.0587260469298273	0.587741064117111	0.636505059697274	0.230230603532314	-1.38571905025372	1.41978426687389	-0.526034498956356	1.33199539984211	1.4724943571069	1.57168103974236	0.0537776546447526	1.14944350786711	0.566874384399718	1.12430345498347	0.914002779240104	-1.16820166142939	0.119197035406238	-1.23110259953328	0.409577172612039	0.920827384125563	0.817681465738331	1.14781245309905	0.841748938381291	0.301793466266232	0.548377036550704	-0.227220415284879	-0.95992909425189	-0.466326120523483	0.849326360106773	0.931127288566241	1.10058208072444	0.331616730830079	0.16083839363641	1.04293912117299	0.910978728152702	-1.17895480388963	-0.0863824922348424	0.704392898445846	-0.685828114663341	1.19061338164848	1.43901102450018	-1.33809457770487	-0.299037473809692	0.924147983080997	-0.54619018211216	1.11619751210209	-1.34712895036521	-0.174686250030237	0.588711783401896	0.605650004548593	0.493932074910369	0.435738591965596
"PPP4R1"	-1.01558237039145	-0.463210808508187	-0.890649762688946	-0.290118738923616	0.340563991365853	0.81319720926258	0.6858169162517	0.810047524401012	-0.290228078263063	0.864731775979963	1.55403008668625	1.53357726550054	-1.39447146321768	0.278473626120119	1.50383215907365	1.14850912974384	-0.318707121215936	-1.38334552489478	-1.89083773877739	-0.838713209001305	0.060733777786201	-1.86113324350807	-0.88708394327608	1.31778806927504	-1.43854585684507	0.859987182525547	-0.578584467818119	0.754655734406609	-1.97884180188907	-1.01534681787988	-0.44500289467261	-0.810441962805036	-0.70087170844264	-1.17300080251699	-0.316685564187505	0.0996782420325715	-0.190185449337186	1.33613026219121	-1.26179170302926	-1.13154965183746	0.77015179725101	-1.07216735954292	0.849379756159004	1.22918960732159	1.27806884428173	-1.47865587433518	1.42993407893044	-1.75155866375691	-1.76304023686958	1.21284272165925	0.884440973678942	-1.07143622820822	0.971824703378002	-0.998251726421662	1.27724978143952	0.697669856623744	-1.17177248655272	0.895145744662448	1.2393846319034	-1.80851618888618	-1.83557452019145	-0.368617022376427	-1.6706500217156	1.21738813929668	-1.24030779672599	-1.04069142378354	-0.397153542184249	0.813214675728869	-0.415282858221992	-0.407723214640777	-0.721841867092037	-1.17638204699728	-0.330167004454138	-1.03302275935978	-0.413488951774807	-0.894557702495898	0.863863066634169	0.742703165833729	-1.35628266518716	0.883317124695924	1.03535714780237	0.784568835796775	0.699663893513293	-1.16828778340312	1.40573522435449	-1.28593756640694	-0.981329079194366	0.475785350897847	0.380054035561286	-0.170833454478848	-1.5559548853828	-1.1478616414665	-1.39098281380334	-0.0986515272992197	-1.35424680725705	-1.48609965611729	-0.193997468628467	-0.884007766559073	-0.775211126784523	-0.297769605789369	-0.894645467826427	-0.952116058941874	-1.13824204797994	0.310885097667774	1.27380152855286	1.09437844285252	-0.0829784956560284	-0.788607784757868	0.970288246805514	1.28540505790108	-1.55589435672285	1.51651703361195	0.871728966305298	0.695670727262495	0.0774516131917961	-0.0917341968701866	1.02227487560786	-0.984116386621638	1.00285036647299	1.00898556121119	1.17407307191731	-0.361814888422609	0.717364883548183	0.861945428354694	0.461649165764072	1.06813845959363	0.791053065829368	0.712031258536035	0.702218908862448	1.36740469930521	0.543515820639705	0.263098550064348	1.51978423924953	0.970834304859339	0.361242681581239	0.798787433514662	0.900419905371698	1.21932557666232	0.949459067167944	-0.0680123465314202	1.07573074467747	-1.11708970672491	1.22398333886117	0.0867120168790556	-0.204851009441149	0.451512069507891	1.43488106200927	-0.52126597754422	0.161307816727796	1.29239900070591	0.97460790107965	1.0287702208779	0.176564078779525	-0.136964603996771	1.06055778065308	-0.331934189104528	-1.0296916386409	0.643794761360827	1.22264811577175	1.40076920844993	1.30720479135686	0.256927705247504	1.54140147394655	1.64494837378917	-0.241090139870774	-0.266488997387517	-0.0593380479416479	-0.904528790483556	-0.339430869820159	-1.40107085782902	-1.72253211509713	0.580470921314177	0.0163960876110437	-1.26831325573417	-0.123336183267268	-0.738555702110341	-0.220809634407952	0.615179240802573	-0.163111571482364	-1.37737620186919	-1.1933978176078	-0.0454667899300057	0.0430487635694466	0.943735236444988	-0.0735310845042104	-1.30005964913237	-0.223179966164766
"PRR5L"	-0.94094562049522	-0.67761553729518	-0.138472529256549	1.19830114419655	-0.568554907964626	-0.761537734178166	-0.491622369002853	1.11469600973304	0.656441215356073	-0.343039344569702	0.0844059406633365	1.20769363880617	1.31680622104135	1.54409615596997	1.61278623395932	0.856911290344489	-1.16892505278832	1.4000974231443	-0.595836943954414	-0.757856787181045	1.11949676960646	-1.40292901421205	-0.83207623836902	1.29447553727141	-1.52864358863316	-0.991394960755121	0.644216132366937	-0.269644959703809	1.05241988381782	1.3647634897411	-1.17303642191672	-1.74218529337811	-0.171956898746727	-0.924539301443097	-0.965311814712056	0.370759154297369	1.27489121212267	1.44702008178742	1.17464447199582	-0.643849509025131	-1.0093066282062	-1.68470916371036	-1.36741683686834	-1.60595886395491	-1.79502312451776	-1.66911844063945	0.0546872066649304	-1.71685181562367	-1.75722753719696	-1.59462150884551	0.259132435993327	1.01305572151164	-1.47143241196565	0.172772083813535	-0.943812804060425	1.428228830027	-1.47297333986455	0.936506229758643	0.326209788673535	0.285858433668761	-1.49141358399772	-0.806863108752672	-1.66532432827006	-0.977656860676679	1.07389161594308	-1.50321240032755	-0.286608016513692	-0.635241799625424	0.124927885588315	-1.40643395378907	-1.26490118143716	-1.27969940172451	-0.2857092733066	-1.30487816700489	-0.922484750006029	-0.837996536328407	0.565186179375792	0.732862053366129	-0.244448302866934	-1.51808525211515	1.05003663724209	-0.73015206280045	-1.158445030889	-0.952845064786455	1.33571157801616	-1.56472149237362	-0.620219824287233	1.15782499422017	-1.50584649421218	-0.845811250229091	-1.31500457804185	-0.0138718935043827	0.545473807545296	1.26640538479635	-0.219102215589638	-0.0680443772826285	-0.491359093835025	1.05821256493563	1.09568022371141	0.279131444806973	-0.907773471253473	-0.0634556566235409	0.548884939972219	1.22830582642366	0.969266579570723	-0.852481228905081	0.0202468335347671	1.17901842977718	1.04170284939635	0.65040484414909	1.19989511443724	0.975900657139502	-0.510144504025649	-0.425402512438572	0.629775887942297	-0.789067746467247	0.499492034661008	0.75682949936372	1.01977035496136	0.259080299887107	0.97163721806558	-0.610576131879228	-0.0949732210733342	-0.856657040528302	-0.236249108432631	0.00575874449816716	-1.21803717117905	0.436873840636818	0.815655220883924	1.39187948936263	0.135372102195476	1.36707002685505	-1.08327531649014	0.746255583672578	0.396871849056615	-0.156040570707532	-0.357210931235694	0.468923912567477	1.4987495678832	0.684009940535259	-0.597316521042294	-0.83979075489974	-0.960907945631619	1.04710278815691	1.39203224297657	-0.425462270569116	-0.125441440959413	1.50765378125255	-0.532042452525894	1.03028466639887	0.318856524203173	-1.14810604651864	0.0953929136918039	-0.582652709275832	0.991383950709731	-0.787729930232335	-0.957050072877569	-0.608351518345327	0.198568084764431	1.45216814033338	0.924461661334923	-0.827508338210055	1.34863678778425	1.10502323931278	0.98985149353297	1.10431442416228	-0.817016412715969	0.222078270213515	-0.416538514414634	-0.20561979532139	-1.49764153565855	1.2338859785715	1.02905877138645	-0.0649384013777288	1.14862188717817	1.60635280362277	0.585366133396758	-0.0830325302949826	0.0934299667374379	0.157016238788658	1.55884965666625	1.17340842717604	-1.20073042033378	1.4568511370811	1.01658770498198	1.32983737069137	0.422606021637479
"SEC16A"	-0.845993442388094	0.664309301749529	-1.28279428793094	-0.157071407161986	-0.952011509215436	-1.28910451343463	0.684446483420422	-1.51047768989922	-1.71313114895112	1.2560994971048	-0.189877881101429	0.912835676702841	1.46560725596502	-1.80991747737026	1.3146815819219	0.61489795438534	1.14835542655544	-1.36665617240018	-1.35691930762438	-0.887320628828285	1.47868829562638	-1.58266486830158	0.55651935659859	-1.63689121230028	-1.33187097207515	-1.51904491705838	0.903978481871195	-0.0308072202852965	1.14685400400205	-1.52534946501932	0.180830863923865	-0.767883667758629	0.483931092331383	0.399165435556253	-0.254248314807661	-0.037010306528048	0.763970564449389	0.377505627343951	0.17577429477045	1.25208989324699	0.104216670803823	-1.00700974696358	-1.50270804480366	-1.60784011605833	-0.0819367360035491	0.0672465815795794	-2.00592464445631	-1.74522596262807	-1.35035703192902	0.0995923706617413	-0.934890814399387	-1.97596687763677	0.118929226822789	1.31606706172901	0.624691506490393	-1.67650362424933	0.0428053701399797	1.33857438830601	-2.08526649704898	0.33583584891907	0.612609350681114	-0.54262786857374	-1.21351321817933	1.6497207357323	-0.404092885614587	-0.0121711644694664	1.45456155893165	0.00945160299138383	0.808285124818669	-0.61287492630006	-0.0362652250365696	-0.594896116124095	-0.5077477063267	0.445535452732959	-0.215761477925071	0.18621413521422	-0.300914487689702	-0.591032620010619	-1.11191482208821	-1.2449395558676	0.111790273471415	-1.47641542872979	-0.946709549666421	-0.137657464511544	0.937270783262954	-1.71576958039565	0.868134928001413	0.782431327532763	1.24619684598302	-1.14442370700745	-1.2879321227794	-0.547443528938027	-0.615587322204586	-0.653367033447818	-0.308034254442	0.969527333584001	1.21802538440618	-1.78606952898667	1.3646833978765	-0.599510943067289	-0.0570649388788818	-1.19335781589778	-0.108150564132944	0.143063412360732	-1.39587324481301	0.13374496122889	1.43703114717853	0.832293413421362	-1.79302807077312	0.187075167481146	1.30419859467419	0.44538468185345	-0.688780410671573	-0.158634674786757	-0.862840712602498	-0.82431083980262	0.557164558282335	0.247560259318634	-0.651882543204276	1.58490443167467	-1.17094612716257	1.59148767722264	1.46098339323868	1.01205761167846	0.701998250788194	1.6652357591506	0.163205333862604	1.02405022138023	-1.27589282329882	1.47567554131698	-1.14207435748484	1.54622746306079	0.87944985505831	-0.788017681850602	0.815503048807642	0.385434159369661	0.415667655927236	1.18779011270159	1.15892140173417	-0.73113569122006	-0.561404180355758	0.324212497034939	1.90868045484561	0.896385304400287	-0.0944144477484719	-0.00290337731263897	0.790175357823427	-0.174209655891592	1.40862533430338	0.271145112375373	0.425419851731528	1.20689617167289	0.766112080703314	0.429547133718825	-0.228060953777529	-0.77392166158536	-0.21263460674823	-0.134134678128532	-0.234385976700259	1.13622526131964	0.411873656906368	0.274360259190506	0.0985190261438475	1.22335390886079	1.70136833398165	0.561100227239818	-0.987093585085173	0.46469609604731	1.51215979178934	-0.766746309757842	0.645134640399424	0.224655847644906	0.0384384473061933	0.565351366785244	-0.00984594993205952	0.77424435665489	0.0931505212993658	-1.39947892160133	0.211362764218223	-0.0821360176682085	1.73601761836735	0.997338871293309	-1.53505426295641	1.00289505706842	-1.10340229370245	0.27170135319751	0.549973255236817
"RGMB"	-1.14430604576562	-1.17027648665397	0.24911795813824	1.21231331427429	0.35643041160659	-1.28103048386117	-1.21462829420303	-1.00780800820943	-0.182712163985943	-1.47278406108794	-0.789282616874698	1.19311351651272	1.26363690179004	0.642765757991206	-0.484797451460313	-1.27821940437012	1.38595270270783	1.15350321503654	-1.55224021348959	1.06615495558087	1.23192584341047	0.274329672611073	-1.36789994611049	-1.35355863100678	0.199873419232785	-1.40490676147946	1.21585418660039	0.0976629002341836	-1.68256061442108	-1.35443117723431	1.37960644151099	1.04768230767148	0.346300714373078	0.174775583177833	0.535478991950905	-1.29417775891694	-0.86560773268208	-1.39829686872554	-1.22565409849229	-0.414936796193159	0.217111929322821	-1.60840090637167	-1.08130441539569	-1.59496624767755	-0.659879905460846	-1.78410154019698	-1.2953623324793	1.24242507445351	-1.71833407526613	-1.67291895925252	1.69350864257993	-1.71081038841403	-1.42229617582795	-1.26565544324123	-0.408545830544302	0.675364012701459	1.10499646425295	1.09409409622539	1.35446419574236	-0.845372972794665	1.48208571066614	1.50630570686728	-1.78813865999834	1.47241769961747	1.20571879196349	-0.290724487602156	1.12166051705537	-0.359569074942586	-0.092509339931954	-0.931835615159615	-0.802240133651651	-0.901129566202262	0.0677839971634884	-0.75805857415973	0.309835947998961	0.422629776895935	0.266021466201524	0.631437348652929	-0.25498142231428	-1.12730218049528	-1.10582354559616	-0.36652707624933	0.0268409748788993	-0.345734852337073	1.3313164396593	-1.45294882991437	1.1294058156207	-0.850902447899553	-0.157058476102866	0.275398213136125	-1.45144470895148	-0.791938543554265	1.32567148045491	-0.209717544376901	-1.08226756857691	1.16530407418608	-0.741730421260096	1.23900619856559	-1.09189424417995	-1.05924397423036	-1.29067728210362	-1.00790911236012	-0.999674036551055	1.3261881507581	1.1700522156612	-0.628581990857326	1.43245557662034	1.19920404039133	-1.14446072549383	1.23318499227648	-0.948819241551724	-0.346110162131694	0.254988739717926	-0.286363194312705	1.50018968575685	0.0999899898065585	0.839247996666387	-0.0614837123214992	1.16887857291825	0.676217090217336	-0.852741362130307	0.771677431506486	0.458654623658836	1.18014562058662	1.07819742718343	-0.109074921041132	1.21930629542464	-0.108503191465085	-0.977813195094351	-1.0951730779877	-0.970776746637409	0.370888403883731	0.647903603981218	0.125104806444368	1.16851123201557	-0.897697084105614	1.13545025571265	0.772105400944023	-0.186585474893284	0.206888887919702	0.526191578638424	0.531329069246379	1.17785460194142	-0.0528192713553985	-0.173713453550204	0.157414511653469	0.193050831041902	1.16931720661417	-0.635735506906955	1.40413689182755	0.110629195138547	1.34169263984954	0.227597687519404	-0.906550184646738	1.31273860686522	-1.29625802532223	-0.585771314360458	1.21689295070145	1.40971791128793	0.219522508567529	1.41260757203839	-0.979399338305878	0.647333596120265	1.40176520616608	0.0555764770919507	0.0798796102952212	-0.547394771277427	0.172488710430859	0.244472590951926	1.17107551549682	1.20482526405088	0.71907869206347	-0.660245309035325	1.17474924934067	-0.358677491994803	1.1854232628434	0.180102418533403	0.491634984087645	-1.14272110817137	-0.119120473823285	-1.25486484648954	0.810595969914507	-0.650699343352381	1.10526861166725	-0.882977848348231	1.21230617772379	-0.508805615222836
"GPS1"	-1.06094149748288	0.616374158962318	-0.316981295303497	-0.713014544054298	-0.0986412210266875	-1.27440256267848	-1.18763508753271	0.0972431197381235	-0.073597337517097	-1.38877459750487	-1.13866317990453	1.4969060632456	-1.28286064469807	-1.27797732427912	-2.03121334480131	0.88431497852741	0.70395546855982	-1.14070719281652	-2.11202130501572	-1.15277587746596	1.39478271550077	-1.75198727758579	1.05173983270785	-1.76528811797445	0.0120754120819173	-1.47091300846388	1.54626673539014	0.323157905825655	1.5459138402596	1.03815815897443	1.27936400183753	-1.4729859511515	-0.975150983614581	-0.204225701892505	-1.12662346758762	-1.33658448893493	1.02302241679919	-0.0561291264708552	-0.0937906663704554	-1.0844511812271	0.48121333614111	-1.4775922576398	-1.728974622001	1.25278286022861	1.56417655693319	1.27896720206579	-1.34035215442671	-2.00129075873312	1.37803238747319	-1.41942564388659	1.4615365725037	-1.54187971721891	1.19840523047608	-1.64890195675759	0.803693362802194	0.652251145913242	0.494773396460732	1.10953106528653	0.172520194637202	-1.23965235867471	-1.60266845498898	-1.84975983446942	-1.80360185980356	1.12943747303734	0.908364653628453	-0.956537475154641	0.514140907346682	-0.551967670098138	-0.258149657575726	-0.213086153530794	-0.141345279554483	-0.304846189139109	-0.225826683833142	0.136001347433295	1.31266005649398	1.09649968501751	-0.0547203697759146	0.0211219056854398	-1.46203532972983	-1.0950627999809	-0.813773147800392	-0.948582262830573	-0.903583874984559	-0.068970491602784	0.899672403234696	-1.40809857638116	-0.153320259414365	-0.685195440443581	-0.7006478918006	0.986145049650103	-0.353702501204373	0.338477738995171	1.34691718459544	0.773962111958957	0.869928582733308	-1.35803773171354	-1.13762381987451	-0.413835209176382	0.602957256926455	0.915154140174478	-0.617133115214698	-1.0061567379327	-0.458066425045669	0.380203872260473	-0.760274071263396	1.38370875291271	0.84138918477671	-0.380839362749498	0.750931732569152	0.930789711488403	-1.6198035070162	1.05609454237277	-0.142549324888294	-0.805201877157828	1.11081726587615	-1.12427246699641	-0.872434634521861	-0.194585397160783	0.506104359507298	0.95864038442962	-0.331354803331662	0.925831359942019	0.21375582050639	-0.370932091810372	1.04565931844724	0.176437468167624	-1.22210404516789	-0.13690101925552	-0.296332323401135	1.24301916368065	-1.00318686897936	1.20265578772082	-1.01477962482818	0.751675168559535	0.921959968472179	-0.580979457055069	0.983514085301848	1.11242853615766	0.633629479783981	-0.203683237366168	-0.137130168276752	0.736169193412135	0.710869881178131	-0.170583833746044	-0.209975000227419	-0.313084435983359	-1.65803980088203	1.41935488559295	1.39165176535637	-0.0380828770608073	0.823772317038973	0.73775415610564	0.0130539028846377	-0.209486571852549	0.911423961710495	-0.599981897826309	0.669079263503809	0.372518861488937	1.00440024497642	0.741902772048798	-1.45535263480651	0.995515404775135	0.395901404538531	1.37312530304761	0.895025266883613	0.817522928991555	-0.0925940233816451	0.892450145181825	-0.23050358775019	-0.652968297344484	1.34772996633423	0.208523454433335	1.30938833622608	1.04160715536721	0.190061764137326	1.14700376673405	-1.55152800689969	-0.256719245543193	0.89807771923315	-0.0397959765621988	0.399198687950129	0.519187522474783	0.917832785855964	-0.0497537985724281	0.776101843952503	1.44241177662579	1.31807494819698
"ERN1"	-1.08159320125208	-0.165443879283966	-1.1526670697396	1.08051855683425	-0.104111874496586	-0.508453104080215	-1.16735784933851	-0.128714706569088	-1.07614878498168	0.0725183459414235	1.00608788181213	-1.46825314874832	1.19238619288556	-0.759177324873891	-1.55866388520038	1.15925473386172	1.61645071764776	-1.42706065498072	0.90893551505447	-1.20529218505228	-1.09075755859386	-1.55257875964976	-1.22027649945067	0.940978226784643	-1.0197936518883	1.01587023956502	0.36797707294409	0.393355231383973	1.39210425473511	-1.19850974386548	-0.405912399893003	-1.14176113631402	-0.178549431914022	0.486686664606898	0.115268553207696	0.0537160551692776	-0.742440151065207	-0.0737108594528792	-1.055312521646	-1.26420289124486	1.31350222738895	1.5060948554671	1.21595010533748	-0.986765935710018	1.14930744508925	1.08119709324314	-1.55495443055892	-1.45714027088677	1.55003489368382	-1.54188561740494	1.62313198873985	0.324317740869896	1.57780444838256	-1.33485127574324	-1.67567410633648	-1.81821130905583	-1.57008711369062	1.13229159986198	-1.18440339504235	1.22863760267814	-0.00921013726884285	-1.42082631842242	-1.01743204788474	0.601047891183176	-0.886130198715845	-0.598674049628518	-1.18185244788494	-1.21129048777226	-0.874057888901304	1.18558584095131	-0.859687966367912	1.04810512740227	-0.111319872062896	-1.73792748906938	-0.93205833334014	-1.03579812320468	-0.758011310185061	0.0502153217354514	0.600087979109499	-0.859874658222622	0.585403435277646	0.209401435001025	-0.674062762053971	-1.02539725048779	1.48747595037482	-1.55690605611944	-6.5908961428274e-05	1.12027131188691	-1.61754556594285	-1.16499254840596	-0.123363872441911	-1.09088481749412	-0.0238596560430691	-0.928810320505608	0.788863543330358	-1.54368209302855	-1.210603404998	1.33138295602874	-0.0846035970128539	0.1030132364393	-0.864243205678183	1.14023168561467	0.967194321642902	-0.0427075560280443	-0.749511402767119	0.0126781287462363	0.012495737523971	-0.287130570631992	1.12203984261047	1.30203588712542	-0.2258732411737	0.418301817349825	1.14509173897128	1.10127380800688	1.16022761698833	-1.30210455026788	-0.970882946594772	0.427368047571943	0.20136489515056	-0.202935955509644	1.15108273136374	0.898482412580119	0.213522104743455	-1.34904472380096	-0.404115215065246	1.10678725350563	-0.434059605056012	0.765817783149502	0.221649539350816	1.09074988029015	1.06741352723806	1.20083685376851	0.945541652992477	0.331772619543249	-0.0328892047951376	1.30885967896978	-0.644083073232824	-0.432283845415735	1.12075338830068	1.40018169055696	1.10011567679734	-1.55396703814313	1.13353162468497	-0.74724143797888	1.23238141673344	-1.1750580743125	0.99978063729436	-1.42715653692141	-0.262840946223901	0.954040113641987	0.965673884152261	0.68610897894601	0.530873326503841	0.171279534379726	1.24436607960459	-0.0913415323203619	0.968911765242327	1.65143441101179	1.24804037614537	1.24265813911746	1.06643722418267	0.142047427624596	0.162053888489503	1.56150130572638	1.14261963477493	-0.771781365276835	-1.26985541263706	1.17627353548179	-0.187940560541745	-1.21982860055788	-0.0521092539314787	-1.06733709539604	-1.10125785396326	-1.06709443718115	0.827131512203099	0.280823376740871	0.256576377397079	-0.354283601873633	0.670006063802459	-0.263585766331808	1.31116032466663	0.073009801968842	-0.233764767855364	0.897755220953979	0.666692799327897	0.0358528297031704	0.349831085044304
"ZMAT5"	0.289715786630808	-0.648227258689528	-1.05052679502571	-0.967969253765273	1.15896142706289	1.17024540194636	-1.05021491810666	0.287813404970326	1.18270576014882	-0.613248992214957	1.2146739638618	-1.54277491825041	-0.722502916846879	1.29131330546128	-0.483733916893822	-1.36970617996182	1.2285052844862	-1.10745588032758	0.317803857487884	0.501195092369839	1.13332452360543	-1.067970185771	-1.53769283343818	1.22591395842364	0.981011647120535	-1.62013963531682	-1.69577276031852	1.20575498565588	1.20452698827477	1.15950076426278	1.10363172051538	-1.66358746413817	-1.14168808644211	-0.638515173621785	1.13646799895447	-0.560788367762525	1.03671337551314	-0.33360760753336	0.545840675377714	1.18021424465223	-1.13908801733412	-1.53126613013721	-0.666262023835624	-1.54232080996163	-2.07699715535227	-0.961774333921658	-1.59656445737589	-1.88854721407853	-1.55058118746882	-1.37009308753221	-1.54910695397255	-1.54119499411027	1.45966216334504	-1.65726657323916	-1.7291131870686	-0.917199557937239	-1.12908884544306	-1.7506799881266	-1.12653755574478	-0.139036371967103	1.25642402378657	1.17407204663284	-1.57489715112732	1.33930753607277	0.1820452014778	-0.730312049906036	0.239729333254168	0.577650370771357	0.34288551057422	0.954383499057884	-0.885992685038987	1.17550517590754	0.62876246444455	0.590071655153121	0.117457793639227	1.14928028388834	-0.466752475917503	-0.00183840107892575	0.234700829243827	-0.999228135861908	0.287316090089897	-1.20883169364279	-0.542024477194715	0.224294182886491	-1.77165136970378	-1.74077664065585	0.313107005284054	-0.688855293704116	-0.889515475745297	0.417161180932652	-1.21122352578407	-0.620132506516324	1.21123077035823	-0.911356710091534	1.03305220606282	1.1131505391598	1.13295755001472	0.589209786562336	0.540453975701907	0.062638505532253	-1.02119637405926	-0.837680733955129	-1.14355607232698	0.340473065188662	-0.134393313520165	-0.131698482138778	0.167365730668809	1.20276919551109	-1.30500330846317	-1.37077927713554	1.14769517000638	0.28526063049925	0.144747606149076	1.21910067116941	1.20104156036306	0.550572586209813	1.10940375528599	-0.474186089321798	0.50053189669125	-0.351515865233465	0.429957875335163	0.415086078172683	-0.624673712363189	1.10539224691497	0.449288360069263	-0.665728079066117	0.309724887159723	1.19992348009906	0.896145732160045	-1.15883362441133	-1.09402125426997	0.161133187785993	-0.599833470817442	1.15118748350469	0.391580411569028	0.280551954016758	0.513337366390474	0.689746283437195	1.10290642673309	0.300027783499716	1.22961352675041	-0.7717286713562	1.18595082792875	1.24326886273196	1.16856475470157	0.470221527450372	-1.56114290591359	1.22665870335332	1.19559920816291	0.183892104396879	-1.00112339168734	-0.100105473915616	0.453831890267772	0.659215906169785	-0.507575854889754	0.617211578496622	0.259126789596787	1.07589059796996	0.708073238998347	-1.07082182881711	-1.11541350767355	-1.04914380647528	-1.04880633094765	-0.371822676539509	1.06339785110737	0.691431387626172	0.273063292394637	1.27337446178874	0.297949609277992	-0.30891680210514	1.08948793294649	1.1948477550443	1.14394136749241	-1.46119336039743	-0.248173832260254	0.521522814384163	1.28734106115883	0.321084328001442	1.16484397577871	1.14992927678371	0.329095741086383	-0.968249194266858	1.51438519734461	0.817471809417301	0.0529102824961296	0.236791402252873	0.152263140764145
"NLRX1"	1.09714145701091	1.10512655736503	1.23194218152601	-0.561157518993679	-0.231694780224445	1.05773095851178	-0.196642091889582	-1.19718346958227	0.49599907874185	-0.409296145666327	-1.25750073747309	1.25507734372636	-0.79170394426107	0.602204056002288	-1.65493016065342	0.835044504623209	-1.13115901159862	-0.228413439927224	-1.48854814640302	-1.108791305704	-1.21856510782377	-1.15440391214276	1.24289803466693	-1.17728667395847	0.46362851900106	-1.50064786351671	-1.33624913364236	1.06115354943898	1.36816598150762	1.29517108348019	-0.13503749734995	1.43604343314046	-0.2310479556367	-0.520164465760113	1.23509029039063	-0.972502791364087	-0.455635638322207	1.22340464663935	0.531911310699438	-0.975707680193882	-1.63079205305281	-1.50216459604571	-1.28253342185656	0.871742195890845	-1.88527177018202	1.35227784763574	-1.60194189672559	1.42913716433802	-1.69561158830019	-1.43065726059569	-1.77681715795243	-1.56743730753213	-1.45486935853822	-0.624518262908269	-1.3049837671002	0.436085979504785	1.34566365276781	-0.488316677177637	-1.64697310876398	-1.39886019620721	-1.47289310117482	1.48656177834384	1.25712222019546	-1.76428210255528	-0.47761338029207	-1.10170207516219	-1.01462253623898	-0.447559665556728	1.03645993252792	0.390508133107417	0.71935331901472	1.14719866066509	0.719151192693875	0.358423094532708	-0.385779942160882	0.192299865953326	-0.458281180455035	-1.15506771703253	-0.851634242093474	0.513482438356421	1.16914234787711	-0.352300937768021	-0.951424221147498	-1.14527877679611	0.496210197123488	-1.77152585424439	0.229080846972966	-0.121006096360923	-1.45297687379676	-0.236545298412914	-0.986670157268125	0.421114287555961	-1.31706782436379	0.810397862325374	1.27478030518424	-0.992542636708355	-0.488395271810229	1.24698788082221	-0.0715891875957145	1.10726043791748	-0.854300475225341	0.686736387813359	-1.02630852860946	-0.100510348477157	-0.751785008340589	-1.00560621817215	-0.429911339208352	1.03301552238337	1.18432172713834	1.26461320304298	-1.31008837750827	0.235147196910098	-1.08159621642065	-1.07588212787889	1.34785162185993	0.28089934624164	-0.367658979761244	-0.31204497323453	1.25699659867494	1.18030924595835	1.23296516373411	-0.281428003844468	1.06026005468049	-0.029219465405413	-0.16277481157734	1.16830823004902	1.12223320578876	-0.893443110705458	0.120637511939541	1.43952912472702	-0.970121475437038	1.13345489718831	-1.10502758465331	0.653388104809801	1.06677865110731	0.36567113408692	0.435344087175246	0.204626665643428	1.17410322287559	0.578585910431772	1.0985166746943	1.17339589130516	0.386864490672804	1.21660064643815	-0.00239093590030235	0.654840882667563	-1.25194101156037	1.56755315489838	0.915109185251414	0.0711013166903913	0.477673480236311	-0.946891888811973	-0.00147023426637878	-0.519271105019628	-1.04868318385502	-1.03145647415793	1.19363062176285	-0.148160506997842	1.08941603913564	-0.66181187815176	-0.627192267736596	0.0307662810212089	-1.13000056315707	1.2847624010809	0.46442625384829	-0.344972974045893	0.839501332095524	-0.649405574684207	0.0382153479163597	-0.208494964360208	0.107522658197456	-0.136913208665098	-0.261182046069432	-0.925370583620486	1.26957832222282	1.31714698398964	1.07274810932871	1.06427380618993	1.33860319800204	0.222936756179553	1.37688494459831	0.20589737454162	1.44743340808464	1.21800799325225	-0.126241434831986	0.472868946835822	0.632106911195827
"ADGRG6"	1.0823757920137	0.0298683341711669	1.13350464391969	0.276619663270433	-0.603054575202164	-0.871712052882142	-0.87643115197565	1.09748647967889	0.295120980636923	-0.133822848762102	-0.169874809972044	-2.03440121465807	-0.747762468208744	-0.0940979870236295	-1.77735003529354	-1.57213587535577	-0.422582511974754	0.696710019541808	-1.43280471185991	1.1209570423709	1.13027280160521	-0.343129857390961	1.03994861592373	-0.949756211363519	0.0615951568266282	1.2913440402267	-1.69213295164439	0.348764434378464	-1.63324190931578	0.200499576970235	-0.502929221379481	-1.51625302464998	1.1069858284381	1.04582852332408	0.642855988184738	1.10482901012757	1.05724255810296	-1.38142335997216	0.557606621700592	0.0887202145019845	-0.635821264024003	1.12614013148396	-2.21918759134873	-1.4394024109417	-2.2314368883094	-1.73661495731669	-1.78030956416551	-2.1063044116408	-1.89871352523557	-1.30637045977345	0.53868095661356	-1.52321354636382	-1.27948597366235	-0.957657688045921	-1.07115946164005	-0.526555429569349	0.154900084186013	0.768695831156204	-1.78461695821163	-0.502957190392817	-1.48899789329937	1.26841142997704	-1.58519205497793	-2.17177239993769	1.03988611454603	-0.980408514371073	-0.730370522652609	-0.0977355532247901	-0.0209059431474408	-0.467340524196415	1.06095767245829	1.07161550418842	0.242706597806574	-1.0568770158583	-0.0750233149736695	0.469787579231502	-0.44018100415523	1.27608864795693	-0.783503562393851	-0.281769434864973	1.16650616789509	1.16098216122319	-0.174793960802076	0.324431083053734	0.705730134322596	-0.835240688732295	0.176110017807505	-1.16421222801627	-0.832294396934012	-1.21504467748676	1.41225011455721	1.14744554802846	1.25128695126512	0.674067437834164	-0.921227478385544	-1.30606056303568	0.823426111297761	-0.426150637042103	-0.239896137189181	1.13124723298538	-1.0395526767563	1.07755179880803	0.749343616210937	1.29588373472211	1.26005568536231	0.0624989566268457	0.91084592353802	-0.263754948148784	-1.08040550290485	1.24789000667777	1.19518855745494	0.0395010756129484	1.21916252415426	1.03236312965302	-0.702009211441834	-0.929669809909715	-0.783543195470339	-0.747840356503708	0.570070008119105	-0.733617630531933	-0.569152776375958	1.12290446723463	-1.21022006903796	1.05091581755819	-0.8749281723337	1.0246321027379	1.20093805207855	1.06036555020428	0.739477162031065	-0.395707122275562	0.160181443753396	0.344415648759832	1.10588097648317	0.1226888280301	-0.178390693198251	0.554754712969609	-0.082340692519803	-0.345983998366842	0.490309311031709	0.663395519191062	1.07270644171824	0.16838165590806	1.04476507315545	-0.975317893285866	-0.877758131323704	-1.27160706814506	-0.231705410180702	1.34889412368768	0.805447978987596	1.35459490005085	1.18953870983117	-0.915082817434944	-0.0583802688901996	0.92404402789155	1.32546317783185	0.61885497227533	0.351132848257605	0.431616205528628	1.22831561146135	1.23281753972413	-1.20179612406513	1.17068402031466	0.470274590329911	-0.510301246654439	0.0895904686901468	1.0746854048704	0.0832549012148022	0.287784128859223	1.0544280553728	0.73803411709349	1.26525123495489	0.0177188463056473	-0.837158662367942	-1.2716436065081	1.2398151584694	1.19703151511124	-1.14444113708229	0.379212936401645	1.05350399973395	0.401629644667978	0.872182804093919	-0.997899928443038	1.07126896656077	-1.05876327359598	-0.271613801232658	0.120443023581079	0.225217302460934
"AMBRA1"	-1.17694149215995	1.08596902249254	0.36531308008417	-0.104527806047599	0.870727246558902	0.537027778569665	1.20631720609581	-1.3280312023136	-1.52563869937343	-1.53381943320628	0.454152849468129	1.52420620813893	-0.972204913112558	-1.31580086209029	-1.49779720773188	1.29480681346122	-0.10753626296914	-1.19235700969768	-1.73021815648724	0.394866821595542	-1.16783838453031	1.29232389834399	-0.377470457590298	0.461107657360949	-0.203908849336597	1.12352927974313	-1.56633918429454	-0.894416071549252	-1.10896577972606	-1.46241619833691	-1.13137120138531	1.47716884145951	0.144013805357575	-0.9455086060279	0.441757125251094	-0.56910856250743	0.421060327279377	1.43544456842446	-1.1244915169084	-0.124661544727318	-1.67857969742962	-0.912873990933716	-1.00729143878043	-1.62848914253774	0.617779068757739	1.27901119759013	-1.66628523841572	-0.189373520184664	-1.46692102136776	1.15381422248459	1.09074565079467	1.15374009581418	-0.144427118435649	1.25813408527108	-0.913342866648396	1.11266888188868	1.24891717126453	0.491498594113656	-0.838338992041159	-1.36299220316492	1.15328631035344	-1.29936768778764	-1.60153308520139	-1.28305259376246	0.425843292488538	-1.1591557561901	-0.877732316205379	-1.41582430800158	0.0461496671716207	0.144532653792041	-0.823344505427739	0.121128196598992	0.475579316939705	-1.12334244076236	-0.161962223308287	-1.26260242644393	1.29175814504734	1.21174704301784	-1.42242417971848	0.287806353066325	-0.867417843157515	0.00725803209191767	0.275781426241689	-0.906453078478834	1.23031732962353	-0.955216347581045	-0.768827588544809	1.3860040557097	0.0471082223197812	-0.673358101132313	-1.61752076066724	-1.06562686000342	1.31506105010483	-0.704199059091821	0.288486236608675	0.489583727313421	0.0867630925793873	1.15224253619001	0.278774463878504	-0.170407358068195	-1.11906327603124	-1.13044836802397	-0.998541145054732	1.13553747640702	-1.31184166044109	0.86229491822939	-0.409879419433932	0.0436988201589149	1.11025867065561	1.38276404034505	0.604383649307606	0.330581458402859	-0.349098183324966	-1.17112841300944	-0.226872672147869	0.0438301704378466	1.21911286479135	0.374740551901356	1.31930822260975	1.19061592304007	0.217054570253806	1.37614720862495	-0.273778465078123	-0.209837387962454	1.22656080086416	1.2621479511624	-0.250756307559959	0.236400289267554	-0.900437713604392	-1.35878779608829	-1.12230776538891	1.27142836198916	-1.13789086033667	-0.92182860793432	0.233119404197997	0.0128327589981152	-0.572452161019113	1.19389887023351	1.18424089613629	1.14815100756542	-0.119053239755781	0.322545012765803	0.847938540530842	1.16448743808234	1.07517501808774	1.28726138079412	1.21682523091757	1.58581371312107	-0.540653765961121	-0.454966841312836	1.07320289172893	-0.485728104620801	0.202014587617774	1.11584949556759	1.24003161391455	0.272149288562353	-0.504272591582703	0.480757006231306	0.465309530585196	-1.0094006766188	0.501306866251176	1.04146637830875	1.18784860492983	1.35750752215059	1.21773438178677	0.741577682775527	-1.42352802404177	1.26441293546727	1.21287002025985	0.751654080720233	-0.509694518469863	-1.55248916952971	-0.786121213804911	-0.544392725204335	1.20098360594384	-0.779812140373417	0.509189858750763	-1.5156839752529	1.21318076828356	-0.641087343488365	1.31292820193867	-0.709681127496962	0.576655105178306	1.30863393300507	-1.08463548438272	-0.0567404233215997	-1.06518750939684
"CFAP70"	-0.242658486009939	-0.335368795192338	-0.310572927074402	0.348939071710259	-1.00572760201488	0.87453717430834	1.19387686825889	-0.941229991038924	1.08729589789211	1.33923025990809	1.03245684382472	-1.77242519159761	-0.300177939118233	-0.0166953411369139	-1.84071928352326	0.251129891188497	1.05321518872445	1.15190703446014	-1.52880406647092	1.13636283998685	1.34193019773683	-0.0581583382703131	-1.18123107081929	1.03218830698511	-0.181652222527315	-1.76758786681338	-1.49410960770211	0.00591367076753118	1.33281165670405	-1.5255617534107	0.156967341499748	-1.4568680974023	0.581128711694793	-0.872615948197969	-0.127358868246594	-1.0820075431676	0.786221873950452	0.0826631203303729	0.0181074155285793	1.0857153342246	1.04581219128693	1.12689088491169	0.608317069330493	1.16972015768047	-2.17692626126456	0.77686841515002	-0.112475552361638	1.41842011116556	-1.80409001478357	-1.4885555842228	-2.24458968650559	1.39850930902753	-1.46559894318576	1.33936096843544	0.151238965697754	-1.50335102415353	-1.58502973867209	1.11660638717435	0.972706277181391	-1.19147998694951	-1.56818916958007	-1.6618262614129	-1.83176200444885	1.33972545167839	-0.178038949607388	-0.708615061399639	0.209921176210642	-0.205075761116572	-0.28020538900454	-0.684361117499924	0.368312780376139	1.07238181255067	-0.0539481423125061	-0.47203586129789	-0.265740881209029	-0.638989661256406	-0.143755068435094	0.671512001052643	-0.0334493700639126	-1.10811935679883	0.226903293000488	-1.3357697081924	-0.0825475209503937	1.39665946138975	-1.00738045731849	-2.20614241794944	-0.0869016161039487	1.03681736306312	0.33307126167549	-0.987554385509357	-0.826432524426484	-1.1537113502142	0.180230473504368	-1.23952301679743	0.084569764607865	0.480077778056307	-1.09640425951682	-0.32444114018629	-1.32360404317155	-0.404772034121037	-0.970916759769867	-1.19445440630815	-1.28343059773764	1.0982513334177	0.301270608380231	0.374899920565927	-0.123206901943935	0.976365753185035	-0.122721327774503	1.02014112136216	1.06010301671462	1.52075405686714	1.29180189702893	-0.391029611171069	-0.58445957329442	-0.79062381975924	-0.268985922302551	1.13160864924459	1.0326189823145	0.0254336133714918	-0.50681157872377	1.07321868531819	0.943832608849746	-0.865515415043606	0.62101918527976	1.0699605484033	0.274940127252274	1.10956197168717	-1.19473304823008	-1.61217833805154	-0.941178548060529	1.05407012422809	-0.429229278768923	1.08151452980507	-0.0669372464416548	0.498374615040736	1.04834741097057	0.580678493610871	0.570089420146497	0.937785374403881	1.04623428129866	-0.0805241114898296	0.229674456981114	0.830791473302823	1.12546642509198	-0.481405585893541	1.43795591052749	1.62322068206983	-0.0786699389720757	1.4909368435143	-1.04031612603621	-0.244707994192281	-0.163384170826993	-0.285083357675337	1.48182183196327	-0.225582869699811	-0.00716649901270437	1.03831915098416	1.54639003329959	1.32450693674722	0.198243034260518	1.13875719650805	1.12585510966206	1.36952368091059	0.629269419745296	-0.0116196127349917	-0.181022783336534	0.0109343015190702	-0.126230520974699	1.04009567066748	-1.49868640850753	-1.07603190939086	-1.28313281728374	-1.02137643583373	0.876219609773677	-0.32482095937135	0.512703546282493	-0.734730509827856	0.872380544550053	0.425644029923548	1.19992360688796	1.17179845236541	-0.558641821471149	-1.09920879469915	-1.14654648853382	-1.13395358040015	-1.18836039889588
"TAF6"	0.264959844191608	-0.32721266751554	-0.85470047338555	-0.775685650564498	0.325584283027768	-1.47656389015389	-0.789336305264345	1.29709642816003	-1.09778424143949	-0.28867657891454	-0.0351190497940127	-1.06524724508164	-0.91562854774163	-1.39481084107985	-1.54474068554981	-0.375727906345833	-1.15275516891363	1.3670060646523	1.21092076372112	1.30608953281793	1.31518414183589	-1.16497112296768	-1.22674456877699	0.336018510093759	-0.220364319591865	-0.0268267049855559	-1.21732379597424	1.26139855784898	-1.21513101586243	-0.81775018408442	0.567074668724466	1.47648867686751	0.649614296656099	-0.17805602785454	-0.794666676239402	-0.871453032736322	1.15090115341241	1.29423703856863	-0.0731140397748328	-0.522933340595122	-1.48668093605896	0.191669370353389	-1.05009464548607	-1.72489718974884	-1.83755501769442	-1.6711691163005	0.2952539402366	-1.73773160428766	-1.65316512407627	-1.68310005926662	1.42391758106864	-1.48637229040006	1.32080369025798	-1.18113056805607	1.15769736655342	0.376572969016191	-1.10978320368204	0.275927516456078	-1.34380651886746	1.1909591714522	-1.68513766624927	1.50168622627166	-1.1052992479663	-1.58292365964579	-0.543166229801853	-0.281435089882455	0.51013334686209	-1.05333226558425	0.0381017319511264	0.0445349386413244	0.489402384737272	1.19216770582413	1.09334706320716	0.355609568880202	0.421968505090601	0.057157957784816	0.0238602798904307	-0.15471657318084	-0.499755534083736	1.29682640046008	-0.708013428758466	-1.36193693012952	0.0528001000286717	0.155111698650984	1.2335330918304	-1.69136470874668	1.1254129135943	-0.933830436883402	-1.46909910524082	-0.282982583129512	-1.32620919002651	1.29164696076332	-0.85464479091501	-0.220638271410834	1.30578108285193	0.340923482758286	-0.210139726316392	0.482849047194765	-0.206479065056315	1.30499773525383	-0.408965991234432	-0.264796897546489	-0.909401806258046	-0.726354610361433	-0.128978803678468	0.183570521971085	0.513813600046896	1.48555529306008	-1.04204972717427	-0.83100525172344	-0.540073423293604	0.303679493645745	0.0432113892534895	-0.47459980150163	1.47254309198175	0.586276998905921	1.31410135732425	1.12315606467566	1.19779777686748	1.16198564868189	1.11351346136025	-0.590175183992451	1.38792745407805	0.249701414094601	1.28694892868241	1.16578876444035	-0.870920265796193	0.0181199246494438	-0.932483200750984	0.431028171129937	-1.40105279075264	0.74255453838307	-1.44405421945282	-0.492572458676523	0.272016203313689	-0.0392393340894952	-0.342560306297888	-0.658063962297706	0.219884841054668	0.0409195881194391	0.158052072201927	1.41914205884986	1.26366688658258	0.180707032008223	0.472336902926552	-0.134769582150697	-0.57184403481993	1.85347180288061	0.185068821182101	-0.833557169004939	1.38698014937371	-0.954688836292687	1.1905410236471	-1.20689848712922	-1.16840488618848	0.291821393798829	0.0457955348477625	1.33815400337249	-1.07449007579135	-1.11573587220521	-0.673210130613498	1.43041170230369	0.39292896856747	1.31578206889627	1.37478737218743	1.1889286083162	-0.918313915736936	1.22456657921483	-0.564230618086678	-0.352307003659576	1.40960096620372	-0.279883973058184	1.3474767409527	1.1362968817623	-0.809626283090666	-0.467726252867953	-1.17330071048531	-0.237634562540901	-1.03842593173239	1.2873120174442	1.57102287901421	1.18050700871454	1.25030229941806	1.38419965945766	0.323594576879731	1.34087497034508	0.600657922883157
"BCL9"	0.0439001246550894	-0.386245727922997	1.19693213421045	1.19087567138256	1.24162584484978	-1.26162077450898	1.20161779473662	1.55541601747346	1.27897700823335	-1.09338325623585	0.139520527567424	-1.35253623585802	-1.13310074581407	-0.944310309703875	-1.36143467960078	-1.37533632442701	-1.11595760595421	-0.849014865045632	-1.38234049535094	-0.720459881335029	1.20032005622842	-0.168260455591149	0.611334719465477	-1.31519944956499	-0.818450086791058	1.29543216769294	-0.244716052175472	0.149383443229535	-1.69080781743704	-1.4440183106163	1.18016701130026	1.76178197598461	-1.13279945101644	-0.887836514510824	1.27342064846338	1.1825807439609	-0.759643534019564	0.175955479418993	-0.936056241070454	1.05503841741186	1.17056194640967	-1.11285012323885	0.133096162806965	-1.38230565421665	-1.85567559189791	-1.33419877813734	-1.37325336826528	-1.01895526698829	-0.353446044187191	-1.64204266630749	1.63732971194952	-1.50033203327644	1.42826271834364	-1.20344643462131	0.386617730385399	-1.70209072220031	-1.28588793452353	-1.77897680513094	-1.45807959049667	-1.70542437090547	-1.79300686934137	-1.73137785854071	1.12173150202265	-1.39905421883086	0.539778726090733	1.34633329600181	-1.3824560391133	-0.838945907859598	0.94725917699467	0.866748763189076	0.220922467167958	1.20568546933193	1.17682756689051	1.13580067144871	1.24022209732619	1.23303320164058	-0.504556776030253	0.645150830799227	-0.453658462331542	-0.935846579218209	0.299944599981505	-1.53737173799764	-0.37189753831167	1.27469583365733	0.0188825147884539	-0.380832187210096	-0.473204764959863	1.11781875040399	-1.15402674308254	-0.608790676225202	0.183190256960093	0.059427815152087	0.437066900199311	-0.75006754584471	-0.655111964304095	0.434961772771738	1.34852623940312	-1.34632954601786	0.248507327150593	-1.09114856305725	-0.1290153467107	-0.568308535023637	-0.025426250003993	1.22644788891929	1.05585976029246	-0.0522783124850885	-0.0427368420215867	1.18903973151418	-0.0840268798079516	1.34016651693794	0.0786021754364969	0.311936451551635	1.30891306028911	1.19064590819467	0.147216892102417	1.2451077381533	-1.08410984523703	0.0377917582831052	-0.795819169468619	1.23014139500546	-0.364466549952725	-0.385782793827978	0.709778189573722	-0.367883135610742	-1.18613096671897	0.0232027650109671	0.152037740902377	0.492666361790714	0.1152148923529	-0.399140991498146	-0.0644420200118041	-0.910700086656371	1.17609480957152	-1.10163551382028	0.495177168039922	1.14091170119673	0.256193361782976	0.30860797989674	1.14430612144845	1.13845405493204	0.0428966421580433	0.139781805299764	0.103096748374893	-0.0707185929571019	1.19079522567979	0.234533771511682	-1.23857237574831	1.34029950110485	1.28287199159712	1.32412094877416	-0.919365060174893	0.585334180273081	0.0385749495505369	0.24530217026786	-0.240330447975076	1.17929326927126	0.098262976395695	0.12787100760969	1.15731364672647	-1.21500790428953	-0.935007501049959	0.211265029642026	1.25947541199041	1.34399831663119	-1.00938896859725	1.16200713517985	-0.3741910038513	1.18045561261082	0.490055277000218	-0.95679194243299	1.61443556735942	0.391050401315994	1.20206589593572	-0.977048935660569	0.0418754328732088	-0.0834714789220362	-1.0381293185427	1.25786771933949	-1.1455228946417	0.603028585429074	-1.30299924549126	0.302750165125051	-0.0835521225559194	-0.126529650642257	0.00170334679341343	1.29802083360383	1.20912703547327
"PAGR1"	-0.264417095521063	0.801119712089131	0.040323312613398	0.0163279054482047	0.745063022209087	-0.0275172369446787	0.835568487665369	0.426631028392541	1.37997624196594	-1.25093412829386	1.00749385303009	-2.14849404630335	0.0781529839121634	-1.35109145985529	-1.52906198159732	-1.48011176431093	1.11425222914351	1.2426052760239	-1.19676359743837	0.960098295319754	-1.05089230571817	-1.16111653159361	-0.296729631589077	-1.00149442305586	-0.407334768776594	-1.4843491955921	1.36062752694322	0.327333154117942	-1.34081261472166	-1.09336484706232	0.0389106225788678	1.24586504961905	0.00550457351173286	0.255572334289077	-0.924099926495318	-1.32311269773422	0.0927243948344518	-1.09413106099076	0.0780668143892532	-0.925950741273175	1.18231995667049	0.0322875705071911	-0.0483076190757581	-1.46190753302807	-0.941106889855927	1.08701653404952	-1.26906046225048	-1.99518737325775	-1.30877145434342	-1.73579519207498	-1.15621941229842	1.37794560301214	0.971744373986399	-1.76034465577295	-1.29621901283036	-1.02970398916137	-0.671654383403157	1.23221330156782	1.2857222551448	-1.24067585513071	-1.50995335226636	-1.49794925924133	-1.16886765666936	-0.254680376595928	0.527450767915539	-0.146193312638693	0.998071127084558	-1.33820442108922	-0.0398660591712649	0.172870943677835	-1.10517890515976	0.29711778819172	0.990533466642347	0.168886986038652	0.939197804554558	0.982717629372	0.562624190896194	1.1430472828813	-0.99723381095985	-1.38510314362014	-1.18635799012855	-1.63073863694019	-1.49702097035169	-0.0609950500874297	0.97382556444542	-1.57239728028719	-0.0479199835545883	0.959063839755124	-0.0585957853774398	-0.0460199272301533	-1.21220317649205	0.935861709789974	1.0299719250183	0.833047209083125	1.01386919746468	1.2991770209528	0.426248284787939	-0.0349333100245929	0.99981449348899	-0.420117125910609	0.681881036159787	-1.21163931902642	-0.344714938315256	0.162123436554348	1.27976473513797	1.00024435583534	0.183272399185069	1.43409291177984	0.948825378924712	1.09128974061405	-1.13604819246454	-1.36920132512657	1.31334908432987	-0.0518941774270696	1.38515078789513	0.00330041607049906	0.954868486937747	-1.19026268875213	0.923621014552782	0.897608195872392	1.29755414599355	0.2776935726407	0.932249877590714	-0.556630205273546	-0.295699422342993	1.13698203989849	0.238191008172626	1.01494175144574	0.838432222783383	1.37213841545304	-1.02579151683526	1.28043452946561	1.0341986987865	-0.0252317620619475	1.02805114939343	0.162241697875691	0.105381419100807	0.821744918873242	1.34959942082346	1.02323353235484	-1.37598312198661	0.993722131454792	0.825354374262889	0.883785742712598	0.19316239533791	-1.37876068839645	0.786896085754909	1.6038533983528	-0.505176506594623	-1.20262202709537	-1.28227167238284	-1.08366363377338	-0.786977944238863	0.983608047292811	-0.712820426645423	-0.21405978752839	1.03670134771074	0.0914086453154597	0.477154674230255	-0.0803961977612695	-0.13601205976812	-1.47917100376233	-1.04785316788086	0.973628257227941	0.899965770730831	0.265514154516459	-0.693840015990097	1.04372163337804	-0.0653235328443082	-0.812803269753461	-0.710487916257667	-0.735497624474412	0.983724854664982	0.654774205939991	-1.09453201488428	1.28282533029714	-1.37802953365291	1.0127139896615	0.6149785258698	1.31440438672701	1.26696085751067	-0.927770361530264	-1.54679450046862	0.0676682913965908	-0.10366829062605	1.06753285295601	1.06750828819025
"RPN2"	0.729037014700542	0.182573331545861	-0.601813301269906	-0.607842143915145	0.701614597068924	-0.134616059635323	-0.674581298589434	0.892880594821315	1.49277206129738	-0.288310281582339	-1.65371503580102	-1.86295646706043	0.947876647999632	0.040313410516427	0.514804951986271	0.635917216128354	-0.873306662047356	-1.68715117427589	-1.39054180877036	-0.590428664552526	0.620354572703319	-1.54234425263417	-1.25024774678345	0.353225173805028	1.1012238363	-1.99690082410181	-1.66671757758748	0.865310251071999	-1.37587103576106	-0.751321067474696	1.52358645090428	-0.296708855290917	-0.690578858411141	-0.453776764454393	-0.485804706741276	0.86223041671423	-0.781539941007266	0.958701486549465	1.24843968576665	0.0574782334418484	-0.600120800303029	-1.60778642459695	-1.38712216558475	-1.68010016566504	-1.41754886670738	-1.79667105811311	-1.65380335239503	-1.54687803458144	-1.71265091145352	-1.47350709713343	0.921316903748261	0.933123835110182	-1.17295736237052	0.868041796076612	1.55675035258962	0.969548261252734	-1.5826502957816	-0.470267881487124	1.54331371329125	0.99092899625378	-1.4728197017538	-0.301310591794541	1.61135932959844	1.71913900079373	-0.819211750808749	-0.502316245217256	-1.17270983873021	0.980875153649588	0.934770598102507	1.14292056330188	0.170452135722148	-1.2013552111141	-0.638227012387096	-0.796582582949391	-0.699401369375138	0.28855645935019	-0.308845969709689	-1.73738141677813	0.464451845222838	0.31740988707902	-0.476845393381938	-1.42613259880974	-0.458655042603364	0.423384735664064	1.07516455348646	0.0548383940122792	0.873594722555175	-0.667534814692732	-1.61237839440903	1.16166219173067	-0.818772234011311	0.245571507613107	0.14346987153817	1.2762148148927	-0.592814102940291	-1.63812004431392	-1.52784377168478	0.745354626334432	0.905192353975278	-0.33472967936875	1.07689828715548	0.0798429107218174	0.968007152587626	0.760921690529865	-1.15693042418744	0.476660882586632	0.925746957215925	1.5968197121629	1.48162980127639	0.150452666036209	0.14839729337688	-0.381216890216443	-0.554521717573096	0.911372001887624	1.49466260918849	-0.0438223899973183	1.54688160082274	0.754698658998258	0.0997923071112129	-0.611473708087954	0.829067419821065	-0.383740156804031	1.21475168345048	0.603362837638117	0.737322616166037	-0.228063553032437	0.669001399472534	-0.866227783280528	0.818659473332501	-0.63272159240334	0.152369174482438	-1.37676692965041	-1.59491455112825	-0.255384989558972	-0.165330898789705	1.11858301699275	-0.423458726637446	0.0659856003806098	0.605838131355092	0.208580931263057	0.34920399784485	-0.538326053975125	-1.42154714391789	0.556220838293063	-1.08826806655256	0.916617486184834	-0.781603171508173	1.71785997503434	-0.400572941012999	0.439888177836965	0.899059953671386	0.370155838376625	1.08437231058092	0.0529742560964404	-1.56271488963237	-0.745536344738472	-0.600530940679357	0.180170750272542	0.429504689854777	-1.2429188704055	0.778664534124313	-0.442808878470305	-0.73521990375267	0.723546187771482	0.760704579286675	-1.24974044956803	-0.424955008123421	-0.469424809297122	0.863386741551681	-0.221336733066967	0.0700654598982626	0.920405519144449	1.36828851243427	-0.554019067222829	-0.0214977661049215	-0.223719404927632	1.5099252007611	0.817293800795821	1.31839091016327	-0.342607903134362	1.58956923629424	1.25986617848671	1.62626657447958	1.17474424672747	1.31430074086077	1.06004666528503	1.01150265380146
"FOXO3"	-0.42004414688075	-0.0761065460453423	0.843056157484156	-0.298887143387624	-0.731108009314996	-0.287646381202503	1.11847224750745	0.00650513361208102	1.09812037928072	-0.0266224750369362	-0.954397960994611	-0.580675901543417	0.9830231665213	-1.09845178401797	2.61768739038607	-0.231497781065826	0.0752098395149449	-0.916178553479322	0.941414516969028	1.30233173899227	-0.602296157763001	-0.553129610526088	-1.05684891718583	-0.539892246018737	-0.608836617328817	-0.680447514778546	-0.289642235577815	-1.14447343580602	0.252178198601347	2.27516194479604	-0.621190509584766	1.06370300206595	-0.378190786833069	0.924014299301699	-0.238350688848943	-1.89262927034693	-0.450350823366112	-0.525304641729998	-0.174487043500838	-0.947056919250736	-0.674277318527266	-0.170859625328662	-0.942787943973697	-0.248878518198602	-0.818736781230367	-0.338715879639488	0.167475199364994	-0.417910760064226	-0.79941673430504	0.0341445618150969	2.24780557008733	0.975488709762454	2.0095920672478	0.0558751144318497	1.32531060205426	1.64570370206634	-0.263297580502413	-0.632584412497709	-0.877731610796311	-1.04645721338799	-0.183771346104114	0.946464455785354	-0.593804865780244	1.0948861514044	-1.13696374133706	-1.3593715450663	-0.141943103902653	1.34535468829497	-1.20759755462292	-0.66129912650641	-0.861454079488446	0.957452550842094	-0.270734005253581	-0.2736440055819	-0.610789413822861	-0.582350564235039	-1.05959216726225	-0.447971368459135	-0.207388072738865	-0.429480806907921	-0.906500448545776	-0.771814197738711	1.02250084276974	-1.38073504606166	-1.1635334146813	-0.150614626392845	-0.570688882602808	-0.810210535922476	-0.637112244374006	-0.91601843611228	-0.367041632998679	-0.698166494376566	-0.554139287838079	0.11733571115788	-1.89115549442761	-0.367124077736565	-0.533379344600783	-0.947587750337865	-0.27752394987307	-0.63116871292129	0.00702536393534677	-0.29586684348194	-0.4805180784085	-1.22588827392289	0.962152304262329	1.5472770418444	-1.21590132102642	-1.16916226026066	0.191176900195014	1.40183091502615	-0.507098624297523	1.02101151884523	2.16489784823191	-0.254143271492826	-1.43588622983744	-1.46915194338612	-0.467832317842933	-0.593803968446881	-0.241958220163221	-0.90291119473834	1.21626374169594	1.13454520376057	-0.997823921555797	0.985983965225304	1.09056139358712	0.898901170522992	2.13174296675402	1.03847823508696	-0.950223404397827	-0.571868191667209	0.824912080498351	1.1461978898138	2.1872099073935	-0.628147086372809	0.411160509241245	0.98956522552398	1.0575628861791	-1.03066685171859	-0.806494351813867	0.892167296394857	1.17650508710341	-1.04425577040406	2.14883741111417	-0.536418855413282	-0.680344666695073	-0.0852919533152093	1.58590334489559	-1.08723461381134	0.814450153804874	1.9016101547385	1.28285286105251	0.997999044786621	0.816438640100036	0.950391599588007	0.998352346145504	-0.58017424707659	1.41567726845331	1.25832187836497	2.07810484172338	0.169256704603705	0.979002608874436	1.07019939012436	1.2341725475864	1.53260681365368	0.876037193252707	-1.42995272568373	-0.487049433946233	0.774000751668304	1.3117970194693	1.24768420869541	1.00389116726205	-1.08788074643422	-1.20724560901776	1.07252446511733	-0.255677265519836	-0.074928327358103	-0.712390043749124	-0.15961251346515	-0.597069263884409	-0.680225043708762	-0.536996053023107	-0.820213345522126	-0.565470181866736	-1.25369539344809	-0.672531503088548	-0.400788927690301	-2.08364814488125
"SYNE3"	0.0527828042208225	0.181639890310246	-1.69759232151932	-0.107341374208974	0.742302690328803	-1.15832885073887	-0.955206713639105	1.39633771885471	1.33984764421713	-0.409329980786296	0.850364672277992	-1.30290287190133	0.517171350202236	1.2074798438109	2.03202574011456	0.95566863573991	1.17609931086326	-1.24157853404985	0.306835519283976	1.04150215424026	1.26469159712263	0.247659021180768	1.71918314613678	1.45639654694144	1.34417509604316	-0.0770112087094517	-1.06726112502501	-0.45503993770619	-1.15916124903062	-1.21198495350927	-1.3824876785456	-1.52367962253502	0.73581886529713	-0.447814317880521	-1.32945942918417	-1.05459247713069	0.785796158085793	0.0885721786154594	-0.940648527637022	0.0482791324207963	0.362834822720917	0.0578492231349014	0.704228841254704	-1.34289529708437	-2.14051222463785	1.35678277889011	-1.63789458237799	-1.01951709318381	-1.61657885524798	-2.4810917168369	1.31785279292626	0.0587043898467322	-1.1802066753804	0.785944721521926	-1.5559479384619	-1.20037567986	0.599203568445257	0.8487413137023	-0.900208968001742	-0.387818586299085	0.956596921524115	-0.321389045967358	-1.4721413588623	0.721399290739144	-0.317894167972552	-1.01514103099453	0.701257306411734	-0.981969205765037	0.390609505474351	0.835901346338047	0.344924026186756	-1.23141339936683	0.0472716600464231	-1.0458164195396	-0.410298525921531	-1.39782362026061	-0.230598533324733	0.895269634245572	-1.31862585734916	-1.30153460651138	0.752623393880995	0.772833291906407	0.181825086175785	0.69414697055981	0.0398707405328106	-1.70452664368854	0.170375397696971	0.971933297744939	-1.29570423059921	0.557299751460081	-2.01096637913743	-0.053526973052143	-1.21789905691537	-0.908437381448586	1.4487819465895	0.983132868441211	-1.01988519204904	-1.19687497860121	-0.11946325304685	-0.493434956052351	-1.19727549853757	-1.60128695646213	-0.148403363696206	-0.95914513084265	1.50330724916229	-1.1663205023905	0.35543468578836	-0.0750838026828867	0.675564981900825	0.818954566740248	0.105261006160262	1.19247105158209	1.35293021770688	-0.074319587162944	0.152123187124628	0.214855854387607	-1.13610683857086	1.0760858652381	1.22212217729547	0.723960423513767	-0.108885129202957	1.38948582317491	1.00550079513082	0.0141647526108412	-0.126804966796483	1.01763718108875	0.962095815450937	0.747628534619719	-0.477803839009381	-0.886586104005731	-1.43841965211694	0.902405343326584	0.250066045822799	-0.231625348975188	0.986483402531705	1.46701280359019	-1.07123685540303	-0.0460754439023348	1.04176984423088	0.909456927504562	0.72731341596968	0.442034203023699	0.315349855470347	0.902816046522576	0.806865271616502	-0.171029332924388	-1.20521358925055	-2.67517415918719	0.0162169437800386	0.306928027906709	-0.573142250905234	0.120542751663562	1.14554798627866	-0.012076594514351	-0.0216350853168575	-0.324512311241522	1.02898510426569	0.248385734886086	-1.28766617144651	1.23465188158486	0.239185401614874	0.855336201647185	1.40886912870885	0.788950838847603	0.437052774910409	0.94318800251707	-1.16788851765681	0.603428405382572	0.818675274956712	0.513627251504446	0.725455832711874	-1.60249932136999	0.102604503616092	0.909992499729582	0.745269866823356	1.3204828987036	-1.11430319225468	-0.0383735750676059	0.0500872123019662	-0.00250791922625546	1.60625196436249	-1.24254858677246	-1.36890031421505	0.880765227645469	-0.973387489089054	1.11936472408656	0.0762426643031486
"MGST2"	-0.684060462658201	-0.997430396126712	1.13549383987238	1.01195298210996	0.441537320881751	1.11927700748376	0.297770750256274	-0.602945827355341	-1.14148527287738	0.679977873341887	-0.821876047603139	-2.03572252068244	1.04422869061016	-0.888173614401657	-1.94493588167045	-0.947048291582429	-1.04979612894145	-1.01948299546507	0.600292668704143	0.472872639223479	-0.247524286894695	-2.25998625026109	-1.15592350820122	1.16271354621108	0.411361660270543	-1.67401976570543	1.11715038790835	0.140542269348292	1.13350404665962	0.350368100936785	1.04215899622096	-1.36101186631797	0.439510839402112	-0.336960263471414	0.460742521422473	1.07581092811544	1.07178240414655	-1.00344940720449	0.642149443795605	1.03475020577809	1.05450662459952	-1.41969106634264	1.03102958865518	-1.40618992850564	-2.36328702418014	-1.83699075711376	-1.7120530706608	-2.30188484866703	-2.10905123118284	-1.18466513537686	-2.12778034302034	-1.46047377355209	-1.1639824846534	0.311305593853778	-1.67270793499641	0.944405444504458	1.05571924982195	-1.58788093793946	-1.89496738003975	-1.21968762646259	-1.46348675378086	-0.518089805343434	-1.6024310039067	1.32727548689344	0.197231694306197	0.387163052943066	-1.18049963499815	0.254984788386043	0.801281878189463	-0.0196021896791528	0.0115494842024849	0.459309134017361	-0.0517840731429603	-0.942256097433319	-0.127218843790258	0.632379938465846	1.05457761545384	-1.19756707704521	1.13865146741868	0.328572284593806	1.03795369735141	0.981565366500598	0.973906573398636	-0.175616168656596	1.12536140112459	-2.36465182483612	-0.483414206321335	-1.08474725329035	1.16790506778755	1.00428452962045	1.16919334924123	0.487205978125853	-1.13438010997531	0.389372705080684	-1.07226224893545	-0.542163325479382	1.03878022087391	-0.135795357043488	0.156535002945746	1.04691711965065	-0.201823553928996	0.993443369781179	0.629779484113815	1.01006359136354	1.10926144529432	0.660795190273809	-0.360554540676599	-0.32201126410879	0.594786323224426	-1.05035769815644	0.798763691792477	1.09736154506634	-1.51182142109134	1.06737366072155	0.272242985654699	-0.334227590660061	0.940257963546792	0.655864159887217	-0.976885505663482	0.180538038806093	0.656104856506574	-0.914612249120907	-0.808267136399228	0.969763541274034	1.00992155175086	0.222055151201382	0.461622496150869	0.961882157399297	1.01228654896448	1.12740293518047	0.533782853302108	0.041316764782448	0.507599008940435	0.46740238107074	0.211171714223868	0.364817475555822	0.988748742618111	0.670425405714933	-0.084885735237058	0.961078179659739	0.967997817772449	-0.342745599760522	-0.940620586466953	-0.894644490350355	0.0730733165544578	0.388985505351823	-0.8444191835937	1.29458725732082	-0.804059057900277	0.149565314313956	0.152874908269302	-0.4768359663083	0.62418288010492	1.01956501219668	0.619663658475635	-0.239645030713909	-0.466151779280965	0.529164627901265	1.09943000614307	0.99290993476981	1.11609834951678	1.1192270483233	-0.923762647700115	-1.95876229178637	0.251356545556026	0.669447777937793	0.73698381332378	1.02813916364244	0.222811962553239	-0.718413328933967	1.12961927517776	1.02406511473835	-0.628484463514512	-1.30701121468013	0.223789524309328	0.0521875030531995	-0.725722466475678	0.142545098200082	-1.00915091581299	0.00221555140177411	-1.59093418167787	0.52860373577497	1.16786616085468	1.1556528403681	0.751072866982542	1.03158587673937	0.267847081615631
"ABCC5"	-0.912330594685958	-1.33944899554034	-0.552281335997871	-0.837007900225754	-0.871343919301955	-0.825764209566955	-1.04475143317281	0.100716831979077	1.27206767808298	0.256166067455928	-0.673753532605869	1.55982138906448	1.30395916440976	-0.538043860201817	1.6708746347088	-1.56764642435348	1.42553454547436	-0.104386190501213	1.71116473864488	-0.8274047911997	-0.014882733692466	-1.51113892261931	-0.384392432058115	1.20449509123252	-0.988136625818665	1.35942609168221	-1.35628271653042	-0.937496997999082	-1.44462935761452	-0.42076920210476	1.18039570623878	1.686724745817	-1.37656560063918	-1.36332141813704	-0.921867387556539	-0.731121887395537	0.302989832878257	-1.30145336552544	1.11477250542789	-0.65074546824125	1.09181683061648	1.16314288766468	1.31800129266626	1.1133808598778	-1.08531186278497	1.31825843533557	0.692412029883668	-1.69759221238146	-1.6944640570519	-1.64791063848024	0.296227907222199	1.70248493586169	1.26872702111256	-0.22558489446034	0.233564241156232	-0.562600628493494	1.54468677728795	1.1865804991861	1.48813520217498	-1.204441637073	-1.65220805445062	1.6473002052829	0.0789306437764647	1.47643470538655	0.080947223914253	-0.888583244070213	-0.872077878142684	-1.21976129981697	-0.173683601221466	-1.14544542592743	-0.696514176800909	-1.18016765973068	-0.894575936590353	-1.61336340778206	-0.761977941089615	-0.914981427356713	1.14268073766808	1.09059121555069	0.345639097396594	-1.17808250488921	-0.883717779954452	-1.07816902686618	-0.719787943308401	-0.322321024490059	-0.060705243592558	-1.18580394364722	-0.614631161449053	0.841222971450191	-0.0857365663979801	-0.0764407871335548	-1.02426660900954	-1.50177414492213	1.11211489964001	1.12810915005955	-1.43173107809316	-1.38348158962516	-1.21733658837924	-1.03819215461392	0.0053811077439073	0.280143861779083	-0.945250580451844	-0.572475505275575	-0.474443007966251	0.00816018185660181	1.08774850609495	0.0399900056436417	0.594421563121317	-1.37028580495346	-0.896999552253399	1.13717810702423	-0.879143343693224	-0.169088947837134	1.32133713003184	-0.374981443198103	1.12992606036297	-1.14377134197276	1.5075657963062	0.240091581117863	-0.0168217558902303	1.09849890992374	-0.965429928448704	1.12471497047744	-0.452573966002042	1.28486849504547	0.578627998094155	0.554194412219665	0.188967456285393	0.765504170565784	1.06806667146035	-0.28338515701155	0.0275323142963861	-0.262125182945274	-1.26715174549262	1.25907130893107	1.19020254667714	-0.396662937970274	0.664346785029962	1.15475092382757	1.37023945316574	0.189717926302493	0.833412872262345	-0.453953509102583	-0.384771187971002	0.558490789829381	0.0529303841181042	0.733780295384066	0.286852883168116	1.84833730319965	-0.863062217895897	1.06842668096437	1.25209710577713	-0.118895818532485	-0.0955484962224779	1.09628303130333	0.419158803976668	-1.1914032684717	-0.315364037617278	-0.914521700533992	0.436097713757223	1.33169867982087	1.1916502320004	-1.31686833476515	-0.578973148384418	1.5175967470876	1.29678043812538	-0.0887804820167961	-0.659994757363724	0.85151048725197	0.00470891141901831	0.253193456906813	1.65031325119257	1.18167395170489	0.0990727340941064	-1.06028349937731	-1.07448722104858	0.0605015220062855	-0.249092525429881	0.0363065282077034	0.883649256568695	-0.899177240485927	-1.53272105815613	-0.16615740532843	1.06764399368169	0.306341405992482	-0.617519211342158	1.19675707039952	-0.414456812082713
"ALAD"	-0.358323219524215	-0.812551072055979	0.168786027375969	-1.05047079934345	1.21043448817682	-1.25445717253824	-1.08563856469064	-0.340372516276809	-0.131820849037826	-1.04196361385085	-0.308675425870238	-1.61724047035685	-0.557879494167633	1.24793535146101	-1.42501535380808	-0.54742947815845	-1.22283422371646	-1.31845508060209	-1.21760426031674	-0.459601634067427	1.27251217324913	-1.13781182830721	-0.555078677737246	1.33109489755538	-0.0555226152106975	-1.34497958227915	-1.17127251575917	-0.798830943495456	1.43757406294894	1.29033158111156	0.366904403465161	-1.40195135619287	-1.03429683568498	-0.728633542752364	1.11159373017529	-1.05733282696736	0.120920104440919	1.38478253658752	-1.00114960621453	-0.187787577711653	-0.247205173376726	1.49831440519947	-0.479419021816372	1.1941069051682	1.7129334335403	1.44516544054772	-1.16204351222559	-1.56722215008455	-1.64179005636275	-1.61009236947053	-0.543235459299354	-1.13612197034288	-1.19167481509719	1.4981949105853	1.32675287419411	-1.15414552292708	-1.02934037304209	-1.07568082736352	-0.464481978483743	0.358494656019565	1.41929885084487	-1.32604574243634	1.38872732763601	1.56786145514325	-0.148047581376647	0.362211233585071	-0.904581484074647	-0.614351618147791	1.27667244631164	-1.15150495152599	1.25225512159188	-1.08308742106657	-0.732446372257105	-1.13386759259771	-1.33338792125061	0.386962565766906	-1.0824327612237	-0.404717124760261	-0.144503550829506	1.30646159311894	0.559748969420684	-0.017559876385435	-0.286518235549585	0.00236270279007944	-0.215948916631759	-1.36826050629739	1.26391662632606	1.39954090815807	1.43894105155117	0.314684546057585	1.60368539117118	-0.962091816541844	-1.28570089429414	0.179188330322633	-0.931488478006679	0.276484506006986	0.67252396497159	1.27561188215264	-0.611112934926768	-1.20429554650375	-0.561161634167654	-1.22875812689196	-0.244074367173332	1.21057093975373	-0.456595665476663	-0.0850581684834847	0.836782947712265	1.25358265299792	-1.39087297061029	-0.154749100776396	-1.26069688352272	1.22339939783139	-1.00659698332241	0.417373191152457	-0.409815348766219	1.13070181872507	-0.955750472639108	-0.0421234699461854	-0.0217256684666015	1.16935555702264	-1.1325931499085	1.18911455333733	-0.630534614346324	-1.25282806406355	0.804395760375419	1.40095731410417	-0.575506077979377	0.339708941839913	0.134855892455806	-1.37914827970927	-0.6919124277499	0.170709566105039	-1.10863673517282	1.20081073756673	0.44951507088528	0.512382176586112	0.530911331485616	0.00267509934856352	1.29347083663913	0.0117844524833827	-1.11880624486684	0.129502948704669	-0.981869204366217	0.527720545148724	0.112708763103592	-1.10424605061298	1.24209909482926	1.83121492067039	0.437849736518907	1.28561482969737	0.145361773674026	1.23104361130735	1.11942205431962	1.23268486465292	-1.15741391545063	0.134391409880024	-0.131449148873686	1.23885633065272	0.708828913983542	1.40308198905306	-0.00863610034837792	1.01203811914786	-0.00106075589690737	1.39202413695692	1.25004444601187	0.337654347536498	-0.865590850074433	1.33096478474314	0.177941409775701	1.32518828867941	1.39555011876446	1.12960677446861	0.238599753756613	-1.18420936823835	-1.14694867120092	0.204042759233464	-1.01936479541892	-0.631717450454645	1.35469259420104	1.18252619969472	-0.929340255721171	-0.514023913724065	1.39237622450038	-0.364896823974388	-0.22143877259606	1.38851933478894	0.340355452669222
"RAP2A"	-0.269639705717757	-1.75450159351472	0.943244653168364	-0.610487650399386	0.56217479505615	1.08530409583292	-1.01357185207697	1.08029792375018	0.969724367033383	0.179489904857476	-0.948499446287676	-2.48638452711689	0.830399346567805	0.969255776155131	0.856903671709623	-1.61472709041246	-0.883778269348468	0.641908334748717	-1.64721124996606	0.206005216312783	-0.786641337013642	0.862202983394744	0.743693479794876	0.948997215046662	-0.176274130881802	-1.75421226703849	-1.97730633554859	0.548183151379506	-2.30319157524583	0.0923905183041966	0.750312561393529	0.950718321636034	0.251100935247662	-0.316385693978732	0.501953492605936	0.52314798127755	0.944569963454159	0.590458931226233	1.05751380311525	1.02970046963381	0.918341173071594	-0.695094306241102	0.786908186564317	0.987657863901959	-1.94721572109358	-0.089864516383938	-1.91996204005655	-1.63611575268725	-2.23101215591751	-2.15195172825693	1.25660069636334	-0.649709548756375	-1.7282344648798	-0.120537565301146	0.999049601609556	0.916626704135331	-0.246122748456889	0.856829499368662	0.967331614063933	-0.880474287662054	-0.318959203969988	-2.20565657197206	1.08961720452632	1.19338855442036	0.425634775874689	-0.181018273500053	-1.77229070977691	0.762697083850854	-0.0925571871280228	0.24007598973682	0.727620086546182	0.90261560384385	-0.850765360062616	-1.93118861941268	-1.29938746427743	-1.74485380943803	0.923038479940038	-1.4578026000349	0.740429017677325	0.976630952440696	1.00496261882538	1.01117725092546	0.412627813214668	0.936599873811339	1.00675277573926	0.838592155614349	-0.0209633054582476	-1.48680731432196	-1.70989419438073	0.491757340376541	-2.03307477727548	-0.733071921914754	-0.123751278473979	-0.714424307497775	-1.70750020018319	-1.36249884433002	-1.63350525623465	-0.498721222606689	-0.288725772508142	0.835825610345866	-1.63077048744801	0.503790273747036	-0.517566792490753	0.790811091621854	0.789545605632902	-0.000355989017766564	0.764387803867417	-0.910719147692633	0.978661314582724	0.442403892106472	-0.032351319141019	0.895456993343499	1.05985980410666	0.685050942623602	0.612500294147737	-0.0952150821541002	0.515767611115744	0.195922937962293	1.22249005485714	0.413182884367795	0.397205471346649	0.652078614646903	0.828264139388898	0.747825189547534	0.613345006500614	-0.183800538190145	0.701084424438998	0.897772080166164	0.94605045369467	-0.0766516414855624	0.849979753172872	0.960352860611538	0.508991294421113	0.518391853230963	0.629927407491881	0.985766683723259	0.740632464813733	0.0211187715108946	-0.127769745393177	0.293025472574715	0.878946956799973	-0.692001354765339	0.595461416392184	-0.607411849769727	0.29775015499989	1.02594899653931	0.794125179006928	0.925277830611169	0.771015240372349	0.860034571010814	-1.55384499076632	0.589670263284382	0.949313698005336	0.823070504903008	-1.16801222229707	0.497477894793232	0.748066013302602	0.0911624782187769	0.699264793302133	0.939548916914627	0.733470477611326	0.548669837351482	0.828109520062885	0.472162145204071	0.275460953251868	-0.744030717008741	-0.134825720852666	0.539686294313	-1.27626152244741	0.878491342496402	-1.03558789115358	0.741799304672247	-1.34517707734938	-0.366571148432911	0.365093547309654	-1.56342875125251	0.539867410618063	-0.0466869358186441	0.461343640590014	-0.759896506459937	-1.65314744717486	-1.13871171848399	-1.76439033977786	-1.73104720144535	-0.16197348085683	-0.841712124714967	-0.194527747953396
"WDR45B"	-0.869974119372786	-0.736564240178225	-1.19883924289542	0.308623807715247	0.596861011945376	-0.0074667338427199	-1.17291563443842	-0.129258337988316	-1.54125702107997	0.837420619659343	1.6982033624563	2.6809762119322	0.689198353748123	-1.48413010118092	3.67921661807401	-1.36675362221021	0.355945061472353	-0.484601676980018	-1.58190340030596	0.635381844079261	0.102366635021681	-1.50418856485904	-0.497297632109755	-0.510771426721124	1.37355591676592	-0.923014534063798	0.681732950488464	0.0686472726220024	0.951055461907891	0.446791656899122	0.207165704481678	3.12636196638307	0.903522995768734	0.798300209122042	0.450421626457587	0.191222652959436	0.063131558259785	0.316198515056954	0.761761160667561	0.541693596416221	0.923991488646618	-2.01810593330341	0.0707921006878866	-2.05909959344703	-0.933659515529063	0.108567804529382	-1.63114411210425	-0.5242894587734	-0.953167943519107	-1.02598649557015	-1.77089705780205	-0.322461258387662	-2.091403063235	-1.63231803307235	-1.27108882016105	-0.332250831966313	0.459273541745179	0.0214245698543419	-0.837961159628134	-1.98374751399528	-1.2146202965018	0.924688071034904	-1.23088415642894	-0.950275287242714	0.0638870071593116	-0.336551516392415	-0.45409030354468	1.42590031114378	-0.130226383070603	-0.0255301796228006	-0.85708340299936	-0.69600006827413	0.119808631655465	0.229007954127589	1.929712716367	0.301498383546494	-0.158478265487515	-0.0930188832422393	-1.69240766189696	-0.0693218011160499	0.267416579470481	0.0892172633881817	-0.298480842367664	-0.769715734421056	-0.290717133304507	-0.629613447572172	-0.736349335822531	-0.763526313585556	-2.08306002795994	-0.38635437399942	-1.65202869364141	0.81560042431873	0.299703236030305	0.357519498375171	-0.10388762219193	-0.0125255511899831	0.553084931430928	-0.450605249401799	-0.148566025002169	0.201355135896531	0.494450592607313	0.360813909760812	-0.496653381911711	0.516418576722854	0.59710975449645	-1.53328381525021	0.0118377404088335	0.336598613083035	-0.362204868110379	-0.552795932675767	1.19510658409867	0.7770849439703	1.49070841050625	-0.105227180815066	0.11325383203342	0.786907444739379	0.526752460522351	-0.176125042603818	0.0111327348627448	0.518051478645958	1.05651273463814	0.628898548067321	0.20627281257468	0.0134136192863701	-0.244618283573605	0.355427159008268	-0.807976414324819	-0.206178116135679	-0.251610863690765	-0.893335357680808	-0.450571181059585	0.128057460193399	1.45462312542079	-0.338044103264729	0.338088006380997	-0.0155488542998532	0.709136126568949	1.43844407561695	0.102862943814127	0.241394195685619	0.688666742224867	0.108353794105756	0.152263517747442	-1.01524435049787	2.03942738519591	-0.0397812169519427	1.70472716088655	0.779282829804664	0.954416502960199	-0.0294880830089993	-0.927189637418501	0.925580692338678	-0.152038817327303	2.81890296695397	0.126858864241749	1.30855179389864	-0.335529653626261	0.127932458167853	-0.0804602819147608	-1.7039676071811	-0.572434245969986	3.10537725296143	-1.21202974134829	2.73051278841697	0.30761204283993	-0.210451652323905	0.38277679749268	0.19142891512269	-0.638964004521198	-0.651169945000197	-0.0681349855889203	-0.281587352685114	-0.966022910535436	0.212521771412962	0.681481068843796	0.320505678834892	0.661957848840172	0.0184249773455191	-0.454521361885503	0.467041698599236	-0.472953971322884	0.177931369456106	0.435172576294136	-1.54045509534258	0.913018236209022	-0.457444634275717	-0.503813455561192
"EMC8"	0.324510839586618	0.519443755096186	-0.228138942566725	-0.865933991440548	1.08793221560658	1.08939268859322	-1.2108853906844	0.759586947038891	1.2592384717828	1.13264165581363	0.976530654590339	-1.78637632836373	-0.0589530315263201	0.59563653958899	1.33315374986182	1.15633424823291	1.20923054452292	-1.10996124151475	0.0196440126943562	-0.762421970376904	1.44164534881735	-0.259218061438025	-0.313777535315737	0.775462011079664	-0.298190953229391	-1.76792076559306	1.20522083856863	0.64079805780163	-1.24045586784661	0.376739215128339	1.49283527135764	-1.68063404370954	0.936600997365654	1.12950892722549	-0.0924858103364606	-1.03887146405645	1.08284677085352	-1.28698843453554	-0.803304540457453	0.68354398755881	0.418315036953972	-0.991558729034169	-0.43554569498312	-1.62946334760054	-1.81883252706905	1.33432627118018	-1.36501390348337	-1.89024047864474	-1.87223984252943	-1.55769848039906	0.839917021089599	-1.34370915041691	0.671326989142265	-0.935062438954244	-1.45526417666606	-1.65698720056258	-1.35084796194149	-1.31647447102638	-0.181814744290257	-1.34573865595924	-1.7682942059634	-1.34640160583791	-1.72707624281864	-0.897863838008118	0.579511939904935	-0.341839296952328	0.184568040468675	-1.02146520274272	1.23364160798027	-0.0617022861383211	0.719221258901101	-0.187271241050429	0.954338730100361	-1.0628531117494	1.14331801915889	0.572969308417878	1.066737330952	-1.51366662648722	-1.02244330100573	0.617641180928345	1.00231736875906	0.990271033085212	0.0356287695026304	0.787183153598387	1.19889589193988	-1.3945889783467	1.04446623476459	-1.2435545956564	-1.40701559277107	-0.346902165624551	-1.50321318370424	1.2618852440185	-1.44398830997583	-0.09809511910134	0.74003877835285	0.761471359505579	-0.937001522982383	0.432975622774364	1.06788366195515	-0.767181541641809	-1.28101366787864	-1.28677305139395	0.0817243421310105	0.425136108285889	1.07178842977956	1.07809452120601	-0.181492334616367	-0.560091648649088	0.376843390723024	-1.19752125147568	1.58610312039653	1.13877210581327	-1.41013165099984	1.05521239548934	1.07009332162447	0.730427740014232	1.21216115493213	0.0753644967346947	1.24016351088985	0.820500181318876	0.340313218675418	1.19722684428587	-0.247050798278424	0.238257966371188	-0.683669337452727	0.642759461984426	-0.910617928722833	0.637597031956364	-0.0173216648671882	-1.22387835429523	-0.0174721483715661	1.01807115797978	-1.02513429232085	0.798296075387309	0.0883349172030171	0.383952194263262	0.998299468846342	1.04844014970453	0.274504669965999	-0.782770346347969	0.850938307825432	-0.0151052641190164	0.38228385747629	1.32508373134969	0.719049748838248	-0.259686872662161	-1.37622819045019	-0.431667041836154	1.06958148264194	-1.23666406754935	1.26996090107432	0.680521565917342	1.0717165131726	1.04719617207326	-0.793078464080571	0.873271557050765	-0.80072339586787	-0.307282423171351	-0.6261982224405	1.27112405138985	0.762606652577985	1.26838778277625	1.12768971669746	-1.25683171059685	0.972898012451167	0.426883327701222	-0.245749063631408	0.389351490134945	-0.545101013997456	-0.849976065624488	1.20504752057877	-0.101701787566534	1.01281460630707	0.181367942354702	-1.45573908125498	-0.15961130054822	0.932763378689887	0.0862711257279601	-1.35571395496615	0.0347012978732656	0.921967102769149	0.0461595801689657	1.40190304770861	0.166272700866368	-1.05282816178523	-1.35494082389287	-0.920385225533891
"PPFIBP2"	0.112412702864593	0.0854170325198227	0.0594014634506619	-0.881871224927265	1.00023447116223	-0.133802063685831	-0.901925456171153	-0.149609711133023	1.40741695262536	-0.0338950390274692	-0.084045750804465	1.21891306500809	1.25554457260417	1.31840593507534	-1.48258393197919	-0.629545802847854	0.018826966999665	1.15975116250119	-1.73556314953295	-0.412398272037983	-1.07262948878054	-1.12014811391648	1.71974711113192	-0.791693824946281	0.0771589102368743	1.96008555943431	1.06947312795951	-0.907738746008316	-1.95281567836518	-1.75275377347101	0.353756709549552	-1.79164037904947	-0.311250348827603	-0.344338192090055	1.0554704767478	-0.882642628905957	-0.044733214208617	0.860253163341603	1.37219756054026	-0.00580986093674664	1.17336875467532	-1.38108950669315	-1.17259746126334	-1.08742171128625	-1.91230325544109	0.094076666015255	-1.63630905547936	-1.8595721014434	1.82812392960648	-1.70399155130376	1.75223191035316	0.0634604691535048	-0.549148865951259	1.10802128466846	-1.52326004544972	-1.45660250473943	1.40445068206093	-0.945173157720029	-1.43447747650132	1.54128789521351	-1.49657678567104	-1.24888562679591	-1.93003029174437	1.14116044992863	0.835792907938387	0.208936436892692	0.234792392298849	-0.580827268430849	0.967736879507522	0.981206219188949	-0.157065232261614	-0.486091163960216	-0.835306489550809	-1.28162626168405	-0.928559099194731	-0.203998554221892	0.965778673720236	-0.239282729493842	0.111729129826208	-0.02133126323118	0.224807848887666	-0.998669141517	0.109181419494072	-0.950187745961583	1.19177511389049	-1.36889783749439	0.784455744867506	0.203523513109741	1.70267497661878	1.21806576322111	1.06554860614515	-1.08054081396325	1.22859603980244	0.0130441127734252	0.121203737420652	-0.957888561539332	-1.17576860217716	-0.110935041949841	-1.16460583868428	-0.792105605552709	-0.954349026563834	-1.19611422870563	-1.52132787678348	0.997794525856829	0.709932658215377	0.118227011706571	0.0612738745645467	-0.541254213156048	-0.861795155723745	0.175695946463282	1.10838097318075	0.659227164349806	-0.0912789107460006	1.10826028407482	0.139412664793545	0.216999989322776	0.800358295175999	1.08132022510181	-0.382689517698173	-0.225089777033528	0.0462094535274818	-1.00202222400692	0.172144923409654	1.27945763192758	0.163753561823307	-0.230372716207312	-0.84675858073984	1.00857877043958	-0.925922256652253	0.122442431455824	0.528736713750707	1.12079622278014	-1.56739207256437	0.288880672679754	1.27155381973413	1.03715783693217	1.4069993388609	0.97526118424328	1.10863294286881	0.262002567109019	1.18163692528808	-0.495073920764555	-0.162405492617411	0.966221488330522	1.21466851353578	-0.00490568465595	0.206489359738793	2.11240639963479	1.22496547446693	-0.645310957710282	1.99657618288278	-0.104906251763207	0.649175662219753	-0.845183183221348	-1.35000257995153	1.17101077699423	-0.548229766406586	0.0230153756071483	-0.0678687979993313	-0.634923776961619	1.11787210874655	0.53671561088287	0.747854546701219	1.21195405584355	-1.0681307296345	0.505805629760083	-0.816062993062486	1.31206044669149	-0.448039256768247	-0.523476685922277	1.81906104366441	0.873571394968594	-0.809568158989254	-0.784354026206251	0.121585918921537	-1.2866541283844	-0.682447058362952	-0.824358989758566	-0.513459319541827	-0.819753891526386	-1.18286157374926	1.24326215930152	-0.131891302867438	-0.121097497958874	-0.0901593185763875	1.21817430760446	-0.401020367217329
"ZDHHC3"	-1.27186480868478	0.796725436598489	0.860167139976526	0.0251169149529114	-1.14568975889089	-0.982129882263532	-1.39231125692875	-1.20954657718405	0.717072043911668	-0.0419072000777064	0.684406512504742	1.096288749267	-1.38272787377517	0.931152665600901	0.878540002863351	1.01537934690975	1.11785052833281	1.10868468182454	-0.12708772683828	-1.16666869635134	0.412853876291606	-1.53238991001506	1.06900369871445	0.622763562555898	-1.33883581865356	-1.63547250958011	-1.49260088568386	-0.112944062203061	-1.33283766025048	-1.66459608135079	-1.40006251386374	-1.90113512122748	0.282382822236634	-1.38664501762838	0.338867939314265	-0.00152231125406555	-1.45042496875818	-0.896713152136024	0.277937373617715	-0.331157362545829	-0.569109387296784	-1.70010072887345	-1.54993148030038	1.30261484179956	-1.61778839806844	-1.59664334708171	0.707854452583388	0.641163365656123	0.636712522876869	-1.52913026020148	-1.5024212343386	0.801861337212967	-1.5153862808581	0.921868565683506	0.273872923279712	-1.5844248182717	0.960177174074334	1.1647053022366	1.41703316436779	-1.21149064247108	-1.45897826050768	0.87407867025328	-1.88938863906119	1.40005992800926	0.0131097296363385	0.134061207660038	0.621176958969294	1.19817742344661	0.0639234400644367	-0.0211135948694699	0.668527363214556	0.217083135825554	1.01317929918444	-1.07910357097842	-0.146326272204348	0.167233508820649	1.01408872370771	-1.02092577209555	-1.31069455903907	1.06295603966015	0.748041409945096	0.729691403257602	1.07172552811181	1.0029243178412	0.807950257952851	-1.40591738612799	0.0324654055608531	-0.589534994990318	-1.73463494784902	0.282757693022243	-1.44900651331999	1.12375496811424	0.84790785241358	-1.32416542982003	0.660245901432941	-0.107511791880371	-0.0695159534432655	0.302696306656736	-0.0360026110278031	0.542072819257832	-1.22124322113233	-1.12194787719733	0.558806744874911	1.48150479399434	0.640669250231189	1.30974176354639	1.13151300685135	-1.28612436167644	1.0362648099614	-1.37493112814387	0.545585930988971	0.279540974021101	0.7476761303655	1.00836705478231	-0.512459930299418	0.0337805559830478	-0.219400242069809	0.013280116082711	0.906832322648948	0.786681554050116	-1.56126013041593	0.975788000044704	0.917765935598164	0.0594234497328909	-0.483049989242776	-0.200555793454442	1.05608378182372	0.899975537942347	-0.766149927698713	1.31097747449589	-0.147493927494476	1.42021683146847	-1.78304729851049	0.132753434384825	1.08671638485571	0.0441571976006509	0.963199837696408	-0.319447677964706	1.28280006739086	-0.357292314929284	-1.42626684778039	-0.074113551282242	1.21177330929255	0.0745609791530435	0.977085224943595	1.0909859329059	-1.42772857757116	-0.710656314044332	0.853249362765099	0.884811397315859	0.172465508686235	0.348397311731057	0.848378799678897	0.421484166542667	1.04015437574907	0.971935404070521	0.0121949895463429	-0.735105951957805	1.4277179712527	-0.205094303604606	-1.42640342164463	0.252788180513421	1.05619764641581	0.804727574510218	0.101159365843412	-0.233860598600756	1.03142633828928	1.01963164497981	0.715853282409309	0.872378195195603	0.932028374890151	0.707101381530614	-1.42110381881189	-1.37730096827691	-1.27772958705184	0.410952319264886	0.237880501160638	-1.53172102819403	-1.02722345455278	-1.17137034984066	1.1408100298607	0.443498064968243	1.2874685184013	0.852304526351234	-1.17926120025051	0.388975488761868	-1.08756352084202
"PCTP"	-0.791859028584131	-0.911234520945153	0.197461934956428	-1.0352372722097	1.18256967598688	-1.11016056364701	-1.16660230661912	1.11661356643765	-1.15196055533593	-1.20125290743636	1.41551979522786	1.57803179886668	0.281996613871304	0.0848582093628172	1.34808416689881	-1.10609562538415	-1.08182364561738	1.39601882677312	1.55131928610402	-0.987431828041686	1.14767768138109	1.16497706861421	0.418126708503824	-1.25659722592647	-0.937599558621451	-0.9603904814135	1.57874903769408	-1.02916481315986	-1.22462384216171	1.59948194680401	0.246121642608303	1.7605874086704	-0.147998760207069	0.102540785364862	0.195947350935632	1.11040730414496	1.24809300391856	-1.07987722751089	0.854621395486394	0.466117865077371	-1.04183736303954	-1.08712241244342	-1.24933458855106	-1.60262337583191	-1.82770686247639	-1.60563257054072	-1.59200368770382	-2.00182552511832	-1.6149800068858	-1.43648529115983	1.57514658948535	-1.35159699131107	0.401467573589918	1.36846747677751	-1.2222895083798	0.142889719460181	1.20049698458438	-1.59697410472401	-1.56007382711547	1.37490944901961	-1.39521318451295	0.0736986986937265	-1.52692289507193	-1.89361100312696	-0.326147912804046	-1.00611472558718	-1.16907874191217	0.333677798658624	0.132826055715475	-0.552386194631873	0.584290491366803	-0.982118244859844	-1.08534598177712	-0.938924473490621	-0.166921626987109	0.538819705175408	-0.14290279193126	1.22151877938349	1.21319551420542	0.263287073721776	-0.122487960451873	0.535023271150209	-0.278221430083638	0.151288583945896	0.780120835577409	-1.3632639925319	0.846752011053625	-0.613412428372771	-1.16348114720812	-0.722758331402543	1.69394482868967	-0.945429133799906	1.37004535961606	1.0138706900565	-0.768463110786036	-1.11176736943849	-0.176089703222944	-1.14093650988032	0.775681303534304	1.18979411563138	-1.00507803728464	1.19122515207752	-0.457219546335404	1.2169962581278	0.151045396283614	1.26361474594033	-0.502032454253425	1.45009692781695	1.39939815125582	-1.03642128071115	1.44189663026476	-0.0166263208286793	-0.785281018109932	-1.03541416208583	-1.1106782669438	0.0266548598200972	1.24242473483117	0.00533530624960693	1.03749328059628	0.361795216214296	1.18209418394012	0.139370071915672	-1.06147380595114	1.24369166037034	-0.47532889781549	-0.151382409819042	1.27947512792442	-0.170582982659445	1.112817998821	1.27070505433019	-0.0473420400559451	0.638447405551561	-0.440958606560187	0.191124030582281	1.08109720721104	-0.913764167084756	-0.616948572996455	-0.29024918192452	0.857400749201191	-0.967455769246871	-0.36582547068242	0.163176993875319	-0.191834645632973	0.213839430082389	-0.330294396925861	1.13546376418848	-1.24202184896101	1.49262554123866	-0.889183416509741	1.19372800569596	0.12102467564279	-0.578464041048798	-0.11017322029965	-0.0536224138520375	1.28475757887714	1.06924694434167	-0.576282968147697	0.400519447580507	1.36740452809028	0.985084290442208	1.09566940907509	-0.418795028879067	-1.07965221164416	-0.523583381344307	1.10586908440155	1.34110727564142	0.44373019090869	-0.222754323761509	-0.790415547675717	-0.746338974243001	0.0521726877070597	-0.224893532185957	1.16748364803196	-1.12956954448639	-0.202945974861848	1.08190066383681	-0.269162282993301	-0.083969056382201	-0.741759821799686	1.07804490922296	-0.356131046794201	-1.0468997644909	0.453402535283385	1.31851060438617	0.363036611750612	1.23181062291525	0.0502600309191891
"KIAA0825"	-0.0623849350371891	-1.01320101928317	1.31385320105447	0.535633967495054	-0.854127214121795	-0.0289014002318027	-0.980976139957133	-0.760608624004095	-1.27360736469231	0.301945342884473	0.424703542895529	-1.21133782728474	1.07273883629937	0.135896305235232	1.68569655573423	1.31317416050832	-0.0157642245698186	0.988001704911077	-1.20097143301222	0.525947790544764	1.04753765977452	1.30473220675328	-1.32313425914524	0.222756261633178	-1.08445678794214	1.5049384779425	-0.693716142023589	0.236540001077347	-1.00943803218357	-1.18859642031372	-0.715661837205788	-1.13306138176966	1.28097428936349	-0.927155558656314	0.183961939414962	1.31287164723	-0.274582183013478	1.16898200550416	-0.259732240749949	0.182715413347416	-0.909994518126319	-0.842815205193143	-1.27280022316318	1.53065318844258	1.70459540611964	1.48465490427027	-1.03267870518514	-1.29624818801231	-1.00480251483449	-1.11719932227659	1.67908839736805	0.202257555692646	0.430273666830683	1.16356805203758	-1.09082042671479	-1.09517213020533	-0.72517328854533	1.72133968468245	-1.31506235213652	-1.04881536442478	-0.919813566375818	1.83419076758279	-1.15717741917455	1.63804042354804	1.0058171713458	-0.632183008394312	-0.918834954664179	-0.630574331945676	-0.861678958822416	-0.573804643359099	-0.498806029396477	-0.561083280998209	-0.875003182829173	-1.40440394646621	-0.521868891794221	-0.90308943251088	-0.406466519230892	1.68297610591207	0.0174013032881294	-1.09162128673221	-0.884335389154683	1.26722801176355	0.222008969161611	-0.915432123807318	1.75088422543306	-1.13491253012118	-1.36518790401898	-0.696080773600948	-1.0676783589384	-1.41656990235845	-1.06404232110004	-0.743529026947766	1.5511951415508	-0.722102025901054	-0.562232238631712	-0.753081233105032	-0.930846211515954	-0.434377183897492	0.0465617003685445	-1.05582993412393	-0.604799085309893	1.24609803730101	-0.407362667050907	1.28830525771231	0.0820684114980732	-0.469627646808816	-0.892424359142538	-1.17436710573459	0.484819172230069	1.71768657313197	-1.04356690864041	-0.6217490094812	1.36232864017383	0.743153748069622	-0.673877123969695	0.0188974134437848	-0.892468440810834	0.919601063035152	0.220726484069766	-1.02999269421173	0.899542421622565	0.999260857370741	-0.606761339941339	0.702796499652618	0.0916292567284159	0.52316367332046	1.35359552429207	0.97583254315193	-0.073092534650533	0.6727144478557	1.16664350686706	1.7149295308279	1.2281186497477	1.27115608602164	1.20358119880705	1.2538409031134	1.29725227922877	-0.580508338919527	-0.860016127478234	1.3522855036419	-0.163535248948267	-0.422896121451202	1.18173637879665	-1.25282039158639	0.196172654689568	-0.400590873267125	1.07561427141245	1.88629149560138	0.76680437746779	1.15305777121343	1.25627129619903	0.0415571030163627	-0.460839747065562	0.702422539631887	1.29999471555854	-0.975674519968572	0.277833384416701	1.13402690302438	1.63904974235376	1.38363578739008	0.8255881202236	-0.641364364949193	1.20213115892972	1.03405868950197	1.37208686380653	0.80017185110983	-1.21787838615127	-0.142432023646276	0.197729095449079	-0.264800010718101	-1.38702920765652	-0.816793601429072	-0.127370420923593	-1.37391412178793	1.00337294109044	-0.634179472434305	-0.64910819338413	0.0890232934312873	-0.863060790193617	-0.515827036546104	-1.06875928453699	-0.410907071392003	-0.939511207464324	-1.32357057492524	-1.2654003711057	-0.282659896124733	-0.987813908492196
"NBPF10"	0.469985061591424	0.945336092686655	-0.83356535968299	0.0712408730673395	1.36655459476435	-0.0451481539121622	-1.21076878237252	0.277683503404817	-0.36981753594934	-0.659471738833124	0.777747262499863	0.887040074909481	1.00531888828533	-0.960665024936971	-1.92811103016515	-1.36402778657102	0.533747566202042	1.02024388347619	-1.75114922158665	1.27871679187931	1.05512188959614	-0.9981371683672	-0.715205789714494	0.165017402646392	-0.928884996060806	0.959739987890801	-1.56498523283204	-1.49643433157118	-0.818241627206805	-1.60459830296338	-0.486675727276345	-2.29697250201052	0.369853044508282	0.389485334067393	1.2404772042597	1.04508193877909	0.805083741920321	-0.580127649491596	-0.356076646922795	0.456040391230606	-0.109515402040556	0.505951403797388	0.695573349155772	-0.818839235665755	0.852572173685993	-1.84688108206396	-1.1779740547045	-1.045629912429	-1.00333157546206	-1.78457204153123	0.393175409309318	-2.18006765601306	-1.3835630624877	-0.405184181100727	-1.3294393558042	-0.247609858204954	0.41234994644135	-2.2614669703972	-1.33000935819471	-1.90741212837501	-1.61101527309385	-0.826603429387295	-0.680561227289832	-0.897083252256554	0.281522231258942	-0.979592136948044	0.577208938202432	0.937933274705334	0.992121325579149	0.573697874268854	0.774041449248813	0.748064332665951	0.769405832374267	0.2927765086376	0.392795784935138	0.400879615484599	0.443647873223348	-0.620795004919658	-0.547803670694965	-1.23868977574061	0.997902497827027	1.01347319399901	-0.241835447224387	0.946447121534275	-0.267737847984779	-1.8187608012236	1.0555312351398	1.41864257246926	-2.07258947571048	-0.379858522117739	-1.57086030818846	0.809849802995787	1.39413732615795	0.781056120956683	0.264128735715299	1.25302690431585	-1.25965267022369	-0.294051209171655	0.293505619381721	1.54979898944908	-0.0060326815338858	0.980541427029671	0.840267092302933	1.13671893291537	0.868725737673301	0.438071886451217	0.736073702531504	-1.9850292267002	0.726085217441886	-0.0858033194302606	0.224798713296263	0.319650092137464	-0.168085695858609	-0.197179038056257	0.451303047151307	-0.609906360160108	0.295413746825208	-0.711940778905361	0.41115060426452	0.315122222424565	0.479849374839844	0.089981780050373	1.56051319473463	0.905869265370979	-0.354733483909803	0.0648859322683156	0.414775461099683	1.39378278510945	1.02479885351011	-1.46028014731287	1.0252477798406	1.0818937207412	-1.31507381029188	-0.384411284262197	-0.981767157148549	0.670374890491043	0.961592807949851	0.316411371799556	-0.379652575466869	0.411595027864433	0.0360941221024633	-0.495681146305197	-0.786190347342752	1.03153389219219	1.22884416523991	-0.167000603826054	1.20149587652654	-1.92185502154216	0.51869114225345	-0.423860176055822	1.05900471917555	0.948792641675107	0.299306098473285	-0.117786092024676	0.254583139052885	1.15220128692711	1.45266052101173	0.726507183138996	0.766468073034786	-1.79409570904319	-0.802408169790133	-1.59371908130962	0.608684352157199	1.48511465979086	-0.377796385733346	1.45622587985986	0.279761436960103	0.690161861254295	-0.42521551082271	-0.736923192558776	0.717173301436755	1.26930907577852	0.287087078474444	-1.20782864610908	0.364482401218228	0.439799009528403	0.487191832737057	0.825049837097192	0.59609335756415	0.856395652739489	-2.41695407321975	1.03540648046242	-1.1357958053317	0.963165788561077	0.879605296498278	-1.52070144748931	0.668639701000626
"TTLL3"	-1.20849173896495	-0.914762583084779	-1.16154250977653	0.472893040166821	-0.58583314705306	0.339310635824291	0.66013768243722	-0.0739288751236051	0.361609403554592	-0.60299258369513	1.08398435968599	1.33744117126814	0.528907229450027	0.459434548409786	-1.61634517907256	-1.56373150416202	0.776911816952714	1.22101011552511	1.1507852615531	-0.0983980081244763	0.764681394781173	0.243006970719526	1.12752264587385	0.553922238329625	0.521640360501228	1.05347479415103	-1.32720361519872	-1.59610981301677	-1.74862898955772	-1.82522324226835	-0.0640328991059899	-1.52375682269793	-0.485546136112983	-1.06078531472323	0.95585582284821	-0.628827421217181	1.12961898748358	-1.6693832413039	0.37366488831193	0.33397938787436	0.846125399440951	0.787910260948082	0.703618011837993	1.58284036785923	-1.6420296521423	0.435468908357581	0.34344376823254	1.26105644163785	-1.66187460929676	-1.96117468512397	0.746292399191024	-0.809507721166925	1.09819210181814	-1.50850670728406	0.47774834205145	0.565117605653448	0.941875324923402	0.129927068332997	-1.79105557506374	-1.88207531097048	-0.7659747323291	-1.49940425568675	-0.899946616979433	1.14539234966044	0.412411343550084	-1.14888052752556	0.444946191392971	-0.953746281467022	0.331076829906066	-0.177793637030119	0.246804123490355	0.670285957296939	-0.478049700889286	-1.72589794884787	-1.64565708068319	-0.869595473483262	1.25480709098144	0.967063606195181	0.510089944795326	-0.613560794120811	1.25665301837155	1.35909636031424	0.698868295427599	-1.32685077040024	1.0089187455995	-1.94805425386842	-1.24043708448442	0.856435010382522	0.0138460201655226	-0.0344455111810721	-1.76713206211989	0.562267638952801	1.22499430675031	0.733690237853155	0.609213986127701	-0.454758797444954	-1.78670775606303	-0.851820825177774	-1.17838972588039	0.0676990456687124	-0.603331361661337	-1.34338324055134	-1.03316601879761	0.0858676534902981	0.982529245626837	-1.21756887828111	-0.53014384895866	-0.952882263228489	-1.72780740421761	0.804908114076886	-0.871630933848975	1.28462090915021	0.730456523538973	-0.918600151830202	0.0175050780004609	0.468494503576777	0.563077212356776	1.17642619234879	1.33151910756118	1.3131398755926	-1.29821647783338	0.493296610188551	0.62757324207589	1.00374678659045	1.04691775100314	1.39361540527094	1.30401143496355	0.622887105006356	-0.178838688284116	0.806217585681081	-1.63250056367612	0.823457542745488	-1.53310813936276	0.305833173851471	1.26344634679173	0.251255966705859	-0.302384573705684	0.389356097206864	1.18909178201063	0.654520637392479	-0.192053822598764	1.24988319957914	-0.386434096139047	0.703180381219034	0.716755726009196	0.587352557790027	1.07803992623019	1.03959495382117	0.648446870301803	-0.253547973973695	0.198793557154648	-1.07342858242789	0.487558624107609	-0.240999747548781	0.924308337231468	0.198091647247801	0.530650175931763	0.453239967813795	0.561452630947165	0.689714075497694	0.537035591132854	0.65527441366094	-0.473807421602809	0.830012306088587	1.56472063085304	0.978902280489758	-1.73969256513542	0.878175428768713	-1.1883856831746	-0.716027318566442	0.846770173682186	0.307165851379334	-1.0310529179976	0.722306729193865	0.185370717197826	0.767868214540144	0.582841588278513	-1.03449423556801	-1.75039543088383	-1.28304576486469	0.384695251458724	0.642074575752074	-1.88337073753424	0.530406125071794	-1.19353309030535	0.603840559806275	-0.799580156379981
"NAF1"	-0.371089403089978	-0.50868348057348	0.141925544834001	1.33606855399571	-0.541159410953663	-1.44300122918401	-0.830224829016753	0.130625921799033	1.07431091261554	1.03201839074827	1.35951030279688	1.89582400354492	-0.104893300161678	-0.928832014118988	-1.70947750542784	-0.893032625994013	-0.943395883397287	1.80024348487791	-1.44472373376926	0.999879698649424	0.612044161573404	-1.53025244254193	1.16135039357587	0.202328366791095	-0.724233933289821	-0.860941342480941	-1.45265685675158	1.20315194085512	-1.42360178079389	-1.09670543477647	-0.721397575104632	-1.70568473144211	0.345454852438828	-0.262114381441043	0.249089088477455	-0.386071944150396	-0.634497214491805	-0.618488888176327	-0.575119868182878	1.05106789744617	-0.162475508635644	-1.5948742111119	-0.944565363007052	-1.55027138139037	-1.3922770927327	-1.61480707200803	1.40857062761037	1.82946728241164	-1.61891554043978	-1.55882333863377	1.15647958602827	1.50037864186499	1.36660121896266	-1.192767917971	1.57122966838376	-0.0300384311648698	0.747394176586232	0.00850687566781065	-0.771155423718297	-1.64162393502144	-1.58609577557914	1.34519456351672	-1.70529925236257	2.0466213335219	-0.243373247888247	-0.298299105715238	0.338601502431749	-0.639101470959207	0.0254848306099493	-0.255898334343965	1.19317939822529	1.34304493870467	0.258322011621495	0.161738063804133	-0.474331783024417	0.093104529693094	0.220230532954169	0.46849812669756	1.25524265138017	-0.442260226145237	-0.786173536764838	0.0102123636037366	1.0708831756911	1.33251838320227	-1.04697826309291	-1.44018365093169	-0.490946937062953	0.29747450841058	-0.967569392690845	-0.0451777372129237	-1.45381589376677	0.0950356467333343	1.28777001534796	-0.957588687574759	-0.812250603115889	-0.987259626357112	1.09312900313941	0.198726966163835	-0.596398464561331	-1.06305174023569	-0.832276636082091	-0.486153115534632	-0.431953096315848	1.27493109387824	0.125766774616788	-1.27501015420755	-0.150644523991141	-1.52898454631682	1.10140159024676	-0.945902278070852	-0.482945791433517	1.02928489303375	-1.41767231608746	1.22904252877892	-1.03118139619077	1.22920123976301	-0.601596741437264	1.3393943660424	1.34421023655532	0.388928439079672	0.39299580328267	1.64152789413595	0.764656329573833	0.118664934126006	0.0228619320252992	1.12047644089273	1.22919693106427	0.818727835807628	-0.586729362904347	-0.766193767024415	0.268682025900257	0.947154705686577	1.75852625239163	-0.739243959473265	0.111529550340848	1.16621990635139	1.04723197069464	-0.407965717354253	0.314412618810346	0.0556628005335875	1.37553363903025	0.20260506228677	1.36816407442999	0.0325135443339383	0.313949803903201	0.0542283188395731	1.15622668711109	1.17521163667397	0.681623672607322	1.5444645691371	0.308873841196266	1.12647420674847	0.262947464351895	-0.63729339620689	0.286162847232889	-0.2765804031796	-0.196816155750804	1.25961988742248	1.63255845189637	1.19202127389885	1.3051840317473	-0.17431857184513	-1.35379921325366	-0.952763159112014	-0.573429744911239	0.220002612378853	-0.851824321489856	1.36363381648541	1.01583752688074	1.13842959728099	-1.18852451964363	-1.16085751259377	0.211791204393917	-0.849686266311306	1.28132009754335	-0.860533812259605	-0.823909453500182	-0.842253614480161	-0.590183980416153	-0.554199541720222	-0.909173923643056	-0.9680846954509	-1.20685158701337	-0.0174871474306778	-0.528827902603395	0.169653196413518	-0.561473216054814
"PPP2CB"	-0.180276861353733	-1.12517025378718	1.11524763231391	0.222214459108685	-0.0309229440216158	1.24504461754649	-1.35265471593682	-0.970201676711981	-0.360215328504341	-0.860648662340436	-1.34749811331846	-1.78222571337148	1.24019234923904	1.40644062987931	1.37954949825173	-1.00561022918846	-0.558037248849666	-0.099569451155135	-1.16254345487579	-1.03036161512687	-1.18305551111549	1.37768860197594	-1.18726443759861	0.51815905738083	-0.292307053427346	-0.997097561659869	0.235891882379101	-0.977243486654648	-0.926444007376012	-0.0914402234969727	0.13013050907896	1.34579011731056	0.0433779206035625	-0.72133779089641	-0.825110308166097	0.559228859381504	1.16470411814117	-1.42740077574821	-0.187742043240858	0.30937983872973	-0.581294948344687	1.27518015001833	1.35382683800524	1.33195239560092	-1.09287186181823	-0.418434625438227	1.17052709108033	1.53389353218304	-1.72484299762732	-1.49653093934279	1.58768337413978	-1.70701402926854	-1.5454866826947	1.48008937058888	1.6027210133604	1.3299519860458	1.55128566287178	1.50830173821161	-0.0424985399942712	-1.57843693949071	-1.69146566326181	1.13202946062687	-1.5952896550836	-1.32135492209949	-0.816837775328219	-0.980961675598164	-1.21610531024239	0.380634311280544	-0.759756074361329	-0.929259305929435	-1.07816657567227	0.746724404034837	-1.03130392779691	-1.43757619191727	-0.68955006444991	0.363382868753714	0.345898337313573	1.2296087787854	1.35383336440083	0.208337731814536	1.21838069473394	1.17371351833859	1.16552604874127	1.272730490729	0.404383782420148	0.425936997038546	0.0595427391560323	1.23620652405328	-1.50982809070298	-0.448093288623826	0.596591917443003	-1.19872460464563	-1.08984387848876	-1.11881617168223	0.070004685948519	-1.45906433934507	-0.914897693300482	-1.37266118008097	-0.568087172157245	-0.971564630327014	-0.982086538961085	0.189684034485318	-0.643526706041529	1.31510633734854	1.29280571905515	-0.4020054307442	0.0587085555555141	-1.46587314133705	1.18572783551375	-0.900774172199274	-0.921250828340611	-0.160288307757702	1.31810364164047	1.23278783959222	-0.397062156857028	-0.31795942604688	0.364150044207625	0.310535609030687	-0.696871477036277	-0.950379602985552	-0.382736557102524	-0.932785813097636	0.197031253685836	1.36188039595619	0.302817611296469	-0.77187887406593	0.54679450918295	-0.0790287930754429	0.75508098193664	-0.0328489792508195	0.188929868500508	1.31441027995772	1.33814873770117	-0.227836892992351	1.09753037021784	-0.36482913313981	1.16950244872367	-0.285305735553228	1.20731279811118	-0.0654649021842294	0.255335009512301	1.1408939362447	1.19800576952086	-0.297068776170193	-0.763770119286086	0.130063416683306	1.38334649331982	1.86551351164195	-0.046870540918336	1.48647868861427	0.0636076756566421	0.226046680558854	0.649513144684414	0.404138726691725	1.36317223025944	-0.0445467867840681	0.0891699501047414	1.18884865547658	1.39015104419968	1.33748408452603	1.36885729849284	1.18756182960838	1.32969779004594	-0.274784811066369	-0.939012382302764	-0.176757110199245	-0.542398621441414	-0.228799754720557	0.238219843541884	0.297794161060905	0.316088816220245	1.28669807506612	-0.0371716365724072	0.669515639322728	-1.17083883743908	-0.66204126040516	-0.938304363179857	-1.00993516345873	-0.99006325735219	-1.23478978981191	-1.53273415030756	-1.01392321675759	1.41890853942683	-1.0906430199741	-0.216783899835624	-0.0775326377042894	-1.09551695372606
"SHTN1"	0.255353940136895	-0.173023939548651	-0.973222839973144	0.111048061506348	0.564430152911934	1.23569182125972	-0.0484674346887974	1.13315724088995	-1.05914619291096	-1.05222140161084	-1.05605557086134	-1.62583180182793	0.728161808403416	1.1240838908587	0.448692089252459	-1.07348536710545	-0.977164700003959	0.238301331907358	-1.99350452629222	-0.172260750420277	-1.16589982803095	1.04414603184532	-0.0201368206319672	0.019496431650477	-0.980791995683512	-0.908456776308986	-2.001799522304	-0.13789583555697	-1.12154328824356	-2.0473658367364	-0.983414364954716	-0.939549281020112	0.205929193294289	0.249477513627876	0.121235664134447	1.11792789865623	1.01103161805648	-1.05098842194392	0.242555273234982	-0.00485287386923905	0.869214314908908	-1.26853993276574	0.314796699829292	-0.916097708353366	0.228125191740806	-1.43681484330358	-1.32307388963256	1.29477810590902	-2.15044550310376	-2.0991790916763	1.57711142529378	-1.05069192081184	1.07120865511824	-1.71082111430835	1.00388543815036	-1.79402714540107	0.548945888376501	-0.928421173344403	1.42329200284655	-1.05664727327952	0.810711649776173	-0.956404333373062	-1.97870245484118	-1.99167399474029	1.07806544204483	-1.04089024725148	-1.3513494280029	1.46853168424239	1.07673161069059	-1.09400824959003	0.984465864490187	0.721183071366129	-1.10228178842442	-1.36595582971691	-0.917072707413725	0.282859628444042	1.34576974201805	0.967094450266967	1.3840434325044	-1.42768532600438	1.59037881109	1.26979130964541	0.24172197236974	0.177543893841519	1.00799822106565	1.00635145998922	-0.986118775489418	0.986147718668212	-1.73687815110298	1.0769811201318	0.756139520401117	0.355667918216529	0.237829998400836	1.08979526080777	-1.10388324880114	-1.31522370986486	-0.189913453148709	-1.28358466779093	0.120972162395296	0.969598444374121	0.61466412148477	1.16994240452086	1.27475122088977	0.738376005821469	0.968243199720396	-0.303645591581664	-0.964031972995985	-1.24269390721559	-0.0567649505507548	0.376914845491322	0.41360863091913	0.0555675489653806	-0.653833620852415	0.235764702787222	0.207437582195171	-0.93006268990188	0.829269078752625	-0.916323823634435	-0.10641860768064	-0.0518745437346837	-0.948550522372655	-0.897049704031145	-1.39970065642637	1.47620966645878	0.0194054342491329	0.101983412374932	1.30135895625135	0.955523935610151	0.977029770861252	0.103666657514787	1.0246332141775	0.74559380577903	-1.17322714088768	0.146816140559275	0.448926554505635	0.660038459044008	0.861583929707834	0.28118169175954	0.986446261898123	0.359557247895421	0.203087859098976	-1.0164958976101	-0.95999196402574	-1.0035959160859	0.0497456303097374	0.269168401285346	1.45175843606187	0.0701104209324367	0.369207343445755	1.25741760623824	1.33299064600823	-0.134511938075313	0.269928163016212	0.985959856605192	1.00350476780335	1.02803384170513	0.421896127551361	-0.758889810912584	0.644488894731719	1.32590918456915	1.24832408597171	0.241320914816046	-0.427663806386082	1.20965036603878	-1.05467690974152	0.57232856377575	1.28218144558321	0.957292352900454	0.91460630170199	-0.200983526850022	1.04669947425703	-1.02513080692782	-0.740840026875434	-1.24340858825431	-1.40435522653774	1.17575168192216	1.20329788369742	-1.00315462798952	0.186920937637215	-0.295215224981627	-1.97072000236157	0.579257534402304	0.0740014017525278	0.402888337809447	0.845753505108208	0.190628096423087	0.690220723147883
"PSKH1"	0.761699277737495	0.282694810767579	-0.255679467625798	0.85765555372844	-1.34237872493749	-0.879886812150952	-0.254814817076713	2.4087428872287	-0.612515802750081	0.494950427104311	-1.42105556618587	-0.57652946150332	0.261092830854792	-0.548958353683793	-0.627424642750289	0.832500376551102	-0.675727901167568	1.79230921402435	0.613464435723978	0.750909915850067	-0.167753300950502	-1.33288157330577	-0.195150222036064	1.01337773580767	-0.911742922350829	-1.12424327343029	1.07734584911306	0.705946379239206	-0.244674170610506	-0.798180617146973	-0.497228034590596	-0.629146214240829	-0.158280490053174	-0.328436803692804	0.798975068871747	-0.343401169180822	0.787492193716753	-0.301933236409646	-0.620540666406328	-0.272716861827679	1.35231724084925	0.603572476642339	-0.491556393547928	-1.09277676001547	-0.630767180955693	-0.200932934530853	0.528842185363633	0.191193350479836	-0.533874395972286	-0.517694823003556	-1.35919980662151	2.50657699916591	3.15598675318923	-0.776514444406722	-1.75239903465968	-0.117565131839419	-0.535222324398084	1.47597648013946	-0.977702136630924	-1.22051188695322	-0.80255465959787	-1.05481118136301	-1.24028105932074	-0.519891932605042	-1.10768044581726	0.636651260263576	0.361435439734076	-0.0763875325998889	-0.551688509382202	1.11007709290771	0.00419835460482062	0.208660539329427	1.11130121645161	-0.265088985149875	-0.895523819024197	-1.91702892193908	1.42559018968824	-0.974218485724456	-0.550343790735916	1.82063093134871	-1.04067826272195	0.517908152511211	0.00754849320818134	-0.632038956729217	-1.27342514431075	-0.178054688665714	0.16134833125683	-0.277794349580468	-0.953471062092123	-0.875939076331688	-1.51083785155639	0.15628241893134	-0.0550863819129305	-0.7476820120627	0.393955607738953	0.484735575728256	-0.283493487841457	0.187507115843034	-1.12241173440799	0.600041935806325	-0.898934365803832	-0.689821694741117	-1.07422740942754	-0.878286623183658	-0.210725154707404	-1.01091225412337	-0.999614480171103	0.677424903178528	-0.394523188642577	-0.402690813539541	0.997597642384916	-1.24164832013315	-0.71607796296483	0.820573052191527	1.52619761881988	-0.664093541800005	-0.783036781124726	1.13992018328699	0.470242452033196	0.699515328590208	0.812882705211791	0.545418820201067	-1.66658438064029	0.774750378492859	0.568278653860868	1.08855242675563	-0.0715911051216902	0.520017684914742	-0.938859472186851	1.74569628241457	-0.92536472430961	-0.0804408235946247	-0.649833934055739	0.441375000158966	-0.559351829234105	0.660831061482668	-0.210312895690398	1.01582987577342	0.414353265195758	-0.717671434546276	0.0856382665717597	0.830543572585262	-1.43156598323398	-2.16202854274977	-0.855939633302471	-0.116044179543977	1.16746824617882	0.5310028743775	1.48010802621729	1.07513914991344	-1.1363580720371	-0.966280299766163	1.0262370842358	-0.654227097515821	2.21810086809494	0.920815456530514	-0.571214002426819	1.13319543621925	0.294943248422524	0.504056892276068	-0.197002556683186	0.924905431931694	-0.64607014217749	2.5159946490532	1.10908217927049	-0.670650342810345	-0.249058056822425	1.39530179863034	1.57174627709297	-1.32662191722681	1.28341005867847	1.64576793710759	0.568512465838921	0.98674348249069	2.09786847861862	2.0158699811678	0.031107249200699	-0.244129941961895	-0.207378405598067	-2.09833342660147	1.27878216726311	-1.50457124850105	0.144389442418613	-1.24113362793555	-1.14275810576301	0.163273285107825	1.07942302552849
"PLA2G4C"	0.429327619365393	0.582938556696544	1.17220287638165	0.930386573671766	-0.332365385635709	0.415933481652375	0.796617058266562	1.02928196743568	0.728402999967735	1.03793973581325	0.9773763351043	1.02274671950603	1.02484048421158	-0.426347070088724	1.2781060120591	0.888943343222396	0.762075146715432	0.879383941900274	1.15080315379468	0.543451386082581	-0.0574830996973006	-1.52113051390163	-1.48509778276935	-0.086702747330177	-1.62912064660838	1.19130876628732	0.838961503856836	-0.362683552709016	-1.82673512274396	-0.159001853421143	0.274356070938735	0.352246772048424	-0.00536655123864449	-1.52903220327816	-0.25384614469287	-1.08432871976462	1.17640207709129	-1.51181123229835	-0.507454076568705	-0.406528071904926	1.21374747045191	-1.57798978503376	0.731713219922433	1.01633899135228	1.19246258226179	0.970189043691337	-1.62665760705551	0.987280287210875	-1.70371615576275	-1.70163320996583	1.21555964902282	-0.22107893266001	1.19300989730652	-1.50891983594958	-1.58521806134646	-1.59010746218661	1.17755680246304	1.00060716126092	-1.65232621096938	0.96097698060309	-1.8180435947956	1.06237048365982	0.917197363631132	-1.93254246691217	-0.600037807660368	-1.53017395799279	-0.266403871572885	1.09114908922726	0.600296772789421	-1.34191510484586	0.718376701264123	-1.20274638322062	-1.21564916676135	-1.65772951159973	-1.4451039710803	-1.42505311464352	-0.993014763281357	1.10528945973865	0.299517022396947	-1.21449549494032	0.988394448011215	0.809471111111651	-0.817143811118956	0.997492227228578	-0.580894598354708	-1.6320998470229	-1.36890637105079	0.70021535662011	-1.7634649092667	-1.59913286102351	-1.98916354832611	0.46233596896136	0.388726085941277	0.613303489023374	-0.790743375351397	-0.402687944121729	-0.455588916903024	-1.32529105778469	0.395814969104552	0.957585840744271	-0.763298192606964	-0.568080616884191	0.162957486485912	-1.15918373897576	1.08329395074244	-1.0809749313199	0.35500114926287	-0.831190297607083	-0.663012702038783	0.473735599502823	0.790108488212054	1.02784953397062	1.20513661516089	0.733480006697012	1.07661396756758	-0.040229713689592	-1.78680916179574	0.399893837224467	1.04658435782615	-0.531156563054073	-0.00571337594147028	1.17845099119372	-0.855024496597124	0.942985864683921	1.08216298212875	0.348305781635736	-0.126075100240404	0.856029641832372	0.388760534584063	0.209894521329208	0.451047917963447	0.718511832073869	0.954382291524212	-0.103529138364792	0.664999812216951	0.534060777292366	0.533106187858466	-1.29270579616492	0.546077060654258	0.974560680683908	-1.12822965371702	-1.48272145550085	-1.33401791838279	0.244755386256297	0.118569935657642	0.0995669969035163	0.952349712278124	1.16158421505019	0.00357848494463829	-0.923470578408732	0.643947798493796	-1.34104215093941	0.265780882543921	-0.215269494764453	0.859598032108157	0.740681560651986	1.14428564464252	0.82146652934463	1.08397326960108	0.780791400351174	1.02119207920804	1.24940899844955	0.891889441778275	-0.211933147959124	-1.57600841667305	1.04352911836535	0.420649031777679	0.762755285740079	-1.30703674010695	0.422548662797596	1.0509077635297	-1.12001924132054	-0.133396549278262	-0.410386875009564	0.0329244700943237	-0.364666400849648	-0.0171925618974235	-0.358624510391856	1.19663172773343	0.183487634205895	-1.55755911222611	0.839219804692361	-1.48814825858135	1.19244011918284	0.472119606211128	0.00262305865700979	-1.19484420212824
"CYFIP1"	-0.628600305779562	-0.482719207685926	-0.712178860906896	-0.795832822056738	-0.286680824048454	1.42670386490262	1.64451011545491	-0.273961149804699	-0.832546502450328	-0.0609772389237794	-0.597338497890141	-0.229271763630385	-0.528543875037088	1.65344769263691	1.78749635685902	-1.02451742947334	-0.451306115896164	-0.759939268357743	-0.925203298005704	-0.656499302538461	1.58045705539799	-0.129101960471094	-0.970174518340841	-0.601334885328372	-0.533776654874348	-0.516588693674482	-0.961530823673717	-1.01176294441107	-0.317250624278462	-0.0884834742998404	1.67850883522897	-0.72368257039166	-1.05199126460889	-0.47097908426146	-1.21102246687006	1.31917920933994	1.65232666458385	-1.08086101687583	0.273795657066971	-0.447167518082623	-0.389899885404952	1.56991473196775	1.43275498029294	-0.763169800789203	-0.989050260582225	-1.02155413141788	-0.965997254477377	-0.948225149271928	-0.918400149545169	-1.1168996739443	1.53253467282	1.61393218575254	-0.876432148540777	-1.0660604490552	1.68725481604422	-0.924221579994597	1.33716874126099	-0.977456090019157	-0.957332317885742	0.117192550448125	-1.0054272592772	-0.821866446801383	-1.1667668593511	1.53034130064348	1.22897264833755	-0.839599274510968	-0.99268342822572	1.6325035632083	1.5548992003524	-0.69790497527268	-1.06035801099467	-0.800259251313894	-0.462882660357584	-0.948090687620621	-0.832818632574028	-0.708273319686961	1.6319928906207	-0.2041227698683	1.34259507353349	-0.969016921681218	1.39328865082622	0.1000626336819	-0.317620186738875	1.27481585463573	1.52449580830421	-1.03186947020837	1.48232511541433	-0.474789097312954	-0.0249276886967163	-0.14509212611615	-0.621333972595078	-0.549162781445863	-1.13716500908172	1.39427348288416	-0.805209811365902	-0.86040629208386	-1.10010406006146	-0.978218689718791	0.0142188145343064	1.43373038840107	-0.312288061672042	0.126600513828135	-0.802420554827667	-0.0122079406564561	1.34025262464429	-0.510195194111761	-0.886095903096637	1.47764047783902	-0.911040714765216	1.63123968418157	-0.571170093490586	-0.30108878693888	1.68593275658085	-0.307837654391902	-0.00154383666040274	-0.948464192287315	1.4229244618395	-0.763270535173269	-0.212858624300009	-1.10653391729952	-0.574237658288631	-0.547496887034449	-0.0144098136519314	0.187680019349821	-0.280946443250342	-0.325775476504823	1.4537745099936	-0.488139984357232	1.52442171521429	1.32594847492899	1.44616915058488	-0.0793650362773713	-0.469768288659499	-0.677360101148731	-0.326465719850483	-0.496200595890955	0.0843057691979684	-0.23103420059206	1.4483039898853	-0.162701396015232	1.5604748809062	-0.811117049590372	-1.19992031897041	-1.07451144067299	1.38463691377496	0.0446846665406688	-0.325480801197859	2.37186597494074	-0.580700234726672	1.37511419039593	1.51910533866005	1.27533229299412	-0.257376873425779	-0.489083295253129	-0.126392267598288	-0.880182329304508	-1.1028663659016	-0.476712481733516	1.55002488822866	-0.732025309498563	1.42520820352755	1.35184563416637	-0.871532947962212	-0.253370274262738	-0.886397962535204	1.34422187068571	1.48749460092216	-0.839075915017739	-0.957119487772295	-0.857124959978774	-0.52240363948857	-0.332434659935136	-0.543377409119487	1.75519424302352	-0.280166022410688	1.49655712805726	0.337107153794511	-0.801670012409761	1.39501220504391	-0.530136003459619	-0.196967657449993	1.58651065988179	0.489210675005962	-1.03737274165315	0.0283221690747976	1.5686022106524	-0.228483994440039
"PTK2"	0.0928156117717907	0.648063866898882	0.179633117744154	-0.64322471716408	-0.988021301484133	-0.861339508235859	0.432211160212577	-0.964501241881538	1.85941326029037	-1.08254018258939	-1.22801265737228	-0.355028074018742	-0.47651854144723	1.36475485187229	1.7047648768886	-0.682772560819991	1.13459697619057	0.574547636966193	1.33467821542723	0.589495561458842	-0.515408079658485	-0.406172236084759	-0.65207801809016	0.90395293649081	-1.3082201371057	1.52166291563092	-0.379490152139886	-1.47540275062589	-0.727759916447649	1.58508304544745	-1.31271114179615	1.79625061845646	0.904833164579582	-1.10819583436411	-0.360586561109394	-0.629476345358865	-0.701620583896773	0.855154866034887	-0.917539126364261	-0.205560987434393	1.06865994263772	-1.49298614624382	0.661663649822566	0.495159245341073	-0.374413642462661	-0.831253926597077	1.4979144050199	-0.0921163807964078	-0.89821101051635	-0.679050875360546	1.5240091438777	-0.400067822926663	1.09610937214746	1.51124931679977	-0.840429998485877	-0.933835955850457	-0.394535363038103	-1.39748535580073	-0.264154078045375	-0.448660858059646	-0.376181434586603	1.87999697641151	0.685300468298206	2.00014354326722	-0.95642084117508	0.0251557518868349	0.0557206296187081	-0.568918878910873	-0.715872788232991	-0.598815108456905	-0.307068142348631	-0.714554633581807	0.659376865559579	-0.301919651585775	-1.16461801278277	-0.446133015803841	-0.49338370054225	-0.425470919402766	-1.19020662746557	-0.90003583262723	-0.631594547631491	-1.09226616006383	0.759320765404811	-1.17631983456447	-1.37087346861137	-0.314482519635789	-1.21890326480615	-0.517327995032889	0.867782432712723	-0.521131407237863	-1.17928492410558	-1.19304950470065	0.679894326257522	-0.384700915125102	-0.579805944914213	1.1371939329203	1.02674498990421	0.579786504118496	-0.949575631644613	-0.302098203922103	-0.542306324298613	1.00712767138216	0.551979444250469	0.966780593513617	1.64618057794782	-1.81197478062362	1.01294711834665	-1.30764996812858	-1.42746457317375	-1.72171076788823	0.921216860799765	1.14217196048226	1.70225933815074	-0.628240280576093	-0.555627817305943	0.759197088917359	1.42555273526494	-1.30329993329123	-0.801266563863219	-0.742241105541391	0.951714116185759	1.05826632068028	1.04213229641493	1.0168256115725	-1.47371672435227	-1.06697244931649	1.06094530269499	-0.178314718757139	-0.57293278174549	1.82481006718023	0.122410652531523	0.370329990993841	0.872079225790309	0.0494210042883071	-0.955686659137002	-0.961442508863258	1.09457636295072	-0.473049219295707	-0.578130517864344	1.00387398202712	-0.021486718055382	0.962024532089946	0.884337629351513	-0.715061994644181	-0.849202815485723	0.943153934826855	1.25169244314063	-1.0738873281369	-0.675929633172047	1.68263728719762	1.79154820397911	-0.633972321751487	-0.0688474106757122	-0.525896741036417	0.892174155482722	-0.78959439235874	1.18408220870784	-1.26890911475978	1.11171625159084	1.18169933999168	-0.539596925469782	-1.46081136932422	0.935412697540406	1.24541096540694	-1.32078089148707	-0.0444919439876118	-1.30880276680727	-0.238411538461349	0.884292133862649	0.41126995133643	0.412941759224053	1.28592529923202	-0.687620099835125	1.64096011213256	1.29817828466555	-1.23455694749159	1.6075383530232	1.42369521976904	-1.56570707957607	0.95912004713931	-0.491728209091308	-1.01266268065641	1.54625363456046	0.14697825024887	-0.878453611479291	-0.531166943181668	-0.318932811114168
"STRN4"	-0.56221231553242	0.627137242517259	-1.04208392604583	-0.694553972333423	-0.176648394970024	-0.447779275048353	1.1142470990982	-0.459552510457522	-0.569974759476922	-0.645772906116549	1.46150013520789	2.04054311623581	0.708850935670649	-0.57079080483496	0.30620528825183	1.1073408228829	1.36415945595616	-0.346093766260148	-1.0613112539586	-0.886785306597394	0.11323019463498	-1.10803821754031	-0.673419875268309	1.70793338956528	0.238759691121072	-1.72618707206478	1.87235640720179	-0.885657554383993	-0.923275564598248	2.02642733847453	1.26261127047577	-1.70743095141044	-0.994147621183722	-0.65769203544028	-0.685860483995227	-0.864344838412913	1.16630722108748	0.761113815644659	1.11360020238075	-1.10272063950078	-0.947327536495033	-0.625642109053352	-1.33304036240288	2.08924150173501	-1.70133408539447	1.81921265571189	-1.22347797989955	2.0987913641059	-0.892090613248524	-1.53149416149185	2.13632177002186	-1.63327619326398	-0.888254323480283	1.29726741766503	-0.56663751359038	1.58830278670021	1.1151899990417	-0.153025417469678	-1.60447185117697	-1.49660205357766	-1.00672430356799	1.11814183819638	-1.76580304486585	2.01297794697319	1.09745036822625	-1.10563644437775	1.49340151030667	-0.858118379341263	-0.294274862032623	-0.607182722326602	-0.947887805334494	-0.780737044819151	-0.816824895575051	-0.452129413176908	-0.312357990103926	-0.505246002556943	-0.538916449526465	-1.05378202887335	-0.761972584191808	-0.74946190569672	-0.38525289500848	-0.622017988350811	-0.309935124750416	-0.918817254579862	-0.890516806883279	-1.15834439947988	-0.287771945572232	1.02436585455339	-0.692507055239371	1.2586176881649	-0.963839216763465	0.558052055280213	1.40549089618536	-0.30910954583481	1.37906207337828	0.411893477387637	-0.909801094471799	-0.522744605262057	1.02207396626727	0.961529706059001	-0.847092582045098	-0.458105379012013	-0.325530949935272	-0.553056273642575	-1.39391134284061	1.11207440946747	-0.574400632300838	1.60438815655063	0.939330922347051	1.4560828054417	1.32719570579705	0.854149163477082	0.174045219829221	-0.702881714732405	1.31792715000409	-0.835545985970798	1.07667380146509	-0.597820839827504	-0.233609488008013	1.22180987484352	-0.242759372423325	0.106720662999036	-0.286372615407247	-0.378704354391258	1.1480382153627	1.3830995225389	-0.92314793493387	-0.312599872613568	-0.554778761155628	1.42097806998261	-0.684203380555813	1.1304571789549	-0.0901508584255876	0.0809796288598492	1.20403511139983	-0.971349906904757	-0.678751607451413	1.20284828680245	1.50200110641706	-0.589088490017532	1.27090884241443	0.737476884309532	0.143417689365388	-0.0868216692621966	0.886237875046201	1.01404119446508	0.192459301382088	-1.30518727783993	1.01673287427468	-0.535069962126135	-0.268478906067351	-0.686044114765952	-0.352714146394937	-0.889343124688919	-0.163492985345025	-0.53756099642133	-0.452879700195618	-0.782731842729578	-0.796607088820367	-0.540249633884262	-0.680879558759997	-0.49036196346168	-1.0194067166584	-0.381458868477403	0.282011788436868	0.984629134689916	-0.748479299708907	-0.0702512971710335	-0.425995336691697	-0.465798130002452	1.28761441554223	0.473565995722416	1.33094754295924	-0.497072765714702	1.06312846840008	1.42177716804915	-0.307882442616248	-0.135726812612287	-0.544952564900689	-0.161807782152634	-0.645729692382031	1.10207843104444	-0.63908922211095	1.63284693764241	-0.0610255599449316	1.40774819866024	-0.566482378269685
"EMC4"	0.197061296009653	0.200160007141001	0.484122339845042	0.487023405113608	0.176174840037106	0.094296787705231	-1.6177873649652	0.516063667632989	-1.0975813468319	0.00145068616112286	1.01084926437416	-2.31009793234702	-1.24283108563023	1.06311585760947	1.42603833164165	-1.45938689780986	0.933256707076246	-0.836559061996543	1.06583197441488	-1.18725714803905	1.08590244142372	1.1988172271901	-1.50588380806716	1.19337593607568	0.562981619200969	1.02531470033469	0.569870132946223	0.725906865143077	1.12834134857793	-1.43615397287744	0.529661812023886	-1.58445690368471	-0.019637159557257	-0.805826141707565	0.568433835905299	0.543478562218661	-0.487979441124473	1.11083244572846	-1.47605695196779	1.07179417616322	-0.990195158247649	-1.83438783480985	-1.68071328174292	-1.91982184652484	-0.941673424541174	0.37256964520361	-2.04139368587291	-1.2405649087642	-1.57551876491137	-1.92694498951987	-2.38148211405387	-1.96522196684752	-0.231861412978345	1.15724265697514	1.15543101956766	1.05039641104315	0.985351022541729	1.00328601378191	-1.71148927314181	-1.93008088785803	-1.70912659489126	1.07764354295334	0.313641632434299	1.10322754435378	-0.625898632835333	0.632049127345395	-0.588975857577123	0.400183734567367	0.437929261581046	1.09303301903313	-1.03428848669151	-0.220076206352247	-1.25346222949258	-0.970348239011248	-0.0203989855344615	0.260748853376633	1.00789509046602	-1.82939309878024	0.875478747896153	1.04634665568992	0.988765109374313	1.07954187167305	-0.552583421741815	-0.690723646977995	0.563216674611865	-1.63571398327533	1.07101311157938	0.554778444645078	0.990797120383561	0.41158791662362	-0.12946866373526	1.04823443913329	-1.3629050240114	-0.845872858323016	-0.569449148680362	1.00910603319802	1.10141903856277	0.175859706119633	0.537089166395681	0.186213769790163	1.01529088153623	0.541450365579719	-1.31293562949306	1.14646031442708	0.977077177741322	0.606121331161974	0.368031977283357	-1.35410331752986	-0.302224384947627	-0.3118191516568	-0.203332205194254	-1.20057400772508	0.58744390616654	1.14888604486866	-0.858420825242569	0.575847861671868	-0.932219414697734	-0.36410792337172	0.653801780794051	0.747147934905753	0.477945140137542	1.07242508283966	0.193961818589435	0.681068516932071	-1.11838833560375	0.455770744369828	1.10313763299991	0.933748710191337	1.04213576227832	-1.55451687388432	0.73064363109395	0.434062449690524	-0.142522254800316	1.14758877964716	0.102656985156352	0.303594767413544	0.924476962249703	-1.09463019174808	-0.821888459626755	0.276867596040362	1.04340062055855	0.341983089506583	0.52411751540603	-0.536106578572818	-1.41405860320398	-1.22336109022194	-1.30826431133182	1.28287853189584	-0.285213524810192	1.09946003107803	0.509230709248669	-0.448604023485904	1.08877001358347	0.386061447053069	0.234265294192811	0.584724821158473	0.217332059647438	1.11098302893574	-0.943656464588595	-1.58543591080145	0.458107855719307	1.05130423297629	-1.6010965785235	0.994353047562864	-1.40801449847876	-0.262242901967639	0.390583178413653	1.09540485808176	0.447040523204812	0.418529844995748	1.07527721540564	-0.185806012191637	0.328536283163638	1.06958441464989	-1.0825181805107	0.562358952710192	0.219139937569199	0.0205818505568685	0.0718226567251748	1.00901034594962	1.01328524039493	-0.639496900457864	1.0848792044342	-1.51372392193109	0.0542225459635372	-1.02868656060577	-0.179607273565495
"MTSS1"	-0.432613352861275	0.446349889543932	-1.09928578555545	-0.721780585242205	-0.736413999175522	-0.43235593261748	1.16029333931706	1.21926687942373	1.15931139839577	1.33995846197988	1.16654166938345	1.38165982584293	-0.49987060264362	-0.625788731315095	-1.53167504701021	1.17361865803096	-0.553898124736813	-0.572669456855867	-0.821931838637115	-0.439746032031604	-0.638759608638281	-0.604910385570654	-0.722595040168748	2.14302456233952	-0.178552271794991	-0.950751436067187	2.16482627584521	-0.98047859084551	1.18590381349874	1.87820449068666	1.23535653249808	2.51984608627471	1.38047799456115	1.45007162900977	-0.719890484728287	-0.298397665641754	-0.14615790745326	-0.996736413342887	-0.547084652903748	-0.465824516177178	1.21383553551537	-1.15589023573616	0.0310506127869676	1.45677511287984	1.13910895129638	1.07419282883235	-1.07316351910357	-1.46274739574284	1.37414556178907	-1.2292300136902	-0.417082727111406	-0.700149957746557	1.30147910392149	-1.48880300735286	-0.792010043591005	-1.39280812022971	1.31652520651843	1.37417611953771	-1.1898725907192	-1.43919232249358	-0.75980755441537	-0.219835326557257	-0.924138109051407	-1.32234007765292	-0.503490537078295	-1.51901250017035	1.24067111550612	1.17711913592366	-0.722631389649703	-0.456078839207776	-1.49075103488492	-0.875947913973559	-0.771503949809458	-0.168290932862031	-1.08369057016267	-0.54295558950184	-0.740267296454877	-1.30790348028062	-1.1470332276488	-0.279745795080002	1.27244176731471	-0.472261507263335	1.28722909197239	-0.381356595243823	-0.214379560275271	-0.994779480830587	-0.515715097494181	1.35353816685825	-0.445759206501062	-0.473804492022764	1.74740878735644	-0.589211880659626	-0.363513774753849	-0.641855733314942	-0.616045829114841	1.17377218076207	-0.276715531482121	-0.138777689440625	-0.501019322510489	-1.08282107909442	-1.09404001588849	0.0289952214807382	-1.07898543047656	-0.516478975584284	-0.406801084130084	1.49359491435635	0.230636221780636	-0.0448622940706027	-0.57032465495856	1.12351204362569	-0.495631282775213	1.34119271710841	2.08369699677151	-0.418228132189754	-0.563436671499826	-0.797086188432029	1.20185127504222	-0.323728323377116	-0.796180147668675	-0.455151571950317	-1.051578393538	-0.0776258833861675	-0.746889533765441	-0.618680720187485	0.752460274663939	1.17939482472067	0.280233397036581	-0.531333227334725	1.42848833039925	-0.0952464758425378	-1.1748106376836	0.495042670388167	-0.701906531236268	-0.530616154426102	-0.374266401238554	0.147055826705842	-0.381354757836412	-0.157850000275821	-0.0263603881888184	0.935489972186466	1.28040137399366	-0.807380991615423	1.36763012993937	0.919294940340982	1.55930561406954	-0.686941246963234	1.69754716261388	2.26346183768951	-0.772122854995203	1.10385491123678	1.30801480882943	-0.396325911101127	1.76392137146769	-0.983199022967447	-0.47104838584656	-0.273997288845563	1.92800460356783	-1.13011546081709	-0.369958714635708	-1.10758236327057	1.84838087238097	-0.726058512622183	-0.305514295771624	1.78556657926137	-0.275140327139878	-0.541231921627043	-0.468117924142913	-0.462054074433668	1.11906054115884	-0.341981775825795	1.23476758288348	-0.578013481797955	0.158231107093839	-0.396110178822047	1.25191420210354	-0.321185614408008	1.46416162032677	0.143942124227068	-0.859316994837047	-0.399660830430552	0.741663622208916	-1.09965051396854	-0.371035694875556	-0.632752659380291	-0.0348988814547471	-0.329389912034585	-0.426151464515515
"POMGNT1"	-0.607314521227882	-0.566635032214428	-0.505523881434777	-1.05469676937401	-0.877337368564516	-0.54912141609782	-0.435624139195115	-1.01546289293514	-0.853901137884548	-0.72750201928819	1.38073214933149	2.56037498800327	-1.02315904104251	1.01071718327338	2.41101559132721	1.06054349425105	0.990508028691989	-0.859744634977464	-1.04233080047991	-0.556231544465796	-0.835954291943048	-1.15717483145262	1.20905691460984	-0.955627442976183	-0.584081280256847	1.98529116211583	-0.523567447384061	-0.287024166975375	-1.09146332940617	-0.846063664823334	1.05929198290083	1.44421331289594	-0.684058563877074	-0.844298400108585	-0.6712990981206	-0.845521442434361	-0.779895107999	1.99047931618196	0.487473111436178	1.005602891975	-0.925749607443915	0.105923720233521	2.11146884754194	-1.10442689808791	-1.16411377229057	2.01586659159136	1.21151513851852	0.951798177371302	-1.08464175191469	-1.01177176576753	-0.957984843303362	1.59537831967365	-0.798382646850299	1.41895015429829	1.31507370522059	-1.06672040366162	-1.07177717053554	-1.06016049794704	-1.01901310850435	1.01923764401144	-1.06339824624435	-0.943964176223429	-1.04597436758578	1.09277896326311	1.02628651470199	-0.579563939184946	1.02566771387891	-0.687874210085138	-0.446717445666467	-0.859691721545	-0.21793642398495	0.706708440734568	-0.879971752654802	-0.860716867661225	-0.838155835193476	-0.826778252748108	-0.654016347865937	1.09305396564689	-0.809644902497064	-0.549929923076102	-0.750951427960843	-0.851573208648521	0.0579972648083019	-0.878233288465818	1.11865755293105	-1.03733188124606	0.466316765573191	0.955627330259989	-0.162629176939165	0.979666231669699	2.6149658282433	-0.247107095875718	1.46976912847195	-0.47056335582383	-0.915683986093906	-0.801957991342269	1.10707977296436	-0.829867906756205	-0.871815709049553	-0.417674406686741	-0.843300618446979	-0.900833975207054	-0.855480786438796	-0.596634775985632	-0.0162391582912493	0.0732758384277558	-0.651056943027848	1.18010203278478	-0.669892208682856	-1.13586889588292	1.18629740819111	1.00389120732876	1.29869442176246	-0.736406496599394	1.15872428345665	-0.21601663900569	0.108030885972779	1.26276637049368	0.889201744645592	-0.411259026676029	-0.356433851294081	-0.396625937170593	-0.822290480461879	0.712521898985381	-0.219088727456279	-0.627013381021103	-0.511719467534513	-0.517168229672801	-0.962344468982309	1.97606877724707	-0.471513132790003	1.11098903437615	-0.952726613672167	-0.571646147165012	1.27692782076224	1.25863781014245	-0.512211099864577	-0.268143665407738	-0.595801178154503	-0.742149758747722	-0.812734003069586	1.10777324262545	1.15151206640361	0.599581401486913	0.599034729648958	-0.522943582537315	-0.593960248583032	2.54035050253953	-0.426461013817178	-0.261901451827811	-0.383106881143316	-0.641878486937074	-0.193385747833431	-0.486242113952551	-0.529000419286553	-0.674648563955667	-0.830725489983774	1.14749940016309	1.04712070127019	0.305226783087698	-0.833165628605184	-0.674258261770518	-0.580783838871834	1.11089692164341	1.21520877145961	-0.30229410663176	-0.633814076433156	-0.382032899687244	-0.528852339127322	-0.592677335125968	1.81496783644549	1.13513908690536	-0.0933989224571825	2.35125883638317	1.23592625549688	-0.537939753748356	-0.203637678507507	-0.211349666041151	1.16586947430486	-0.550166233872429	2.10360299442138	-0.43702870553843	-0.266316182209542	0.987778051705606	-0.836398609323327	1.50526279726944	-0.54917880156825
"EHBP1"	-0.43015226014123	-0.71839098922189	1.30862710398799	0.133143193752685	-0.410162038114242	1.35323385120163	0.0769744300682917	-1.08019061317176	0.426678998756395	-0.775084538979115	1.38415798421414	2.29335427107714	1.51474324900886	0.125830918373801	1.54531203136503	-0.820019521662104	1.35477686485881	1.16767739187193	-1.37135560202526	0.784065120139825	1.6580929924184	1.20665843740455	0.200892226075683	-0.156629917916705	1.53743850044386	-0.319013795898211	-1.19234068219809	-0.311485030481643	-1.53915773977577	0.40611076472576	-1.25194073145357	1.6459392664485	-0.941169007540423	-0.47121808829915	1.2066926245802	-0.728488908542434	-1.06343956341961	0.47547438878962	-1.23674210774926	-0.971121383066831	0.220407431702771	-0.164956983598525	-0.830030486651408	1.20143917220792	-0.652250810556877	0.200786461349271	-1.35499453789002	-1.28580474542362	1.4427150924052	-1.44544811094451	1.50036637605343	-1.07785470121074	1.36844719770581	1.2027078266432	0.0380027738172264	-0.897204881302213	-0.921233892692082	1.64286729432847	-1.39101188661334	-1.25276332301184	1.48318283452616	-0.424047741858147	-1.3966898469698	2.01678823688501	-0.657640002368701	0.234162092258188	-1.02750595552668	-1.19116650382878	-0.581022876226359	-0.982455292672823	-0.510624649949207	-0.865216762618404	0.0312926152016738	-1.12412121241431	-1.01602498170179	-0.0687664120008333	-1.11340067358119	-0.893639166816565	1.3110475720633	-0.585384010479623	-0.173562628365668	-0.0836259955541023	-1.22533244072593	-0.259821654288408	-0.00348246475566896	1.60470287710476	0.349738762725821	-1.04077463246219	1.57557295939892	1.40893465737155	1.79532864922924	-0.943327468733559	-1.08175014602248	-1.04319881889029	-0.619054480046641	-0.450049450832712	-1.05314811467413	1.30339279270246	-0.886978771712679	-1.0915174169962	-0.978655923429891	-0.634179621904715	0.00541613873191293	1.13727866602793	1.69784670000063	-0.908877154364228	-0.587527776737131	-1.09403229762071	-1.20811183836227	-0.529453525333614	1.51244637081157	-0.395385815625246	-0.84768090820137	-0.968814250657545	-1.41077290059196	0.128792579673716	1.20454768415208	0.0582360545383497	-0.263028020828796	-0.903013123465607	-0.568640870037962	-0.184102339352467	-0.0603503006684778	0.436634813062285	0.180756423616358	-0.663684888105372	1.15522562041502	1.45769059688999	-1.04399466105282	-0.770638649754347	0.042588385765959	1.21868645076368	1.49817051059009	-0.854965059356363	-0.306616237577817	-0.388733558915122	0.379907774970816	-0.555007795798024	-0.957526254890959	-0.0662709248144409	-0.676154519966601	0.118555219845174	1.61959695450887	-0.653882786240736	-0.418173313815806	-1.02118906800726	0.189884070148205	1.54210994285065	-0.798896044912112	1.23738626289488	-0.627362461917434	1.71969401975587	-0.121336117268999	1.31129821194099	1.07197106709179	1.26798047706662	1.20286471236894	-0.542597084642906	1.24978429678383	1.60052545023911	-0.259238180572613	-0.496070593892039	0.126429294388207	-0.674173126840727	-1.05038337481813	1.1850164274708	-0.0563579349104941	-0.277939049982802	1.28621491113433	-0.425127844935355	-0.311803382967673	1.1827080561977	-0.305698645552559	-1.07628500175971	0.228376917996473	1.26598485891202	-1.04880228807317	-0.839595994076062	1.84918170444879	0.00403244504681815	1.34346538440812	-0.17826091989018	1.41811518366494	-0.327732847514254	-0.759861347664232	-0.178661570467696	-0.142523273653369
"NECAP1"	-1.07411848851331	-0.91616240931301	0.580265597897073	1.19730606485222	-0.154847842102328	-1.24529986750111	-1.28195299795781	1.27395855549348	-1.1622112526161	-0.754823051092432	-1.24264667234442	1.68662807580267	0.955300717312385	-0.124514947136542	-1.37128895113417	0.937008241026911	-1.02185628073882	1.47024760113864	1.28638606926939	0.787590448696109	0.124137673875725	-1.0496438833549	-1.15701964422937	1.20188102631436	0.171035007058115	1.1274123648242	-1.44432778764619	0.256238698743375	-1.36251607535728	-1.16000304256581	0.766442462206452	1.17001517698733	1.32203726442731	1.25524096968449	0.36338938588996	0.39081767737512	-0.276567167643578	1.14582940840348	0.198405656515326	-1.15148959123247	1.22689619492184	0.681404363140409	-0.162336598526802	-1.44453319264849	1.36200028950564	1.47464619022282	-1.34457468211835	-1.56957575376426	-1.2402776789474	1.19853450656425	0.267855863519434	-1.17264335504254	1.35394316145972	1.22246117690142	-1.29465739762648	-1.2686437107655	-1.2894211459834	-1.5899683070193	-0.0469684435455862	-0.0732399413781628	-1.27308018490202	-1.28877096075738	-1.41554863551932	-1.49471085458389	-1.26226926764481	-1.08105228723136	0.207305174263135	1.14715262523809	0.017153523488002	1.20343435751273	-0.0611472759495511	0.0728309922620218	-1.21094064915228	-0.170962518320804	-0.252212861876443	-0.48209441366795	0.15280963667066	1.19639674840463	0.500535315059134	1.23284729265236	0.959948329994987	1.29225894775922	-0.082738155248114	-0.0134164252208757	1.0651895425091	1.09836423159913	-0.248568615576559	1.21144907956331	1.36173737186802	-1.12831877023166	-1.2561332603765	-1.2474652201055	-1.20857263927522	-1.02083710400669	-1.10337393793251	-0.808576523199316	-1.2969652518848	1.21265002087917	-1.16088216328082	-0.108192710062586	-0.575590395859124	0.778569528702284	1.22098391143457	0.541859575581653	-0.994413888856442	1.51840456401477	0.943187451849107	1.19906591854517	1.23924360395852	1.26223570882067	1.19744221452182	-0.353950090622995	0.011755909353735	1.20774611037039	-0.192526767100903	-1.1507823573899	1.25741536209639	1.17744855788943	0.529163302635374	1.17389423622009	-0.472628943448175	-1.13654915195892	-0.595053930608807	-1.18918724138364	0.0367914664653965	1.1027117043712	0.549250955958185	-0.184803784725225	0.183841605690387	1.39158724145891	-1.2412783758801	1.16924032681537	-0.166089225167219	0.0539914578097362	0.0768230257689385	-0.121034234142696	-0.333863930092324	-0.0457627830142912	1.24525847424648	1.10609630970961	-0.243297342988424	1.16738631130173	1.12977142954529	1.16939079551906	0.0917468636277578	-0.744370081686272	-0.268551956084516	1.74353499181231	-1.44989616448545	0.0694921554194275	-1.13370163252354	-0.0265386753636428	-0.0601760451333467	-0.0781837168579096	-0.044208492682506	0.0625292582351458	0.0127389353265137	1.17702837125218	1.16057929001319	1.16596595313409	1.24323610739826	0.795224371730945	-0.116917453684965	1.2025860154121	-1.09609998677149	1.2204300874176	-0.981841408435097	-0.894120513461003	-1.32523537368809	-1.32980593211132	-1.47408245056785	0.644651738536686	0.150708525247755	-1.22992428671547	0.346295619704185	-0.00961529567015409	-1.01664015718603	-1.06915011991056	-0.260868952600524	0.359178878390831	1.45293131110179	-0.701835703358877	-1.38752555509732	-1.19211541119654	-1.24652535154101	-1.14762102567714	-0.519469582586402
"UTRN"	0.787623253858853	0.102359456893336	-0.431452849018367	0.583124252139676	0.199017093236388	1.12656522707523	0.330884221526567	0.724810186295606	1.50797914641634	0.664087751879771	-0.185861904084356	0.231141221984159	0.462679806206019	0.65113221907078	-1.63170060534601	0.49304821596523	0.620715693742774	1.10212741734597	-0.94360585414479	-0.0550771539458348	0.541125981062964	0.435200357401029	-0.593851975028344	1.22736363006677	-0.0170779583671035	0.281468923150471	-2.37042407072097	0.440330774748461	-1.94479059064158	-2.21544389319466	-2.76570731213959	0.178523959361839	0.298197082384154	0.517340226212326	-0.300834569315302	0.223492423656567	1.01223888689266	-0.524311931472313	-0.285392696804093	0.252175994427161	0.775588975868098	-0.0758839041178241	0.406294640063085	-2.52866018117213	-2.58059111025207	-2.40339188012116	0.115838606646204	0.38060174000102	-2.00823925441714	-1.91784939786606	0.318620558492794	-2.34351299115515	0.627406252337597	-0.473325486488678	0.69448923122739	-0.0313835678545862	0.978842850856069	0.0250601913549216	-1.00692069549476	0.642630608220743	-1.75324652659025	0.944049227528515	-2.04918666655503	-2.23262693382616	1.13183482521403	-0.525662664579619	0.372650323679814	-2.54161956540312	-0.11503803119657	1.0591368129809	1.27625719900076	0.353074703561745	0.258173221933902	0.201583487426108	0.807102838466914	-0.401911835151893	0.404170589585282	1.30344655456831	0.875893402129836	-0.22243533120389	0.55596561493367	-0.412825183178664	0.518096939528056	0.978640799923871	-0.896568919663399	-0.384359177063673	1.14497080942058	0.893949646114855	-1.83135439657428	0.0470847412925713	-1.77376231387347	0.0364459696296754	-0.850149150695463	0.735431630136978	0.340519634860043	1.04739767866081	-0.26265610236551	1.17260017905	0.661711087529983	1.11834679512598	-0.348922940932736	0.858076602352164	1.07304642478917	0.860868562376318	0.405248704497722	-0.580621700977904	0.332767880675864	-1.81512219634069	0.396906636278959	0.795252714044091	-0.265262934850783	0.581801454467684	0.412021002425986	0.80637181045672	-1.98613062324672	0.507315655050828	-0.513282878607042	-0.226599845103692	0.529480186527161	-0.332755440917432	-0.221130182136758	0.293258956914023	-0.695993308265732	-0.402114428154031	-0.233744824509278	0.831193429253819	0.0593645470557277	1.09644317511871	0.746040622998135	-2.37259078381715	-1.62925500561059	0.805616467653618	0.567776939782897	0.369838803124701	1.00386565266191	0.593081760617223	-0.618187978301423	-0.0483287664026569	-0.522349188234469	1.14193523919994	0.172891890946343	0.377332714315738	1.11775160011499	-0.0964164229992241	0.367256746449619	-0.184268859448302	0.430797011398365	1.44705838649923	0.73204949697927	0.08872907999155	-0.281594483881456	-1.33232731506777	0.780208052308039	0.667745160918839	0.258730388446251	0.095139548777159	0.937420328788686	0.744395231159677	0.370016291524672	1.2803779661798	1.22067059833835	1.19266256192568	1.25522129465902	-0.681730666049659	-1.18885751628777	0.993852960687899	-0.389011360735878	0.624445534633851	0.893354750259134	1.29677281387297	-0.933120082285726	-0.466781752776741	0.0643316328838999	-0.141970999638561	1.20225115040179	0.265308212731477	-2.27284941004817	-0.937080763741009	0.305096534361501	-0.625049919868312	-1.74171666409838	-0.413747345448497	-1.36462867013609	-0.740105354492402	-0.191070795775179	-0.543789153064676	0.779102255106256
"C7orf26"	1.17946887243506	1.20952590586337	0.314309660500691	-0.763457713770726	0.300594522473978	-1.36433752834902	-0.475497225509191	0.505170673452801	-0.856013378562336	0.202937498733638	1.28529056352006	1.82732517763634	-0.634070875404696	-1.38347731634327	1.33317743884062	-0.66989350474276	-1.45379764988836	1.11691057121475	-1.58198917058004	1.28422024431807	1.1837680413997	-0.809980604066786	1.26987406158702	0.237414585484723	0.226194864644348	-1.58044787155605	1.12983837419252	-0.622148430941031	1.23948027719214	0.105046806484334	-0.526759692968448	1.48310179651634	1.17256729800606	1.32557261239022	-0.881263969943649	0.246931757670777	1.25949787386834	1.23600376852608	0.353278223785793	0.110208459074719	-1.53023136782745	-1.73744743287595	-1.27277079091438	-1.59813449836422	1.09527904032806	-0.35165856212535	-1.01449724384234	-1.30612060622267	-1.58160926013529	-1.50321458309003	1.3388384841068	0.237866281013241	1.15332100403132	-1.56001503711998	-1.51400555020005	1.23654762459132	1.8176486140213	1.14150707677303	-1.36529213992323	-1.5848438099068	1.20893049087485	-1.65485360207646	1.08640509685641	1.5918991008688	-0.670214936893677	-1.38868933485079	1.27522100325192	-0.923094959912443	1.28177092403434	-0.685034148497834	-0.681289880711929	-0.930111310890668	0.311896512487409	-0.935568566254425	0.289612570843668	0.0583474621498362	0.36529073809775	0.314948308369672	-0.637662706772563	-0.925290857872688	1.31443139389756	-1.34888631310956	0.323937068914341	-0.661624671793949	-0.338805249724127	-1.49277677881398	-0.394015394921199	-1.25870594107084	-1.46624229946259	-0.990738724977734	0.182684434888839	-0.35010788417962	1.28213963423664	0.293116745276454	1.09995838067578	1.26373759987576	0.89049638327629	0.204830768864805	0.302700814470978	0.0308268468396891	-0.803175723249363	-0.723772100373758	1.35942889704025	-0.666108133990681	-1.07888369090735	-0.339418607426228	-0.567669173751891	1.34948955261925	0.190405658864773	1.24512314511381	1.12963644462716	-0.583590894654634	1.35176967014705	-1.41737687161208	-0.10894704073037	-0.860539751634153	0.211290454571046	-0.904393816708935	0.0121856676950943	1.36463295132595	-0.822903693746405	1.17991383606486	0.388003244329189	-1.25377158639775	0.232306300903106	0.771477049493463	0.247987758855376	-0.259702800135979	1.27782247354083	-1.59700845589669	-0.848448283449415	0.484065137209164	-1.33853569835589	0.212709416414531	1.2212084555726	-0.672280609942217	0.49908649835926	0.171613369023576	0.125657532217144	0.188671687608468	-0.741262090421293	1.12846450223759	0.0522835399023426	1.24727670908316	0.131281055460173	0.0658049364607853	-1.54717284092483	1.32728903815527	-0.697542601146045	-0.398232809650186	-0.983191432064181	0.52955846898677	1.29358286959793	-1.52846020811272	-0.75667598371101	0.472619618510665	0.238402225551886	-0.0235457673358729	-0.762299550690296	0.128049200758326	0.306033492268313	0.235355855302197	0.41310208616867	1.20702323437171	-1.43215548693341	0.384086149781661	-0.942354242625661	1.21601202955369	-0.621072123418457	0.327328705264592	1.26950974275055	-0.580581205172939	-0.381491702082368	1.23506068515454	-0.769844211055505	1.25549991410843	-0.576465093725076	-0.881857923314768	-1.50201387720614	0.348856217486778	1.25083701389711	0.199712910787198	1.20837121225383	-1.35000472095085	-0.676722589670336	1.15864712608481	1.27972869587275
"TBC1D20"	-1.02660865561586	-0.790732199499091	-1.53283848098245	1.61601698700321	-0.485030849391001	0.927962106348931	-0.81539544610406	0.0632830414473845	-0.584615771596329	-1.48911892262452	-0.85271490644298	2.40356143739647	0.965395828238395	1.15840395336731	-0.944182782909329	-0.422937164140318	-0.389454554265159	1.47387293190697	1.19285246136055	-0.280733033610856	-0.793886987089426	-0.692472698621775	1.02528872429772	-0.654148701960785	-0.695306283841821	1.66954938246037	1.724906604494	-0.335218304286748	-0.37212060412725	-0.616408913624309	2.13846594567941	1.2044478766949	1.51249377986904	-0.891564553844983	-0.563941987495802	-1.35651315091362	-0.367202423147603	0.613113121543482	-0.408059080781867	-0.875400658745784	-0.623020283553176	1.56986640044668	1.06509069047154	-1.63529265023109	2.16605736834773	-0.701881746061682	-0.368821056884557	-0.448780238130167	-0.471543523451384	-0.133708540548502	0.00579010149143516	-0.193031373717916	1.80370595088947	0.110700532411685	2.28896409355925	1.02320623450455	-0.447507732964302	-0.792033224344656	-0.646449985554117	-0.293032991076319	0.851842509615721	-0.606738498027835	-0.300343914053426	2.15017242953581	-0.545104882806277	-0.702656053164252	-0.482392378013606	1.24194897319769	-0.955861609329511	1.47277858872281	-0.552941893194643	1.3236525286048	-0.282745314728373	-0.51881789690721	-0.409821058741505	-0.84643824151281	-1.22421632178452	-0.678457625096324	-0.700449183175395	-0.729798028583932	-0.464141993732456	-1.32603922963861	-0.7230478707204	-0.293574247048728	1.46144029019502	-0.244170164372746	1.33528535440488	1.06454946603395	-0.694073382720704	-0.841454578735188	-0.664785279339994	-0.70357307893714	-0.553893529283571	-0.382025833805012	0.913595696588199	1.31491513108956	1.14912625701795	-0.889873149086974	-0.669410358006237	-0.773777325633738	-0.7635264440366	-0.897653517207647	-0.886834717568002	1.52095652626965	-0.826774924175551	1.61093990960943	-0.827789101873847	0.927260092020374	-1.11917253750765	-0.970422896990491	1.05701348192438	-0.371225538125636	-0.644422140698583	-0.635741768433862	1.60498030683857	-0.0466398585657948	-1.40270947101984	1.10714663584431	-0.54803783536556	1.36910238204246	-0.921725124352892	-0.396384207507754	-0.924846521100083	1.81725245568937	0.0750262543594411	-0.361010887108952	0.166328283347253	-0.470766862289939	-0.874137545652585	-0.705605596417167	-0.918440500461902	-0.381603881729862	-0.512161368231002	-0.706277324777354	1.28963048714803	-0.869645981893743	-0.82408919731999	1.29659760709688	1.6955524434644	-0.483198633008495	-0.560289514355539	1.40813469912868	0.804062697946718	1.24977200202014	0.688244367938299	-1.13563078855786	1.74703985846352	-0.65778164254895	-1.05055860706954	1.31692475897104	-0.308416199838692	-0.706134721270626	0.0109885586458836	1.55683136702924	-0.917020057464641	-0.836055602065912	-1.16587591545281	-0.635114923621891	1.84013033479015	0.437837244119325	-0.482151401584206	0.956658884251801	1.59007834251829	1.26249933724321	-0.593594389192375	1.15883543742575	-0.741746500246701	-0.610182198738631	1.11156642246375	-0.188873660561298	-0.788472490285727	-0.93290383809563	1.86992012443945	-0.662072863670719	-0.794268715397762	-0.16215217809162	-0.554224106598414	-0.564723402696035	-0.841022320772007	-0.962601027301339	-0.259279572999407	0.271861207629292	-0.29823222774635	0.926619341838887	-0.572772226367958	1.61708061056122	-0.339846383939596
"CD1D"	-0.0602042501188945	1.22044819495037	0.387831530025728	1.62047674302726	-0.502213757947634	-0.909611532272763	-0.0738875811678549	0.0041306397275696	-0.521750685680681	1.28706377449313	-0.211530962426616	1.58045228370996	1.30844184588323	-1.06912014906359	-0.825216418132705	1.48317539683855	0.803076627296029	1.12204459409269	-0.775124420867514	-0.0870554830897027	-0.726940274374196	-0.460793523483536	-0.41409230579237	1.77723670157925	-0.0249027702759663	-0.84913636202743	-1.02349571285395	-0.903138654898	-0.911780796557869	1.16138534348838	-0.508071010904211	1.42389894613711	1.29686466086664	1.48459519662912	-0.929255885199408	-0.803089373215316	0.424713052828753	-0.692583096592528	-0.92289374575932	-0.270564950776143	1.41712664801974	-0.798151806835045	0.552264705088412	-0.817162209570547	-0.898964126891216	-0.793310992683947	-0.83338013352842	-0.937861426576083	-0.862696367582627	-0.803411556276261	-0.950388904181659	-0.846679509273624	1.65982747132607	-0.945606750340083	0.796098481613209	1.6804906565385	-0.977886377667281	-0.075581651940281	-0.861502236155931	-0.763765012135007	-0.879113082578972	1.31377141737586	-0.830969990791228	2.25937796353084	-0.885465397112103	-0.936223783375695	1.4161256506503	-0.99067123757693	-1.03553606934734	-0.840812454741491	-0.777324915146288	-0.619972324373851	1.34675912189892	-0.704054442485975	-0.953967135411627	-0.535616827026966	-0.554101485296919	-1.09452024469412	-0.575488032963144	-0.940637126201389	1.57023810934497	1.76479598596041	0.53080265208137	-1.05272772523463	-1.09069384218885	-0.877769676528101	-0.840732000412697	-0.094613010080203	-0.824383841472997	-0.628971616264732	1.4922525087802	-0.921086742967833	-0.366505267341384	1.32079452841132	1.19747376772319	1.48997811044003	-0.518849964707243	1.4814237422553	-0.58104193334822	1.18038222548461	-0.634281916965445	1.1782531856191	1.99825220758894	-0.621930617286157	-0.934427670618921	-0.438385769677074	-0.68244673212017	1.75737377223044	-0.895521749421121	-0.895969179422953	1.69644352698333	-0.434535515409638	-0.822024077887119	-0.60836812538741	0.111265290671413	-0.667936667636114	1.3428273743638	-0.619843041701249	-0.975820429974345	0.496697932212389	0.0482328733762943	1.36037276977845	1.21355024189998	-0.0780951942683284	-1.04367454995253	1.48919919917578	0.875781742539766	-0.762335780639421	1.14285823234827	1.99789228626365	-1.07188192672861	-0.831839286489422	-0.885306455354834	1.67057345417235	1.15647967296137	-0.244720306904991	-0.768932984416783	-0.90220044767373	0.230507639939001	1.34006719376097	-0.131533669348121	1.42958288004314	-0.705648302231615	-1.01644629977213	-0.700942660705277	0.479927484704785	-1.02102352466583	1.92089110277299	-0.75846658241357	-0.254847069460797	-0.915335707327966	-0.789124565646899	1.27204761964765	1.40512981757611	-1.07643808784283	-0.315025941189086	0.43529512887001	1.65682822692029	-0.838117951308299	1.4893646220017	-0.775660088069551	1.18263109555642	-0.954910424038866	-0.0867431116035814	-0.805149630661568	0.153864428248173	-0.704842371460332	-0.681977228993081	0.247785157375043	-0.242331112635829	-0.74440762760754	0.2000565613602	-0.668032086736459	-0.80639876405111	1.17804285935036	-0.352664168726574	-0.0382266879846981	1.15482747102339	-0.0647246903690852	1.46477420486021	1.72217732343405	-1.09032828948525	-0.970000084696452	1.39449844789965	-0.298336518832577	-1.00599605274663	-0.521361644291821
"LMTK2"	1.44079243182661	1.41241413989641	0.16794990933212	-0.768090736263651	-0.832241593679432	-0.708204575047332	1.29853538855094	0.543125860230632	1.41618989223913	-0.742156108603162	1.28625560677414	-0.12093695074866	-0.564731816619321	-0.931755980886909	-0.215677619988274	1.28954394176455	0.0980337450487054	1.34204492111549	-1.28047071969353	0.112303874132505	-0.117353729516328	-1.13665172622883	-0.0596901956804865	-1.1503135744283	0.0189084765455217	-1.1566606172129	-0.685785566410327	1.04044112884755	-1.33913693333983	-1.23665254886399	0.0474188234703906	-1.18285040401593	1.34725426506224	-0.894229465580804	1.30613293967312	1.3835262688015	-0.00487846930110123	1.36295033318304	-0.087613832990496	1.51812849038713	1.41203665706572	1.293286713905	-0.578463719222082	-1.00660643666387	-1.24945511432598	0.219293719147012	-0.910793387607839	1.42912310540663	-1.1555786716621	-0.970847201252167	-1.30191060224346	1.40171662398429	1.36181956686996	-0.0587490498539604	-1.38663586261502	-1.31404934810351	-0.23677211863305	-1.34773366544372	0.203885629000226	-1.17833041814364	-0.661245909334688	0.130635538335079	-1.039644255055	-0.587440847297038	0.0560061228736386	0.0562205658086135	1.36784806573436	-1.12000135617409	1.31204453556089	0.0150175434773192	1.40382491911155	1.43762646522776	0.256396635347442	0.0294798334745409	-0.0335078629582901	0.0471799496768715	-0.521420464926705	-1.11324830541994	1.49716252036741	-0.172778538193349	1.50173772264463	1.33884240582661	-0.496550129067137	-1.0744256259373	-0.27789930902538	-1.17091560596206	0.059778466520526	1.32520470853586	-1.27962757708833	-1.05846722888764	-1.11614136490552	0.107841958139541	1.35115794534034	-0.777705049414055	-1.35320286748922	-0.810121211793068	1.32370182844658	-1.05368017003088	1.38845603433071	1.51309852997314	0.0517385965553608	-0.427146267029819	-1.39891100924406	-0.0561010870930877	1.41871603807839	-0.0632964762971387	0.518542059499904	-0.706252113127042	0.0135476907607247	1.60144878837544	-1.13615135164815	0.308988718302342	1.46931042017637	-1.02283160519922	-1.25061974852	-0.909407792655705	-1.01102507737506	1.30975745763099	1.41590782428977	-0.952439755989742	-0.829475224941672	-0.618190183453068	-0.338623872426341	-0.892766568485142	1.48557640374164	-0.707302574518267	-0.0848508740538528	1.45408594731477	-0.184278415915698	-1.00337828224343	-0.99718715397353	1.32816120218215	1.36086623712192	0.289060414962993	-0.178904516963553	-1.06329891237425	-0.0526149375970864	-0.954549206732566	-0.0782885634151328	1.4037756260454	-0.788257001499362	0.0245340278938435	0.0143732313455248	1.38382380315592	-0.562740421580026	-0.852150142208186	2.10152687968684	1.85699747621406	-0.425656969302737	1.36018107994768	-0.62875991517717	0.436285691308544	0.242532236569508	-0.513752095622463	1.45286517267652	-0.818140211076345	-0.0857690844409043	0.186041522674387	0.155570849529883	-1.26179215743326	-0.873949400365561	-0.493897448472579	0.19491335569683	0.421151619745317	1.39226014227436	1.37506535350965	-0.262366502098903	1.37071860650672	-0.224091684573915	-1.21400553757792	-1.26023368022129	-1.19452882119782	-0.739003957016896	1.36067350771727	1.42483959615234	-0.396793588475674	-0.755770482984546	-1.02940637780944	-1.00282100397575	-0.811828850813128	1.41063998743228	-0.591213922448071	1.46147650721975	-0.777642272231913	-0.885482269759204	1.40853605407201	-0.738887063916019
"CNOT3"	0.676626794831254	0.434268192230323	-1.16462011153288	0.316063967877911	-0.0149801600025141	-1.11232585786679	-1.24646784031299	0.101038198072264	-1.51023326509694	-1.0727132683732	0.70149774473599	-1.77357804792336	-1.34123551104227	0.295240964361683	0.890702572027446	0.961026620529327	1.19197182177291	-0.0756833563173683	-1.40317675382904	0.158090323695344	-0.953299457783835	-1.11590981594285	0.179567252116685	-1.31521370643433	0.395977184025778	-1.27663575024502	0.899871701404493	-0.818761504882479	-1.86937079091623	-1.40673873509685	-1.20067178745543	-1.40949638240446	-0.77290864274372	-0.325424812113491	-0.659216509248442	-0.510479243776273	1.22934803774349	1.02587837096105	0.497557321173702	-0.774413556969302	-0.769532227079085	-1.05175186118414	-1.60871659570866	-1.35868128296068	-0.165415039051071	1.01000297398244	0.547783935525876	-1.46166507653518	-1.48882225430591	-1.46685363634555	1.29202829845311	-0.349146491404208	1.05348647109918	1.33161633900506	-1.1078216708153	1.0383519037557	0.825518730985166	-0.970525034298749	1.10805371650504	-1.43028905798868	1.22133708496676	-1.56255843524776	0.622835588768143	1.29845797093775	1.07132488895997	1.3733127881005	-0.184300424375728	0.693184533061536	0.998400392618158	0.33587261299406	0.997563620703122	1.33063093829176	1.32179427172717	-0.801799560246074	1.51113781977363	0.274027706541841	0.497899192039684	-1.46150403346667	-1.41850300903307	1.06143150737257	-1.21668291106148	1.19878859825902	-0.929189519114127	-0.617179070137017	-0.675520557393768	-1.05467406411715	1.34408815774185	1.42056941999213	0.00302030531603417	1.34267966854604	-1.31367092603317	0.437246489016742	0.807598631321718	0.93833913531395	1.11378722249038	1.24199612147802	1.07579978393115	0.883444042076304	1.11252282688713	1.33287148381327	0.203450021498251	0.733571559736892	0.311293112226518	-0.503762408430441	-0.264338987989725	1.2566005468513	0.0802883146332505	-0.00545008405899064	-0.240784628853264	0.990154778890486	0.142719743645691	-1.28868192968719	1.3172657713904	-1.52681417353313	-0.51600737872201	-0.172299356739848	-1.35162698320264	-1.54091268661219	0.269469889807773	1.42097695847745	-1.29899214207722	1.2340366917501	0.168279381470209	-1.45997461433933	0.597505836036571	-0.94479889695554	-1.04798035489949	0.424934262704381	-1.03317026111971	0.400446101701852	-0.991730058997728	0.110614051222431	-1.18295618607533	-1.24765078493325	0.583315692583423	-0.220484977500749	-0.112990619550494	-0.130111906112247	0.0648804025170522	-0.936441238727321	0.036709765859026	-0.352812972445626	0.552151063539167	0.430707555945586	1.41624955568072	-0.79337509073388	-1.4293359716101	1.44937405767122	0.497681320235891	-0.0145463644092771	1.0998628871113	-1.17928109472533	1.26667127057596	-1.58314442285271	-1.29162595024808	1.47110376599903	0.633152098424929	-1.10588348761041	-0.844633185779259	0.678011683262106	-0.765733254008699	0.245704614570795	-1.29652476427017	1.31267980470278	0.449204207120346	0.852821277012934	-0.373626329472406	1.04444186173029	-0.476520323546897	0.551385650505323	1.18294588541402	0.417871845588768	0.588984383188011	0.148672424880616	1.29139789761389	0.646581941649895	0.368067520383959	0.291007339423841	0.391947164233979	1.37018464450185	-1.20716470221615	1.33391708688149	-1.84934858911674	0.240170077607621	0.160205097626346	1.20225364770396	1.21442001467564
"JTB"	0.879922434526526	-0.254618950924795	-0.470896788949297	1.4611594798374	-0.540891101397456	-0.620064182437447	-1.30737241601575	1.72440989202426	1.58074409089545	0.116211103086553	-0.655829959806288	-1.87410851589176	1.65379515075543	1.1337770179021	-1.6909983210421	-0.97067130024269	-0.592836059687717	-0.321983731970652	0.00374523697030197	0.962901593242232	-0.00332941354722671	0.293146995340565	-0.337949374664846	-0.512607028802716	1.01552382792725	1.50098600481922	1.03976353100933	1.02185363167868	1.62072973590123	-1.3557019366296	0.371613823090051	1.31360082457425	-0.633580349148921	1.09311017609522	0.00139101027210033	0.670581971138574	0.105838617984137	-0.251325135010796	1.51581689160878	0.438723647315014	-0.409688417510311	-1.29584136203697	1.29150027026127	-1.19085481746751	2.11895616907422	-1.66702224824412	-0.987299404000699	-0.874641756362509	-1.72012435105721	-1.51283218967853	0.543755879670506	-1.27999566996626	1.02228315011889	1.1219997269414	1.40891458316562	-1.38331748810179	-1.33356308448897	1.41121748292754	-1.62742012184589	-1.29333624522087	-1.59384673989803	-1.33972120819823	-1.18935711770721	2.30856944267102	0.00832561903814075	-0.4115538130112	-0.706679371027213	-0.712895073054496	-0.0257233315822239	1.19630493963892	-0.0281838847732039	0.492552727206934	0.641693415645603	-0.349980198704862	-0.15969799571338	0.571561523676777	-0.200562020336019	-0.913746220807806	-0.586947172437586	0.0217001650308457	-0.974866031593747	0.989065857038482	0.265530673789735	1.33483328901342	1.31263397261171	-1.54481416919675	1.14486649775055	-0.572813734264564	1.26315969059437	-0.400391684053472	1.26358832333663	0.337189914111839	-0.523045580302177	-1.20069915585882	-1.19431075835745	-0.695206729330885	-0.175668926284747	0.873798275803609	0.956348307216963	-0.107801601599513	-0.920759129075551	-0.593047680173903	0.210682189489411	0.703109385503866	-0.0861930300870222	0.0348287278859411	1.47117273273183	1.29937080812674	-0.717729041161901	-0.339935884121993	-0.600173099057183	-0.515128579003088	-1.17321550843928	-0.108336145610124	-0.37635527104393	1.2303456419913	0.0689944391324728	-0.963366709008805	0.882174307389945	-0.43448080177778	1.40652512220149	-0.967866678765602	1.50032941756518	0.126010140791048	-0.667740521902082	1.66403507138293	0.0441053860417183	0.194142426657387	0.0426309469351305	1.345821196288	-0.14853014373717	-0.142294161070857	-1.42965846805144	0.139004391137459	-0.85483624848179	-0.118000764197811	0.0746741472596453	1.00431546181909	1.13999277836643	0.26173370946873	-1.23335065056751	0.314753837519572	-0.232682866239344	1.50730580168149	0.404169580325778	0.368750270500019	-1.52366848729588	2.10973909117534	-0.559005237536643	-1.0381241518997	-1.50666002576716	-0.358914657088247	-0.18826639124955	1.09982581035287	-1.59987341202054	-0.970470403368061	-0.194905592227448	1.2143180431317	-0.545514510620258	-1.17713075127223	-0.223291689379712	1.17809455216097	1.38590629508693	0.942712265555441	1.62148847306605	-0.945533782289651	0.72700289660648	-0.562202365667773	-0.633945038898095	0.100137477820373	-1.23895326857484	0.467426427132809	-1.01481337063459	-0.964472607153578	-1.30552897418636	0.333223233047467	-0.596410315823085	-0.521374528598239	-1.14808412268584	1.25908918289387	-1.31155450908208	1.24781141942516	-0.985965759100131	1.36550669761127	-0.426679505594962	0.873096852812725	-0.039814140567873
