"cHL07"	"cHL101"	"cHL102"	"cHL103"	"cHL104"	"cHL107"	"cHL108"	"cHL109"	"cHL110"	"cHL111"	"cHL113"	"cHL114"	"cHL116"	"cHL117"	"cHL118"	"cHL120"	"cHL121"	"cHL122"	"cHL123"	"cHL19"	"cHL21"	"cHL22"	"cHL32"	"cHL33"	"cHL49"	"cHL60"	"cHL63"	"cHL68"	"cHL74"	"cHL89"	"cHL93"	"cHL96"	"cHL99"	"HL021"	"HL356"	"HL360"	"HL370"	"HL382"	"HL387"	"HL419"	"cHL124"	"cHL04"	"cHL05"	"cHL06"	"cHL11"	"cHL14"	"cHL17"	"cHL35"	"cHL36"	"cHL39"	"cHL41"	"cHL42"	"cHL46"	"cHL52"	"cHL53"	"cHL54"	"cHL55"	"cHL56"	"cHL57"	"cHL62"	"cHL69"	"cHL72"	"cHL73"	"HL002"	"HL006"	"HL010"	"HL031"	"HL032"	"HL150"	"HL359"	"HL363"	"HL376"	"HL383"	"cHL136"	"cHL138"
"TAS2R30"	-0.255401720879204	1.08712187440825	1.09258801816393	1.03142078063745	1.58107448123356	1.46316341304859	1.06556166942267	1.0000380286376	0.838379919454303	1.22977721381565	1.08479233321418	1.16565972259939	1.23427053734299	1.26778415389783	0.771814599805335	0.669814580330595	1.01247978958113	1.13401583824529	1.98912851722474	1.04782336634987	1.2720962725661	0.794991358296304	0.875025543675775	0.629090226747217	1.27211457863352	0.941787299222607	1.34684499186588	0.34309089171432	1.06914563485634	0.554674224885326	1.06341745306596	-1.43322646144938	-0.92385423834264	1.27156114737897	1.50101447584987	1.64475995125888	1.25890854955505	0.998835335729394	1.11311796879415	0.696645181411082	1.22584315018999	0.651147657260248	0.896600281459286	0.67970541557959	-0.740670089875888	0.50565100405006	-0.148951416229682	-1.20308274456943	0.403071649325178	1.01339865754937	-0.288652477159309	1.16855991909137	-0.876648567804519	-0.723033289828509	0.880715673680548	0.334393968372457	1.41833546367135	0.797816379867625	-1.08828443487121	0.134380336448736	-0.383644554172296	1.20742471716226	0.645665777685624	0.695068461586557	-1.05245424883064	-0.203020256455414	0.69779992942553	-0.734642494475257	-0.325375593240585	0.327748504933718	0.924923683339769	0.797603474953996	-1.13582587284386	0.440345205658646	0.942390792605013
"VCPIP1"	-0.0836215655569208	1.46924623720774	1.13163630305093	1.49882081088992	1.27146278086624	1.79578012480131	1.18117844730895	1.15100233033139	1.76902837130746	1.45965845685342	1.32247410453097	1.64471415083454	1.75941582836979	1.61963550447432	1.58540116816756	1.39890589871946	1.29869517614959	1.41899921818207	1.21600594118389	0.38510872184988	-0.942505364279482	0.215307076179683	0.417628840278494	-0.403629379255366	-0.0990565048162562	1.3732560053403	-0.202532644812037	0.00676678180807617	1.1611549612232	0.969626410673511	-0.4069656127043	1.59173001987623	1.27293986207116	0.23433273017912	1.1006836537063	1.05464115024097	0.692288662639753	0.605855095811236	1.2794616091455	0.462438383029215	1.07256284163741	0.0434086674799571	-1.01003035316832	-1.25166940630534	-1.05112312718969	1.01099062173528	-0.866790948883201	-1.14724332637167	-1.17179827218342	-0.0221358078260364	-0.0927915708487972	-0.0906913339704017	-1.57610179350591	-0.885084818058296	0.53414245972849	0.158727050260147	0.512776845679381	-0.378211898976345	-0.408125252613722	-0.733414218688892	-0.212562078261597	-0.882112796344544	-1.21745726667826	-1.15656837874322	-1.5772718128587	-0.860301288478027	-0.205426089353581	-0.624956025805939	-1.04076182905707	-1.4446130623234	1.68112473622849	0.198612607559123	0.480602155585325	-0.407744435698759	0.320596419674579
"ZNF131"	0.406583370138492	1.22654152355096	1.05728603722616	1.31632741355256	0.975320159320536	0.916183784312418	1.15781288002181	1.22138044114264	0.693710297835278	0.91800898567893	0.251979220415057	0.853287038313347	1.20691916707124	1.241923575084	1.25169306179089	1.30740884750724	1.40885653005136	1.0843953035331	0.815144643186315	0.863601201186187	0.0514248609051448	1.27035303862921	1.1084013664181	-0.0094669696854572	-0.592177588298562	1.54509405673197	0.0541470423542964	0.92432696916442	1.34624703882433	1.40065199599586	0.922267916353884	1.45254080348423	1.96127925291828	1.4104427915371	1.32078730572557	1.18599237542229	0.0544487274181555	0.998044698560195	0.127977660947033	-0.349143030430673	1.14933977284483	0.58741415054988	1.34976831703517	-0.777730524898985	-0.0519283689504105	-0.266725631912668	-1.33313271709468	-0.286387433880333	-0.0215548696882578	1.06131396654258	0.399635993382441	1.49067669065953	-1.28037227722886	-1.25859117577995	-0.013718319449007	0.139315357927289	-0.0245693567132818	-0.13693999143152	0.101951321434013	-0.279126657378252	0.397317010426579	-0.347568765110643	1.05220193345001	0.27985133333737	-0.362981627624311	0.256540795297099	-0.572140537694463	-1.34248429200524	-0.185668152863437	-0.448479720755319	0.178172764075339	1.47474659410715	0.53821223044603	-0.638756069047731	0.841659822144809
"ZNF586"	0.192203463804765	1.29339643529039	1.31157972117777	1.15951207035671	1.16672767051533	1.36382956237321	1.61414694177353	0.644327969466081	-0.414669383810278	0.417946193956987	1.2409778675844	0.392263612648623	1.36860054566279	1.317776094212	1.63827052005714	-0.981396755377742	1.34639386179392	0.634514052782141	1.287108541912	1.282461939098	0.141292507805249	1.2785915889714	1.24838881134925	1.0844807555597	1.43049099315907	1.30923009755997	1.28918835259821	0.160172905762514	1.47653276930176	-0.0979404372289871	1.68777892696921	1.69992892875339	1.47959700251443	0.417513331160214	-0.901018523583547	1.44161230768589	-0.0412115118356981	1.47984563039078	-0.489743569294612	1.09108827685355	1.0990762721904	-0.617938511076391	0.266716512321499	-1.17097480533223	0.822071893904075	0.093564683813368	0.117336771061184	-0.69872252033251	-1.07520428456582	-0.471243743925164	-1.18919834408614	0.159231127330965	-1.08224654217516	-0.98269852465538	-0.685047550761972	1.41027769094248	1.24517058392781	-0.756618838991407	-1.26465335862597	-0.788413383194094	0.597011724716177	-0.956720729112491	-1.03300746894681	-0.345867043980116	0.235869829493025	0.0621409289871559	-0.125267907375716	-0.761871341930942	-0.716349647638733	0.250663047899544	1.32241269377391	0.139271697516662	0.216261085281645	0.190617473814357	-0.507957272054314
"ZNF75A"	-0.132421419469899	1.33510302695303	-1.04043676521152	-0.114236850924998	1.56107761329095	-1.33377669509896	1.61425500796156	1.45970455977212	1.31023948166581	1.51909455693014	1.93981495750559	0.992980888976913	1.08057927317661	1.52600751436001	1.40011235638147	-1.13831345888801	-1.3123680613227	1.29109641620353	1.67466101417313	1.60265191047271	1.05926840224145	1.44971102558889	1.33563035994002	-0.578367697932078	1.53751253308701	0.372564701817624	1.2492826355325	-1.01715461838026	1.40692880985871	0.995979008117581	-0.787719271066628	2.06359102362972	2.38354010613295	-0.435565012761799	1.30944475428482	1.20317687619408	-0.223657436319845	1.5679432987249	1.86959050697972	1.56197082178903	1.18076046317304	-1.35600674265923	-1.29989338760624	-1.16910132377969	1.67716159858773	-0.292634751443068	0.00531569963528142	-1.07138461556352	-0.671632779547691	-0.924731235473932	-0.455972611603271	1.68047876905489	-0.0725909730864492	-0.0382790927867881	-0.61105176844875	-1.15415821709004	1.71342359126708	-0.699776090386899	-0.467365789176252	-0.780473980143798	-0.487898368021229	-0.415572056789004	-0.683714823875587	1.12231146213504	-0.547262747380372	1.11894403042653	-1.35438246579834	-0.52698826230327	-0.881684628225339	-0.731243730853467	-0.218467482041552	-0.998113322888313	1.15782069419548	0.896432727070325	-1.75718378566137
"ADSS"	0.710020924715755	1.51250835267202	1.766685838497	-0.816840657330526	0.190176204804473	1.11715295961359	0.451418818432588	1.16954874754159	1.51962499005368	1.54347920341924	1.40946958427492	0.0831706254599565	1.93608859990108	1.27967589957274	1.63229491184994	1.12833643777421	1.73497118702795	0.836872416762429	1.66308935949033	0.47844019627092	-1.11754602654732	0.73055676186837	1.22912336988501	-1.06476051880522	-0.366643141713134	-0.0497695268108463	-0.0464508097846142	-0.493016040366562	1.15184093210029	1.5445446270001	0.410015114223144	1.99992941566022	-1.10407989200683	0.427364155540045	0.509175661877019	1.82444873953395	1.37911431606484	1.46768623175779	1.31686609395874	0.930517832225956	1.62949954487214	0.254392321580427	-0.936779129301589	-0.583915269925044	0.837497878244586	1.21590586037731	0.194813252261505	-0.884963061294636	-1.27799013506301	-0.699986792740236	-0.141691145096887	0.526196311439173	-0.535057329750162	0.433879389368205	1.12382372480439	0.92161707709297	0.862587052911504	-0.447583990183582	-0.177722683957946	-0.817643372804474	0.907217290597044	0.633593846772627	-0.733813306754722	0.610497003378533	0.995241836065935	-0.593478679915579	0.521303336328838	-0.869347374915044	-0.608958506536664	1.43682826334278	-0.280407968518624	0.665631315714591	1.65110813131547	-0.4561374148462	-0.239146656790665
"YIPF4"	1.14144300229355	1.48556161931216	1.57061688464641	0.266910499873807	-0.475599062127788	1.21027427293723	1.31857114798952	-0.533725081214036	-1.20877641238148	1.05135713285182	1.20503280514963	1.37149436626465	1.07710430358791	1.38619576051136	1.44257324617698	1.26871106486346	1.37633302937027	1.40471091391963	1.37753401822008	1.23378745914394	-1.27399504829482	-0.130687400668229	-0.364785891082289	1.20693794004236	1.20485674164503	0.333544824016141	-0.648508708288847	1.10451278903365	1.27747633567595	-1.4111326410527	1.44237008743277	1.77391731062396	1.25644433637656	1.2129661640782	0.220420381759648	1.63106017124649	1.28904757864289	1.58152591616746	-0.150638263381879	1.18031101012934	1.34851224631925	0.321962113649125	1.21081216842792	-0.0719078136412727	1.02359503173811	-0.785620809103424	0.927466865732462	0.388462871706452	-0.944089692103686	-0.42857857732582	1.303994278036	1.30371209423987	0.385116927970376	-0.252550505715466	0.69131123957194	0.38307384179882	1.17445551647635	0.515363614491315	-0.673215322351964	0.809132866417844	0.438960182542586	0.351516353201184	-0.887763313556701	-0.518076946228077	0.343114575188584	-0.460314060124781	-0.751912803051728	-1.01995476296636	-0.256905742892125	-0.580912201664542	1.25117382360354	0.539035085094569	1.55325110629372	-0.63170502255934	0.322349972954633
"XKR6"	-0.298267916025657	-0.479263121261348	0.231425386411813	-0.80032711854803	-0.361870718343138	2.03815496402313	1.28756673920172	1.56236310539087	1.46066884682001	0.0236594749209028	-1.51033153682843	1.74220261647298	1.38018608471203	0.791802008048971	1.23613976516792	1.02547900863049	1.40514002588697	1.61756345436301	1.06357059789943	1.35953407895298	1.99072104430917	1.24728040366709	0.872410408969524	-0.802933406314213	-1.01327729841511	2.0029711718247	1.4948303826923	-0.658074359734697	1.89089307299244	1.76702702824581	-0.545513361343319	2.28283840085407	1.47973583551989	-1.32797282033859	1.48725849835651	-1.0404071802918	0.39798835111311	1.33648496897186	1.37446839891867	1.35571776542447	1.17377823176662	-0.931739111269235	-0.394183695577773	-0.758729540966229	1.457243889783	-0.932740245365778	-0.0161647843964201	-1.04069681099122	-0.932484843504776	-0.97844060740249	-0.836510474601278	1.22393353512466	-0.269310205685485	-0.273719380092425	1.72810704853303	0.159023804061583	1.34577504255325	-0.544331807500645	1.05255387763402	-0.945829077227978	-0.445842756041314	0.354784767386147	-0.980872412685508	-0.293427337529092	-0.318124807524846	-0.82893272406519	-0.929659816160414	-2.36588871135622	-0.162588156489066	-0.602544032875486	-0.807733082588701	-0.673632203963166	-0.256644916753159	-0.663437300966903	-0.465193431094609
"FUS"	-0.252935471459897	0.69754934129722	0.676545804120143	0.327139921933357	1.34848160604604	1.00420498959714	1.47472467057843	-0.337492598248346	1.35805749114803	1.471213245156	0.785626838133397	0.595615321414696	1.13155259744027	1.42148699734924	0.707155841116984	1.38366590373042	0.916550659846469	0.991826779614058	1.36748065667495	1.19079213056157	0.761597288437159	0.89493954234286	0.932387973777919	0.418675160640698	0.663401952021796	0.26393861378734	0.759089498385421	-0.843531981279717	0.858959853663899	-0.713998230738863	1.14995634247446	1.42342288894489	1.37760218042573	-0.228399482316489	-0.583930037767788	1.26334137582208	1.00391826607627	0.563477527338985	0.823525029664245	0.752221643949207	1.26341360979278	-0.775475008517389	-0.0284953006315125	-0.8158201294393	0.891624717736383	0.138999868586169	0.380975021168329	-0.45189237909476	0.718693766954875	0.817103638597799	-0.797332315004672	0.780669975490435	-1.67425747314674	0.60877805211342	-0.297955381504547	0.621026239774204	0.905516853917778	-0.773428908720511	-0.182997143337137	0.998879264886051	-0.0124888118363639	0.499952342073241	-1.04513256048001	-0.719341701338256	-1.74215791799757	-0.0548177431543678	-0.26116216273262	-1.25968952541847	-1.04128444081759	-0.696118147179245	0.864580692685112	-0.0907281592861236	1.58519164316878	-1.0476684311601	-1.34073810290374
"SMIM8"	-0.913879821113152	0.971264544951217	0.504435956595329	1.5537534637706	1.63970418343594	1.86179174973475	1.5500653633786	1.33479418479683	1.30859201032417	1.12276323111837	1.2243553308083	0.110204773155043	1.35557084006487	1.1020773829665	0.873854267556261	0.938841905168108	1.49320389267592	1.31664021805841	-0.954757773768766	0.731925155090393	0.639505227652121	-0.643467702359956	0.656285899150577	-0.846026796035455	-0.482022090005764	1.64005919126384	-1.3233103902036	1.17429336900379	1.30951051167908	1.9269007875775	1.54208037207831	-1.86514396093991	1.02926725217729	0.805831333473314	0.747854852858748	1.14002434123031	1.22132098748546	1.31412500163003	0.0610347437885309	1.01369275874476	0.245135035074712	0.744730547724978	0.124577115274172	-0.826244694101893	-0.870787969255466	1.12972818566802	0.22906584813209	0.603129686640805	0.29240091049913	1.21796338398666	0.316619000491034	0.263704761788996	-1.08464242350859	-1.5267340676482	-1.46647731357744	-0.104424640337516	-0.040669994654585	0.638616849508291	0.827609289491348	-0.988357460571048	-1.60959653612929	-1.21230535017135	-1.53420228633412	0.895875007076044	-0.319978719438184	-0.516985952931635	0.12812500525473	1.64581597853009	-0.855610501026665	-0.30826256770436	0.707658541483261	-0.650639040225526	1.05943792217015	1.14473843786811	-0.158401324535701
"FAM133B"	1.19418074545183	1.21058691047214	1.35436837881669	-0.761214151257659	1.37997348440096	1.30705464821422	1.31940790247814	1.51510589141836	1.05926922093822	1.33406409614468	1.35527159117334	1.16326232385968	1.31396157859883	1.54604831603894	1.28239700895122	-0.0257488047423245	1.34890278687753	1.55174842305834	1.42717126994073	0.632011505977106	1.06466898317477	0.475176501838928	0.545012430500905	0.133032441795922	0.498069101620148	-0.136086505793968	-0.312466499853511	0.340577877366496	-0.356151666520844	0.0617945559413744	1.04964274822068	-1.21367853686346	1.77558223682987	-0.575462800399701	-0.212238532316757	-0.297205552451613	0.950644248637285	1.21597478748995	1.39350997437983	-0.0535572453420688	1.11360191440688	0.476929243446166	-0.556596700876272	-0.236304125698316	0.771770258057616	0.388616607610253	1.20875160277646	-0.570580889732267	1.20880078164153	-0.456073984061392	-1.03165750567692	0.777836286378837	0.138633999038123	1.21760348438214	0.471691249713597	1.15672262699949	-0.0156781794960917	0.457514028573299	-0.218074579061038	0.487724278482295	1.33271369839568	-0.0443639628150664	0.0756961820404849	-0.521185694513406	0.242749204488878	-1.01450678183861	0.0736490661868463	-0.831955538267471	-1.07050990052323	0.763800738805841	-0.809533896927964	0.000263690224751104	1.17269369333788	-0.119431937076999	0.512940261308922
"SEC22C"	-0.958368245737668	1.41287506958611	1.23582439288148	-0.25060329840908	1.17581152079024	2.18754937235549	1.19077611556317	1.44640831482187	1.34387592654173	-1.64275298522466	-0.455014599478298	-0.724885357986783	1.27715427316104	1.38526087479486	-0.430726020887019	1.35300711275778	1.58516161554993	-0.864269957534193	1.67380963847477	1.13588760099084	-0.277803038241724	1.21374096976605	-0.707073115990407	-1.11250421619265	1.63264831513623	1.12115880601412	-0.859909122167265	-0.22845527178826	0.0796064486152156	1.25886618880066	1.12741860032279	2.79075705298839	1.99715519607021	-0.729141488105871	1.58434109921688	1.45615856264233	1.63690705181576	0.460355056407992	1.54960559380918	1.16471237930952	1.19487007997154	-0.179908655900529	-0.586810997751578	-0.600087633909803	-0.604927536384007	-1.11977137712568	-0.761882219088707	-0.61742988432721	-1.50134427334235	1.23646049866673	-0.235379938354213	1.385684993669	-0.807067844956688	-0.685757796780346	-0.990027969152177	-1.0261602188648	1.07367198791269	-0.65604822687476	0.672235340683462	0.372910512682913	-0.708698237038741	0.612216759690474	-0.434251355183649	-0.132146339838834	-0.670831658893343	-0.706510900574173	-0.359262301088174	1.38206306945197	-1.19640872172737	1.08112066102326	-1.05645855314847	1.44581527418512	2.15534225679248	-0.750789200975702	1.4459545015184
"TRNAU1AP"	0.559328809041138	-0.105797352790072	-0.0167468328850234	1.38027396577745	1.77341579578641	1.26519287879608	1.54680060849064	-0.273829285931906	-0.722930237357526	-0.401689888385453	1.66238634317165	1.06366222773861	1.152767800842	-0.439155145838138	1.53151966904379	1.50781430460965	1.54473554620115	-1.28146184887782	-0.252396987912616	-0.251493024518181	0.801826657916519	1.29819277994646	1.57336285665657	-0.723772024487159	1.33616329963963	0.423586786448215	-0.478056013072811	1.19762427208667	1.38918575179452	-0.2724234366716	2.01386432267772	2.2280107179515	-0.609101768332978	0.180179724593433	1.61442581294482	1.38473112389744	-0.247243300674883	1.37782765256422	-0.07864411027521	1.53001751883975	1.85393442316756	-0.906485966443001	1.35756981782492	-0.0361590337332394	1.33857197955541	-0.616171221358262	-1.4115184310165	1.21044597320648	1.32811542910954	1.11278033615748	-0.782690751536121	0.341074896233617	-0.224745561231111	-1.13337369179757	-0.793920440614183	0.0927092113390276	0.0606200996386646	-0.0680446286248084	-0.200369201952891	-0.726234551635847	-1.29761611028585	-0.411087380929348	-1.02088187906995	-0.472762640706136	-0.592292829074823	-0.959618617162138	-0.640396852182994	-1.01126357116991	-1.0669512800163	-1.44012687510104	1.24691378198149	-0.902630474970307	1.46025114553518	-0.40364564500986	1.4091882807078
"BBIP1"	1.08721461927315	1.2363476158324	0.256098666414923	1.05776526753832	-0.910829155643509	1.20374454682195	1.23198276167079	0.262523777090517	-1.01413918168255	-0.0264130777131547	1.0487565360386	-0.349942236224515	1.18902688442567	1.3024611821754	1.24264781599677	1.21109653966404	1.34906525058827	1.21184223983071	0.0547660426431359	1.22100757173118	-0.533977413163415	1.20518695369358	1.18363983463163	-0.427279296935911	-0.474000513965712	1.1589488756842	0.13965095021518	-0.403539578216986	1.31103138950151	0.834996187544694	0.425245995018455	1.74078920556578	1.73557892617935	1.24426808077752	1.2937887102722	1.20469259615357	-0.564706235129146	1.26269430903417	0.321930617246353	1.22850378459914	0.469399240202149	0.25680796822287	-0.463258324846288	0.105881165805028	-0.498766907511273	0.459655118326991	-0.0610747279545471	-0.784823960171194	-0.172799949394236	-0.143402978610249	1.39406773158478	0.249990231447503	-0.520312820162684	-0.727422264722895	-0.166040929002068	0.531239089444659	0.282173696046055	0.243396051787447	-1.01412440959966	-1.13761351052587	0.275368616718814	-0.628909889342286	1.33457336368488	0.561748868485855	1.19553266645328	-0.367396928113182	0.264693414054877	0.196719506912103	1.14888128495103	0.474761413626233	0.331184839093883	-0.486472756730917	1.10195055893426	-0.0348566533894855	1.25555953231991
"CHCHD7"	1.05406010641391	-0.11530919656828	0.999602372113666	0.273016725558084	1.11887393468221	1.23920701914344	1.26856542528146	-0.0403598930545601	-0.93347446942291	1.32317828446476	1.31844464368074	-0.0271611108297015	1.24485027368686	1.12034889687169	1.32503071104503	1.31093717903803	1.19268889756802	-1.58310194509879	0.523389814301807	1.34172962799359	1.16336954842244	1.1488684281033	1.1187104066379	0.200808772445105	-0.7857492204493	0.920041453188038	0.123214078298526	0.533103223830029	1.48383304738511	1.59296169268412	1.33239980761082	-1.26293612224304	1.75256208643741	1.49519745665913	0.933357494679636	0.589918789253102	0.723055289240889	1.34278253203452	-0.874598341047329	0.681685975049874	0.0351640610882075	0.494742057240437	-1.39654531338627	-1.60877395073898	-0.256197019265279	0.694705000407028	-1.12774444081739	-1.04276977702766	0.147045413890271	0.605306124225803	0.613110890955825	-0.490618730436904	-0.850254982215692	-1.45544278579757	-0.66641677488258	0.398635173837711	-0.673063741147217	1.1944970437808	-0.0112577869072441	1.35797567230027	-1.71967161516692	0.499509052817726	-1.39329162397271	1.10673566178204	-0.621053977512903	-0.587033370683069	0.218650165928884	-0.682058018978425	-0.808119008921857	1.01784438062302	0.855690834059194	0.575208225231497	1.25135626100829	1.18786460022055	0.166318289164979
"LRCH1"	-0.829904979936447	1.72466367240197	1.14495890915416	1.13809528994098	1.39039813290236	1.2260702893646	0.504622224609038	0.847429066832904	-0.63547908566875	1.68652628772234	-0.846145820601691	1.42052134816747	1.26078436999769	1.29248744648056	1.27080276808473	1.39350172358227	1.3844381478162	-0.704816410128074	1.52294706672272	-0.57437793129303	1.58061927530584	-0.283466568848414	0.00861460999073257	-0.115514632815243	0.473485067684498	0.919874476958257	1.11198673565769	0.145648144773614	-0.235914386726068	0.961406336458845	1.64368786711465	1.94211302158505	-1.08660161096233	-0.79175473763891	0.509539961738329	1.02670044250004	1.22549254447868	1.5835700871904	-0.537289417311292	0.895141944110006	1.47234068964099	0.0101333209252214	0.136217243628056	-0.217842436946693	-0.59020972256437	0.345565039262909	0.117215314243389	0.202809138155913	0.810488773073691	1.49083698278868	-1.1681626936692	0.970181617021962	-0.173676012959291	-0.640525968331123	-0.872616831626513	-1.1765862651127	-0.0366012012962121	-0.937691224172042	0.179706107125602	-2.1593095595384	1.36504186040455	-0.723170614753513	-0.0682670704098483	-0.174696397577281	0.310634575652784	-0.480198807484684	-0.488042290910957	-0.0165754082785554	-0.473989597090855	0.0630072173817355	-0.0409544254980843	0.42774066500172	-0.388794114268578	0.20658097643027	0.131991804171035
"SEC22B"	0.101253016256712	0.776321737106856	0.395092505762792	0.933917452922284	-0.235007226977928	1.47459562840327	-0.178625848455372	1.24053179904508	1.15312017221808	1.76772220907898	0.348088768879874	1.03034856233425	0.576963093504419	0.40065391832321	1.34787048637225	1.23562049859033	2.51418704806484	0.763274166049572	1.5575762940041	1.00251197157624	-0.591950238352735	-0.0342696107771169	0.61609920371084	-0.0773343427701851	0.63158766083969	0.121356560962111	-0.294360588706384	0.966224420811155	1.04394276250844	1.73034887620005	-0.0203795175975267	-1.00662686826974	-1.09440957834552	0.363688713801993	1.52271231867873	0.737677240471843	1.52594718108086	1.96441846980081	0.875273144793922	0.202350327541758	0.664994977480314	0.458622571689186	0.769257132257478	-1.14779776025623	-0.213253514260064	1.15274130010793	0.302104796321813	0.440015417726215	-0.0589528226306052	-0.137850922916501	0.341522911761274	1.1117320557795	0.465890382808652	-0.552141561063431	1.69005104693975	-0.20172047601287	0.574127430783506	0.775683150998092	-1.21159390958838	-0.496368604910729	0.33443186683706	0.693887448038301	1.92782564721358	1.13885836396537	0.349849811109108	-1.08782452914369	1.01711656825804	-0.483077664004077	-0.350985832671679	1.08687767923709	1.45909336789967	0.957538954209255	1.40594991165732	0.690346657968926	0.225840317978219
"LIN7C"	0.215183939435551	1.62799836056594	0.910815632493625	1.54850538374638	1.3248335111267	0.897139409295706	0.912601150432923	0.990452195660822	0.926700043853605	1.61380978935694	0.294936085044877	0.769593504197572	0.0297138394876784	0.680460385729803	1.52476548676436	0.982025575470653	1.73005924973128	-1.11506366395315	1.64559275307343	0.771946365115569	0.350963436816004	0.187413543209868	-1.22313171017989	0.656591694477306	-0.630618405469728	0.924452981047225	-0.746664087689172	-0.153802901862842	0.858739496223775	0.724636345870234	0.919764280325493	-0.870673824071606	1.80919343209867	0.975634558012704	0.924944079505772	1.48767674363471	1.54397469066327	1.50538058948657	1.15194952790388	0.258667217900175	-0.910013949803339	-0.0429190335233903	-0.939238018437864	-0.869761945143589	-0.59105742273394	0.661219350995638	0.26280501876754	0.30307172991828	-0.680860498216036	1.03389463774102	0.900105815761171	0.884882213419606	0.0314310212867395	0.993108153868465	0.775653703945292	0.104993394561778	1.16543645270452	0.820896649631977	-1.6722272432364	1.3848443360226	0.392305216552137	-0.505926730806747	0.273455967698639	0.821304817750807	1.1640107763899	-0.842452851828242	1.08278186359641	-1.3367874864306	-1.01808621433664	0.864148511919405	1.11102858787111	0.845673555068686	0.915025184697856	0.102062226277959	0.928861225008142
"CCT6A"	0.102525894935085	1.03603406113132	1.25270555368711	1.17791482344173	1.06928102516565	1.30259223039512	1.2875238619467	1.26818022180181	1.18489879928226	1.22404544282039	1.20963919947786	1.03137875773075	-0.177784246937829	1.02109513649474	1.01786417540552	0.490378634518235	1.55855508171655	1.23406749970487	1.07326011325734	0.591987869286471	-0.291551499938968	0.667679281896806	1.07245114197885	1.05743642806962	0.269048588027085	-0.200524530432452	-0.711037930512805	1.24264511909447	1.00565280364083	-0.716431992400549	1.22328932036203	-1.97128798561502	1.55450427450357	1.15904854520376	-1.07085815173224	0.922960332676192	0.960639569820949	1.08166827614181	0.657146070655584	-0.392181218008109	0.486899238853701	0.301790818429759	0.331281428391525	-0.134060195489915	-0.672319554826601	-0.481267340455735	0.126325750584757	-0.432557581615455	0.807742905454235	0.418100110103882	0.146687592115979	-0.257094922023372	-0.350365988742248	-1.21111243040595	0.0368319955287561	0.243771106941684	0.394551460021833	0.457333783003273	1.08787318861574	1.15197928516693	0.0517281608552081	0.0410436248574663	1.03636045791042	0.211009499095401	-0.00416200979828284	-0.856136265887378	0.991098912433601	-1.65140722434154	-1.29672690111871	0.796620305387056	0.279440982996516	0.961436717367244	0.631816615201081	0.254063367977829	0.922928001644378
"NPIPB4"	1.05574910580467	0.455140708164372	-1.63372499008266	0.282407754331371	0.555054988609592	1.92411951827932	1.35614040816784	0.399377575549288	0.949666936945998	-0.470594861825929	0.852043356248484	0.418516002328391	1.48955392526434	0.127673109979022	0.351605639960749	0.25343643023386	-0.252466122186121	0.744674274762515	0.759453415099573	1.64145055070276	0.633193556506988	0.500221247977192	0.53814541870658	0.18083307852384	0.621316564266522	0.71772737986555	1.14748749010875	-1.37726625697031	0.855094513745628	1.26316317264898	1.57267838244748	1.89527682438062	0.178466678428561	0.394336812133726	0.413649336908059	1.52586163037124	0.337316825151211	1.47631754743825	1.64141536953638	0.40827976822651	1.75808753214934	0.602724694731989	-1.46687976411708	-0.896031574272292	-0.744863962917906	1.15867561270672	-0.572062059424607	-0.631317354906584	-0.708483936001831	1.24180340860777	-0.291756836731848	0.739004952993261	-0.43558124532825	-1.00312699456415	-1.09174261079544	0.248842633168808	0.705150636235246	-1.83121884425416	-0.372965911885297	-1.42967456718658	-0.119209939955687	-0.631783590564542	-1.45379527027366	-1.02250638202873	-0.791317996952773	-0.496763331933468	0.895864478020897	-0.671705957108402	0.0658425250099629	-1.83685111679884	0.376005304700104	-0.804284161909729	1.61065669958988	-0.923605782984991	-0.0019974446659809
"SUPT20H"	-0.134719598628795	0.164380879790758	-0.00799016303507111	-0.110834778055488	-0.0628364845417538	1.20498580475196	0.385445760236985	1.50321293363202	1.5477986287372	1.3367724254894	-0.237970082328687	-1.32018026035109	-0.262464159859581	-0.574040897056068	1.69797674092211	1.59424922219172	1.52184757844481	1.47818965518735	1.20227676382322	1.28527727677237	0.251559882145022	-0.420479934799115	1.4596990329708	-0.065162815120236	-0.217226807624859	1.44776777537972	-0.426436305516008	1.58693626386088	1.53992601306764	1.46779866331311	0.16532232507555	2.37800931510961	-0.809575962134347	1.40620530560852	0.459279261960543	1.43218477787683	1.2596852388491	1.5140180598211	-0.512808103785414	-0.057601090323604	1.61938250449542	-0.469451805935109	-0.686790519014249	-0.790026036657443	-0.60872734448274	1.32639992432788	-0.949403275088189	-0.163243535106038	-0.255325502782693	0.132086099335528	1.42362815229745	1.61264145453364	-1.09117019891187	-1.20482179745239	-0.61905435503513	1.19685865916208	1.56654096228137	0.0279596017242441	0.0288698070771395	-0.43504261409686	-0.368588275433709	-0.270566567389862	-0.220837722887863	1.41253361292201	1.47295550156237	-0.0669251605733925	1.6087581337518	-1.17192377955297	-0.171328599105383	1.43660507532489	0.042722237049181	1.15890214943176	1.70611996892675	-0.138000288557081	-0.00687875426254758
"ZNF23"	0.611012675415888	-1.36860879452363	-0.401159714891501	-0.142986066664038	0.39680656889675	1.41348208944675	-0.559696033262915	-0.270816135554269	-0.454303777633501	1.29938113277117	1.32023107376519	1.50433593423942	1.56689559874638	1.47516847650467	1.34504154630074	1.25607337445724	1.70956208546398	-0.294079744264797	1.30220717867404	1.03686614234204	1.34643535535116	1.28818041527326	1.2469449768395	-0.121498610229992	0.58063698847808	0.861861516122777	-0.482490198565609	1.1415789907229	0.5546823865403	1.78533280271139	1.25839458370261	1.94318983772597	1.40856253401634	-0.472927023471411	0.03590332836448	-0.870975643273981	1.45182450449757	1.43484341049407	-0.960677314312935	-0.0350694277966106	1.47140084895545	-0.50130965333585	0.0365453477857823	-0.764779260643833	-0.244601012903743	1.13134151863045	-0.138430941643092	0.150076010503006	-1.15603540620094	-0.665423675264296	1.28722371879131	1.23418785483633	-0.836131127984848	-1.1294491532162	-0.696506631336459	-0.852311249847088	-0.28741765353117	-0.421809719992007	-0.808088185828188	-0.279603195935246	1.25199509795707	-0.235352871749616	1.63250133776448	0.069228517455354	0.00695926550804363	-0.730096609506131	-1.22492708517542	1.33141720827543	-0.542481899095915	1.1912365369853	0.132755447204756	-0.099734113917404	0.258270171537694	0.765507733676591	1.46003418944333
"CDCA4"	1.00346399433284	-0.409656622669156	1.07079418602242	-0.217555996710582	1.93764837516062	0.929727561370906	1.2551116132696	0.963449293579979	-0.471709148368931	0.737034519884408	-0.980111494113278	1.5475789355485	1.18397339496772	1.63380827544669	-0.818687890696676	-0.826899656412111	1.10011348142359	0.983985069479781	0.141923509022447	-1.06156919393345	1.61434027495494	1.02364013789093	0.216484997681375	1.64771105323874	1.49311233508458	0.360409730477486	0.927526612724699	1.17842164641572	-1.14992607448417	1.69552119134507	0.880209210478793	1.77676756639914	1.89139693094039	0.883625114842624	0.141358339865717	0.86286079604057	-0.431002709679568	1.41843725624454	1.58482730735278	-0.0445478940364232	-0.160037672632518	-0.392076354800294	-0.737830475047646	1.08568312994306	-0.845433885087707	0.648257196958307	-0.721738997515435	-0.722151767359632	0.774216868975257	-0.524252498664846	-0.801845737101861	-0.819258105352067	-1.0314646326948	-1.21080960932879	-0.999325018865501	0.325635737346511	-0.974741042812163	-0.401125875254833	1.02417436210925	-0.835460745277494	-1.33485615190809	-0.923457761987181	-0.838389146156478	-0.510809910058767	-0.532970312920379	-0.864460189316639	-0.952663913050641	-1.12250201656955	-1.00354053606986	-0.214017074266229	-0.606354424471254	0.927639437462579	1.18288544872303	-0.267030865737127	-0.710690483115351
"ZNF302"	-0.0286194614834603	1.30042561375058	0.00292187466763171	-0.510829250672045	1.29920327738967	1.47638083678616	1.01393360895113	1.27304488082019	1.45008843116759	1.48628557416027	-0.708156955863775	-0.0584245907558681	1.69591514963904	1.56144073449786	0.995351650169913	0.520989962670873	1.75283066740695	-0.528981381677558	1.12623323746548	1.38589626844225	-0.98976910615006	0.940778900475686	0.194306188408091	-0.29298418449075	0.431814604043354	0.666554842278098	-0.0164149534206725	0.0335114311620367	1.0843136710975	0.0449606837848156	-0.292953041040518	-0.430425511067977	0.97798014069517	0.703863960350554	0.92179929504174	1.2740308418318	1.29426750937662	1.89233850306759	-0.690154869339183	1.15542683474786	1.9524456605262	0.640318606857838	1.53105123038483	0.723064522089271	-2.44197192056815	0.0356178970372469	-1.28499151617656	-1.06401741865137	-1.04160277193353	1.16959491663601	0.910234202122498	-0.201855154497317	-0.974364059288343	-0.469747122918271	-0.183610601833642	0.227866868196528	1.51709931698674	0.139198857508841	-0.466692805447688	-1.55058052836749	-1.67625896972516	-0.571867972459152	-0.110457700920023	1.26789765580598	-1.19268414538684	0.0715935993758208	-0.14832759837595	-0.312321995966798	-0.522891803097984	1.15829181753749	-0.0332096152637798	-0.215997317950385	1.86241037298364	-1.2531667424358	-0.0679494790042859
"FAM173B"	-0.428048539849902	1.38523938388617	1.14074579874049	-0.0881035600342822	1.22868970169089	1.20466902363074	1.33743526748081	1.11416709514816	-0.698429566796828	-0.193324595095602	1.28464028078299	1.24053015235312	1.38215220683084	1.05760427200744	1.30920776202438	0.425586862840993	1.38437195626406	-1.18704465107	1.06721959794188	1.22906104868746	1.1019260502096	1.34665595116376	0.268785960881988	0.0511033632229571	0.405685653772073	0.858062045480842	0.301971874450838	0.419684507402407	0.39049861018605	1.4032720976559	1.28728051704701	1.53970056738105	-0.957422404970401	1.35278026441408	0.91378198267615	0.541517497360379	-1.33402914594038	-0.0353125907407	1.18743858018976	-0.119292272966026	1.22900605239039	1.15235889224934	-0.418437797863377	1.25302944693428	1.20608494032763	1.0635445295995	-1.2648645743797	1.16990559189599	0.85806647313697	1.06743745111945	-1.07868086699961	1.30019808875128	0.50069659742554	-1.21754457506883	1.32181023182668	1.21042360072175	0.376171261150055	0.719199257724854	0.0323385831466937	-0.197898197977672	0.243641023224069	-0.0279980616422971	1.28876486702445	0.799487347363868	-1.0505750401587	-0.288003628096142	0.0883097437332063	1.07249341459067	0.0170937165178303	0.828886984409304	-0.324320492298822	0.560965450090159	-1.39420833745987	-0.148636173240825	-0.0366240698961335
"FXR1"	1.50457176321465	1.31519122461991	-0.846065322335514	1.42607150739493	-0.0370295932034378	1.44851653644723	1.59667193328575	1.22320249457406	1.61643906908193	0.18413459805002	-0.810284748461024	1.33882527870631	1.60488584426789	1.51007443110775	1.40404980791634	1.49228009570608	1.32612662240654	1.42766616842999	1.63062663162064	1.52826929531717	-1.2509606354863	-0.233584912947537	-0.53829575283707	-0.902508368775821	-0.437007274292978	-0.804640375689612	0.00829941992334799	1.3100071401623	1.38645543542797	-1.2220737776605	-0.0514545496467236	2.23248901258547	-0.412553924822837	1.60141722338275	1.57336800034947	1.60167611408238	1.57272639930431	-0.719667276894463	-0.198831398962787	1.45950846914598	-0.654003638413249	-0.72859570007481	-0.891581606607784	-0.30761732513295	-0.328425428764012	0.78975171882085	0.101644633866436	1.39212665890526	-0.885627168279531	0.150152649797556	-0.0352316676557449	-0.591268006960193	0.013208155808405	-0.834369319735129	-0.474869938730454	-0.473158191424992	-0.859553239524311	1.51600215595255	-0.618357637323354	0.207424085768914	-0.985009284176542	-0.281701249550687	1.46871943075165	1.46390068871409	-0.00282261198375442	-0.514016326858344	-0.367057424567617	-1.13350859691667	-0.556425012121019	1.28837251764186	-0.251668313884488	1.1187741697547	-0.0274517886385445	1.46099734570004	-0.249720733390333
"MICU2"	-0.741035105518193	1.2708562413232	1.48858911930953	-0.871893677798213	-0.768695384759834	1.68570250892886	-0.376090493931813	1.44885054391459	1.83570707166424	1.4062019308544	1.64958905007015	1.51572774493351	1.7815735804771	1.20565760439484	1.56015565748512	-0.620705443098762	1.58596829772054	0.221321033056168	1.89671585207469	1.67372997350697	1.35951003684272	0.17151380969075	-0.373930289929016	-0.481954134901049	-0.778204827279303	-0.329492050952835	-0.0908135584856161	0.110422810088539	1.70315168872026	1.42695894426013	-1.05343669101164	-0.744518780560916	2.59909911750721	1.32898429936529	1.44592881761452	1.29161393408629	1.63402075345679	-0.378516259490789	-1.00118234923294	-0.933370324611144	1.4402134063973	-0.143297893718062	-0.605911551400872	-0.298199579221331	-0.374355540350743	1.39509612018169	-0.614061987399402	1.59016919210071	-0.379735591059297	-0.608045993826282	-0.909037754305108	-0.652403418963187	-0.422101791787805	-0.437150074165978	-0.886309210327527	-0.674598666524321	-0.30703407615908	-0.453610269233707	-0.315459405189455	-0.778395667764183	-0.4261387217568	-1.02883607599241	1.50491213829058	0.399592349591793	-0.346325896626037	-0.891267070572519	-0.687465589778229	-0.52772323291078	-0.0937512176896949	-0.683463896207895	-0.654220072621825	-0.669278831284941	1.40403625845284	-0.855282342106062	1.4160759043817
"XAF1"	0.875162357206991	-0.412037571915819	1.79494903445479	-0.142849574231289	0.916514971195037	1.5148863900689	1.285674784836	1.19541534021836	1.13895565512233	0.784656598972845	-0.151205976961635	1.30981314047783	1.26453581137918	1.39059623710544	1.44856565978681	-0.212796519819065	-0.675652750683048	-0.318398233792726	1.81154582612488	-0.431101078888557	-0.623525089069117	-0.202365116185471	1.56061988163866	0.0485216267650913	1.38219360016128	1.27526340242905	-0.306235935335556	-0.481129191117107	1.66292078474486	1.23708062452248	-0.921758822850475	2.05868751168756	1.54305364451348	0.417103102087087	-1.27219564499021	1.22892493759455	1.25153201140023	-0.750636454855662	0.682906411239081	1.76985814179062	1.24210742806178	-0.307791748062077	0.0849183176544372	-0.118091608088972	1.17776053195165	1.50447909712943	-0.557796460882916	-0.793929643334482	-0.831366798192556	-0.533473843596403	-1.11008517727277	0.0420187883410308	-1.2625313805535	-1.68805557321533	1.30825907059475	-0.234434134801671	-0.479371875133341	-0.700716352530376	-0.0880223775163133	-0.690553482649513	-1.43247511770477	-0.411900098649777	0.0854097400800603	0.452601551397221	-0.891605104991644	-0.610924165591483	-0.756112342786271	-0.299961047308651	-1.23615860706735	-0.153727373903889	1.30860266676126	-0.0505858436820713	-0.25562889745765	-0.551690060795046	-0.741093702509904
"VPS26B"	-0.177567882059784	-1.32505091769034	1.5053816127672	0.850427938234298	-1.09848335379844	1.07150700397867	0.169327911061388	0.98977954784998	-0.323002838927951	1.1156632248841	-0.873976040563241	0.0828288196963699	1.28291318664693	1.22560743034213	1.53884524091452	1.02593965895514	1.31530845838163	0.289082844519502	1.43493707996725	0.124501264342947	-0.924113632488664	1.31733523388735	1.13620703570161	-0.0712077529334902	1.21236783019095	-0.759444889822544	0.414702316039557	1.06791214127091	1.25687105796904	1.58271649565712	1.14008497563124	1.96689404974103	1.64451001175845	1.67529374748352	1.21425917898995	1.12652264881566	-0.990414857394992	-0.740454231488384	0.810626485275585	1.16360396974602	1.70458378137018	-1.18680809065809	-0.915662064294583	-1.23234045308005	-0.489430267495599	-0.0331694211091489	-0.182123596810032	-1.04391661674653	0.21137867978259	1.17571540321715	-0.855241585190267	-0.106986541710146	-0.81711856261085	-0.984798175446265	-0.94689015491723	-0.275351131556999	-0.674592491809759	-1.19858013765124	-0.339340868669725	0.0993923033761632	0.00150347858942166	0.825784827091206	-0.719538997974628	-0.861965726765873	0.35775995644548	-0.780386880008722	-0.882433897331724	-0.993515167112001	-0.954551666761322	0.965502397127723	1.40049620849094	-0.00768751657726723	1.34165267348119	-0.681257191468948	-0.95479366593031
"RAP1GDS1"	-0.63030926436412	-0.247904666285075	1.52852886103855	1.27138831656964	-0.271515775931125	1.50367927578848	1.78190595106029	1.25456224910318	-0.240209934565352	1.64027465559079	1.47979657525181	-0.132613742597795	-0.615310017485244	1.39402771365121	1.17423443248342	0.842497395464935	-0.309295387200926	1.39153282593951	-0.837978019908995	-0.118833985689868	-0.0219631538612537	1.33938197436376	1.45210520626969	-0.156601124348616	1.10141154424774	1.42595675402203	-0.333680465451499	-0.864303493356714	1.30909862486603	1.71815766147517	-0.22481216242898	2.63368832642882	2.31162250728082	0.142147322868617	1.45822527825548	1.49369158301827	1.2211838736848	-1.67056758406213	1.27014326114018	-0.382179745358588	-0.00568563322210492	-0.299423439872246	0.0639362108847875	1.14602881536659	-0.677004857746219	1.3099957489627	-0.520035161819167	-1.2279169796797	-0.316771025705892	-0.511151193789739	-0.514222660902291	-0.660322870961858	-0.156914262826256	-0.3921725102698	-1.01703990581957	-0.238975906802828	1.38867460476721	-0.295687000327228	-0.243045647746511	-0.380881141863877	-0.28088495575745	1.31215862565983	-0.49784387430234	0.0821686224551959	-0.296324560774374	-0.654171202872194	-0.797721597946085	-0.83508229999363	-0.362498131678136	-0.262342294703436	-0.150813396642559	-0.262400991694526	-0.543997893602059	-0.631914442657276	-0.214227994684593
"NDUFV2"	0.971714267362864	1.143325080614	0.690948704549879	1.28140532435225	1.38346207398697	1.19534702724379	0.414308876490471	0.803139309155023	-0.842364552026945	1.45331869342299	1.5223656666523	-0.0970241594631811	0.191891050949128	1.26865166902597	0.136799921929688	1.32091678721071	-0.431299642353708	0.990791944975875	1.42998724170314	1.38416234746191	0.378017843313896	1.16283070236691	1.21314698822715	0.306117595320043	0.526274514971615	0.314382829390759	-1.00395556451774	0.14725919896688	0.229550411522891	1.51315244709043	0.482853556664819	-1.57134553494897	-1.09990213940669	1.37099999842212	1.19618083305044	0.247997060636292	1.37666764265304	1.61892878187597	0.470717944130735	0.512989148224916	1.4011746872352	-0.158822141953154	-1.39784608334359	-0.831620613821388	-0.226441768927919	0.162615858046745	-0.729725702093924	-0.752294195178568	-1.29460354438412	-0.966278991514997	-1.01286417980102	-1.26182399551604	0.239911628425288	-1.28926536843006	0.67227584258899	0.356293387169954	1.27404723088707	0.0434954584357543	0.780401363695838	0.013167234807334	0.223690990819228	0.953791546752487	1.27327016483944	0.172204255741314	0.14681386788429	0.211997077010374	0.0943503060959807	-1.03741403107757	-0.621429055334295	-0.916842530261784	0.898640030026167	0.378565728670261	0.136318223098221	-0.525922733272234	0.400633562241105
"TYW3"	1.15194841230415	1.33830101861219	-0.906931471564133	1.4836149317216	1.22109560494314	1.56535131147865	-0.0900247297748391	0.790024801322765	1.091912139252	1.63208140343039	-1.08802609757481	1.00808659408203	1.04660730340287	-1.37442375113456	1.06278592006443	1.50909170822399	1.71399986525187	1.035481128199	-0.975694357244483	1.48628039534145	-0.141643769468653	-0.0313097615590527	0.308420906101414	1.05948149309536	1.19018973969892	0.123244329052399	0.325116181810919	0.461403573683807	-0.00201110621363847	0.219843126605684	1.42436768543739	-0.127355903007806	2.06195938804438	0.965126822766278	1.42665896637285	-1.29733068082086	1.40242584186236	1.4209777644762	-1.03712294482394	0.913732314738451	1.44238818425664	0.250413965323159	1.18155019292592	0.353180091053084	-0.532641694076933	0.40723579775598	-0.0942337593324653	1.44469397359628	1.07473910463307	-0.759298536011905	-0.631023856459127	0.364191941529238	-0.620443367438671	-0.721057097426345	-0.181323442663007	-0.923794996073712	0.154274323938306	-0.743663794832306	-1.02232480219013	-0.742999911873744	-0.495068898375637	0.428798209302048	0.0294509189190687	-1.00153286511123	0.348013655907215	0.323549676826498	-0.0720947210370578	-0.896064588906061	-0.062782337216406	1.0571784584915	1.06983258393443	0.253043204574015	1.492387997425	0.876881041173917	1.16852314466642
"KIAA1147"	0.751299416094736	1.15254354566986	-0.454062245255111	0.601817605431937	1.81597097443274	0.646250615835249	1.16232086217881	1.19275901119595	0.731693028124053	0.998274763070509	-0.903541057629272	0.491465914666291	1.67346354548087	-0.431498891980448	0.487382912642423	1.63910443154981	1.39823380622799	0.171615898625688	0.999866496151976	1.47591353491685	-0.889632861505092	-0.879334521262966	1.51487670091644	0.220663891174352	1.07633770131579	1.04320790663091	0.655855504642758	1.35320854634505	1.50044026025226	1.50415227411841	-0.377962972883525	1.26693881537977	0.628566052126954	0.76511522816605	0.101579038968578	0.0205219637981159	-0.922510471588354	1.84937230030588	-0.625963440096401	0.282007615148009	1.10706995451817	1.16378383436487	-1.39521205034927	-1.44518997275651	-0.500824887819425	1.460767489805	0.00376033726551952	-1.31267595150484	-0.697006730574031	0.274064484806835	-1.17665363843479	-0.549911798200622	-0.723791336111535	-0.811783817681477	1.0751919356062	-0.560836955463678	0.673668820000834	-1.02949508700134	-0.580754553757202	-0.480519857438457	-0.464734040169445	-0.342283266969427	-0.38528401836728	0.744432616341876	-0.980643290294199	-1.23904486321276	-0.349437830294353	-0.958304645986891	-1.36795122581031	1.87686595611593	1.41494204466963	0.720082918427586	1.57630124161101	-0.764458986513483	-0.348939641677427
"RPTOR"	-0.497490012354418	1.40729626393286	0.59553446349969	1.15908882180101	1.54408779551096	-0.497129077238288	1.34348692816342	1.50047584679542	1.4709372923378	1.42271566599424	-0.250287949201498	1.43636960417482	1.50699340291371	1.5430532143944	-0.781370736075611	-0.60070536058416	1.25734013431517	0.0531997974803293	1.23094506985347	-0.0120268722661311	1.2777918381419	1.41914007714135	0.258544890876535	-0.522963356895251	0.345048083259614	-0.383227952531916	1.44639499095204	-0.885117827136121	1.37045622066355	1.31462444474446	1.50106723559287	1.38795178344284	2.21814568229433	-0.0853197100820719	-0.41999047687824	-0.566657600463802	-1.23809037153762	1.35943850224877	1.31811855947225	0.0518312990444796	0.747876557489612	-0.67100715251535	-0.738955089298933	-1.03186912958964	1.41294486203358	-0.759655963254209	-0.925947888258251	-1.09648243496125	0.0185527483803512	1.26325220425474	-1.08324894119368	0.0122012449935628	-1.21559217892413	-0.772871058560329	-0.218821002040055	0.368078009334245	-0.173890449982031	-1.1139348458196	0.465851586138491	-1.13564711881207	-0.949995129857931	0.307501219499656	-0.633434924022785	-0.904962854571892	-0.375449646295318	1.26274479634495	-0.888029677479665	-0.925352636716731	0.455788306452191	-0.950094843760203	-1.31376723021897	0.00168061764891961	1.55461966806287	-0.769498192075345	-0.880809837715437
"TRMU"	1.35551370646114	1.42408867364387	0.29745072692844	1.41059475495051	1.38649733909751	1.47806502116632	0.461410714031424	1.3256432586658	1.30944243276353	1.29583315555402	1.56576999702792	0.288112490502163	1.41139838026403	-0.651082307322026	0.255643509822534	1.34101112048985	1.42613853801277	-0.662936628729775	-0.0637609187990738	-0.468770817796656	1.28602415237749	-0.127541514986099	0.0311351401490237	1.2967468021589	1.42557012675872	-0.125024560120541	-0.016263940410051	1.29079894570438	-0.889687146302525	1.41315203902439	1.32129920164056	2.02359078337458	-1.04078898085577	0.723273028602366	0.0347088823474127	1.20622560768017	-0.550890461000758	-0.173633803435536	1.21853578178234	0.107400895164846	0.0749351377232008	-0.818130456428114	-1.30896549871831	-1.36355296978666	0.295817673946076	-0.918879537209692	-0.27620591055022	1.22811853119147	1.29187541283205	-0.367069913669604	-0.363151037458579	0.178872679922467	0.259641015185173	-1.11400751626463	-0.387106964871546	1.32273813645868	0.489506847838497	-0.167129086236477	0.370573632499826	1.16342656263744	-0.175970220746248	0.123803750144031	1.4013517400989	-0.846754494207673	-1.04070017264588	-0.125998514160365	-0.976086469977996	-0.433873043228582	-0.305864168673283	-0.557152382367006	-1.03460458044928	-0.160096758746298	1.42903736313891	-0.440365289271406	-0.388468307428587
"FBXO3"	1.43209264032537	1.43261195791666	-1.09399687831787	-1.0101178847138	1.37000874861542	0.794410256086422	1.33649397388409	0.280646386519796	1.27460008316932	1.2884347167601	1.52509088098222	1.42916503234265	-1.007483517087	1.48107432865253	1.48384524496078	-1.0573707407516	0.148589917385378	1.47358666087746	1.49141690629648	1.08106861266872	0.338096351687854	-0.761510457240569	0.541201378994779	0.101928495275177	-0.398332484686842	0.0527555904770567	-0.387782150699074	0.175356565460697	1.46594924446477	-1.20600219654628	0.471006670709395	1.53959683660072	1.87210655747379	0.574243443382529	1.39936953828023	1.34187527933367	1.313291680969	1.27925189366288	0.267305570071369	0.203353743942058	1.32501784493533	-0.841081475905006	0.290631188151861	-1.1800811113862	-0.679124191291862	-1.0091848895929	-1.20660924457433	1.3349363393623	0.259842658448716	0.0387262308764305	-0.910135777716425	0.276264657471006	-1.14935910065499	-0.984981585430548	-0.268297224092657	0.161632170168699	-0.535404933971279	-1.08706775569795	-1.25356543695882	-1.26529280454473	-0.889212207863617	-1.06816513762482	0.204760788594744	0.213090941322251	-0.949093052909763	-0.931353364255674	0.332314656842869	-0.392691102661276	1.52474577178719	1.4108720737014	1.50628180206877	-0.465835492231918	-0.942495223908033	1.32906076373178	-0.83267629827892
"BTN3A2"	-1.20922034160957	1.63438287338279	1.56571349467209	1.34325870342922	1.33348911689522	0.511168073024376	1.33881614040319	1.30601483170024	1.68714947003859	1.3214593953787	1.7652975468805	1.41521423074231	1.57457802676024	0.428769172543101	1.46374022448973	1.37131230552392	1.44581525854797	1.3276729055119	1.34810013856139	-0.600988814933791	-0.464140971522777	0.263697299218897	-0.448237340191072	0.102283996406446	1.25053488414549	-0.588366583136551	1.22879773262886	-0.373103162821746	-0.879981331023411	1.64602516233625	-0.933548125220758	1.72087357679694	-1.05024254704868	-0.651490057211123	-0.559062538849657	1.08027997698567	1.43992465927613	-0.708839799016609	-0.754028922662396	1.31243615799865	1.30855513875658	-0.0217702200723554	-0.969512875346626	-0.708620031775723	0.234678055405887	-0.667294451465899	-1.02808524383524	-0.664458061583434	-0.93504050030617	0.377648615293755	-0.725624200698172	-0.39394043143165	-1.07014815704365	-1.07539372663476	-0.243910795953025	-1.22841881565139	-0.601022234478638	-1.03816717491207	-1.04582732331285	-0.924049291374007	-0.979217106003671	-0.641875168631551	-0.861160575576733	-0.349215781129448	-0.703631861152366	-1.18677383829734	-0.101541916439229	-0.856040925350713	-0.203880528756303	1.44936257664809	-0.519942704834139	0.104479052668297	-0.728785871614493	-0.290143058127668	-0.486797437515879
"FPGT"	1.33180919700566	0.211502204925036	-1.29801672963123	1.3196135703006	1.60753680673712	1.46416955757593	-0.0810921753793465	-0.749486880228932	1.36168801857254	-0.136003436943368	0.46595924508941	-0.130385729714184	0.423815521198301	1.20276426173685	0.104295701144282	1.46946664901972	0.575444626881373	1.46496889398461	1.25955726805759	0.684042400094779	0.503122883704761	0.0479187215760508	1.3602072356424	-0.0203589407391174	0.918528827470378	0.25253392471019	-0.745719210301334	-0.753676230804597	1.30930490548445	1.688739331836	-0.159723356964119	2.05152865019479	-0.504948783521443	0.511504964422218	1.24338268857838	1.2599795510075	1.2568259757807	1.22106938488576	1.25823870247789	-0.405866816947931	1.32580450370708	-0.110393592603769	0.564107336278162	-0.451677525256786	1.21916393630833	0.0808275753572618	-0.512547584498262	-0.193438956385996	-0.86369918786636	-0.126867811499971	-0.260933242547362	1.40528714453414	-0.561010938393005	-0.845495939695384	-0.740626168710671	0.036072117069535	-0.318642571229432	-0.0213404205545308	-0.0628047370825602	1.24519056520283	-0.742355051966226	-0.220568012356207	1.5805979324759	1.35899347885098	1.38137376200135	-0.733667621233228	1.40647254404218	1.25471804282994	-0.088733516276592	-0.562230247678795	0.0294977445561216	-1.05202564016414	1.2394624161921	1.3591822514986	-0.428023877924255
"GPR180"	1.10354769379445	0.906199946917	1.02422676657577	0.639087506563231	-1.02671773066915	1.0092858886053	0.16012543988134	1.04613758383426	0.916759161440693	1.17775329338832	1.23270792560756	-0.511172396884067	0.207870359211605	0.588319545989748	1.07520287385601	0.933233793668854	1.04152438405065	0.634262098518399	0.867516765712381	1.29365465745059	0.216606006725998	0.696690310501154	0.550798304202702	0.216582551210123	0.979624504816472	0.419047326039068	-1.13879800983156	0.918309834590128	0.0780322801817725	1.10871816173387	1.07892893398984	-1.60947995840096	1.20774633531118	1.00029331475614	1.26845703212851	0.0265957005423377	1.06908422017619	1.06689532939022	1.05946077440218	0.33292050481444	0.967311803397183	0.795965631356855	1.13131361813956	-0.482604190389126	0.154339139772281	0.532363083182733	0.323984073180235	-1.05236952639616	0.23438543007397	-0.183407514202865	0.368751717323375	0.915290379629248	0.256095763635826	-1.1869384836052	0.54587489780116	0.806311505684201	0.899014235926107	1.14355079146687	0.366427946806755	0.319434909758328	-0.285673071038357	0.633210479008721	-1.07863154014511	0.999117973406044	0.639349237652397	0.983904513102087	0.501219333784744	-1.44851771324724	0.207851332922211	1.14859857172209	1.08671961855529	0.972199747193138	1.04444237522502	0.186494834251123	0.565375864073358
"ZDHHC17"	-1.46576231332014	-0.571450128382868	1.645356126722	-0.62045654056388	-0.382796100378586	1.29843715502096	1.53451625282878	-0.0122890035723597	1.43793237025335	-1.57742396268914	-1.09032040877115	1.03743073926348	1.31652948381544	1.69467725785609	1.47206031331603	1.46101337144591	1.52687450178349	-0.834345354691795	1.86309134041851	1.22192600035566	1.4248919381852	-0.63082725437079	1.59270527956803	-0.383558215210849	-0.0582266025965616	1.20472995610738	1.20353502851166	-0.347612637401677	2.02451539724811	1.79902147098902	-0.414294099160941	-0.165578028777818	2.70654358818628	1.2892347603246	-0.897672082550817	-0.548954308828286	-0.764291197370086	1.2491248095329	1.55858841695395	1.28575496704951	1.5459795655336	0.0673893036218547	-0.997254323658858	-1.11161549613875	-1.07319613133397	1.27039337029443	0.160828976572937	-1.05726182828762	-0.759731737511406	1.41639671150571	-0.193154867140221	1.35375723752012	-0.327007407458862	-0.554282479365915	-0.839393054175718	-0.982878601568378	-0.705153748439899	-1.41009080455318	-0.239250640629794	-0.630852963909572	-0.255465835635577	0.113509363007048	0.0481569100597367	-1.6138377736177	1.22770992087477	1.39635217964697	-1.08826050248357	-0.197966258884302	-0.629888275156538	-0.891122447199085	-0.812101767654636	-0.769076338357798	1.40848708788034	-1.28462213341813	-0.586976288732964
"HNRNPUL2"	-0.591171375779966	0.192676703284023	-0.570473318433202	1.22492460118447	-0.422442941311353	1.78033803246324	1.42657720735824	1.42591158949473	1.81898448102797	1.66541138369462	1.85629407799518	-1.01620581041021	1.38347885335872	-0.613104218429146	1.38578987448721	0.591844824935349	1.26510653760534	1.70414435411655	-0.558033330061602	0.567405928755216	1.3812452396306	1.3097606475106	1.22822882373446	-0.584110816650729	1.31910569784298	-0.910892825321415	1.29456279981756	0.369480196374641	1.76337326081725	1.8946305529485	-0.611359177240842	0.0937631936507066	2.39735498251156	-0.0694928501773072	-0.541617673803326	0.326847840631328	-0.671325070749313	-0.581963060552448	-1.07576400458125	1.33907318908472	1.37186129209662	-0.375201171679766	1.47467046204773	-0.793196206159576	-0.795689866158715	-0.910271184539034	1.30305902376539	1.34787514996081	-0.666225933627857	-0.565933030109324	-0.291988569542585	1.29378557161761	-0.767291327285613	-0.845802491510722	-0.508446085712369	-0.614396050264698	-0.874033362566198	-0.583521983100041	-0.730006598634066	-0.904200328085901	-0.446699538427776	1.31240996275968	-0.784152835690186	-0.91415363598096	0.281640160486564	-0.463345605645718	0.219095591205493	-0.982332237838651	-0.866725434516099	1.59283660140391	1.44094806394826	1.28822336828545	-0.390603960821645	-0.581533455141045	1.3608635620023
"HCG27"	-0.728996688704332	1.46079968301196	0.871287913417561	0.975269984616926	0.468526500796405	1.47200297709665	0.783519486736348	0.274372525043435	1.66477014220175	1.27890098534014	0.581846821165934	-0.902093434300492	0.978110138563917	0.729003028247522	0.881422284082516	-1.45398622235344	-0.783861017344316	1.46763260237998	0.154413665158994	0.759533275119994	1.11294499885512	0.598816461516274	0.314884999288108	0.820918739776538	1.15818741616785	0.268413872950062	-1.09892338858098	0.741010719140775	-0.679726952757892	1.20242685892129	0.114305721681936	1.51700237812542	1.35555982407675	0.965393727409836	0.842828119213302	1.27640345220541	1.08742812263953	1.18136012810473	1.54762240263962	0.42312395936349	-0.524723372008825	1.01053635219915	-0.111790234585377	-1.14674575640001	0.51180452316092	0.166618164329835	-0.852903413352371	-1.1637519644674	1.08752383532037	-0.216712280525554	-0.931406185030589	0.985322940292461	-0.859641133390032	0.491120122098068	1.06052879553102	-0.913445916810869	0.871874220999591	-1.13397564840459	-1.09950083765855	-0.108952554319699	0.480452269051749	0.385382800785148	-1.2464840661523	1.05434028703119	0.355400084804719	-0.615660857566468	-0.0667216380868814	0.438058369924702	0.485369119501872	0.878198470701799	0.0797400128321746	0.532212265492877	0.907987639051247	0.325319530583442	1.1519203478374
"OSGEPL1"	0.0489770848052635	-0.315355230729334	0.717235396745818	0.948516359351203	1.08761355257007	1.26180461234796	-1.06370052378236	0.944986449982648	0.930958877359856	0.178068957343771	1.10632461043411	0.45684528450425	-1.04204299706583	0.962432964104088	0.391234510411841	1.00725878707645	1.16987706923502	0.223181081036077	1.24244194746582	0.99824088674741	0.902382735885853	0.0531244712002088	0.235253010360756	0.645449126216301	-0.0510578897959179	0.397218826251013	0.457260505322681	0.083415857121894	-0.0551020291087646	-1.65906059458038	1.40029721219321	1.53719183072611	1.62097950679913	0.978655654964692	0.93452617078406	0.98880389681871	1.08668658754856	1.16769547132238	1.05326857380982	1.13441061290028	0.958591148444469	0.973061166265847	1.09552314945322	0.974356921671328	-0.76331009744446	0.129646805081717	-0.25092678542026	-0.405263312918923	-0.299141143634257	0.381016329140492	0.178597363684379	0.97733232429168	-1.04358915062732	-0.670469503455155	0.442992528587961	0.947585974313704	0.911616396701078	-0.0903063133276617	-0.334943152288504	-0.509318450996064	-0.383903995045028	-1.12616675071191	0.998154742090451	0.470880796436642	0.282723422740027	0.259832991949095	0.415797234545432	-0.861309062205754	0.62723210379855	-0.666239230483001	-0.793848081996855	0.333317124521729	0.599222923332354	0.354468591120052	0.0635293151011437
"ZNF544"	0.496640765049765	-1.09755298830659	0.111970139497851	1.40563004752131	1.27898253018995	1.21364545849719	-0.487936992477974	1.309690558684	-1.5040327095608	1.60390346233166	0.379565659891277	-0.730686456148549	1.20775175665973	1.32051936973496	1.26539341679632	-0.192962741109868	1.20831086535891	1.3269983608836	0.577699891121696	1.20877922371994	0.353971606731079	1.2783398446543	0.127006375540771	0.30177758802413	0.300493550631172	0.0300633688844677	1.23687672434101	0.2323922552765	1.3126168520026	1.28146345015318	0.108338953521196	1.52104048284897	1.89955905349029	1.30225389604727	0.0859172384504727	1.25707904976613	-1.61902275407043	-0.0369093761618134	-0.517671283647872	1.43071021525958	1.25971102598328	0.117084785653339	-0.14274727458355	-1.00330282559564	1.29239677717247	-0.283533592669455	-1.29952091420946	-0.765441676695362	-0.655242378223252	1.28539859824962	-0.353322652538426	0.349079269230952	-1.13536962479482	-1.00305987161105	-0.149554528360869	0.396033218628603	1.31139504766855	-0.151364702235688	-0.0649198913884233	-0.000268351363411881	0.530354029389164	-0.00132820316952526	-1.53880985055602	-1.37149515774075	-0.188826348972649	0.114244111629229	0.266763589582028	0.0551281983870174	0.295710270446932	-0.96619510976665	-0.391089699264603	-0.372774030798033	-0.733333788697707	1.21990086831073	-0.340539020512001
"PLPP5"	-0.0699927612364117	0.301990083980099	1.02140563502958	0.617495736514147	1.01487135526899	-1.19158383835225	1.33398396449144	1.22252206823551	0.953805646267387	0.20094895601305	1.37415152300404	-0.30262388505989	-1.40338916503766	-0.23109632623259	1.57260360724242	-0.212911906266604	1.10557815082091	0.401259041211165	1.27041453357711	1.09212121299625	0.784525797775669	0.0430574238191063	1.10189770306202	1.35069184815298	-0.229456429870085	1.2235233519182	0.661812908264187	-0.452699483048732	1.49815623982391	1.7858885804255	1.41245524559753	1.63582161317925	1.55097921148996	0.969050351066897	1.02944937614486	-0.93111174269864	-1.40060458775121	1.36830723776751	0.229766782890378	1.08895670650143	0.184950921188229	-0.207898677768541	-0.302634711584969	-1.08291943548465	0.429512214957403	0.645075046673759	-1.15634849451249	0.179568446797227	-0.138018883705935	0.380977886827292	-0.724858079501913	-0.216631627509832	-1.44151208214448	-1.08658077135696	-0.254941691934111	1.09982361118629	1.16909871401922	-0.274072983663232	-0.374019567973242	-0.385625107437979	0.318475083252211	-0.244976458873492	1.04201601097015	0.328780265144831	0.186850975636979	1.22249410582629	1.02956772240658	-0.507155300448164	1.06612593747859	-0.842619501331822	0.521359106611897	-1.23398862323223	1.11565033114787	1.0273058091181	-0.290480375444098
"GLCCI1"	0.913329712755713	1.08909296598395	1.24044754867683	1.22969500378282	0.487398443971313	1.22229364106392	0.864897685736164	1.25264695286919	1.06976145660253	1.13254611937167	1.25626760968491	1.0690554839278	1.12351506462617	1.18021314138095	-0.251802526528386	1.09710114765798	1.00788989673932	-0.220814915713257	-0.128011430204785	0.624337999208431	-0.378303967528046	1.02292215366223	1.16677181205901	0.674806332973991	-0.649995121533992	1.06608423661224	-0.113359273771898	0.176171254821362	1.07756723909849	-1.47579748004632	0.569563300412387	-1.85083528166158	-1.13023368445798	1.19539788483682	1.62270347074049	1.01655867863175	-0.591837010471591	0.881833213726385	1.03294866268234	1.28439900077523	1.11859725739144	1.29951122078815	-1.11816284991022	0.888496174730815	-0.267999949091614	-0.313909828408895	-1.59051688814025	-1.3193728860983	-0.715692360157132	-1.04178493264833	-0.882378252964474	0.479317936271954	-1.350691583645	-1.31125006098775	-0.581177066762086	-0.367810915275374	1.31757307810927	-0.123462602160944	-0.285212795716464	-0.732740594954812	-0.153883624344721	-0.470410593317246	-0.588899303623154	-0.724190310829458	-0.514016012601606	1.16229088496585	0.271511235000879	-1.54087727745667	1.10484568163123	0.503026411726932	-1.82184004529263	-0.0473520349109775	0.264674930367396	0.7701246433611	1.17818666384827
"CFAP70"	0.555721198041287	1.11000132807138	-0.832603848254477	0.162072583292056	1.49840774974395	1.05298636090613	0.988653528933923	0.32927033111535	0.667337851391303	1.66806268658181	0.22515606668276	0.953086944385196	0.861595105488517	1.71228463430651	1.40287493593145	0.302134753911034	-0.28025116366529	-1.31284426878483	1.97098297780473	0.572044073238141	0.826386312387088	1.16912549550473	0.458786849920581	2.00449648844034	1.04194746525839	0.385954946320553	1.03742624714529	0.633024797398149	1.14058395612845	0.48431058763186	1.44503817025113	-1.28455175833346	0.282840668607509	1.04923573076016	0.745688062114254	0.129799298715246	-1.15987436246418	0.742863872968428	-1.2401040392039	0.57537072582592	0.848056670072325	1.40877783290673	1.40304853907	0.408814997468993	-0.637621316149524	-0.0377650999420552	1.24844194525914	-0.665602499572698	1.15704082616471	1.18469251763477	0.206703785877692	1.42297222617213	-0.84499946315581	-0.0619809476453976	0.879998144282306	1.11602616091859	0.900194987570793	0.905748506582733	0.490179784260562	0.830353933557989	1.22739920409026	-1.01526478858146	0.0640071104926802	0.600758340712101	-1.63197790319523	-1.28729751394085	-0.21641268526772	0.308030491167145	-0.584990522806573	1.31478753745894	1.05482378561088	-0.454418071299598	0.637682614859842	1.00934586184906	1.21175639270651
"SCLY"	1.23491467510092	0.237620214981586	0.00125543257124266	1.20322782415711	1.40235891230751	1.39932957164804	1.04630551720626	-0.258734268073881	0.387848674334069	-0.832150208710198	1.25562679293164	1.36397634820055	1.48941092364588	-0.29946474871323	-1.17524687438501	1.3083457680824	0.679694677622864	-1.18531735922388	1.11871249833188	0.686216030305376	1.15511115277056	0.503146149191097	-0.0320565652524743	1.37852707060091	1.33782820083573	-0.407576216303131	0.351985960385581	1.43861346527674	0.29728821075969	1.29618085763287	1.21498640932933	0.0526679076246713	1.68206926394007	-0.849010356297549	1.09180200375494	1.40035127199475	-1.14442038433005	1.32301194335342	0.279526270224308	-0.253049846992863	1.44386452684923	-0.74839007229419	-1.04444927455985	1.11928672883824	0.204358545881853	-0.89806882796722	-1.50603831663886	-0.311054111813964	1.27928263419964	-0.0690444270858579	-1.18500725945376	-0.25781123748123	-0.918060759523527	-1.57390052419889	0.472197206799944	1.05503026935531	-0.074401827209145	-0.0572247677207366	0.238451569008569	-0.0593734683249817	-1.11501505244591	1.39799306014914	1.16367725209115	-1.16122955032926	1.04799085452037	-0.072254560881735	1.43147698085075	-1.54580129789306	-1.10350260822843	-0.885110504744528	-0.846135965895598	-0.786715326656289	-0.885457057589053	-0.849909088684979	-1.1231988030437
"EPG5"	-0.424147799806755	0.396857407469829	1.08032363587271	0.534054710497741	1.70756226308656	0.0214834431980827	1.58538182118329	-0.811358458392605	-0.854868268916241	-0.0408953615830807	-0.0725542977829061	1.05399871322982	-0.595528569873134	1.09558078142117	1.12443894614243	-0.364241458062117	1.4731409676335	-1.7471557321122	0.150689797672952	1.11556974445055	0.810358192751605	-0.24105330891853	1.44667384324011	0.296855263888554	0.164628057284856	0.281597364757798	1.28931690235265	1.13640479762091	1.23970239565819	1.76904550029835	-0.935557303142466	1.95461337633536	-1.37207211491269	1.0729250283252	1.25382571813823	1.25602850896902	1.4475469481131	1.45926295495376	1.43572461865136	0.700302288693213	1.4362584316	-0.747245007042124	-0.656405865300568	-0.211545052245565	-1.0052197125055	1.0443052378193	0.172618988278262	-0.421075561088927	0.891558330882332	1.03991494456903	-0.000321764360904457	1.39041289437168	-0.552424614755842	-2.07682417331556	1.13739992860644	0.223566476647012	0.363732523298601	-0.129043114102858	-0.0735685963772715	-0.148264680974486	-0.786263040832804	-0.747064805372706	0.985790766107488	1.31780815079298	-0.685671451108115	-0.27488768988559	-0.579880023942446	-0.765355475258253	-1.05581074654432	1.00052008070462	1.33496113965302	1.51412868542476	1.03568673162639	-0.768605692540565	-0.160423591036427
"GSTZ1"	-0.936038927717948	1.35165666487281	-0.951042872590685	1.27139345181237	0.501385404704585	1.47298310768799	-1.61206246046292	1.2596457540611	0.121123081316294	0.156822147792273	1.51906085526577	-0.21416606092724	1.35540300066588	1.57782738196395	-0.486741279012103	1.39329859371846	-0.707766534251355	1.37046092560992	-0.180469368542782	1.48290737920935	0.419722595144631	1.35568640221008	-0.0484299985792734	-0.506878776692178	1.37216184550644	-0.411488373628834	-0.152421800073525	1.40836660291906	1.37405263109462	1.26103635685003	1.27288717912378	2.00950975144498	1.40067198008986	-1.00152204449326	0.215859404155474	0.413092334230043	1.3159780927538	1.35786987268542	0.186885186218488	-0.171412457642643	1.30059831016979	0.0626661003464565	0.0763822185409533	-0.938727657525214	-0.108112507121405	-0.170943793860549	1.45424902090967	1.27922143901837	1.31168729312824	-0.286972713086246	-0.98338532906719	-0.932223564496254	-1.09854992795181	-1.26796135349977	-0.34313347762355	0.422512655425534	-0.157702363201314	-1.00528238800934	0.254317488435731	-0.931487443148647	0.264030561814016	0.35869247647726	-0.97764078054435	1.27102001170818	-0.954971820630579	-0.27677021520648	-1.13592665647716	-0.111201258331815	-1.10919979910134	-0.580233675241465	0.448899553607782	0.0214701740639316	1.36822765234803	-0.604614839738341	0.073978201264927
"ENOPH1"	-0.175401387853488	1.43149576959622	1.22900663254596	-0.246397620625826	1.19870861879684	1.68917104347764	1.17887732023024	1.19195435689869	-1.65104385163007	1.21313000700857	1.40685542261855	1.00060424804023	1.30492618177624	-0.122486543097064	1.41072221582482	0.385803401003332	1.5561287743576	1.30313523451266	-0.798087954773515	-0.873513714521186	1.08909033286679	-0.0603569438699201	-1.27947926646968	1.18418812371719	1.23114058057864	1.09410546030267	-0.0962881433895025	0.494645764832504	1.29279393510358	1.2787898421495	1.43633151456194	1.80720759077249	1.71835839310886	-1.17647968601691	-1.60619120545772	1.32503597311359	1.02669353070579	-1.24002108245739	-0.415945202790822	0.520442491450222	0.756922615093748	0.68872856305913	-0.260175179585123	0.214386600431294	-0.795462254254616	0.111184183040644	-0.683659029645165	-1.59922150344287	-1.47946907624116	-0.61852304676371	0.459820287235585	0.33025705973392	0.084229576753467	-0.479264671248489	0.0366319238040245	-0.760460544029022	-0.470984072251054	1.02656796440626	-0.488596059345394	-0.556853029069726	-0.723901837899526	-0.758273846429338	1.22831491643095	-0.426311953736504	-0.704951809463566	-0.152472173595951	-0.22477290747139	-1.13209671014815	-1.2469074995715	0.167542468989745	1.0706331620429	1.1035979395647	0.369908171908895	-0.272918477401239	-0.283877399007793
"SLX4IP"	1.09405298694877	0.44097970875044	1.3492711581026	0.182831268145584	1.11826986662728	0.536600555234334	1.16443064548728	1.06958032069632	0.939910231232868	-1.6094391755533	1.23983810939618	0.964998862099863	1.05191409281644	0.0730742619390579	1.25812786950469	1.24221578706314	0.87207942990024	-0.829572781372852	1.03076774182646	0.972379956141612	0.176355390876121	1.01228741804183	1.3260885749441	1.03958015820501	1.05310324433744	0.330553220275021	-0.208864414469954	0.180010010704994	0.563756969457437	-2.15889987705307	-1.11859624538646	1.49343623125543	-1.3677430264248	0.887324334979795	1.20149907231737	0.779264933386037	0.363912728059145	1.09647867764956	0.797470287213376	1.21390466739301	1.09791379983683	-0.944068030533436	0.302706444009705	0.495773766987599	0.435183400388132	0.897036429151636	0.344048719122225	-0.0661758343313233	1.03096992710314	0.99320915817967	0.311595139576581	0.540491966199552	0.166645811513782	-1.46200801426514	0.384041948734225	0.963652105162823	0.932348385086418	0.777450581724055	0.234462145956848	0.411283517899253	-0.866264587616919	1.22608105425726	0.921682568825818	-0.753235869475504	-0.389507290947419	0.261634059773184	1.08177530195753	0.211255059290105	0.43921455929354	0.21416129603475	0.978532261085661	0.0111150187758102	0.250722617619508	-0.681106324061545	-0.0504398239057859
"USP16"	-0.896958968354624	1.52547382455141	0.355167534793412	1.43423797917289	-0.052940077344293	1.48852052395362	1.40078707405692	0.168889876977068	-1.41591350940522	0.249237983642833	-0.367923503010054	-0.00849306621165643	1.34771381362403	-0.176300198035104	-0.256618424316586	-0.625408323421506	1.35024533121713	-0.0991650352631593	-0.504539445542053	1.54374693843297	-0.262345971937828	1.29113854758822	0.260858683909849	-0.968838954837915	1.4559783058867	1.34490154854032	-0.384079613889634	1.33070000148394	1.42472810773783	-0.719158524395344	0.0430190408885587	1.68431573414946	2.07396828536199	1.43767962365781	1.3682687549169	1.36174118794727	1.51767163825625	1.35064019011268	-0.926642085771981	1.42238141106329	1.27212115247973	1.3589456836012	0.289614945849581	-0.446788538913464	0.0921126805493995	1.44461209258087	-0.489644884022368	1.35775641968322	-0.391427772552267	-0.365163120101747	-0.331566979155347	1.47303807037699	-1.2078840231762	1.48183502643281	0.647278295376195	-0.930689639512939	1.54137107375212	0.0379618632314488	-0.531747339867225	0.013377103041715	-0.544293613511424	-1.24607394379766	1.33857752593952	0.0919746682869508	-0.182037457833459	1.5029057098689	-0.134932516648378	-0.428864140419493	-1.04577086366208	-1.35804208570516	1.42586709148849	-0.95388806413806	1.20621861748227	1.50604364472099	-0.115655311776451
"GPATCH2"	-0.152524091580642	0.813305403066001	0.646639911341314	0.130818776853622	1.56845374954324	-0.143691304794777	1.29537922810692	-1.27289867256412	1.40782031683374	1.01184725418233	1.78623719218242	0.812074517428584	-0.577327732933264	-1.26861779947426	0.389879755647284	1.17616032868259	-0.891786753883446	1.09413096394859	0.474497418182727	0.98595953578767	1.692351076291	1.86469264331945	1.66254271236468	0.516236932587066	0.998924353343408	0.189076219676773	1.76279432601851	0.00286663894199805	-1.58610069609184	2.07189124450093	1.85901818561111	0.756362116482049	-1.84236490929913	0.697222231740384	0.2045535112563	0.916659611966659	0.246423836697957	0.698174137946996	0.884605561549386	0.0441658634747562	0.86159310365319	-0.492070239221155	-0.506503697746044	-0.408390199981813	1.18857491205151	-0.429682454171335	1.05503996706892	-0.107709196817273	-0.00545007792100318	-0.142876529996377	0.668867069628439	0.428546312658287	1.61028227317235	1.06633193909328	0.976469639894781	1.02728012501895	1.03466400588068	0.528829740343099	1.22426648973357	-0.488781457405838	-0.78798245605211	-0.862509163425737	-0.384119152985691	0.368293485932243	0.541756516686432	-0.26378932971997	-0.61883223032219	-0.384675687774947	-1.53556089108736	0.519071592389983	-0.171502360104944	0.532158368130288	1.36500722242525	1.23425068985627	-0.611792124306781
"TVP23B"	0.444034850877849	1.24517674854183	1.17460198168929	1.03454610470693	-1.23995220075715	1.29871352383784	-0.470469291995755	1.09293822451154	-0.951566369484966	0.377618629835404	1.22703420139411	1.20622350505327	-0.320651205264936	1.0750310252391	1.34110737692394	1.17311398533739	1.30383311140544	-0.445409452031755	1.18688211925859	0.625972273251902	-0.707997274882561	1.0623281442338	-0.595275320289961	0.329825724719633	0.146055275076222	-0.499337467809651	0.258369337376644	-0.456579517753111	1.22129005730568	-1.61156180972143	1.46493256565398	1.5538287909541	1.83766911960945	0.386143479824187	1.22623101850472	1.31226882326933	1.02361911841673	1.19601188418746	1.2971151587927	-0.284861954663098	1.22360499139227	1.21753938391401	0.407727951064566	0.724300121899175	-1.32444778309639	1.11952923956749	-1.09556246175212	-0.514407240286552	-0.433175864788525	-0.00933953306318531	-0.331626086810965	0.289462057824591	-1.19536090925213	-1.52854877415475	0.0883664122904322	-0.264627364146622	1.08976918309455	0.181350063456272	0.302840955444789	-0.120125750273199	-0.396174487713951	1.01021086767644	-1.00203466549744	0.385052685838658	0.446797427716539	0.569212186041134	0.130293394474935	-1.21045134368366	-0.435212925281815	0.728206189446262	1.12998617217632	1.13293372877533	1.02859154998282	0.259711308073072	0.292839339205037
"C8orf37"	2.01349836872487	1.41229923752099	0.705599390566414	1.72261318110267	-1.18412830630817	0.368435639106739	-0.800212872778319	-0.372671216890335	-1.33147591706213	-1.08382269117626	-0.231060648987926	-0.635420790777775	-0.658806636857223	-0.569028160075393	1.77123295401111	0.89900995587136	0.794139580412279	0.916958017354119	1.74826050034502	1.47369198958574	0.889797133164487	-0.320072987765594	-0.10153206224378	1.50003345653846	1.23157827683144	1.0458239858749	1.05691218891453	-0.554942212257007	1.89134372367039	-0.710051218994495	1.36485329631938	2.22138991391297	2.02741423264773	1.30697975463553	1.05388275608812	-0.433813455816838	-0.698981087199775	1.7652008208137	-0.449442124190824	1.10407122494351	1.57241326446922	0.765629934724393	1.2713660565446	-0.486373956807649	-0.729759577906773	1.2779074430946	-1.22426419532259	-0.843393324957211	1.23804057150096	0.616833273818909	0.41320345250045	-0.131211153568275	-1.1616602657263	-0.900431722677989	-0.522544827897631	1.35683798941562	0.67745945889697	1.15457370032816	-0.931538481728068	-1.0356088812178	1.01856076511802	1.05241657471735	1.1252217579652	-0.14325191871618	-0.452040560466776	0.173654164045803	0.871998361625223	-0.368275434313728	0.793531982436368	1.33047414100773	-0.941652953322382	0.0580511590498791	1.0455518456727	-0.514980016263758	0.815232140767359
"NSUN6"	1.27818805027321	0.865762632371011	0.0268335757726925	0.961682639430515	0.20424887814646	0.461889820135239	1.03100499182395	1.25834834484958	1.0236960136008	0.799371425705091	0.135917412114596	-1.57208647174381	1.0122213148523	0.871421987915438	1.38899741483974	-1.63923054070857	0.939569370552481	0.190792626314683	0.48150965435206	0.872900273732743	0.550616149070448	0.97193834473971	0.0320160129306936	1.18930529256029	0.689833492113239	1.02608861145414	0.875192612801519	0.750768372655888	1.00237694662038	-1.18495491974225	0.995754476373177	1.30034363016328	-2.11665246841225	0.905697042190752	1.12699649280327	0.678902094403815	0.660207956762549	1.28615150091539	0.264003176390678	0.906026726985943	0.748292346619585	0.649149406794403	0.192897100773093	0.507188560384394	-0.606504617674422	1.33098382823194	-0.80833200932368	-1.11180268837219	-1.39175946153369	0.82346256593678	0.995044454932532	0.947588041034477	-1.58029197425528	0.0721378976597203	0.893299903498979	0.654699827852771	0.0961340282247106	-0.0919021451072089	0.078042033210425	-1.06342188958755	-1.18458057160262	-0.380810457461279	0.661898394479352	-1.62452636640493	-0.584202832349928	0.836074242231746	0.849240504061209	0.46412461657064	0.924179077063201	0.918398597447579	-1.59667291117057	-1.28407138519967	-0.136581232519758	-0.197282734040775	1.15383760028672
"DDX60L"	1.39294837361117	1.43954571507083	1.53205617302731	-0.945818161533678	-0.966735223606781	1.30745309449982	1.55388571475304	0.066543132429977	1.15886148943977	-0.161500859143573	0.857010809919734	0.44984393239694	1.24388600967584	1.31954689775036	1.0592712061207	-1.08392573222751	-1.02798872606457	-1.11778406469064	1.563600901797	0.988727040728299	0.041749454035727	0.324942383403263	1.26231834812528	0.0899038120454137	0.597004660523648	1.16041014789811	-0.760280505752342	-0.13830459208617	1.66071008441378	1.33481164210309	1.35038307357549	1.3898321935243	1.42674167333251	1.2896881182318	-0.36578777138551	0.119034918531677	1.0861292525702	-0.0336128847098535	-0.88463467702549	1.50802137354792	0.0653738814853258	0.437861226785563	0.2247334828896	-0.432109913876299	1.07108639448647	1.39744787378374	-1.16335222828885	-0.0600579083092327	0.133568797608774	0.248756091091732	0.294004639768017	1.15238955432067	-0.866152792159317	0.413868403004818	1.19244609896059	0.564693278640862	-1.23354649197339	-0.0420392517120091	-0.780063668373415	1.10444608780237	-0.205459619911729	-0.954703389603079	-1.09771544914078	1.27991133544252	-1.1556347910828	-0.708505717267964	-0.397975285617419	-0.0514458507878594	-0.901744138852736	-0.24833433055167	1.29320683866814	0.555700999729114	-1.03721014518323	0.640670581016602	1.1182843110872
"XPNPEP3"	0.622036250246125	1.05701923029994	-1.13539347407747	1.25955995839361	0.15695671837666	1.35665929833696	-0.0399588002102275	1.11710539056188	1.05755123370427	1.34950058930227	0.401711138250567	1.40322583860651	-1.38200650530654	0.648531475244455	0.987236344429568	0.985211678164124	-1.13636452935291	-0.243846872725719	-0.0730870298472532	0.654292811953632	0.735808590698228	0.507170557558282	1.17015531652655	-0.593192203165571	0.64653539471535	0.996961582465814	0.59651137635745	1.22077245384325	0.941279810674216	1.23625658121276	-0.653059641026403	1.39589192329138	1.14173331778888	0.973619900696163	1.26099321174749	-0.054272508895074	0.624098377954376	1.17668846286055	-0.625981529197706	0.473637443686815	0.913402121642433	0.592313389280763	1.27740378305153	-0.180528646498369	0.855487603105766	1.12800734840182	1.2854259446334	1.28089117493042	-0.0477880288976568	0.316211334321378	0.338612483836229	-0.471581379549822	0.530386253837997	-1.51586130803501	1.33994144798072	-1.2457602127979	0.707108512281551	0.948911248641322	0.255048178430767	-1.15353173622461	0.702817215915032	1.19090963309537	1.15590553091713	0.383802253334596	0.850096343600296	-0.206664885991899	-0.356249278267996	-1.36808028687248	0.59469302854335	0.0107524752992685	1.04365191258551	0.541187439069352	1.25832554281504	-0.824489413059366	0.847983646996732
"PMPCB"	1.23709295558736	1.55281901534612	1.4659132869018	-1.34521075459512	0.148099080021091	0.358267989429222	1.38846981806181	1.61585241437747	-1.00557470892847	-1.04627494959418	1.80730889606353	-0.285779763337992	1.73509174567549	1.5655093729599	1.39274660345654	1.20057424861728	0.418644211848303	-0.146162957212848	-1.17419570275552	1.45965916087322	1.51786863029141	1.42885219724082	1.26848193590743	-0.329280717532294	-0.929152617526453	1.42592546195853	-0.208594494323894	-0.0263562125911532	-0.17156397928457	1.46741694009604	-1.0449893478648	2.27111419869265	-0.886006956364363	1.78716525155629	1.2622777876242	-1.30369489327641	-0.429773772484484	1.13935087219368	1.33353381813876	0.0744134295690757	1.13177644632491	0.417227953871156	0.0655816629093029	-0.146233849461167	1.32787091575564	-0.469904955889527	-0.942624384915965	1.55000878883833	1.31811953147217	1.26775546066587	-0.676680968943562	1.73830965247869	-0.194185515254687	-0.619246215146004	-0.581081033288243	-0.577274524541424	-0.324773838211059	0.356985459181213	-0.0862410889173888	-0.384457705153071	-0.0265791169479116	0.00172345266266422	1.15641050998272	-0.742267877016731	0.133890350699918	-0.217745157958269	1.45984803986419	-1.05461458100172	-0.251163079464797	-0.37461401491878	-1.11492478205404	-0.218406089258724	-1.29147108366755	-0.0403538466386354	1.19189799405473
"LAX1"	0.353807988065831	0.535059503220369	0.576744026541311	0.783879769020118	0.470456445991535	0.55138979670713	0.392675717016794	0.548603031878275	0.75023439391687	-0.210142139748631	0.640260168599267	0.804774421190335	0.542243707804026	0.588215841326051	0.381205569933408	0.350333016430748	0.649983752648268	0.278990140430691	0.696102518545683	0.744453052128049	0.86464894711026	0.47523672692381	0.877084411320099	0.633286290559963	1.05301303900362	0.753216740220113	-0.832171249185608	0.670302705919958	0.67484122796608	0.619917924482504	0.895198074967106	0.852180800727357	0.364080917382414	0.611148512942313	0.632602352922706	0.940549365953646	-0.156597224582244	0.686059105235509	0.475958150823471	0.77338799232791	0.810406941808976	0.710957513444341	-1.64904223751878	0.863140891204998	-0.62272828157082	0.673096717885638	-2.34973394788222	-2.15572405951569	0.588430293966334	0.341280483293335	-1.33416122737204	0.986684443117233	-1.29343263948395	-1.99913991248668	0.19009762541038	-0.0825499939808872	0.70246922482824	-0.42787411792871	0.00655443812246815	-0.310175493541457	-0.835966325849323	0.591483520260937	-0.707359618328727	-0.973497665405104	0.597896100098293	0.742057420024202	0.53053106452771	-2.01335808885824	1.08239807919025	0.00783753703591889	0.589289466939836	0.729602071242548	0.656771112066526	0.610443582356721	0.691905595096873
"C3orf58"	-0.717077522299299	1.06608213263488	1.05918099470327	0.220624847562352	0.860254928541709	0.439201472596035	-0.199920483179973	0.417444537007133	1.55379634434865	1.42842773302324	1.29459305641185	1.29742232802585	1.26779662405093	-0.214294212256766	1.29732177553507	1.37102028890959	1.43238180104858	-0.421420056925562	1.31519315858378	1.11517051986358	-0.882460929080551	-0.232641442588744	0.962963207440246	0.321998201844301	1.03424175893375	0.588070189729934	-0.719740541678046	-0.173304696029681	1.2598592899638	1.6307433403539	1.01634420186764	-1.57959709933026	-1.21351768988022	0.318195228173647	0.071658546431969	0.150132896289289	1.31376089019499	0.456702821905672	1.48627182830169	0.352502622859767	0.983088317880204	0.488925751020064	0.67576204331418	1.07219773525694	-0.942292759419292	-0.02947301162375	1.03660658447459	-1.50182225274226	1.12420739136228	0.117155133380111	1.30291735768881	0.783482172776531	0.996091569356242	0.465281594170934	-0.556064274421188	0.790075893989835	0.385251051120809	0.0803430831878684	-1.04012756235953	0.485608695195877	1.19156735080237	-0.229944666858878	-0.880069486859074	0.486277307633942	-0.303391095906722	-0.0367777552272564	0.0796536625008072	-0.214156950913353	-0.959548978226031	1.33746957382212	1.31699021545929	0.415915011827381	-0.880191965108707	-0.130099217333826	0.489205867840595
"TROVE2"	1.48759862488506	0.856333024294537	-1.11112774330488	-0.69403425940569	-0.831938943571291	1.67972157434431	0.0515517397630245	-0.73485983266204	1.24419227759954	1.2949313971952	1.20507417429365	0.514255233819935	1.34632562185498	1.59246119533425	-0.926463401614486	1.36199216027145	0.320791300561267	0.684600109911411	1.81288364673115	0.37056685233696	1.62126871902044	-1.16524503752803	1.67347176690051	1.51916479101483	1.3710795427453	-0.0750426294046316	-0.972160007082528	-0.120935452372422	1.51455967278397	-0.255954245328096	-1.32922271867873	2.03268967646956	1.27389590266745	1.36593245428325	-1.46469905105497	0.459489362059441	-0.190550494491357	1.09362059145967	1.51990760924767	0.145660866804166	1.45222480503066	0.0355733421420653	1.36910796668742	-1.13427616320082	-0.347431816277275	0.205555725159233	-0.159938908138621	0.0914264223440817	-0.699808231041888	-0.30096621423147	0.479247592868248	-0.060443700863763	-0.00316574266225396	0.182205246792289	-0.682685753287204	1.34445994642407	-0.547610373076025	1.31392238668511	1.43919412892739	-0.897827149518782	0.0885396892674836	-0.715905356333616	0.245062301725991	1.50499518204127	0.0218604132256965	-0.181073011671784	-1.04502840272484	-0.808268882026097	-0.911954073822954	1.30080138182359	1.34517423310141	-0.329242615374359	-0.00878557161681046	-0.705883790136573	1.41823015679671
"PANK3"	-0.803682177198505	1.65368158760215	1.46236351310801	-0.599091864165647	-0.680440480930642	1.26767490856122	1.4588221132507	0.0298450190285385	1.60616368195435	1.51082504282184	-1.0611064230399	0.479572855283867	-0.530407857380374	1.45330752732071	1.13829633895371	-0.953339374371375	1.40121417428653	1.36685048372558	-0.823355495967593	0.336918688338852	1.47080091258263	0.242563143590708	1.72538835118133	-0.546980970726704	1.34042606752294	1.37091533506968	1.48471685570517	-0.0140695557142636	1.22797136796223	-0.474267956331607	1.08263663754873	-0.102370313245586	-0.644887369323386	0.680355589665185	-0.729927373484639	1.2829600531195	1.39693385873847	1.73045572513122	-0.954818503634896	1.17561433890044	0.240124615573587	1.28077824992864	0.249845948293164	-1.06316749287036	-0.931479329126527	-0.706329845033289	1.52347699370433	-1.08171980355488	-1.07738647106008	1.18277536746156	0.740155196941847	-0.325402891915613	0.265893885196269	1.12299350230509	1.44040064352053	-1.02873425364718	1.33066564824071	-0.573529190883598	0.298216128560346	-0.232853144739908	-0.940708510727173	1.47987047989629	-1.12175538968236	0.763867020074479	1.53974538581711	-1.17912803611852	1.49600121419739	-1.0897772380491	-0.874918906381998	-0.195660031719239	-0.852632392200949	1.19314111568643	-0.355163400757036	-0.709092430405545	-0.758458267405195
"MANEA"	0.533987497416336	0.996534422770439	1.02723300809152	1.08622596025889	0.929341474286792	1.02558607251764	-0.648393849861011	0.883835165464348	1.0389588759448	0.68088175320154	1.02458590634809	0.645737116339825	-1.27999848696022	-1.43771884120804	1.03368860235654	-0.099569410890064	0.649731781289337	0.937232288576341	1.08013878926888	0.208678223274731	0.138998919974805	0.642500328387085	0.729112106814683	1.07057035205281	-0.567531653266347	0.855604076353832	-0.924615125625083	0.759740590311726	1.19625748008293	-0.690015094632692	0.575820026713582	0.985455658973408	0.359508804744985	1.19028778053812	1.13245064205761	1.10267905087656	1.12870922643933	1.05859527186752	0.312516332211262	0.537018349547678	0.768247976584219	0.591717279929773	-0.432017874702254	-1.09801292238061	-0.281286573734125	0.658741759468589	-1.40696654295966	-0.0244890044964744	0.51122700228425	-0.740446748911072	0.0454643775391768	1.01876473347024	-0.0311571819447837	-0.213997821477984	0.960218857163505	0.633666643238404	1.09917686988876	0.763080099612323	-0.899985627980312	0.69416747364254	-1.03477299892064	-0.303898278589737	0.434985022765335	0.737939566180152	1.04765335551669	0.92502406752661	0.750665193779761	-1.78590229023647	0.13221029200042	0.559804255713329	0.905879895799486	-0.202625939754555	0.944673617238322	0.0736833823885424	0.7434526811224
"NPAT"	1.39300522821258	0.942972625364983	-0.540487477205738	1.28652636427173	1.66549240082735	1.14254833605455	1.67114372942793	-0.192265364417489	-0.670467514796857	0.090581646876319	1.15333220266149	-0.296773411815659	-0.496139191459447	1.12474896096027	-0.631822479506467	-1.76294492476803	1.34877313020319	-0.127724510078732	1.22401234460975	1.5186249919066	-0.52220040287407	1.30807838754422	0.659870727708276	1.39684598247355	-0.0220993808088904	1.13725014675142	-0.973523768324412	1.27330761545237	-0.763062193287644	2.33358630930085	0.0486831397076286	2.29114493125157	2.52050608560464	1.33029222588222	-2.27375000466904	0.246156788256872	-0.16271066845741	-0.37757436289017	1.48701624469066	0.866679067161054	0.995917425022694	0.196861668470807	-1.55114848094102	-0.680485433003017	1.27263717623569	-0.154072163192658	-0.607847367147183	-0.309767228556171	-0.533988477887674	0.323711309716443	0.639839608001374	0.855350928227192	-0.512379783080396	-0.496638303145086	-0.0161074261686062	-0.642726607130915	1.39965605030912	-0.0267318968219999	-0.40680809127529	-0.4547604184347	-0.159816807188416	-0.590055219846682	-1.25148883950934	-0.0467388885387165	-1.43713518404695	0.438955528021895	-0.387938091151609	-1.95492598794536	-0.435463609079581	-0.435229301195239	-0.132428573522141	-0.0475725677318687	1.27947765483453	-0.183858712572261	1.29190501752631
"ZNF630"	0.0147350866218061	1.43804496077295	-0.176092167189157	0.00727560367971868	1.43114520119082	1.35004574043188	0.162408478395124	0.567110542182579	1.05606051686566	-0.150376609438898	-0.307881592902861	1.44695440396981	1.43428088012843	-0.202763188072131	-0.277969432782561	0.873513308512942	1.49154476007718	1.49923609016126	-0.800713721781755	1.51989990815523	1.41937041130428	0.964030085282043	0.626095062826121	1.06098645115663	0.887748157626635	-0.00502597683173545	-1.05683112350964	0.587855266030396	-0.403765064848222	1.68141988529975	1.01383974800044	-1.60383840708984	1.68623845879637	1.38744473875541	0.517575680710221	1.16621619604438	-0.192208929557788	1.47559932043236	-1.1160266906914	0.907952498929505	-0.793784615036583	-0.133117392044402	0.93150993033952	-0.358720177934107	0.649325467985909	-0.465837504601188	-1.20854158611977	0.969460556291209	1.13735164431687	1.10975284098472	1.37057635132999	1.44808681672138	-0.590367060593402	-0.949309508913519	1.46229828350111	-0.232824999138289	1.45626140999728	0.901574026077001	1.08483044163694	-0.988688640612479	0.534561383998696	1.05083664615111	-0.0276389442063167	0.450307029361648	0.0951705320308843	-0.257400793008968	1.16211857199084	-0.336675698645392	0.687167649631815	0.0139987901232842	1.41696185610529	0.932376959273567	-0.0771710707973856	-0.0627993562377065	0.305547313982429
"SLC38A9"	1.33618521270633	-0.234163074397964	-0.314774234430625	-0.44158568706701	1.38995095059891	1.25822698563412	-0.78946434421408	-0.386233785961056	1.40353306185004	-0.923371868592795	1.06350325655075	1.00284561760325	-0.436855332338302	1.62674614850909	1.61005506606016	1.37101550582735	1.81728428012076	1.34972024403997	-0.78364977238973	-0.305559806118559	1.55459396799651	1.04312301776524	1.06752184622463	-0.948142438967823	1.46778353322437	1.73370351004242	0.244520393802373	1.44867496726547	-0.777502343317445	-1.38849834650169	1.23920152292068	-0.880575634746697	-0.874042368704782	-0.697854070580366	2.01446292337826	1.30956535279395	1.3668479912336	0.933963973127028	0.814318538243306	1.56999523886445	-0.289770886675805	-0.464125032546148	-1.15660303247042	0.112949212078662	-0.908334817145459	1.22640539910681	1.04865900751504	-1.33305179350226	0.255766147546059	1.78930480942773	-1.08669962005538	1.06623661813096	-1.18891960378419	-0.206003989684796	-0.106361133316432	1.33981202119922	1.3216639280852	-0.393235106446749	0.618310756096569	-0.751442423537951	-0.727228630023196	0.788234005662148	0.929363216373764	1.47416192809796	1.42318498188775	-0.828771495629636	1.50336765363511	-0.956434673102066	-0.991933044044745	-0.65652191860927	1.19378704753223	-1.13843688576718	1.35461945699393	-1.35150562767363	-0.292123056436883
"SRP9"	0.959793194622576	0.440347875585773	0.900677897597625	0.761514940032315	0.880648599828463	0.448133184439735	0.490635868208786	0.62034493325705	0.297915105697619	0.799714296814002	0.630875936369508	1.1654778902579	0.604776154490025	1.04325831710332	0.627678406131718	0.471507933917795	0.362027244112244	0.950602335778286	0.445615520335497	0.681842628076696	0.841127713086002	0.774050890231042	0.692532027714462	0.684215395824631	0.481706803912377	1.30631598759979	0.199734209417926	0.618452135573855	1.07780456405675	0.835297624778477	0.435822004459355	-1.96184776254557	0.738674303778175	0.680696430837894	-0.09664830054106	0.0817006745451852	0.330102678194596	0.0854996115920423	0.501205799474533	-0.257983139422932	0.876888923896347	0.991827585057079	1.22942642942883	0.950067276793193	0.181358572475701	0.602840777386186	-0.611854941057146	1.10518948536068	-0.206019615947495	1.22439621557872	0.581463667303723	1.1464014019426	-0.41808393165169	0.413834162034583	0.499902978921243	0.633816661473849	0.953271725742237	0.721365543646614	0.768603825906902	0.258508207265846	-0.325489618709321	0.544808794187743	0.601763849799754	0.769392801414889	0.784961908066778	0.25149195776367	0.166570820474819	-1.12854756966274	-0.197579923272604	0.346823637806391	1.2348629506197	1.04734712526197	0.765830605529313	0.0298295009388699	0.892278890292826
"ST7L"	0.241448581804942	-1.02532330020945	-1.1183358526507	1.39855871417944	1.36339467251547	1.48810664813155	1.72474582016225	1.30561920323585	1.36400323439169	-0.466213042971244	1.3826156710584	-0.385505459079986	0.596251592218372	1.64687382561153	0.0530512743121303	1.63471031217438	-1.2262743197631	1.40411484778601	1.78656001458921	1.42512682185741	1.33405538749695	1.31387921415219	-0.239593717489061	1.26836485681771	0.164824820916418	0.386618717287042	1.24568206025347	-1.00337389076891	1.35535865591185	1.40656224013559	1.63987091213954	-1.58077579284363	-1.69199478737652	-0.878341405870176	1.20005162186603	-0.73639063946894	0.58311207444783	-0.0277925051850528	1.2055811944167	1.16964510022391	-0.238603144125019	0.0905074098238549	-0.329017575543673	-0.241104168268689	1.22595258394234	-1.04009108864809	-1.15437629705331	1.26372165571236	-0.925258595327473	-0.306874094290349	0.111603869397679	0.32741908145574	1.31755662442177	-1.08031605673292	0.138438073438591	1.39372777177856	1.13423808590826	1.15013956920663	1.39322727972278	-1.05807045493941	-0.165725310514209	-0.231279074999584	1.41988326245524	1.22074305927872	0.211873663124889	-0.276172760967605	0.372769856349229	-0.42745648102502	-0.210272756354717	1.45151531357974	-1.13542118578869	-0.282358138535693	0.0611088170840149	-0.194084840664885	1.29055782561564
"RAD54B"	1.33812474365878	-0.237966103893853	0.116126641722371	-0.178257684036632	1.32103183458154	1.25285305554928	-0.418993323709446	1.13743674628929	1.17588660306822	1.33890367636463	-0.128979807284366	1.19462681605565	-0.166973956359363	1.35916924818456	1.1453152093297	1.1536172037552	-1.26675069459471	-0.278373291816181	1.44483617297711	1.24112729153591	0.349504665350743	1.22926621411701	1.22260328385069	1.07638849899683	0.128178750635503	0.0436173880497142	0.120877421130956	0.603128462338967	-0.851598043933254	1.57971216825478	1.50804416423009	-0.191577184901885	1.56260772033785	1.26045195390885	0.804828951961418	-0.795277315808567	0.0668280028003806	1.26616034304593	-0.744029386321673	0.387405818517442	-0.844273025897394	0.600395049867127	0.0414533346520201	1.14363804457978	0.302783773525274	-0.260822520448152	0.90870345183927	-0.970044382697778	0.227880039998397	1.28920536278385	0.333973144066744	0.421839701176388	-1.09783661341728	-0.950222264792153	-0.862425293332143	1.20783203802634	0.253324888975875	0.083247686370638	-0.265362817903443	-1.04049508749957	-0.386125521075468	-0.979765111094117	1.26155728177577	0.680959765910714	1.25829223157008	0.791962291111814	0.2537829025697	-0.147551207001652	0.376969383156839	-0.849829634017588	-1.04482399147354	1.06601795767954	1.30973762901868	0.484748657726135	1.05080015896277
"N6AMT1"	-0.791205307459924	1.16495759848357	-0.449074630711969	-0.337186005327468	0.635869059891054	-0.464806068845036	1.64226568152578	1.0846778701869	1.46354337594995	-0.309510942929623	2.12611079943187	0.555616519248063	-0.976913757185112	1.33695335982103	1.41717585871953	-0.992343285239387	-0.948625960303271	-0.0180612671535802	1.29116745675509	1.28229072667547	-0.693684717105595	-0.901354609684528	1.46301900924972	-1.28230996451899	-0.411637812613618	1.36575639517337	-0.452455044242062	1.36892027420119	1.33868897144786	0.0156910056525976	1.17540988427059	2.35136470545667	1.67992400948188	-0.5533078428186	1.28818266521289	1.33573045804589	-0.22252662908763	1.38480743701768	0.442111152599761	1.35440948150035	1.55944277481485	-0.782074003526487	1.11371275426094	-0.972847537397839	-0.709897966182495	-1.8201594865963	-0.599712131475972	1.19243505824313	-1.74993641524708	1.40971083887507	0.304801106837897	1.44578903798907	-0.496233585295603	-0.940720649133092	-0.812796176464873	0.318697331355968	-0.935304136520691	-0.674401508062958	-0.438490571365173	-1.13254621108034	-0.568620117408173	-0.77689380395216	-0.444779890575986	1.48547586080372	-0.66743830458751	0.0730530092306502	-1.09324860674634	0.453001399754335	1.32447018017662	1.34948240500327	-0.413304823801203	-0.286694411883146	-1.17783559089337	0.543056515283316	-0.83956589110242
"ZNF443"	0.100433948416823	1.33616242622373	1.28389260703022	1.28352599843225	1.27915892978927	1.27913738006926	1.29877800192592	-0.790277774641787	0.432927615990427	-1.13700399565607	-0.231296851722825	0.227251792752242	1.28973074051466	1.18768183899599	1.30828619080763	-0.148487988708254	1.282154927032	-0.2437215801063	1.4084155121597	-0.257631485876921	0.295183221060796	1.28216933029313	1.27168656761382	-0.636143435367465	1.26967926667527	1.17265176497476	0.369482007971119	0.040200887828665	1.25228325887452	-1.23390321666666	-1.01493695858319	-1.72249123112034	1.74177632944845	0.821042701632019	1.30132869287667	1.26019695244789	-0.0647959275702515	0.146652231679946	-0.0328152435574593	1.20869693844421	1.38777804505744	1.15002618832556	1.20961971132087	1.15850707300091	1.22578087917224	1.20319952648957	-0.233163640277389	-0.0713345419861966	0.0438233933045578	1.23567464861158	-0.0475937546355092	1.21098289318872	-0.294747604410531	-0.14691459683165	0.102376036960595	0.0636949728608693	0.315434590131833	0.0681077735647298	-0.568348046823785	1.22035442747677	-0.0694455353365387	-0.790745897831688	-1.14571804982462	1.1943360414041	-0.894145597301025	-0.189970464657217	-1.00572476948468	-0.0908106053772904	-0.166328904318916	0.360115092227237	1.28605408396951	-0.168013918856868	-0.18775909953588	1.23086594847419	1.23562770644992
"ATP5S"	-0.131407958329295	1.71741839996044	0.807248218326098	-1.04751668433407	-0.0960984182332246	0.248881037354387	0.43734690597653	-0.23595440843528	2.28825303866898	2.63413117727035	1.96824691433223	2.12488315059644	1.13621509239224	0.909034986108705	0.597879500299016	-0.746816408686402	1.82437237347084	-0.397131337125573	0.0112735063019411	0.427290318124108	-0.32004736247761	-0.00500113634539026	0.853114651024055	0.516275966454862	0.909579254965468	0.179140768471279	1.38680268036298	0.351016389692518	0.553048046643377	1.28892274888045	0.00925938192165735	-1.78856903338533	0.571481479468888	0.275818242556163	0.393460026986245	-0.260209604897438	-0.0925456964340994	1.92172691350928	0.150854600668763	0.247150262131587	0.646366082996761	0.6319077571742	-0.246661761914407	0.405140836998494	-0.124230717481396	0.0399180302316721	0.813704199700668	-0.429601467918679	0.350215549433903	-0.0425543494258191	0.647661062605199	0.0671722722967197	-0.426872198780919	-1.76429791402192	-0.0781973894845619	0.529834141063458	0.00148016988736507	0.0934380006641257	0.793425633744582	-1.24018968012629	-0.792612550770664	-1.14084092394944	-1.93274252250175	0.550691661461909	0.943936151568299	-0.259140194835163	-0.0851011487997549	-0.597839855080114	-0.178540605147627	-0.481829689154072	0.0214396332053944	0.830595068489569	0.155508230736767	-0.589185271381441	0.521999530673019
"FOXN3"	1.21892197712033	-0.540874795973997	0.361816210509982	1.58457139637176	1.62446746740359	0.184195946659327	1.70363954275468	0.99188072232845	1.66347060457002	0.605658595060686	1.38479225944934	-0.0887047557796414	1.32391384843484	-0.36011689345992	1.47672575571258	-1.38767456406598	1.67193695524732	1.14562840047658	-0.29422837302092	0.650522005029302	-0.111961331588173	1.08034656132034	1.52879531126261	-0.263218853588003	1.15321300497089	-0.608071894277643	1.00079373306048	1.03912196138887	1.16858131484809	-1.19865907096552	1.64510107833573	-0.856016090074447	1.86659985050183	-1.20376069024354	-1.09482686956059	-0.658806517588411	-0.297640027340908	0.12503812912067	1.47111752209002	0.135309470646162	1.40725581932912	0.567779913088711	1.15517636239963	-0.50956820200839	-0.697922367653508	1.43315728038455	-1.17525228315167	1.10266196915491	0.983950696621241	0.99522271330458	1.33682769944109	1.28326224131532	-0.681624710330653	1.58469773601238	0.71115015518009	0.138394593300696	-0.605010644107553	-0.231314890289563	-0.192239291761447	-0.564157169934435	1.24030957367881	-0.529879897696668	1.2734365630949	1.2286843435947	-1.22711122163044	0.422077591453838	-0.528758912881273	-1.08602437143323	-0.908014775303514	1.5512290305477	1.22553690225764	-1.05753470190332	0.930572810509612	-0.0200467759877337	0.131146711956226
"ZNF461"	1.19110047966843	-0.19854164192436	1.2742699473421	1.3334428840583	1.23328509055114	0.824254805054774	1.27925665714004	-1.43107729010934	1.27426351296434	-0.208359537923882	-1.19839462681688	-1.01697238697632	1.23381607328719	-0.420309599329951	1.29724437750731	0.286215251084724	-0.450264760358234	1.21631550095587	1.26972145130322	1.23873067844701	-1.20116722942946	1.17640764287912	0.312497643262109	1.15428297128207	1.16769045504518	-0.0246289452240108	-0.379175320364985	0.253512412238226	1.26499929373688	-1.3970391283653	1.29742320880515	1.69250776897295	1.4127840008581	0.211331296981515	-0.302411841903727	1.29453039926001	1.13610924842341	1.20125828080652	0.540036422593376	-0.00361401453236427	1.26680842087316	-1.04680607602425	1.20723485851332	0.0704129169666096	1.21214548789025	1.1751869194394	0.619069653267957	0.0287782135472724	-0.16108212448033	-1.08951639156344	0.418574825463184	1.2791884340934	-0.796365480640468	0.279619423777305	0.355383164421444	-1.2231774154094	1.28110897677808	0.311020707279692	0.261140451838012	0.342691634990012	-0.671535755969791	-0.920774042153605	-1.3709153003503	1.15698654372052	0.702407595325571	0.353226423818018	-0.745201963031035	-0.90608808559769	1.1459910895343	-0.281619452387798	0.0127864176920125	-1.23323753282638	-0.648074032563253	1.16468236582288	-0.0501383908733105
"ZNF701"	1.15119339203447	-1.18575232852187	-0.165405856320249	-0.540220559439692	-1.12857327122214	-0.902098613908772	1.64259593095209	-0.140566203077658	1.42284866738786	-1.18369173601021	-0.128369565695232	1.60700881312502	0.077829248230526	2.05025411868571	0.908858288741909	0.961607554722878	1.64141130274349	0.938647864039938	1.61064176672981	0.706251395813311	1.17464951530036	1.12227779488268	1.09016152484995	-0.197398615608573	1.1817661539051	0.830574441345955	0.969418190167872	1.03361775263152	1.59799562107814	0.874723506865811	-0.92794541367834	2.07883309442271	-1.41569958453086	-0.599659981708058	0.890271838292879	0.885359206067528	-0.40358373701646	1.56168390749917	-0.0445986499540457	1.09248819459154	-0.156330352750936	0.511052522853651	1.09571187749333	-0.383943127001151	0.554192268652671	0.556736535320428	-0.324729815644965	1.14627952928774	-0.479882727017919	1.49693745550743	-0.174571253232213	0.675343982221353	-0.804977349061339	-1.34949706868818	-0.232883889278851	0.632108304006378	0.92647096770905	-0.864544115759932	-0.447297645213405	-0.891157080654928	1.21068828112408	-1.17806168288264	1.117736384289	-0.533866845434424	-0.64245272186616	-0.369500565522497	-0.0141014832604622	-1.40357733967722	-0.21818427571087	1.24791717154452	1.62317338514609	-0.0725334191655555	-0.431085028705482	0.363763676066683	-0.718287194603174
"SEC31B"	-0.387772815602471	1.08774340397798	0.684442181498525	1.29544330520842	1.44778630545878	-1.12368738611937	1.03065429878624	-0.308550425016968	-0.641356692618694	1.48161268294746	-1.36285292491739	1.4128681129348	1.18854421319612	1.56263396145147	0.561600782937811	0.0149305097930827	0.741335502552267	-0.254615250687637	-0.356706614073686	1.36370399808321	0.634808722668653	1.43452329479734	0.535346136079873	0.117597605451778	1.19137340531488	-0.679760380073581	0.725437542652411	-1.07936187245207	-0.415086984013941	-0.178463914166616	1.4807818893322	0.926931804790301	2.03038240472908	1.03981445056346	1.38580015400751	0.915242629516879	1.20602480524545	-1.43494138790338	-0.223468070695572	1.2374025919502	1.26560177708832	-0.375881593137927	-1.31316617049497	0.322698964100927	1.27998848838275	-0.559759841733366	-0.298916946669762	-1.76558263510427	1.24670129325856	0.186953921351032	-0.865465372926448	-0.256471670992741	-0.851444636548693	-1.3613938200133	-1.70445949861676	-0.843943702286495	0.205249508923379	-1.02095411629909	1.18502569351883	-0.999552100637642	-1.25244288226841	-0.589165765277935	0.958041195452923	-0.493137170025984	-0.996398030967847	0.102478759843725	-1.0803132671563	-0.987050266441634	-0.0460466825287558	-0.935336809281124	0.0253910776112363	-0.00506607408835101	-0.389423569656896	0.460041187752583	-1.64225276484878
"RASSF5"	-0.663131095102138	1.41417993957976	1.41856330398305	-0.064329189542355	1.15053618257956	-0.111807931827811	1.4661946734967	1.43565411133533	-1.1604050290079	1.43120685963121	0.0699744561939522	1.37862846856924	1.67881522667556	1.32796332043862	1.46856754479266	1.34988855647081	-0.332333694421608	1.35400877481566	-0.82892219319967	1.32027501207942	1.33812625514116	0.25456909298302	-0.241400143417002	-0.642857317106597	-0.682753162077694	-0.238229969780755	1.50758684165101	1.38316411473832	1.50141927157522	1.49387956645193	0.381999522403532	2.0190175565146	-0.995656223087854	0.0729200189692798	-0.797615152144849	1.45204935617957	0.214650752910408	-0.650089769415987	-0.728074581298612	-0.208395533476724	-0.185142195580292	-0.68341815756656	-1.15326632838568	-0.870848522827342	-1.13358731350201	0.0568548631058799	-1.10967192000087	-0.697537159564814	-0.462815823255127	1.35565585157733	-1.30766086240347	-0.597230615014361	-0.51222032682095	-0.746706140263745	-0.69001347493192	0.190539194716717	-0.0728618080174213	-0.971875123242342	0.28562985559994	-1.69529442805804	-0.907397266826975	-0.700113153029591	-1.21611818083468	-0.30961445631228	-0.533831313577256	1.34433698562581	-0.678046588182704	-1.94888686181852	-0.612670357721223	-0.82264222244555	-0.602371017045056	-0.381804416125558	-0.870017199921783	-0.681554152853834	-0.294685061950459
"CEP19"	-0.293410238970521	1.34723622583349	1.27768164157678	1.31885230472028	-1.1157234768623	1.31002285301977	1.32547173011391	1.24100299345184	-0.826077044135132	1.22842636084984	0.559975164076283	1.26943203856192	-0.725038342065703	-1.33152265453969	0.216528452372039	1.2682267577926	1.31302614366087	1.23492237013488	1.25702626135313	0.261719998538793	-0.304495250676815	1.19356282537749	-0.317621176246651	-0.122454839645809	0.172910088656674	-0.0792562265153489	-0.582929932367667	-0.149364334021542	0.36677643191354	1.38384666070664	0.373487914825033	1.65561680932055	1.28397718862479	-0.720575271708787	1.23605240432244	1.27527468839223	1.18314883218824	1.25447218317711	-1.02887113542572	1.22310418728518	-0.139616652498569	0.265448289723546	-0.963187578988718	0.237688593996913	0.925453761532284	-0.314529002494735	-1.15227294931125	-0.124674394804135	0.382119210641346	1.19215587302081	-1.02712978288542	1.21015266941908	-0.786775207829601	-0.414407364996791	0.0205362895267272	-0.132477401016731	1.1944748529068	1.24734100599501	1.19419705386527	0.0585638127618454	0.445246175553132	-0.0218514443787154	-1.12007055539987	0.471651943862137	-0.698521584093221	1.21667840640889	1.22062993152316	-1.33138591356452	-1.12493276903069	-0.789881708724579	1.25630079114836	0.317725576106481	-0.699942179825832	-0.147107807441893	-0.1926736928343
"ZFP90"	1.35769071119157	1.37612026650173	-1.12047866950969	1.54768590015908	-0.650256121962335	-0.514616216324401	1.36271097282757	-0.228792117373312	0.377175934084297	-0.0204880436967959	0.45328636735406	-0.943653355004217	1.40329847397481	1.40254107945592	1.31080918999254	-0.0855324768218862	1.33773053516024	1.33028434763902	0.0143214484580084	1.30441467975434	0.18281796130835	0.0536184030589993	1.24593497306686	-1.11802463754761	1.35458360604364	1.29671624092264	-0.176489038089981	1.2892467617194	-0.0779376904946967	1.33634842145731	-0.28720901814234	-1.0195342756075	1.97200707349024	1.28463090112309	1.28161372305299	0.221196426868526	1.38211427792614	-1.39214642634334	-0.368807160059902	1.41926616619859	0.379002046164833	-0.330900577471713	1.3523372958882	-0.645227944252626	1.31018200536011	-0.195723323476256	1.20982280839272	-0.612334812044764	0.269965547171869	0.169353604586755	-0.530784292681394	0.11842248508501	-0.19750122906443	-1.50029223703479	-0.756948181102377	-0.10584255846514	1.33883116759842	0.224705346709808	0.229175061425468	1.28939335356064	-0.868714326762412	-0.912302608497038	-1.57657104912993	-0.426224695255352	1.41672635271733	1.298181500199	-0.121347805486568	-0.126648373439954	-0.561622726499323	1.41728276916891	-0.598038214830783	0.378652149325863	1.49729334209381	-0.285771781795683	-0.0664940892677333
"DNAJC9"	-0.141671751809717	-1.17020095299079	0.448965648441787	0.412026408343902	-0.896063515898943	1.32685769934328	1.4068903120783	1.18491437506082	-2.19714110012256	1.20384883749866	-0.251581787969383	1.21087063388353	1.18975024569571	0.446982948360124	0.422614598328351	1.30520291703378	1.1719910516941	0.402336892243138	1.20563692896833	0.836694733020894	1.18634603997163	1.18742836598405	1.34425195334547	0.317431424711379	1.34934088630926	-0.468386997594945	-0.544396926918984	0.491723280703688	1.11432059456516	-0.886203661878453	0.914125128270756	1.68551925809273	-1.16330930678085	-0.649816699744612	-0.830554431041801	1.44416165948958	1.12441345449706	1.32085039582869	1.25608215090619	0.484563674535845	1.07325712526616	0.520386746932338	-0.321619815861061	-0.785619924153553	-1.11513807452148	0.641606175542199	-0.594927962873158	-0.101747663058901	-0.301354624825648	1.2152121839181	-1.16714649992807	0.384718124874205	-1.13599490629183	-1.36620297929966	1.17694254306844	-0.535799643731099	1.10254840240445	-0.400441551469876	0.337438533448133	-0.312654997366919	-0.823413052735863	0.0467205795488904	-1.1615699926967	0.358718107209005	-0.26914952543629	0.649614528439425	-0.777860485867507	-1.51550617175123	-0.421969692243519	-1.16355254766409	1.27547402903146	1.32065144666685	1.44352603713491	0.389472310935352	1.05429647065591
"FAF1"	1.2988628690888	1.3864103349343	0.0188396738651832	1.29001859940126	1.74490243852245	1.6934024255431	0.394285245776002	-1.13939096401545	1.66685713395724	1.53345463228853	-0.697120002625002	-0.653932467886361	1.63790857589939	1.51840261055973	-1.40133674901568	1.21888949500543	1.61072582908824	-0.232119616380137	1.39767884636012	1.33289525843293	0.047811621728705	-0.529188718649949	1.6953319585262	-0.844181474639766	0.442679467032154	-0.862156602780274	1.69761595875748	1.1037787813856	0.146211059612608	-1.83169374293602	-0.550554569880028	-1.03882302167067	1.87684598418283	-0.500086988308328	-0.514098550493746	1.13636088410852	-0.864228899443702	1.52904708120086	1.97472748393355	1.21177565452923	0.0653676776807745	-0.182275800522277	-0.0965853743267973	1.31534573242639	1.17467854632475	-0.442718548700025	-1.00954051840659	-0.0538239687199447	-0.0276019387400385	-0.251337526030678	0.478597468957668	-0.205105705003296	-0.809400166488577	-1.18590226404551	-0.136063742376199	-0.41387070355074	0.198010595729011	-1.43967085930303	0.3662159319377	0.0438278331254992	1.30024765474131	1.27435159165948	1.31493337823873	-0.304211206610741	-0.0929607446332026	-0.814355095832436	-0.0296165763376679	-0.185769898671617	-0.356184713365545	1.65835288345617	1.4314636306002	1.26199278367055	-0.256085607632512	-0.342338837281108	-0.675849708318985
"TMEM64"	1.16677568677965	0.454555187820219	-1.05578174726924	-1.22916811872784	0.974452830452738	1.63023255011148	1.11778531906723	1.2472621997629	-0.624474485111216	1.20883878038606	1.35239682846663	1.29466474422933	1.35579205816215	-0.738451700397519	1.18893058530718	1.46937641944988	1.45015360060068	-1.1154994011193	1.47245668347948	1.32693557159552	-0.4378157779908	-0.380024786835944	1.12785472761424	-0.7189940205691	0.226886955065493	1.21061947279441	0.340352587628115	-1.24875611089379	0.232517506788091	1.88151199501096	1.54327225477436	-1.34020493131666	1.96510180253956	0.094434539373681	1.56341398055694	-0.677232533881662	1.39183656020595	1.51105768721133	-0.15797542436525	-0.447760605248717	-0.679754921463446	0.285747720409156	1.38166291871905	0.539512957673011	-0.944889623967025	-0.0361131959383615	-0.565547941611789	-0.147569574549452	-0.703100424410464	-0.333256246847621	0.51099061059863	1.31811578831261	-0.901532092063651	0.391583574792053	-0.965696461027562	-0.379922226187703	-0.298958647314105	0.433824015862378	0.189504014162636	-0.688850013491666	1.14764158154013	-1.40555259410446	-1.04941352085839	1.32697458208784	-0.437018159688764	-0.0461844982305762	-0.253780863730641	-0.443618067324986	-0.6793961822242	1.37694567607323	-1.1466592409081	0.0849481179396974	1.42451339799803	1.26672132272581	-0.337854008423512
"HNRNPL"	-0.0210909948734697	1.65508714185215	1.38249796249058	-0.723817304441504	-0.574464142796534	-0.841767736976518	-0.583865132599717	1.53216074505492	-0.827529469512006	-0.603916442925197	-0.688716889314671	1.56251965853987	1.56374169519749	1.61109180442208	-0.204792030533839	-1.06919994453338	-0.635543947964603	-0.278447400533414	1.69221059520288	-0.576099133756526	1.21012113001546	-0.441804722151907	-1.01533394564472	1.52431712354613	1.38902010567651	-0.315172694182833	1.42257838339387	-0.163630027822205	1.36433480230733	1.63058951678147	-0.474851474859358	2.83884682224024	1.92356245175344	1.62201460375135	0.0190626099556287	-0.472318928193028	1.78247962467917	1.60984039881766	1.36498454283685	-0.901371568701874	1.57371498383723	-0.613624145544342	-0.378337381648611	-0.621479938903482	-0.478482034147863	-0.545715220162497	-0.4432177860898	-0.885948795913623	-0.0776243640821506	-0.251382931162836	-0.860719008837365	-0.731998871985404	-0.862118847895481	-0.604444625763861	-0.726699910769264	-0.41531011409639	-0.568959967514146	-0.767651041573032	-0.262217907082948	-0.669718764255513	-0.183167550628495	1.40646166779238	-0.582211261561871	-0.583557611872117	-0.830788765614054	-0.542996084678707	-0.671872003530201	-0.700790495917338	-0.178507169810133	-0.790467053645027	-0.45905322426868	-0.550974028919301	-0.536354724022569	-0.722830067470255	-0.543960225808159
"DHDDS"	-1.05819667158883	-0.247572207311259	-0.340290957525784	1.10690213584091	1.53009080507748	1.45042306828913	0.135689657934202	1.26734358068225	1.65513865425086	-0.338463157840343	0.986100386907229	-1.23539182807702	1.20746157731479	1.01495121010669	1.21077873718804	-1.08869278826819	1.105903387593	0.94049861478859	-0.925381533646401	0.195825477796351	1.16175782786458	1.17120397319862	0.646061136594402	-0.800288630681412	0.289345835972318	-0.220364598437683	1.28684368967007	0.096016246933203	0.882634129326554	1.53968404247742	0.0160822262675005	1.01579155939808	1.75474333537485	-1.09053439298132	1.1256416079579	1.27203608025812	0.0095402585638563	1.0397141190254	-1.15956039061031	1.09355394924458	1.0776338648539	1.152190372279	1.15232423533422	-1.23706363679563	0.321813176027408	-1.27603683790954	1.27616281145481	-0.397085768835883	0.198985394288487	-0.097475561635576	-0.0224033790730893	0.36966879680015	-1.27920646518055	-1.29989471144937	1.17198048473146	1.1455162987948	0.260422687145595	0.282802754782295	0.697919890085007	0.294182365061365	0.00734841029335442	1.14530803652262	1.22144911868981	0.459918042644017	-0.417161430207438	0.802165206651721	-0.423645395451659	-1.18465465255634	-0.662733678771204	1.21823249471272e-05	1.23945023644266	-0.0165360770495887	1.23482706035796	1.24131515806502	0.0977906473086705
"TRMT12"	0.856347475967933	0.613171273168658	1.55361301768388	1.1830918226205	1.04440251063818	1.01358068239566	1.0204854770389	1.22146426602728	1.30631474464824	1.51281648626141	1.32738193747416	1.04458273815132	0.446080963604031	0.156228284742667	0.604799488116943	0.973365048823101	-1.38450934129083	1.10734895369484	-1.37199167650425	0.677047911810508	0.325467825627752	0.54339963559711	0.573789148859905	0.289333214326094	0.286234679294272	0.323081664788674	-0.00376029086425208	0.433519853441839	-1.21925464449308	0.501370518647668	1.01053932117512	1.60973441477572	-2.43737696648032	0.267772790217871	1.01505277600381	-1.2510847387816	0.607266947035272	1.34650818765988	0.824035055925173	-0.400148511017812	1.20569338811574	0.19282332065551	1.35320013153299	-1.40820976066012	0.949566647572974	0.250173261690398	-1.52717649040498	-0.244633435540615	-1.30466220072139	-0.294162800237852	0.27911400920189	0.440541291847915	-0.987651919321579	-0.477193103903361	1.30949230185282	1.4355771661494	1.09724061402763	0.405397072339941	-0.179173830413599	0.528112431060452	0.552677830148705	-0.2117010958915	0.260649343583275	-1.53715261483502	-1.24391982135334	-0.144803718275715	0.706761832887616	0.51904034655909	0.440342381273073	1.26994256450817	0.408720778250951	0.224150154150335	0.502548463656444	-0.263954106857909	0.194467863681024
"BORCS7"	1.18240326943247	-0.37858277317534	1.43131022367827	1.44366939898422	1.12395054294632	1.47135289243663	-0.0408006460737263	-0.963999322542369	1.51724300424454	1.32440985124502	0.100480572633989	-1.03239932984399	-1.15651169452398	-1.13733591029746	1.44203098898788	1.40824266926788	-1.10706178619182	0.351112225883285	1.51872044275861	1.19590314002676	1.07687087725235	-1.03632862733319	0.457760286625183	1.22201862388514	0.487701550426812	-1.06440528816734	-0.376824750063026	0.0084007662963051	0.811350582017764	1.28962352979141	1.55146076585073	0.440964518880117	1.63634577620343	1.16761205414792	1.52306348616722	1.02123474031032	1.47390959904729	-0.501253622477985	1.26632602124536	-0.299256606053645	-1.17021582669248	1.40743205573136	0.623183407947427	-0.394678476392537	-0.758502484135397	1.16522368998932	-0.429564646702403	1.36667146218171	-0.700150178268764	1.48874358573165	1.32831015256871	1.33147407205887	1.16016119291565	1.01349855463807	1.06083860983936	-0.257481311167221	0.663326728981787	1.04191779266916	-1.09425334886773	1.09701218035119	0.519750862561271	-0.374559651127263	-0.133542262514183	-0.122020612255721	0.424496447992783	-0.604296287066869	1.48393193029489	-0.282161464565998	-0.950985183217071	1.45757651541932	0.481243385675638	-0.518534062274508	1.46746895463835	-0.0804069964846107	0.358047985348896
"USP48"	1.17296516599426	0.756301184974243	0.740236119911042	0.701238199454711	-0.512434023885956	0.678069849360924	0.859822731121822	0.815800977725353	0.00359997509672608	0.604507727533359	0.788950649153552	1.04637302691429	0.721587231100963	0.693457989770686	0.819672929729226	0.700319284904646	1.10224200833539	0.785339329034688	0.735008248353904	0.697413773037719	0.676444785412729	0.827771570555751	1.25985268330634	0.393937991492676	1.26958012266342	0.931238587824889	-0.99735184295388	1.14301738235525	1.05711774258039	0.784022349205493	0.787507653278479	-1.78663685593811	-1.25092210664194	0.218737240802606	0.795046081979781	0.491921332884555	-1.2223179463516	0.824121223565702	-1.28516909451034	0.626897988831648	0.972570137208365	0.018834515761364	0.321470881182451	0.306292790592788	0.515389835535072	0.858812477820284	-0.972001796449873	-0.898605061403307	0.0954070519192483	1.0665105947206	-0.0373009234966415	1.36887176859246	-1.74370851627089	-1.96765715005097	0.893463857025604	0.497625483662634	0.84181423281101	-0.339633055913586	-0.907548103024092	0.101531424136521	-0.883724143603257	-0.106686746235788	-1.49946984567592	-0.140644121036071	0.282454394806686	0.452632345797489	0.883097176803288	-1.28545509109632	0.442741716441344	1.09131608431227	0.730079569255741	0.732781521261422	-0.411213667836156	0.558822869760429	0.992567491102009
"TRMT61B"	0.429239378299683	-0.29374629187589	1.10750651583703	1.06113657353391	1.0424212864067	1.07416460145336	0.939540854806917	0.460809564208901	1.07745552718532	-1.24856541941737	1.04772265091415	-0.972265091106735	-1.27630679875727	1.31771604411715	1.22899517400796	1.22787609406137	1.10837503808648	-1.32347415435819	-0.432140429165943	1.23760211052882	0.262678348826528	1.12275130221531	0.909265284829347	1.16641517772414	1.22278723042735	1.09969198875367	1.09193463732731	0.929819469094672	0.770662541567282	-1.45578535504686	1.07899024188938	-1.91059432395445	1.50127214299097	0.0638889335678635	1.05859976307249	1.12612569880369	-1.28781251632258	1.28163763007436	1.13069483209839	0.0356155384128294	0.193024743830547	0.203767929085154	1.07706445609478	-0.07941743498305	0.305515778745401	0.180641415160984	-1.30289970980068	0.150262388597496	-0.399215221881687	1.12621819441982	-0.142974061084887	0.972660019203901	-0.52509489861114	-1.09947686625138	1.01670409043729	0.355048615012279	1.03823432665746	0.228759955123484	0.287065677188967	0.0944299628400041	0.205942427051921	-1.10483194484071	-1.1797865685914	1.11824115325844	0.549446875783011	0.156500612111823	-0.358920321080515	1.11347136125388	0.0793763519300042	0.231094644976068	0.857197208575355	0.171395086731514	1.04768542106332	1.06541282934393	-1.32830349566046
"TM2D3"	-1.3005310466661	1.42675993368396	1.35521040870812	-0.882646966942663	1.49233853859411	-0.824945518351006	-0.493781061050313	-0.278069558785789	-1.03460563896742	1.48051903414122	-0.695716116648444	1.51894764440246	-0.776834114225909	0.0170032258650276	1.57618609531971	1.48668851394605	1.53260412445447	1.48874541095498	-0.320843236107353	0.259587391580373	-0.668627129153575	-0.359276309533253	1.42437812953654	1.53651393264447	-1.15774112468563	1.24791476709046	0.106458135358778	-0.490510654387524	1.51893823171381	-0.657032804708653	-1.03372254311727	1.74450782439897	1.73549740118805	1.42067856586748	1.58480299215234	1.3975383130239	1.47264175392085	-0.438095660896368	-0.177054570657933	1.54096756287965	1.39288941453705	-1.38919998535992	-0.608470900521715	1.52863640039653	-0.796860220281385	-0.979987800423246	-0.767670204415813	-0.214968662111791	-0.826501415581915	0.18859817198285	-0.215702814042123	0.0217315387054611	-1.27290604930882	-0.288299172029805	-0.674739791247279	-0.156074989091376	0.241791485267942	-0.22555613653965	-0.775957730340021	-0.101917851280893	-0.78571944739634	-1.02249057755492	-0.66035147286235	-0.82469467358303	-0.119167511545187	-1.29099529230295	-0.670076272624595	-0.634954143835662	-0.536052635253244	-0.496490076892957	1.60906400455101	1.33622937012693	1.35716952084018	-1.01796526300028	-0.92558272574175
"PWWP2A"	-0.603430275767673	0.993915075532145	0.95543621297844	0.211425903913689	1.46360934538918	-1.20136414201106	1.29912890845909	-1.54397129343943	1.65906099042765	0.914821419056558	-0.726025426417047	1.41524508258324	-1.16373234761667	1.07822127578041	0.326090677385948	0.239839940553891	-0.261631628126501	-0.682709814841904	1.76944312324607	1.4542194680334	1.09054956254818	1.16340081767992	1.30484845995975	-1.3137827032108	1.23937324837679	1.20675306555733	-0.641369919581725	0.928737313359693	1.20319237807545	-0.0985293566368364	-0.0526377175296846	1.96903196018171	-1.13226858126123	-0.691105922284623	1.66197406876074	1.11691577796385	-1.83736905844017	1.33615665662065	1.30777234952199	1.11756802672529	1.44866590204013	-0.523905024669105	1.16101062593033	0.275216747359741	0.136672353402956	1.21927729662855	-0.41319435299005	-0.00694804197320324	-0.942008668765291	-0.963452245960793	-2.51924911761839	1.41393025845555	-0.255041720845849	0.187334245999713	-0.683550839506963	1.02465716872052	1.30979528872303	-0.583953085481897	-1.61089498572726	-1.40610696073629	-0.547881173598368	0.0627682470848652	1.72539346747738	-0.0658928489723254	0.89871098944944	1.31714331317012	-0.387631082876079	-0.768241777790054	0.214029864036358	-0.429671607873746	1.008253405481	0.00547325208641498	-0.102415251618253	-1.55654748615768	0.423287498588246
"CATSPER2"	0.379098621588441	1.46318789818615	1.1885040150191	0.0160673299151617	-0.660407358051301	1.54432145472611	1.56109688261411	-0.98951200589926	-0.823166435439525	0.587970328156848	-1.12155173597553	-0.753127558533461	1.12866547850209	1.18465766724432	1.17131269215277	-0.58757916869087	1.32012666618078	0.509390492484343	-0.535535802242933	1.51667437511412	-0.785982469847633	0.135794082912022	1.38727895172301	0.0969520886447257	1.31624848277529	-0.512276412108705	0.403242628401223	1.14475966196339	0.5603874698204	0.31799153236416	-0.520902341011208	1.37539041508788	-0.378861594739928	0.419972320268232	1.40123023374503	1.59276839820625	0.72022991363718	0.212172252598127	0.128831383111092	1.28941333811126	1.47300107276696	1.40316427595205	1.46785419969997	-0.134083265023844	1.22326025997628	-0.35173864975021	-1.18996043133979	-1.02108601569286	0.295611577473068	1.28900102701859	-0.83982732363044	1.39668132328865	-1.12287724253848	-0.960653560154355	0.731447220863113	-0.0112372087496428	-0.0617506417923762	-0.254461548059265	-1.16793118618289	-0.906147035116034	-0.279283372728787	-0.585321249347185	-1.00848438945626	1.21541646333906	-1.22341003888811	0.0993058879721577	1.24177725951609	-0.52422698164897	-0.662282924786829	-0.912384447425983	-0.13042342907396	0.425462744235688	1.18840068952652	1.20913459900131	-0.369251031545961
"BCKDHB"	-0.377038882044346	-0.306861366067352	1.66318544889843	-0.765677540512181	1.56937079496403	-0.876890602759955	-0.368640329361034	-0.204702284702494	-0.595892584949222	-0.564326721587516	1.4683539621924	-0.866762635664149	1.4639632764883	1.65309337774098	1.67057644676455	-0.797195751671485	1.37461570658201	1.36217974850213	-0.737601625856195	1.52309444424049	1.43090741300967	-0.711465757365885	-0.196834220963779	-0.920548060009371	1.44453155640601	-0.846682705291157	1.42476508662322	1.62455048868271	1.51011898960898	-0.459034545132465	1.59674956598861	2.35329229356904	1.84720635065826	-0.300427035204589	0.231761454218085	1.38866304807693	1.47556035893976	0.0182994019880631	-0.89466574219602	1.47264631251237	-0.955676220978928	-0.470561219458897	1.60244831453196	-1.07410484597667	-0.822854046900897	-0.620510509362237	-0.880710430038175	-0.765190305273882	-0.688106503814544	1.61578056079181	-0.550950218336004	1.38485446298574	-0.565076027384459	0.025283977674139	-0.376600835705506	1.36708755424462	-0.921430740499715	0.317681924616202	-0.488534234743005	-0.421452417047722	1.45796916867287	-0.73785897583588	-0.937174947187726	-0.653059612771781	-0.551724534512192	-0.607800224995241	1.37795762314569	1.52593711459471	-0.683800967800604	1.45250816601048	-0.773611492221503	-0.59620583624135	-0.912680214412507	-0.332791245574065	1.57917641747455
"SEPT2"	0.875465268704325	1.57330884796968	-0.321145958471141	0.189164155766455	0.418659992647124	0.391840470389446	1.03624486646624	-0.477461181412632	-0.514104939541532	-0.300966467612487	1.08769932550596	0.0714440557103841	1.07827352007554	0.36228874517812	-0.147165360466792	-1.54333533616567	1.8632633200545	0.400670169880321	-0.368710270698047	0.315230716464552	0.459240986971958	0.843120829888948	1.13570588926279	1.7173410475135	0.887278130276888	1.10973911053159	1.50291708869844	0.891538372914089	0.599225044893601	0.866458306443701	1.6131901205892	-0.242578278275675	0.34786685775371	1.69802706717807	0.34915280952612	-0.814493552774599	0.669828629975117	0.0776933806534792	-0.355767333222999	-0.578667961074999	0.812734799469134	1.78757440131398	0.74251607224901	0.507715166798606	0.258416726730111	0.402933084889119	0.560849395635201	0.248111255768417	-0.0703658762919147	-0.714013350298675	-0.144365870417954	0.496662614434907	1.30980542714181	1.49918630344311	0.544197058572193	-0.0899767943475088	0.339868836691213	-0.253062376853519	-0.698162910065198	1.87484616638932	1.39492046516757	-0.372625337448003	-0.776859469618083	0.371534096998269	-0.145857450780458	1.43364819776927	0.750669989542919	-1.68665566491866	-1.22455353541214	-0.14982489640808	-0.738712195422042	1.17641936521759	-0.540245251050358	0.973727849506063	0.0807684707485845
"BBS12"	0.317790287691049	-0.305454591229898	-0.0615880048470031	1.29837744665223	1.30078740393672	1.40672777159462	-1.2390879305185	0.0489401176666897	1.40022587882054	1.27859003308464	-1.02558539486899	1.47832096510591	1.50607835938629	1.44117064249949	-1.08034386835359	1.51747609608941	-1.88301467069329	1.26017577320444	-1.03112922373102	1.24009201566452	-0.215976576646742	1.22481595553266	1.5383756637064	0.111667849888536	1.21519856054188	-0.158876747727337	1.21212312409751	1.28196862131564	-0.544628838504532	-1.0209962133078	-1.00493864734934	1.24998252678605	-1.67094859258153	1.36517877081372	1.90353484782893	-0.958967326056532	1.69677476663724	1.71598550984622	-0.999779747975087	1.30198638355413	1.46230450795943	-0.0558792040264094	-0.42954920129553	0.0829544509228299	-0.420086589519842	0.34001908371141	-0.888984375951472	-1.03165496929472	0.19079666851031	-0.258791388490276	-0.326196320711766	-0.424327803186175	-0.309684622273793	-1.14339641930455	0.32164113920619	-0.0313918718639299	1.40473825103468	0.468857672740103	0.059105294702139	-0.363991570413929	0.413922763542943	-0.129641604996895	1.2983298261064	-0.958211584266893	0.297326069239976	0.155501748281039	-0.423706180608668	-0.557968881249205	-1.14850709798936	1.26322053407901	1.33808664222276	1.18957290479616	-0.302737565220085	-0.299492030142638	0.623373787082705
"ANKFY1"	-0.580740576021081	1.76827921822016	1.59671327245018	0.477905918432437	-0.1827818147453	1.88216150125614	1.55752302583312	-0.625589596732331	1.80056766619871	1.18081160370304	-0.832320158148941	-0.932860093652249	-0.562472159130745	-0.449465582654926	-0.426536738643935	1.34990719233475	1.88817165237321	1.60962687622588	-0.663056327865764	1.29821438223682	-0.681574117004303	1.47762372130874	0.586101804359867	0.906246845660497	1.42431972099096	-0.454026407221721	1.04340963123086	-0.390187347904812	-0.656161729570399	-0.923579042432987	-0.621943358500722	1.691659611426	2.51270356765392	-0.664794910169601	1.51194914315039	1.36551750193143	1.55011935106263	-1.87572442229679	-0.863889776791583	-0.477628156457984	1.86775530283397	-0.396045432514257	-0.840388274281359	-0.212187457518282	1.39673794291934	1.02342082862505	-0.161662057918537	-0.836175983273908	-0.51609016908846	1.59839909161613	-0.215598955314722	0.056102747089186	-0.618147358885031	-0.233577249048204	-0.0754945069921956	1.19308640120555	-0.474686511515849	-0.0663018222741526	-0.653333496929998	-0.159909233228937	-0.696925649039455	-0.698392477732672	-0.373936024699088	0.966231255144239	-0.420162776258111	-0.249224664954151	1.07499384973673	-0.559494782709426	-0.241154199267951	0.941808348408465	-0.235437718818452	-0.542564655340958	-0.169578261992532	-1.26330339066885	-0.801943865978891
"SRP19"	0.404570466039792	-1.0337251230264	0.988415151895725	1.07338783205538	0.850872816417911	1.22922824133965	0.550791135142375	1.2666636959094	1.00027919191842	0.372503678407106	0.443562990593807	-0.358119179825536	0.588833043816229	-0.46342001218523	-0.115968008282719	0.846085257309355	1.06112805698613	0.959918759157843	1.03811396646643	0.666017852643254	1.01381390211057	0.898317150881345	0.533654594704764	0.420069894723933	0.292815302755075	0.951475985035602	-0.520235289694758	0.485087547672412	-0.293808304003561	-0.492160161037975	-0.120170040646898	1.32656620501302	-1.38019483085311	0.420678504688974	-0.677225244651786	0.734060722314811	1.36115227079177	1.31678723901964	0.237742955881943	0.456471876154575	1.12708851266626	0.129485655841407	0.313125209532202	1.05961753361949	-0.633814019247362	0.0778084277100784	0.54344629575494	0.355515082650554	-0.475693091522214	-0.435676572741727	0.121083610072361	0.0965224131197039	-0.798012227938479	-0.169195616721931	0.328493596551225	0.735287307547455	0.470208716792607	0.398568704211142	0.838915465497901	0.760404257074499	-0.69172314355488	-0.660954395740436	-2.23846352298927	-0.196159542008895	0.358853909574967	0.891351893683606	0.512483705259887	-0.650327245771635	-0.351214238716719	-0.868052536091667	0.328518827574564	0.40352259339151	1.13846462747637	0.758893437270685	0.988848692899801
"SPATS2"	0.0159393886109975	1.53771063115615	0.948110646522886	1.4576831246521	1.59746045345618	1.48494016697099	1.25355828054467	1.45668244470207	1.7170342882353	0.721816277167853	1.06843873396384	1.15887176327064	-1.5273673219696	1.2012770370149	0.815414712933233	-1.25995336700374	-0.939169605985846	0.413743439832225	1.45946701192508	-0.954664663260796	0.246737163859284	-0.875376362487042	-0.675874118016906	1.46918447678079	-0.516593935606543	1.07524604881368	-0.511294476357285	-0.629088216276413	-0.762451025221978	-1.143420322578	1.29230627902655	-1.27425959725495	-1.18540133078427	0.883627533864654	1.67953063995938	0.615365803423726	1.26846948538943	1.72804620687845	0.598260825186887	1.11133102648893	1.2994035335023	0.284398189505835	0.687140657356859	0.33232718348643	1.23837967699345	0.793854088711108	1.23394822197667	1.06794548062584	0.76123552326687	-0.788470101395449	0.69979995374581	1.52391319744116	-0.849838381793941	-1.29235833151132	-0.200271916335753	0.631115730469618	1.56808628904809	0.864920725601722	-0.549108246276318	-0.4054118951407	-0.583209241440664	0.899177023070656	1.13741108047115	-1.21548141457201	0.734459500329315	1.16254023277841	0.92692346140808	-1.17968938590072	0.706924441835139	0.369555154488336	0.354094207962914	0.847384582161482	-0.481691269877555	1.47717801745077	0.433872330963542
"IFT88"	0.51775662131912	-0.110005296697404	-0.953520039441444	1.06182424320247	0.933772914948962	0.268721020017997	0.954332407258065	0.169998004840271	0.999471590798575	1.03615249665942	-0.0526131816933381	-0.529624735557178	0.341169087256611	0.465695751338631	0.981428100730788	1.08235211567338	0.409985429898355	1.15215582822862	0.287747270896797	0.726362493385101	1.10309817066028	0.0755020319869954	-0.356205196008213	0.705949838494891	0.999509591095171	0.924873982186991	-0.416408864652664	0.984346708248014	1.09953639157131	-1.0151774318606	1.01318655069462	-1.53075754270152	0.976080965010269	0.819865496898887	1.0098186377752	1.04331602484432	-1.34267133282338	0.943648647007703	0.36969633259829	1.01164192259745	1.06580519313911	0.995902188453032	0.960657535062638	-1.17800053909631	0.134782301293489	0.0924308570914908	0.68216727065218	-1.00020315421461	1.09112385254293	-1.42110044340876	0.980676501775	0.90187255690077	-1.26528230940105	0.26967156588435	-0.495760943709264	0.24880882278852	0.94550913987182	0.413590017763483	-1.05866369158939	1.0110937762105	0.255233778310897	0.37069563280639	-1.12246997979097	1.01145365595989	-0.980276760056924	0.956471429784829	1.01204221393758	1.11573491235879	0.161297408660128	0.967643800859201	-0.603369769400408	0.24583331092889	0.991542994892214	1.12585458530147	0.922873144806041
"HLA.DQA2"	0.0127347480030665	-1.18341449301124	1.50106380792716	1.29001968872651	1.354854526249	0.826476650414703	-1.48302782244543	0.593707067755085	1.3387139564024	1.11363439475217	1.34661634176646	1.27703185566045	1.198866128059	1.45664027344583	1.17534536911723	1.3614611313572	1.22296524077237	1.24304401490117	1.28862889875557	-1.0596698064724	1.12755277413275	1.07274959148502	0.00891507069768142	1.24144129907647	1.14357304814752	1.23052324941005	-1.43982060772609	-0.959702138925406	-0.664086600662227	1.22834423939759	1.22549663306694	-0.696970950132367	0.374267104996149	-0.900024941538902	-1.50229063335319	0.252219568047013	1.12731045002211	0.0718131397094969	-0.525366939921546	-1.14836294417396	1.06486973428318	-0.82567405314563	-0.869383749800852	0.399804708493519	-1.15347795546481	-1.00108288776816	-1.43411456453795	0.0976305147671617	-0.500967846404872	0.761500227852109	1.30248771155058	-1.00486323608899	-1.57902312308096	-0.417288394990015	-1.1196123095023	0.235195175602265	-0.173986574544371	1.05860188152906	0.965184536347455	0.750437618042047	-0.894689363710941	-0.0492806967741871	-0.312595535270569	-0.300238300467472	-0.98354738089916	-1.23699755322043	-1.16662037494377	-1.41449773406216	-0.626667290065529	1.21396750536205	0.0885546390287442	-0.160668417392852	-1.14656218655562	0.176746171280767	-1.10249091259514
"NUGGC"	-0.0519875514743144	1.53855790413118	1.18946643965898	0.970130744095746	1.45753853096515	1.50090949531393	1.23023211628306	0.486827542304342	1.20424540658804	1.12663311905511	1.5769205308689	-0.941662540507581	-1.03710706621246	1.12488954078586	-0.740233038325203	0.818193568543809	-1.1327144160603	0.81378268582624	-1.40490511428637	1.22354114130173	1.08051257713296	1.2258627782012	0.2791724944064	1.07089193396302	-1.38902236155205	0.732068767227545	-0.213735376759298	-0.925851931792729	0.0962119188175514	1.14430913686911	1.19749546860293	1.67430825452687	0.269661841497449	0.224398826997072	1.32527020245945	-0.0703254161439706	-0.634167410298448	-0.0104084608969797	-0.384094993697805	1.26228684913165	0.275844403061548	-0.648384365760024	-0.945291493772815	-0.851724868695492	-1.12391813525334	1.16102335008694	0.114631926323253	-1.44667070460994	-1.21681023671161	-0.0943506808335027	-1.11241182060363	1.21552273212361	-1.30725147670727	-1.3411857893014	0.538761797610102	0.185639587192885	1.37544042492474	-0.896426359345408	0.461569093478589	-0.67425350906817	-1.05548293845654	-0.553384618486407	-0.446335224180418	-0.483373982297358	-0.140458071773617	1.19895881884032	0.0632857758185877	1.09501722131511	0.561377154968218	-0.340570793486715	1.02608828164464	-0.154067849238341	0.209154151429593	0.75491254469445	0.22533619884963
"MACC1"	0.557896131343408	1.24521355092209	0.199777233159961	0.364963110014275	1.02701331619081	1.47665814927821	1.27165476875938	1.32237597328051	1.20811344826303	-0.841970026096929	1.27051087923441	-0.683646067665592	0.422600976279059	-0.585249461277385	-0.0546307802505224	-1.19184086088648	-0.36195242394337	0.879295037515201	1.26516106696032	1.26403158780278	0.529894651551121	-0.804449420188642	0.3397408863459	1.26844309659408	-0.290671028954071	0.652050795924993	1.20391457535114	0.0445948216118826	1.0996969378576	1.20166652627107	-1.44898785358446	1.33042055576902	1.34635558139966	-0.485463201934568	1.26636827554469	-1.21461327224827	0.867478356954064	1.25338215109736	-0.821604340805044	0.673231730340106	1.10980447653049	1.4185048254246	-0.914976114113299	-0.641712246439777	-0.562581735225722	1.02439397427634	-1.42707915706737	-1.46314792562113	-0.110718290225103	1.0656395905608	-0.8822006931008	1.21370504209586	-0.489983472904375	-0.904321031541562	-0.211313479931049	-0.786515244414102	1.19594667051466	-0.609188282715174	-1.38405299647146	-1.14505587765018	0.32674265812712	-0.217954325572622	0.250287734720414	1.45118755723453	0.0431521033111503	1.20580084393859	-0.647017900292291	1.36422397393145	0.482777414096601	1.50749855930808	1.21671963166121	-0.763324963840504	1.0391996283606	0.870934536490917	-0.095890354422787
"N4BP1"	1.20375914248386	1.52415138499197	1.74855349557685	-0.389703083292232	1.65597550944741	1.39737796910854	-0.334527018770993	-0.271812919106191	-0.129425765234121	-1.69956964485594	1.30477653533299	1.71612409551094	1.53911883751858	1.22675144547502	-1.30272352556061	-1.35286429284926	0.00716601281584227	1.19765326216057	1.80510580202612	-0.234246640942323	-0.636989827173272	1.13708659662117	1.45093433658352	-0.261119400013073	-0.214026284004333	-0.51406654354163	-0.711489820356467	1.35850123509205	-0.240813037652697	1.30330876043006	-1.25810504587443	1.79256255217499	1.99552727291059	-0.383679824635533	-0.695505821770062	1.31806703077965	1.40546393140424	0.00715230143614923	-0.265428565605524	1.17976388539194	0.774101464196483	-0.305755703408053	0.0751685058753913	0.862022011120868	1.19221956919802	-0.297857310280788	1.29913569709572	-0.772737481945217	-0.157817409545388	-0.784497833257145	1.26589735820798	0.597970104769902	0.792183449017093	-1.47907922195825	1.37204166728886	-0.149346061925771	-0.368241792804019	0.599219846140243	1.17048474143412	-0.179984438604381	1.14564016945452	1.32954860286406	-0.774048597094716	-0.683231981251447	-0.0427873093536731	0.0191930405881705	-0.561272366305677	-0.63553943122459	-0.684930441680282	0.00830095428228435	1.28080977803093	1.22901918607284	1.26886531362217	0.151158251715084	-0.314187063953735
"TET2"	-0.748761731235942	1.03236500839878	1.07368617602853	1.37870935839035	0.761489500980554	0.759251344194098	1.38132427168491	0.00501982998477399	1.25768256089008	-0.858599762338388	0.378255593347369	-1.03117491277583	1.5813013938316	0.658854882980896	0.515162735375822	1.18835308485731	-0.0710064744923898	-0.314582423624981	1.01181721773882	0.105146734834157	-0.678504957036671	0.872314163094659	0.526165729471198	1.03996994478467	0.642821247156288	0.520354449100269	-1.29452819781848	-0.425751229847504	0.0568108948531235	0.631712507543153	0.204165086204308	1.17219169689883	1.76672220455998	1.24730865729315	0.300908139757334	0.758160332945066	0.890284454503633	-0.460395154653587	-1.29651928578849	1.28751037774265	1.23891380103412	-0.12278210996799	0.352795423793316	-0.652738108204	-1.26371268978699	0.767942615289514	0.455117451469878	-0.864548015096915	0.798675600641955	0.264388623723291	0.180357945622259	0.902515200757219	0.0368539606840143	0.851338620806964	0.149439731689989	0.296268366467141	0.506628465900555	0.527664219760914	-0.422555242062527	1.11137812981902	0.658740357016618	-0.487841392140069	-1.70709248835658	1.12491522394705	1.06042260732693	0.720187224903872	-0.801045815447815	-0.06914814184129	-0.125309218117111	-0.449924695001016	0.913635951797549	1.06942396353334	1.28396545009769	-0.687925681826089	0.578528617300842
"RPRD1B"	-0.829098690018416	0.149712603205506	0.98923745198854	1.0829776202447	0.925019772491997	0.995153118667665	0.376175001542577	0.869813072846947	-1.40122561696153	1.02228185922484	0.387770834677741	-1.39736019882655	0.989497572374233	-1.20304546645383	-0.464863279458446	-0.432597182618412	1.10537114014823	0.859538462998665	1.02875391104539	0.842339361511857	0.327077021940811	0.918044738739638	1.00816651737049	0.812857865935599	0.891535989663988	0.596557810660972	0.685884161510916	0.406070617566547	0.231250623907939	0.719202854401222	0.00308611537448758	-1.87272128444925	1.43076815879924	0.708328681008358	0.936793834122405	0.61538652534826	0.638112536529035	1.1735350281734	1.07357949479372	1.0922312119991	0.728673878099095	-0.328514373293445	1.15561984078848	-0.913130948690533	0.979221451702461	0.980433307246009	0.115574514926483	-1.07550703839112	0.592165989274752	-0.083454787151923	0.74986502315797	0.68980690012236	-0.704922760855144	1.08762361157253	-0.0224639723290848	0.0128261621888379	0.26103512978366	0.0665058757118306	-0.656683625333547	0.310151301283638	0.907451861771152	-1.34318600775346	-0.272648607162825	0.353711944701366	0.570320571523004	0.555600524111626	-1.18268615219243	0.610696973958653	0.709859955368834	0.343493390540936	0.909471975877847	-1.2063752609023	0.670104034317618	1.01643211569495	0.95361082293327
"TAB3"	-0.773526071042943	-1.04157118561655	-0.478966912501466	-1.03792599371974	1.95344711751277	1.52370864035019	1.58441108129619	-0.176826850535091	-0.507093582392672	1.30637238930179	2.28341630498464	-0.725476620695208	2.60379301903806	-0.154949831182065	-0.296778182505515	1.24566426190121	1.18369395738288	1.40101624542865	-0.553629653739066	-0.297235265493717	-0.84338417215756	0.193287213204042	2.11832661578557	1.55859355802466	1.13104190609612	-0.605160616044068	-0.387244605145767	1.12277299286355	-0.451049427573094	-0.434405269171388	1.03035151497764	1.76792035739525	-1.11022816558507	1.31377826736829	-0.373933994642861	0.0665410106289312	-0.43085654356801	1.14562960852445	-0.237868827210491	1.40004602028603	1.93049021176313	-0.639811723039866	-0.774432071283182	-0.576328238191355	-0.871931622836076	0.927762819361346	-1.02290057672721	-0.919421673869649	0.89460699899179	1.77994296903965	-0.231907645194396	1.35350841851877	-0.939259863984084	-0.90772434338169	-0.0695099237645512	-0.478580793278129	0.940808531619961	0.829510021744225	1.27947004138441	-0.829090094356761	-0.598122553735786	1.04411400868307	-0.0117940629229521	-0.184401477089937	-1.11072654558121	-0.211464613499242	-0.527885418786069	-1.13708861375168	-1.21562226559887	0.351731383941679	1.63207277083753	1.44801631255648	-0.829693322973743	-1.33627944561312	-0.112660049374187
"MDM2"	0.568023505629991	0.740118373491598	0.279487071151703	0.597473494942902	1.13495963670274	0.802302961588774	-1.26985348707258	0.476704520573701	-1.0329620550232	0.660485531524991	-0.545242596073507	0.656548445016587	0.901460865206112	1.07261077923738	1.93889727043889	-0.0917504241615871	-0.649726855888099	-0.0954336228368026	0.838539876873214	1.0769033307966	1.08291947642091	-0.271176147738053	0.409751583111621	-0.299185942069453	0.457063837105667	-0.822346505425177	0.315279314384846	1.13620679925725	0.926805027791457	1.07346553154651	0.673784165931961	0.498968651272689	1.00295420285507	0.880488827438996	0.87447544803018	1.75942641116829	0.628088570192369	0.59749095061781	-0.761219909704252	-0.16922442461865	0.785034605244976	-0.513712540441411	0.922124970326565	0.966141414371446	-1.0657324421156	0.971311272225118	0.0230043996274873	-1.52654101850294	0.426540245031249	0.264038965736771	0.0899438236258483	-0.519359819837789	1.16133154595526	-1.28596990544639	-1.56216108575091	-0.800260348464765	1.09408258312902	1.13948610340898	0.8426395546413	1.06024034122761	-0.0347199788006951	1.34019451303661	0.431159439927221	-1.6179968122447	0.0384462824936896	-0.512817322799329	-0.342415855950135	-1.72105200800415	-1.14029735020167	0.835343726446467	0.21250674530158	0.75957537130209	1.02829445377068	-0.660680012312572	-0.568965968320257
"S100B"	1.3597100162089	-0.046141160191179	1.15586986260947	1.44103634233663	1.40437167115283	-0.16922056076104	1.35333192313329	1.39294923172446	1.4339497543304	1.22948607759451	1.54440141193178	-0.0725136250209952	0.249946490822697	-0.559529825903482	0.0978444455769621	1.23050504732557	1.18365132312501	-0.712165192532354	1.59092866779428	1.18056127017816	-0.452980645103561	1.16511267555613	-0.778392229430694	-0.207710741005376	-0.619564642309286	1.16735206082221	1.16538699329189	1.59825040859695	0.475431763668341	1.37637054911844	1.28011427822809	-1.32010939457504	-2.10483122792805	0.0427869411247869	0.777677580514266	1.1792754486015	-0.230567656935646	-0.0491841483313521	-0.415070425782633	-0.594205876731271	-0.986698809300659	0.951583036229913	1.49711076928996	0.384792535135412	-0.620088704497738	0.157203416817269	-0.147606680233115	-1.51448798546254	0.285322384858772	-0.306984887959274	-0.221550802252584	-0.243833341353891	-1.14713643740532	-0.87066700028284	-0.414407774188257	0.0418617289320581	-0.538473089864958	-1.00983473982066	-0.0996375446510609	-1.19258028609119	-1.21929761204455	-0.657958532845913	0.674604298864982	-0.950397683251313	0.0490309652029402	0.242749768705842	1.19967043212684	-1.11347696923281	-0.163799089556198	-0.747149456925971	-1.14986747998648	-1.02785365688184	-0.441871666048627	0.591779992082912	1.39150471122956
"LARS"	-0.0752261290120873	-0.177793555062466	1.27246707594033	1.7703029600513	-0.0239684435856018	0.101472314242905	1.41852212593889	1.25317253147382	-0.722121285872008	0.0269595148428981	0.918347627223033	1.28038273109712	0.127337525480862	1.2113434813486	1.24719227624103	1.51788661114907	1.50553467573983	1.18028699751453	1.51009143416583	1.49349467391843	1.35687986672382	1.04832878798948	-0.260841298580028	-0.544853113433377	0.511083969681366	1.45704273299814	-0.353937335205289	-0.333667987297407	0.619621207367126	-1.43281334243608	-0.536576022050502	-2.18216737768822	1.29515567522839	-0.0141568983516026	-0.0108345633146387	1.77719762520998	-1.19980907667886	-1.43546488488119	-0.920210930279146	1.68743751603595	1.38194910780993	-0.443869418410791	-0.149556897677325	0.0507941599953586	1.37163105632994	-0.073606556094234	-0.0920498552048257	-0.42004513778179	1.413118462689	1.47725454839304	-0.37486777577943	0.397080256204423	-0.335980557760466	-1.37800651680943	-1.12511816110019	1.2644822390358	-0.0263191232843415	1.04423223996087	1.59985306435899	-0.42211041868036	-0.21558614929061	-0.635429403890641	-0.658937826860279	-1.04276111849283	-0.899499181370423	-0.751858610573954	-0.237565270671585	-1.49258841995627	-0.28680816467258	0.0803587554287375	-0.485403524376949	-0.480444441251912	1.1836026381691	1.07230877573607	1.302830530473
"MTR"	0.170439175976231	-0.972877934880287	1.77820413526631	1.45769765119882	-0.609127519609075	1.25225266424872	-0.0475061647152871	1.81134273520775	2.05502063866274	1.19191430278674	-0.0847408725894465	1.27894449354302	0.0295300206136961	1.20938172313116	0.897751629144758	-0.987674829764087	1.16031071356775	-0.247509116144412	-0.712800405654731	1.61147013299232	1.15175075523502	-0.878668496731979	1.33529729282259	-0.10101724233504	1.13998589458255	1.49505521153481	-0.375863885763327	1.20195783419768	-0.000429443482605032	-0.893991662360405	-0.881108389246413	-1.05505193102006	-0.370389509649618	0.179029744356626	-0.942642540891333	-0.24594916792836	-0.103525321919697	2.11232187868361	1.28955435954706	1.18598341941532	1.25814047144102	0.547225143942225	1.44544817376039	-0.85114488918097	-0.504643101867047	-0.945529424902777	1.2899423172483	-0.860245368121011	1.66177665495117	0.398896147467708	1.78798138508389	1.49272401804735	-0.394323020852107	0.725170343780037	0.212441183552941	-0.987702660103012	-0.306497850441273	1.37294532804307	-1.29423934904099	-0.220423356704398	0.953257558614078	-0.14637070979629	-0.527486525646178	1.2052368225267	0.685371140497901	-0.902596545263759	-0.585262396028087	-0.535491412429881	1.91603247281921	-0.0457598949515698	-0.231416939476268	0.945673530272429	1.66211581180486	1.14564534087712	-0.638152865471522
"ITFG2"	-0.0150564864265893	1.47557794743139	-1.03731083558452	-0.617660191036361	-1.43609377429951	1.48053544295137	-0.563989857128514	-0.529061430539631	-0.0587228017571747	1.45042752839694	0.18446129334416	1.37094638091496	1.34693656095608	1.51718833053852	0.449504702245439	1.2729195983413	-0.0218122537877803	1.58242786959128	0.272908999502963	1.61677047021665	1.36385760334386	0.173791047732061	1.35879231792165	1.37540343683603	0.126714621681816	0.189591409822164	1.30420711400005	1.31156176634679	-1.51039485236172	1.44011670776788	-1.6081372471642	2.30972020047897	-1.42072698041758	-0.371474644864625	-0.112354296280976	0.0836672958699049	-1.10211775628846	1.61180061282189	-0.145720367265627	1.36848641414325	1.20907335218967	-0.596410929080575	-0.426534517562522	-0.717574543871645	-1.03224607928998	-0.0984166606635682	-0.631390276850554	-0.545872451629085	-0.575681507824945	1.34933959210963	-0.485063587701448	1.41890605662471	-1.32717355415685	-0.627848396868397	-0.604127044983478	0.297789353147594	1.37487746021234	-0.569719059798069	-0.0284931855118376	-0.993707915743141	-0.771326559860295	-0.0407824601482838	-0.426467324965299	-0.311770166339	0.134123183982668	1.2659057526693	-0.223333260067007	-0.972811096307121	0.344136156588593	-0.484360125572222	1.45703702492318	-0.269251932802189	1.29433747789756	1.45379375295645	1.39173625987502
"ZDHHC21"	-0.599277954396687	0.578041881594418	0.301441448336511	0.651293520758563	-0.184056435697923	1.84065192396106	-1.31149041682792	0.632363102329592	1.51145150610174	1.15497124786565	-1.29680763859595	0.891350397124154	0.930166251618798	1.17930550481911	1.80879550294835	1.00619976456671	0.968975050926699	-0.0158171909106484	0.782448812487387	-0.52975131508768	0.550266761043883	0.299222616894108	0.691539528545692	-0.987124526317234	-1.69055430536258	1.45980205388647	-1.11946840834821	-0.923275440343959	1.59994127720559	1.52616832316537	-0.341516697934709	-0.288943193472838	1.04691251015813	2.19815605366627	-0.237745559753763	0.475541950867718	-0.493047919373953	1.38651037819188	0.91606591241562	1.33954498002915	0.97755438016238	0.0363092763483344	0.463605101498714	-0.433302029758319	-0.633929862448723	-0.648661239282337	-0.967615023260435	-0.263997836161479	-0.812623275905718	0.0802810285235772	-0.102587359356449	0.739771698982411	-0.13056012638072	-1.0285148385839	0.923510715836409	0.206013054842366	0.738343139482794	0.389964438400086	0.235312175101133	0.384529271978646	-1.15478735062181	-0.145893121164751	1.10056804733357	1.24783009130794	-0.954123619514885	-0.243809247416326	1.47898636475525	0.0884308776062661	-1.19098873208975	1.65760481476081	1.2701296775286	1.29262779480987	0.245582347115498	1.24477133638093	-1.09784470162992
"HELZ2"	0.90865096129415	-0.41949390854552	1.90232758820902	1.28081093545026	1.75784533741215	1.18145844608102	-0.170770698052004	0.94820391090029	1.4670799473096	-0.670525555759934	-0.317922960872349	-0.457269437546909	1.61771114952451	-0.390301674972246	-0.39329602432971	-0.471019884114381	1.93168624572733	-0.966974239202117	2.08953542184353	-0.939909004570117	1.15131923467306	-0.70155243615856	1.41996693751935	1.08194579472767	-0.0686179376901303	-0.520389380993583	1.43157718694189	-0.849639376989026	-0.418251376194668	2.1983372650059	0.619653766919705	2.19037441304033	0.339101849677705	-0.832546598358434	-1.29355154350257	1.07580417998946	-0.762224677835501	-0.883615150152282	1.21488865223026	1.13970290209404	1.25659579284865	-0.0366940810916777	-0.501104385052375	-0.710788669422119	0.413874221680173	1.17879319191044	-0.798059730483356	-0.913069251946406	-0.67877978638927	0.192691142437151	-1.27851404829711	-0.881480707198895	-0.88478225441963	-0.230601406986642	1.50161057495187	-0.768256124223931	-0.861502369725458	-0.602357107558975	-1.1253387938222	-0.76445058925524	-0.805805852810263	-0.864210834025332	-0.570210068386041	0.706564990791664	-1.26676368580399	-0.821221629182903	-0.961130549510712	-0.900459653540531	-0.955508509543256	-0.651156671432638	0.0559898200601174	-0.910691634908839	-0.179456595591215	-0.970724422499355	-1.29355154350257
"CDC25B"	-0.629061366328679	1.41066325017407	1.6454462452004	0.392341529308562	-0.526943053994115	-0.975471969323352	0.210175740585884	1.42013820066848	1.67097078859258	1.33702911957005	1.41234524975678	1.60629640768552	-0.761691169966189	-0.435696561133547	1.3797064399027	1.60474457295778	0.186781971408295	1.45882868837727	0.227668140569312	-0.408358786783589	1.55523505392015	1.42715347369121	-0.807423619040997	-0.93905020156866	-0.397210904223067	-0.824605953696105	1.64979078119206	-0.356844333213772	-0.64038990012751	1.39150382321856	0.110457779732157	2.42485094253231	1.80545351636342	0.183550372460702	-1.03630769830507	-0.0971404385087534	1.44720747618983	-1.32709957081166	-0.459630025948578	-0.00927102082070671	1.27630120242211	1.33522305371675	-0.597069009708612	-0.667554393982285	-1.01934874371832	-0.170456192553027	-0.805452849606104	-0.77225400119542	-0.514782527752532	-0.661922040328311	-0.920249416126121	-0.756154124105704	-1.01477832673623	-0.820889470004166	-0.913600973728929	-0.903408564399915	-0.537923246377544	-1.11417440367125	0.262277446639867	-0.28647503271896	-0.610814399349773	-0.423697517649326	-0.650831459667886	-0.43894744204687	-0.628362467451567	-0.638955787569246	-1.21175575683327	0.103446897175063	-1.39578050765842	-0.811035826920322	0.255959480039861	-0.211174143895224	0.0457768816919959	-0.347442824962042	-0.627850129593749
"RIOK2"	-1.02954999972939	1.27750809075078	1.10516224069915	1.08791554719683	0.332105310819275	0.932674958378655	1.08674996302992	-0.298908415276128	1.1589775116275	-0.821956580176691	1.09539859684644	1.20977840423804	-1.02709990577192	1.36963649567587	1.26032105318359	1.37999572745782	-0.822508438900132	1.13965410943997	1.28744540831669	1.17097761094957	-0.249175304957307	1.2953663913477	1.1444793287491	1.09425208683103	0.459197343380996	0.857306988045064	0.222406273526278	-1.43808251062745	1.14460785317238	-1.35389995013112	-0.00844889621093118	-1.61128621001616	1.58015849007844	-0.768875078070614	1.20225367270029	0.671627198989349	-0.687775108400326	1.08210409801874	-1.03151461097955	1.12322918609653	0.806676763755493	-0.116143402252149	0.261453650805044	1.08694758133284	-1.68356026677516	-0.687462441597107	-0.241226997972749	-1.24642913743838	-0.276234804481918	1.2074415726468	0.301358534463119	1.18838332359453	0.0497334808777619	-0.148921020547952	0.494258205357121	-0.839230245355516	0.056894204162069	0.236680856591249	0.626422751806681	1.04335347927671	0.547508706690913	1.10620900731441	1.20950489102461	-0.425294063126245	0.424095002051767	0.354654861291263	-0.920244295675479	-1.17542578235972	-0.882381011596297	1.04522552065491	-0.924080715002112	0.113485391029824	1.12040920143563	1.16402699789842	0.855511094031263
"CENPU"	0.674044846643195	1.07691942986869	1.15052383653419	-1.08487731393998	1.09973784376915	1.50761910547708	-0.0234493111131248	-0.536669270208012	0.270931046586802	-0.666502485230313	1.29817138056998	-0.32701065345324	1.1415001748696	-0.794759787257999	0.416511967975916	1.16694458714154	1.32212931029337	1.08563710729862	-0.70034538594657	0.210031082329487	1.00191515310468	1.09061245983381	0.439748303556114	1.0473472634912	1.17574173342776	0.124970053882031	-0.605464114667383	0.141909771699416	-1.33472185832999	1.28354770440871	1.03393826298302	1.59706692970247	-1.79201891285794	1.21291790644577	1.23615042003121	0.18734620126206	1.19735572214536	1.43490480332346	0.194534028984763	0.461428634701497	-1.06958734948492	-0.611151371258895	0.429455001693548	1.07130939845509	1.03651577001112	0.623924827416758	0.136745978335454	-0.473386908604479	-0.0630691655472974	0.256256415687642	-0.505761748227451	0.327710120554612	-0.469138920864078	-1.38417930917751	-0.531037138603014	-0.726636033190946	-0.268932437047675	1.07004725948416	1.10314665783837	-0.63210976131779	0.0997192732860612	-0.096787497989361	1.33238861406166	-1.28209103687224	0.675479513639889	1.15854449101099	-0.844419781306314	-1.23246405704575	0.493593382937254	-1.44591332395459	0.113870375641332	0.584153105879505	0.245321606726404	-0.499561287549715	1.03448941700051
"UNC50"	-1.00618943267232	1.5203073126565	-0.891761793686059	1.36496434856318	-0.647341008975193	1.28880423150539	-0.341394755005943	1.36283013351468	1.20753644165176	1.38671438145076	1.32316993854279	1.31170640284929	-0.446119161539381	-1.1242445225769	1.25848782375847	0.168079325174506	0.261407506449976	-1.34699565757572	1.36130576674897	-1.21742432850591	1.22294819069383	-0.242334467133747	-0.33940504551198	1.26547050940313	0.270273321434805	0.0770583147541096	0.173847357673463	-0.268869357689984	1.28397580544698	-0.620276396472418	-0.977103274809157	-0.662983709914943	2.20216988944594	1.26600250366814	1.25642357953928	1.41601150395773	1.30054873519867	-0.0571475683810988	-0.0709933531918793	1.50288087793035	1.54744646913627	-0.0268418781752237	-0.424357728571005	1.36172883456949	-0.14689516542186	1.22524329683533	-1.19217243092942	-0.683348093906733	-0.0355408112348669	1.62935809184537	0.189910095870933	-0.503615779619347	-0.403133019426579	-1.49025230233723	0.0593558797051197	0.0176515767752297	-0.0790152836734818	0.227061966472016	1.41069520450812	-0.310839570472567	-1.08938690638341	0.700988300990728	-0.147677732996847	0.522820987662353	-0.416660561656075	-0.264128675382788	1.11191103764802	-0.958715708810966	-0.431084613448656	0.0630190952932036	1.37053918329188	-0.0466645299273106	-1.23503615044479	-0.434111876943255	1.25239870884329
"ZFP69B"	1.09497304547312	1.15244376208432	1.21995804336781	-0.020072929920041	1.11261218552803	-1.07746985156327	1.20534419907046	1.15054659476375	1.13086059162593	-0.368189041436096	1.19022646109175	-1.17986904903098	0.318945687218378	0.504388510625868	-1.38024368475409	1.13903129852757	-0.929243200020945	-0.741688061325328	1.26593671633434	0.5494252699971	0.536274012966908	1.11099603153634	1.06138623432247	-0.843059571146522	1.17500579499186	1.1842233217327	-0.635988634913842	1.11912799476873	-0.915627722635736	1.05356686632608	-0.915522034516209	-1.89788406803251	1.56346747581369	0.268519725852115	1.1111280572388	1.19814043462125	0.689568480591937	1.23018857124807	1.17527819407369	0.407834962108067	1.26271576689483	1.13663189105568	0.374308641892088	0.315529309707147	0.306198531209051	0.109865524464426	-0.434391127882711	0.145635601997355	1.19033875462575	-0.0911534652328539	0.389553614732996	1.09463971063365	0.0168612714658836	0.429882544095718	1.04266504399295	0.307289928214321	1.02559906065977	0.502369499335097	0.511311036968371	0.615702958645974	0.611052263815552	-0.926746232301335	-1.00000736467746	0.345465528276673	-0.228958182924227	1.24742932651065	-0.547969986174328	-1.29930179509192	1.06886124958732	-0.664776043639494	1.12764279243526	0.351660656088038	1.09531531505975	0.276607043244754	1.09613392574035
"CEP83"	0.171023783347524	1.09640560673987	-0.0441728407999194	1.20518477421474	1.19534725196578	0.844034948794248	1.08707672046219	-1.27041758118613	1.22275691321443	1.2643795308591	0.919344983378134	-1.17048773380273	-1.21543534922852	-0.0349669523537563	0.812162959634689	-1.28393169128728	-1.60448624321131	1.32633159027619	-1.11465529135075	1.14492337116085	0.961183146293616	0.338128287297799	1.01120770841567	0.38172250715959	1.00151980277845	1.02308006920631	1.05888314703146	1.23463775515419	0.351350013973202	0.702721972888731	0.915912130040173	1.13745273842731	1.33004578949284	-0.175894155310054	0.510835167846014	1.12742458822533	-1.29900665515453	-0.223296260226776	1.25035618360479	-0.142058206687874	1.16362305424453	0.193216825209751	1.02186630967719	-0.837300293993854	0.517634381470239	-1.2563690611396	0.272801737757745	-1.29586664033752	-0.305725468861286	1.19428719887311	-0.328004408836112	1.06911809589	-0.936941259841245	0.658208533921747	1.094089677845	1.13572038785765	0.871118368939062	0.673125325971196	-0.0786268870738713	-0.151536152140931	1.02883521468347	-0.952563973401617	1.11405306241847	-0.728682643455282	0.035478732056335	0.958120968674676	-1.27092347800262	0.520035653438707	-1.05871080328385	1.3546801551828	-0.246499602788807	0.139660385872697	1.1760015319761	0.424811299888723	0.925007187697562
"C11orf80"	0.633418560462371	1.04782695023974	1.08522868628253	0.935830358999208	1.46274898734743	0.150020364899735	0.980049067943682	1.34472114150225	1.37950200213134	1.35299016497965	-0.059777375038308	-1.83485516527532	-1.09905555974355	0.754164232362478	1.28371649620635	-0.978580222268756	-1.15229120475309	-0.943306840068062	1.32706254210976	0.973323387305759	1.23496869561406	0.706852872132607	1.07232463062199	1.20842864100258	-0.182713150834495	0.957621937057036	1.10508251085041	0.438805699985612	-0.134299454386959	-1.29067060911571	-1.40310722700198	1.50321527112869	1.20286331593336	0.318231793255845	0.546829550338429	0.997061895679376	-1.12150373102195	1.4002320899423	1.33425471506085	0.406513105845104	-0.777935591921088	1.14456337912884	0.51989237243064	-0.0867266637028076	-0.0432066446456651	1.13620022474501	-1.11098369267255	0.970651325812868	-1.1026138368523	0.418638059999681	0.763177550282022	1.26184739644691	-1.04729621852693	-1.44579958224364	1.04943427871756	0.972556769224873	1.33053803788413	-1.11387990663194	-1.13201870659213	0.18804310965551	0.320920262424584	-0.0592883818478833	0.115626937924162	0.991390954526946	-0.0203117654254082	1.23939368290505	-0.313320420481975	-0.186548401267952	0.563490282057979	-0.0378468740320978	0.52245611603776	-0.191958558902185	1.02199332904895	0.696460346175747	0.995149689742928
"ZNF572"	-0.358721392114033	1.46804747993784	2.13024639727247	-0.377057144152013	-0.709154804808776	-0.347501167785893	1.28812906084413	1.23940808383512	-0.189386240109078	-0.248958771299682	1.22631971581774	1.15330205962022	1.53128123864347	-1.02578044462839	1.32005730218515	-0.419080595500443	1.16163805230094	-0.233250752438596	1.29389681727605	1.63180548647495	0.684800080529671	-0.978524738451394	1.12816387029908	-0.378957336115855	1.45036526084086	0.387443864379447	0.606787241203773	-0.558731508249363	0.121816381366484	-1.28230679911526	0.373989856895267	2.03385206952221	1.43346383175622	1.50837027660008	1.13227294334939	-0.428027509508002	-0.269792132918677	1.03509936023742	-1.52377617716869	0.832350022171743	-0.683020536603581	-0.519339704241902	-0.813714163582824	-0.847321668355241	1.13723885124186	-0.102825661201324	-1.3648847528685	-0.549105824088651	-0.382355093447565	1.28126913507652	-0.60000836941968	-0.360310247070509	0.645210337113168	-0.391544673506855	0.796059843249573	-1.72764460157831	1.45169589653278	0.0931937189673879	0.150886112794326	0.250922188968735	-0.321870761559269	-0.197307079512022	1.10023189831451	-0.317539793820982	1.50572755897185	-0.435762698188532	-0.581524805637292	-0.179259417601165	-0.723279200625734	-0.836116946336481	1.29215893951759	1.32959286578772	0.240197175514657	0.530874295327417	-0.841818098114487
"ANKZF1"	0.0967194619886211	1.42092891302731	-0.465871060840179	-0.294065727697462	1.58585225365033	-0.508754373324278	1.44076848574185	-0.556304541470173	-1.10799109046112	0.0705513636298253	1.49284031365597	-0.212447138814595	1.44170506473798	1.17633723966579	1.62261177191323	-1.52972629948974	1.62178569417008	-0.0222578643963757	1.43706728366776	0.321903763230738	1.42553015026632	1.53090734090108	0.245542628773575	-0.868783922646563	-0.348240943971196	-0.363006673812773	1.24858656787834	1.26693456963405	1.41408495955479	-1.42848183081487	-1.66944060183344	2.01476413760912	1.78787488107486	-0.670754958556583	1.37822879240724	-0.0864835822911154	-1.61334404501642	1.29956777992289	-0.441522858532028	1.36415645155541	1.6365107010239	0.12789763028137	-0.420466187720849	-0.590928220743104	-0.592008787278211	-1.0250478864923	-0.608280412703857	-1.49415135703048	-1.30071616548892	1.39130030313709	-0.72297198155769	1.45563087292271	-0.384517556443434	-0.82799246075482	-0.554089364144309	-0.120825088976313	-0.295878434325058	-1.03661312241947	0.388777809371228	-0.905219903195476	-0.168426814379	-1.38579805492461	1.15141167961938	-0.338878819246836	-0.61418803888228	-0.960634834843678	-0.422315495326002	-0.33460238114982	1.28441706861591	-1.76173993213043	-0.78734003728465	-0.354413277802596	0.687372175153808	1.19915681790769	-0.189282046070331
"TPR"	1.44642253991907	1.62330705438289	-0.475652052417728	1.81288429634926	-0.557998862247388	-0.548986264517586	1.93473721281396	1.92032933329567	-0.438520634338188	-0.600347338960019	-1.33501049040317	-0.236630785590521	1.30505137091277	1.49549759673763	-0.416825395429484	-0.821255888513111	1.20223660707386	1.43624895331828	1.40298141883074	1.84449765716279	0.812732401356977	1.57807299185361	-1.18834929188617	-0.0787972022881121	-0.868368306947941	1.42899950270611	-0.437562711129289	-0.337035328625281	-0.357739898872154	1.50664565256044	0.916030062057974	-0.738452231987805	3.4937945639207	-0.625518085635282	1.36842503432361	1.35838789635934	-1.06608428514836	-0.324796160669455	-1.59604921564845	1.81475680665649	-0.498659090209537	-0.0599033217088627	-0.521452857589994	-0.698718705369359	-0.572633018139654	-0.826495617176203	-0.370399578942323	-0.395664273524044	-0.763503188529021	1.61408478935527	-0.339287634967619	0.02049982262053	-0.289968478504408	-0.291909650095917	-0.811202929723724	-0.922361291231785	1.63151827523807	-0.53828119647449	1.29571474188202	-0.39464854222502	-0.891404408199599	-0.182919346490945	-1.06257493676079	-0.503832181617369	-0.373708609503745	-1.12370183890968	-0.835291829162611	-0.683757156821989	-0.959784313904899	-1.22017113238199	-0.183060979718269	-0.176257262201949	-0.358201392123578	-0.305537738375941	0.964555338852452
"INO80"	-0.52082655159976	1.30444098502799	1.6396515797501	-1.46355624259512	1.23299984698485	1.37189134079007	-0.0143560860708263	-0.136996617022184	0.716264501170941	1.43361492354361	1.48714342580212	-0.174603155124247	1.43850635585707	1.32442601942876	0.0113507292696548	1.35155993064052	-0.618673513808159	1.38322210105539	-0.913583584108527	1.31862616142201	-0.59306878985656	0.480000911202621	-0.703238548035013	-0.599227646833764	0.0180320201028636	0.153753588180331	1.32930230110568	1.22416793354888	1.22361797587618	1.26023885937412	1.57046666678747	2.00601504216669	-1.58685922959218	0.0208293791813678	-0.948297464385238	-1.21795521975432	-0.374528785689615	1.39700285829981	-1.49565852325923	1.3146698588101	1.37158610725492	1.29047758809775	-1.0329008086766	-0.94780112493454	-0.750296118009438	-0.734472475432878	-0.767516243685822	-0.883955494946828	-0.502458474169192	-0.169930755047421	0.435054374363807	0.0791943540045264	-0.8891458535357	-1.06681036432221	0.54490479387967	0.0363908414833375	-0.538309794527377	0.00790080118630274	0.0383544865003375	-0.155770072542136	-0.299546703150749	-1.01365701500736	1.28635083089843	-0.627228731789825	0.207444372354354	0.0947358501828117	-0.135009836003213	-0.175566246911569	-0.218321555744033	0.68358262660293	1.40275478872367	-1.21350723801937	1.28561941170024	1.29554342819218	1.3363570621027
"TRIM5"	0.920362541439994	1.14768125496455	1.34615511697702	1.0646877987702	0.0127029410835055	1.11864600764264	1.06008470031959	0.959717737344095	-1.24765477828644	0.834509850621644	1.1017673430763	1.1720519660872	0.424183662200927	-1.17042890207556	1.01182143597943	0.63216495524093	-1.00008277292426	-0.0578654461435606	1.04561595106858	0.557022319303939	0.222279268436855	0.504422558728414	0.78845886170054	1.04852705573509	0.0524810978483455	1.06070817106883	1.37740470941511	-1.05586826715462	1.11870375247802	-0.00810820842271044	-1.79057350109222	1.09212619654576	1.38515793226459	0.213319793234359	-0.354067340141506	-0.849499705529955	0.628527268788557	1.32966084824769	-1.75918763017082	0.95089780665611	1.05965671182637	-0.123204447689374	0.722989615440147	1.60870239010382	1.140740803606	1.08588650136306	-0.125748190012622	-0.852552710664705	-0.22453392435744	0.0533508905075237	0.668405563533803	0.5793795749794	-1.20765936291783	-0.961766449172359	0.562728761340444	0.350786336538794	-0.765181643879128	-0.82204900214273	-0.682345516368484	-0.381828556988004	-0.719703344006444	-0.695605342239772	1.49552902523017	1.26108680228988	-0.833229880220498	-0.0984894167802879	0.782681448505383	0.888504568411623	0.456658163759686	0.267203552008563	1.29199265923362	-1.16270824284633	1.54160725691909	1.24688741924755	-0.674777163898486
"PRPSAP2"	1.30407025927597	1.25994102394617	-0.794494204308494	-0.00236035582349177	-1.39054022912559	1.46245874042424	1.50006340327479	-0.795497332951439	1.33072485358846	-0.00785782380361805	0.215859586192105	-0.375114332759975	2.05185108885327	-0.222910548388342	1.34348806805763	1.16609647292664	1.19641017959506	-1.39293286986274	-0.490275875106005	1.25735809953725	0.904565683723724	1.30176712598074	1.32022055357929	-0.264808512594823	-0.309882072623369	1.16442971503703	0.720468268569398	-0.265037864466393	-0.888459122198914	1.12584623264904	1.92187918615608	2.06952288639248	-1.05869881665981	0.882816779866533	0.0778602025106202	-0.728422165842471	-1.52327230875061	1.24074504038647	1.55565158483388	0.504448925732193	-0.439598064321396	-0.808064386274326	0.103418449366821	-0.652492375703002	-0.517538767640231	-0.416495979745096	-1.15730975233026	-1.21814089245253	-1.00806580715023	0.0344784058161682	-0.651543978868977	1.05799093816972	-0.76023834665504	-1.13814894303145	-1.52912374760715	0.612911497407494	1.2293741551961	-1.00270112356794	0.34466518115396	1.40745614932437	-1.17130196397368	-0.239736162916002	-1.18091148744794	1.44753063053609	-0.554846631137746	-0.356665678474398	1.74775552499638	1.12497924198078	-0.091722273933212	-1.02746426956617	-0.148306369983325	-0.26176374331315	0.174911174506655	0.0417578887537054	-0.488400676559965
"SYNCRIP"	0.204452403467157	1.1408769918818	1.0772890756423	0.949419961652323	-1.50835485225899	0.97640043393622	1.06795249166558	1.25343975657531	1.27218383290572	0.803591972542422	0.71023339797205	0.265977857676719	1.18878445641751	0.579525467006636	1.18751686132639	0.944178988421317	0.587841884435565	0.790076718735103	-1.62134604000376	1.06579629867548	0.223840758191058	1.16914178979644	1.15734832491364	0.0713350263401935	1.59904930356567	-0.403762775103636	-0.582127050440234	0.936318674596088	1.1043247446555	-0.860199524936472	-1.22516651208249	-2.10550954149283	-0.300228894457233	-0.959731077013819	-0.71738080400075	0.982034950857046	-0.00926012587780899	0.882381719985674	1.6509211837461	1.32167998667128	0.945721134355862	0.711877959878687	0.796332611075409	-0.760947239528518	-1.23023094392548	0.828251395135079	0.802662659413401	0.0601587472104849	1.05243407632033	-0.870149911510223	0.96834844558865	1.20762018083962	-0.11501842484941	0.969668917793374	0.0657374514157047	-0.0357003054828888	0.0401587451563892	0.836331901822761	0.0251012164588893	0.612320626671348	-0.701676700489319	0.0909296065509428	1.02933792573414	1.20400718388045	-0.822351643745967	0.91006627414914	-1.54880263803396	-1.58960201236718	-0.848931735372477	-0.483820919508762	-0.127323381872339	1.11310701207513	-1.39947728473884	0.811384198471436	1.25587869352544
"COX18"	1.13495592856636	1.06628377856719	1.1509310666106	1.01135018931024	1.37657443462074	-0.118132720783944	0.494967262358127	1.09241216327057	-1.57220627758348	1.12827065825785	-0.233897800608392	-1.0007539875555	1.11955746497871	0.304753442005308	0.979636654372946	-0.227130616708739	0.563799459708143	-1.15657213797995	-1.14025103747294	1.00601260360338	0.685083618474722	0.512455559333127	1.27886550859902	1.13508572169421	1.12433436779175	0.557387940460792	0.318678342997707	0.976407504164295	-1.16877715343629	0.205050973081504	1.29778071394857	-1.84321880741323	1.27069999319776	1.106166970049	0.62255739525081	-0.0895938912093973	1.18840142333812	1.25868942412267	1.28309803949183	0.163690283092249	-1.06208146242929	0.450192764778495	0.379431033816484	0.996928429273969	0.400985947612153	0.737412340595435	0.164410811641477	0.818327690968382	-1.05945889724264	0.154501214252485	0.998008767360744	1.06299361757593	-0.894122403039531	-1.1397540215746	1.13728296380889	1.02947615824837	1.07051180186623	1.00107292447309	-0.192451342338376	1.2603071586873	-0.589545351277874	0.483130408897822	-0.0182283585474199	0.922716183640995	0.58872143816755	-0.957452551528563	1.16715703148744	1.02946245667404	0.536770279081171	0.179876679144373	0.667547684099674	-0.359436068233514	0.552806141151042	-0.490892641928916	0.952861695551619
"ATG5"	-1.29299866091074	1.63398630090339	2.05818622544239	0.0180445808030727	1.51313076912538	-0.830083197851246	0.6963003490568	-0.865972958927911	-1.15865212266516	0.295117886508045	1.70408763857961	0.318446431378331	-0.199452818211826	-0.767266547695378	1.68726702485038	-0.28113073675967	0.0937700627848509	-0.338531007290575	-0.582339013215066	-0.479500618852881	-0.36115399117403	-0.395025567981538	2.14699508244534	1.82395677383858	1.05830399142717	0.350197886345853	-0.0173658825700692	1.19706948046782	2.00459441177156	-0.232585932823695	0.944782278570995	2.02192939835827	2.48820180296235	0.966488693492356	-0.846203613990225	-0.963780309001196	1.77955055479557	-0.789370601983056	0.270630610509376	-0.80041097945625	1.88092509055863	-0.869646526408874	0.318423560317637	1.46209699539227	-0.894051060664986	-0.236424575992307	-0.919934780249117	-0.850443488720856	-0.648035149500757	-0.486404788520619	-1.13001338789694	0.785841959665618	-0.574320579777608	-1.01117878283097	0.961179267680914	1.24524316453962	0.0382268805280388	-0.912739231723526	0.229244350652293	2.13976789201484	-0.807694470168796	-1.75801121625697	-0.441199091212652	1.0615631347829	1.35040911315055	-0.58695899581804	0.66170671490768	-1.07525248634651	-0.956997901820074	0.610001236584799	0.585719886808399	0.183398218576349	1.86594521987071	0.493919745471303	-0.108976820903643
"PIGF"	1.0527242896427	0.888608672085198	1.05521618597729	-0.733330000257413	1.17270307367259	1.02593499992381	-0.592696350239786	1.06590101351279	1.31623936071451	1.12863685775057	1.24990617434655	-0.892261734703392	1.03296210230103	0.868908597555831	0.161046033162634	-1.54919634843519	1.05267407656684	0.438385235965421	0.995002238016765	0.918476680065118	1.01694965973892	0.504195406416649	0.993778310428349	0.741985482747051	-0.318773993974267	1.02783424868526	0.456092688064308	0.789887265422184	-0.674994019540065	-1.1739100469888	0.0986824672796486	-1.18353833385618	-0.370929189862181	1.22539458559533	1.02184798123217	1.14647939839734	-0.824715486913342	0.950827190989316	-1.56062020238334	1.04887411984118	1.09247938290164	0.420851259290021	0.529112883222218	1.08810252327355	-0.127721118591628	0.574640365244901	0.0303992055606787	-1.44341499639152	-1.14601406908004	0.330748870651035	0.111225289181608	1.10731594009151	-0.596252116529043	-1.30935439504909	0.265492261118388	0.180580420550206	1.07785213383109	0.351696942435791	0.255196165932171	-0.533981553854879	0.441375050041707	1.04250475356496	1.22532904334188	0.933864594993799	1.02577646560197	0.139063740390361	0.0208739274973417	-1.02051240510887	0.196717608283987	1.00861417551887	1.11096370851582	1.01159740836578	0.963354742258107	0.442428728951316	0.446819368531105
"TAS2R20"	0.20377771655891	-1.22266081508509	1.20580807096545	0.168332588551532	0.649839535423127	1.74060989255654	0.606863436108283	1.22033957575013	-1.2645118170846	1.03916651019892	-0.734849697804403	-0.948861682494166	-0.897020073872649	1.42017548185903	-1.13748456733345	-0.780529762010067	0.516507131526076	1.36788551291159	1.54967706664338	0.389346858513071	1.33709604099774	1.20164631789118	0.386068430334871	0.742583874744377	1.28564438575921	1.35033218209975	1.26131814309576	1.26579713365754	-0.930002084649998	0.0996336067223508	-1.41143872049939	1.24350797891795	1.47473166358838	1.50017686867443	1.45574961500484	1.29273008605107	-0.426851244082533	-1.03868421498772	-1.33766200099777	1.3626363751469	0.277825082509507	1.26936091151751	0.531952647532118	1.35355529711592	0.632741805963931	1.16465705313394	-0.9439917118404	-1.05628050307757	0.151298828312393	-0.489508057957248	0.474602537014002	1.27399982515518	-0.920090442631452	-1.0796316744253	1.18408685739249	-0.732124414458346	1.15531055487891	0.216235107600366	0.335999604371284	-0.453188648802654	-0.22580385487277	-0.535215002789597	0.800146948419016	0.315049828329334	0.203516048066683	-0.129022224757298	-0.841004669485311	1.2497430471501	-0.625571415398816	1.20268914318648	1.2129721043831	0.536765601453682	-0.661198289425188	-0.10108651204925	1.23307645493917
"SETDB2"	0.225031882063218	1.2302672941219	-0.358134939399468	1.66917360937616	0.658015624736235	0.712848976429773	0.805156325789097	1.30126021897526	1.68001005649315	1.43819957395798	1.24682410126822	1.11657474462231	1.13849530612952	1.13827258457941	-0.0985541731040198	-2.24982603836234	0.329011736628085	1.62085533973081	-0.721122613238243	-0.822364299838473	-1.36243627018575	-0.530997361717688	1.24986646345901	-1.52802830894087	0.434801911445081	1.3229409773463	0.884667892712498	-1.48935255428672	1.51615377204972	0.170447547767458	1.60468604064314	0.654013839238481	-1.25479073917846	0.868437754669172	1.53548804827695	0.423910993307815	1.32491626928984	1.36459675255496	-1.47007409204405	-0.172519205711679	-0.200822398997089	1.30735684193347	-1.32006622009348	-1.4437933309443	-1.37678331309435	-0.603919051445547	-0.927212091175926	-1.61838357116533	-0.682552901651285	-0.803907607442069	0.870896577939965	1.45650399984149	-0.907762856616405	-1.11811289953157	1.02126256532369	-0.827981198366153	0.984213977267102	0.587072155942205	0.137045930745729	-0.149772478415547	0.106553666204033	-1.48136189273468	1.0013448461304	-0.391718797534621	-1.1898620480881	1.52283912824766	-0.232871426136899	-1.27099128275346	-1.34105110643752	0.681332362561441	-1.80163505555475	1.0659637877872	0.683279074336284	-0.252501940878117	0.898873086172077
"KLHL24"	1.23500826208498	-0.638868844234472	1.31202722575468	-0.400988803252919	0.0359162198862524	1.24067066778767	1.51479999513608	1.12012795433419	-1.314999953222	1.27303813013456	1.38056668879696	-1.15855270130484	1.25694972615638	1.47277009426183	-0.154580108249009	0.470112169260049	0.226858321898377	-1.02621522083704	-0.0115417686775436	1.13987790823697	-0.760885519018995	0.173556732254255	1.30021763144113	1.24631739599251	0.773186008341179	0.851715119530997	1.32206752036685	0.991006064787326	0.221346546268541	-1.67253316039781	0.00878283319316471	-1.50885557239364	2.78121134163347	-0.648706322648554	1.18817375467656	0.0476991027769135	-1.08723331266416	-0.151082151596301	1.45105252914859	0.776401910327407	1.04341980052087	1.31535606235729	1.56379259712198	-0.282311784578799	0.212629207499672	0.198069775495938	-0.6925883355363	-0.0759189621421734	0.567675078850013	1.3135811372898	0.236204487551879	1.1661913031809	-0.268017682654956	0.0303433611217068	-0.226135131059982	-0.146687128264801	1.16325620918369	0.54980899792885	-0.358078546236572	2.03034786005761	0.0575950198461852	-0.47452122808541	-0.314830553523609	1.15107981313681	-0.157060574751093	-1.06232507298737	1.07233709234552	0.0811600501576478	1.14389055310036	1.30523344111295	0.0215609983033983	-1.13185143839395	-0.576101351972411	-1.1273588569704	0.11459290619889
"RAB9A"	1.39074906494116	-0.410838989620117	0.4861050955671	-0.048797514539435	1.8824328767761	0.96813862667837	-0.887145490269493	-0.191441381230309	1.63420724007228	1.0125071783508	-0.645429033718849	0.896400175299924	-0.1624388991811	-0.653453588624814	0.708958987231131	1.15070901482159	-0.136259590220522	0.979724480211595	1.79882948592813	1.0267140503274	1.16359655231094	-0.283202388356068	-0.00645351589572922	1.06715812871293	0.729617699232928	0.988045142257417	0.331673467010091	0.967255547324157	-0.927991944642765	-1.18829055233164	-0.942275495750114	1.67282971090507	1.84842647659756	0.0932585482361896	-1.43935724578054	-1.23323092249662	1.70459116198502	1.90740358131551	0.845145963876714	0.0257753703858283	-0.816631843882283	-0.244975290529743	0.663391105041014	1.10639608652051	-1.08488813829632	0.787385355450665	-0.922452395879309	-1.00119327078412	1.09658726215002	-0.659197073747002	-0.643758544487413	1.13151291525326	0.96275392596093	-0.89734128957472	1.12536458800715	-0.633437108132226	-0.776841939636082	0.790903600243209	-1.11672282442643	-0.879365105527497	-0.973796807188598	1.34747236209068	1.93458803362277	0.242477599100519	1.27576333384461	-0.135970495340273	-0.956523286754528	-1.04467499470572	0.0663356760117719	-1.03352748302638	1.83498344596671	1.78880853636269	-0.217779564255585	-1.02425489164781	0.942618720484216
"HYI"	0.751821610289615	-0.397075620477208	-1.19623282539341	1.20239372282059	0.0760363588378742	-0.11733190733962	1.08051451856876	0.0985678858209211	1.27424660851143	1.02321878681696	0.0164753341824847	-1.06479235004682	0.0262468043488545	0.470558260873907	-0.851850097572638	1.36653243418511	1.24032495545832	0.109895711637336	1.52564687967908	1.0941641755714	0.960161044123922	0.926957008353874	1.2813706981931	0.953445247546669	1.02978467794815	0.603606378516911	0.963124261681714	0.189732153391683	-0.0179009777249801	-1.05733812347243	-1.18172945020774	0.413746340524035	0.391309392995688	0.200533056444062	0.667461276089733	1.48956729278263	0.360656101399087	1.35051341317052	-0.5281813141933	1.22215196720324	-0.659860128036429	0.748030974930917	1.30106431778933	0.056829400332101	1.24717105104716	-0.128914404899034	-0.88517232852392	-0.019504360835259	0.682493207948138	0.114794527343914	0.575711772437887	1.39184936672875	-1.04321324729882	1.38105139921079	0.00285800866980225	-0.92804827257527	0.990707324679155	-0.349924976323042	0.996262473829498	-0.799152554015881	-0.409962131482299	-0.139710938899926	-1.09140666802004	1.38171598565431	-0.807046052414133	1.23701259453816	1.25684276822895	1.50780448651302	0.726460315780586	0.91830131351921	0.417416216417944	-0.594425269418903	0.953871255975535	0.447315125860171	-0.815305907690766
"C1GALT1C1"	0.340278128942374	-1.3851507488158	1.01676309209388	0.953122796654964	1.12135732644894	1.07619163954704	0.963632041014823	0.952777731922644	1.20270461375589	1.159247669121	1.11037784844024	0.421754715084938	1.13344630082299	1.22255732966629	1.08534530674873	-1.20497354290123	1.07847461457329	1.11158805886177	1.23181887169894	0.0996838032824183	-0.420022037266209	1.11698699873846	0.808987524018968	0.378644202749582	-0.19488362462976	0.993765744604419	-0.979903353229805	0.316442005424552	1.02200351347349	-1.36256239140697	1.09242599702471	0.0529343266665935	-2.57395553621115	-0.103994111049908	0.988378839907573	-1.56104069926269	1.22467738046779	1.03578367897199	0.290362632027475	0.231412506488514	0.216402661963444	0.976990028312713	1.00963347249094	-0.177924813328565	0.966121837359514	0.228699558860233	-1.09613276410716	-1.37761867331323	0.433286168175219	0.238277919706705	1.15386569619201	0.985471142899694	0.268314089686181	-1.27051195940392	-0.67726216160149	-0.53298577441943	1.05605797889672	0.959437300562929	0.208004422427649	0.190929441891673	0.256709397875948	0.145153382983378	-1.17511107508175	1.0391266054586	0.383384161663988	-0.309499225734188	-0.646147458837597	-1.41209933483082	-0.23792790096478	0.994824275937213	1.06895388551202	0.305079457341238	-0.0310436880439105	0.343134932511103	0.468291670175929
"ZNF215"	0.567495889681411	0.0251497548430476	1.2075787659167	1.24798395403424	1.1479237688468	1.10673180208171	0.0682426186378605	1.12134720785542	1.10196603608831	-0.195407568380349	1.27710027725622	0.177482282899025	1.25397618382817	1.25073200620195	-0.783257575894338	-1.94257694833927	0.414625022696021	-0.913522611397207	0.291156603455334	-0.764843648824995	-0.208353769862979	-0.807343685836672	1.22194403155972	1.1921130468651	1.1040108779469	1.13339271239651	0.0941250203259236	0.666333238861977	0.13240757881459	1.37513329440746	1.12132940582187	1.55326882067637	-2.09683628193487	-0.121960042959025	1.17273248666073	-0.433775072408348	0.857548116878626	1.37945692194289	-1.33643792425701	0.355248616984729	1.19111447407956	0.258429309419281	0.241838968857593	1.13948758736294	1.16765607935507	0.000980592256507488	-0.1819371807573	-0.98643720400292	0.275613193695412	-0.538188452761446	0.687951291890144	0.815347332405197	0.207835402828687	-0.425568781789038	1.13693994862377	-0.0181105101191495	1.27336913148655	-0.00427117551807524	0.999980002324452	0.676769592957129	-0.308081059310108	0.00757198788741503	-0.650708141590151	0.25743298226712	1.1100511496085	1.31080220085567	1.11822310307494	0.46289340193135	0.214823592751753	1.1125825927333	1.10775294319704	-0.813125873970142	1.33578681929081	1.1804676606889	0.0881063237797547
"C16orf70"	0.915096356793087	-1.49465327030502	0.654363712102481	0.787711849286764	1.23411804383642	0.573760301564666	0.30130664610394	-1.30119171940479	0.986348833384562	0.542106416670587	0.83181560659419	1.04511152519136	0.898142313749867	0.803256355188687	0.0357135959451003	0.983785004586391	1.05859071109005	-1.2391394977731	-0.484136658339152	1.16865772373961	0.71829043773628	0.383115064568522	0.81467575098695	0.877365342779639	0.964674730755397	0.648435368840616	-0.136895572947638	0.734306063055923	0.978557048403261	-1.52801850279458	0.647928665257531	-2.04041122050905	1.34300768018531	0.800832303582048	0.104085625687018	0.759886106102077	-0.0171508614588788	0.533313943606298	1.31511585348825	0.365988223215975	0.636514964960626	-0.541694621005119	0.915156667969995	-1.14837249222186	1.29053228091599	0.788307002719276	0.148713486619304	1.05327649034798	0.685589809929104	0.870020493508169	-0.480009395973628	1.24768895628801	0.862392319709059	-1.11901641814802	1.06213969214676	0.573529151325704	0.801544005945141	0.776406578203873	0.816651794693286	0.149762940682867	0.164097936407353	-1.18858352556211	0.881787619056641	-1.07037730422354	-0.304962507632261	0.72118175651265	0.158524237632789	0.782812266431415	-0.0448902640059047	1.33454355567724	0.699746254374428	0.249657183171311	0.775693757154188	-1.15369843738277	0.931776843284109
"AGGF1"	1.44767465314363	1.33433501789585	1.49838070172698	-0.30855196155311	-0.893237013376804	1.58053057105585	-0.651134808268422	-0.974502276943128	-0.233178105331799	-0.179683907695835	-0.775255533882212	1.9813605671703	-0.517261332578998	-0.491299283163195	-0.570626498202646	-0.574382039914107	1.60037443700857	-0.402329123853402	1.7895249804765	-0.0948926122044602	-0.0477650909349937	1.3984749186264	1.45528419361224	1.4435393370107	1.39380824462288	1.2958434580624	-1.08697102311189	-0.716719265185377	1.37983989233833	-0.515980432419071	-1.02748777126358	2.78433816002169	-0.963673481621971	1.64986605834324	1.38385317660784	-0.348019760990141	1.57340970391172	1.46688024249256	-0.960774026800059	1.30026430756896	-0.465701380019488	-0.423933827440364	-0.777607284799423	-0.128022134516623	-0.502033332812637	-0.694228245746706	1.3186657461079	-0.298758629399755	-1.25501914965483	-0.941155175822941	-0.00525041774826088	1.49031293356836	-0.324764844462976	-0.610593863839322	1.42067438643898	-0.109767467491707	1.28608209607412	0.244512831187236	-0.315922984816734	1.39391677238951	-0.885362478846177	-0.280445612464152	-0.894347288329363	0.0953237981111917	-0.135676525945403	-0.46581333091489	-0.471834804699478	-0.893360413713735	-0.77933311522675	-0.732669077135793	1.34228955298209	1.32566726667831	-0.587649255623012	-0.459690701480822	-0.0454907646498304
"IFT27"	-0.490315662620621	-0.758818672545941	1.04159743860669	-1.35542366010958	0.159254959778267	-0.454831085027053	0.823890841600336	0.863599542438775	1.12332788773268	0.546188823067474	-1.13893314949397	0.427315877677704	1.10210197520226	1.15229050620866	0.374828872362914	1.39310643031681	0.82455016483315	1.29573644493416	-1.38850069011624	1.33824424448187	0.944018707409483	0.738395121302699	1.09682126435693	1.24966808816299	0.984399509139713	-0.26143721347745	0.686844391367233	1.06042743051747	0.847086595457003	-1.85039940859998	0.96653820676819	1.26369452990937	-1.95328403504298	0.996201957301534	0.580449640512811	-0.785457771512465	-0.485243863743379	1.10676192224156	1.26158065844173	1.02152130449498	0.603314579372287	0.61064113923301	-0.0618863504568301	-0.855968942524742	-0.727394968529622	0.471589621716458	-0.592406050287518	-0.794409276202562	0.539018183553709	-0.822668963523452	-0.518263302724197	1.05397480142724	0.297901189537119	-0.673157479058082	0.475598787143591	0.855156710884942	0.628425975934476	-0.851700932145399	1.20141424196131	0.61898860218522	-0.467229985977889	0.790412089814005	1.07748780984253	1.20047510130449	0.554021842760167	-0.833495492927264	0.594187323848839	0.17195837094169	0.657335122608933	0.390594490947812	0.601535421099977	0.650044329164407	0.728260605862986	0.822552773662208	0.958240727628496
"BCL2L11"	0.743315906038809	0.970466520924829	-1.29140022776687	1.21348160382896	0.876083740974228	1.27449803672082	0.900769848194228	1.09096126058985	-0.830403494329111	0.966648427240701	0.868010628174931	1.02365400591034	-1.88807029362702	1.51133401695125	-1.77930862099866	0.312180969448728	-0.198369727008003	0.78671735729685	0.713643816521881	1.03925299332577	0.497773448421585	-0.572131852216416	-0.233671553453997	0.545163379483441	0.00462999394351119	0.894232362980415	-0.447652602369861	1.24637681350566	0.896930344684122	1.3067899127278	0.535324925553518	1.61270290804483	-1.75347599518528	0.848871352706998	0.12227650041526	0.676132006670692	1.09564905526933	0.901208647213403	-0.292888664856119	-0.0823130315078524	0.797021047144657	-0.811326917070234	-1.71019036232345	1.36564973485409	-1.37831982632203	0.705445236196788	-0.0952775682456643	-1.35361395961219	0.524027247559745	1.27712743788223	0.591369843011732	0.0107743499366938	-0.112286232785001	-0.886098133796465	-0.130771158289228	-0.575771066529118	0.695376149311244	-0.0272008445537759	0.789421720382855	0.288823118314404	0.742164959187447	0.0324214996686345	-1.5852006291784	-0.497189263752833	0.192022103328486	0.878088691093728	0.55312486548015	-1.42849117945528	0.507322967714078	-0.0527541416493344	-1.10231523118332	0.816516972830277	0.773059099551234	0.560170734653879	-0.961333968234322
"WDR92"	1.24176550741623	-0.941728440392493	0.446315269391827	1.33451584123095	-0.682590396456134	1.23612440547504	1.38919799045274	0.934355597183777	0.337268429589699	-0.327189993411514	0.00803047542390672	-1.00137041832139	-1.11095848857772	0.34046864756753	-1.05517346528782	1.37914635548863	1.2010175648661	1.22985407042246	0.621423764173814	1.19192634789347	0.638971830397669	1.3823095626773	0.140410056412567	-0.123644669880905	1.28679296933131	1.3196864702637	0.855879740919867	-0.472665142452291	-1.24931726372	1.23326003607381	-1.51839755909523	1.25754892081184	-1.95416642150986	1.12095760086136	1.37504732559352	0.757162190164396	0.516864224394971	1.20076061319432	1.27981175806999	0.801508146379616	-0.756098640519596	-1.23341040421856	1.4811983506615	-1.32754393925867	-0.885850939313453	0.74644104936556	1.30270356399654	0.601189196489893	0.718320463783099	1.15544435985877	1.0997778201052	0.646049736828935	-0.995493655850181	-0.944166435714511	1.40630618874179	0.407129287393136	1.27148417348986	0.215546836283315	-0.880164994703439	-1.22349768779607	0.410754135720787	0.110794099995782	-1.08924553767356	0.558895511690151	-0.562560845038115	-0.132289303630094	-0.810647985685947	-0.5393136418865	1.1995864743419	1.38477101649653	0.431620992024023	-0.295584871596318	0.760658592656314	0.80130939679553	0.706010147913334
"POLR3F"	0.707190138224839	1.30468996087557	-0.788825570792991	1.21095884634932	0.37836124270026	-1.32605640943568	1.14626179913019	-0.21035465114233	-0.106223310113376	-1.10137398290106	1.21100819269319	-1.04267758065295	-0.305613236724969	-1.15298355794539	1.3119165262154	1.13678834879863	1.44573288241692	1.22560461361235	1.29701818415126	0.987140344746807	-0.157716191056492	1.11818806442333	0.629127681305286	1.18267604631787	1.18231217222718	0.463069988031689	0.727627490495603	1.14481718009926	0.292540048643727	-1.49223586670021	1.00069509498745	1.42833689840992	-1.98418285652299	0.770467298818614	0.152957924012542	1.34933958982284	0.158262081319424	1.27807440381399	-1.19679667888172	0.119233413179647	1.36797245685349	0.430823934545258	1.3748354579061	-0.629540077121497	-0.566830523504681	-0.395776567409859	1.24675053150966	-1.24685833451726	1.224597860535	0.268392465743358	-0.400805281847045	1.18127031046486	0.540724899127537	-0.56957914942064	-0.973333753606521	-0.497368308920493	1.30599125115089	0.290071804864118	-0.534776933607453	0.687273320448069	0.193306562071903	-0.776567022774327	1.3807191775894	1.19927172374437	0.321103730502723	0.251385281379779	-1.15687965588067	-1.03177674314465	-1.20356825056404	-0.832256791081586	-0.0240266450545134	1.24986361399015	1.32252744054786	0.584518379194671	0.641360300675273
"SNX25"	0.921911772821845	0.443386458907888	0.904846636301983	1.01699215453887	0.932043667430997	1.08024183482559	0.943210650282496	0.881882171423604	1.19036394417478	0.960834099015065	1.05899428897891	-0.625035655641777	-0.359197214111029	0.972092354156542	0.338651442671502	-1.19171486597777	-2.23765022611076	-0.286403987647639	0.869747690193432	0.773303015071468	0.911921394543725	0.470280085298856	0.325348107365981	0.877287687912257	-0.0557325465168245	0.814968101326487	0.647244460471843	0.369358923960163	0.264370462248545	0.080032216568916	0.974499678404633	-1.02144826279687	-1.05164810313446	0.14051868867172	-0.218333473275218	0.808707410611317	0.0948337232476865	1.09389335655875	0.938808928373098	0.864512658151827	0.909985811456277	0.909096737928598	0.765346721966294	0.884118841787108	0.5185189432456	-0.285808674198729	-0.280228191279819	0.234427520498538	0.288140058188226	0.854555163664847	-0.454425127305869	0.24941493959606	-0.264623048371478	0.33442348939671	-0.453846712366753	0.908527510442393	0.392699500664851	0.31445817849178	0.248170303549599	-0.400451843622907	0.205837379872383	-1.23679458772812	-1.75503096640983	0.973832515489052	-0.395584966616496	0.891692317016355	0.387142768545939	1.21337338328899	0.320247094461138	0.92588872410509	0.648038826664179	0.262714500910734	0.261608537241817	0.326421572304452	0.356785817722794
"SRP68"	1.38444817300254	-0.626719917748607	1.19505603870627	-0.14664310245118	1.47523711832815	1.26654330922874	-0.94625519667389	-0.153796903448825	1.33226408867657	1.38412951896251	-0.116671173499891	-0.322243550181078	1.43355087140829	1.57388673013361	0.0121771456063523	-0.315313912191933	-1.03092098412986	0.514891990226608	1.65027043392952	1.52242923193507	-1.36266611998254	0.522043975713002	1.39164911680721	1.54298971758309	-0.512501313903281	-0.698385174273144	-0.247638143010168	-0.0790691551091976	-0.0429561924783546	1.57048180968868	-0.854073732424535	-1.65204038539973	-0.623187841926198	-0.291104931243733	1.50025214633922	1.48504436981941	1.48806990113841	1.36826117783369	1.3087307530064	-0.0114462129257941	-0.0962449321861251	-0.729668716461108	-0.0377850653448161	-0.657280412383444	1.30238397904503	1.46924414364237	-0.81835723100998	-0.260003590450328	-0.593945094680145	-0.387117118229969	-1.04323587334775	-0.173323999101238	-0.355485700736171	-0.998273721760828	-0.696229010567769	-0.31637289312952	-0.437586675091427	-1.18710310790071	-0.210291266707193	-0.975703817793564	1.3962718368026	-0.701115586079341	-0.862033781375341	-0.821053483583894	-0.0100789133042072	1.45144697412209	-0.120468260143186	-0.809465981498753	-0.0176684244133896	0.11763190781248	1.45641951567804	-0.166004445386618	-1.15090014570581	-0.123300268970167	0.567485257259999
"OAS1"	1.00815646945221	0.921283457961297	2.20793578737977	1.80035070934744	-0.252574810123821	2.19033008886595	-0.80727689500099	1.20916511911856	1.63814339036654	-0.558623453773663	1.31540318527137	1.25053360203399	0.0235351095719257	0.0911355127833858	2.25707410348007	1.149480682168	1.09250982730078	-1.10570442642363	2.08390370194201	-0.617230357994684	-1.30403714269644	-0.241533968638741	1.33561662855675	-0.599276584735575	-2.81256731176451	1.08077733396399	-1.34288012292773	-0.606124962712304	1.31167682776956	-0.926760109620829	-1.52936252480469	1.97668533846321	2.0001624937958	1.02942204839619	-0.921948832809671	0.86861624495555	0.924121863141204	-1.5444474095319	0.409646061707267	2.11172616708794	-1.37417785536209	-0.171293981798376	0.732864371418552	-0.434103621869628	-0.366778749061194	2.21873806664994	-0.72505080837051	-0.477250975098314	-0.283491544484279	-0.49977937444535	-0.400431988508362	-0.00836511536347703	-0.414765580801509	-0.701734918144945	1.29936309625588	-0.468553075560759	-1.19178262811928	-0.511511655186155	-0.605477713323536	-0.864845031402345	-0.207419652747834	-0.520400293876989	-1.12609354152207	-0.643563526225799	-0.754863920569397	1.31180138795927	-0.574319602703704	-0.375112112309687	-0.925141591048928	-0.564739409242586	0.993621998766187	-0.612080740267634	-0.779137023811364	1.10770181217893	-0.677663877246158
"POLR2D"	0.678218314090612	-1.25590362312509	1.13746643818849	1.16419916048827	1.30054845102969	1.66161849127091	-0.856909908596496	1.16280465927772	1.78939927406117	1.37848501163429	-0.436264831856562	0.969203983182879	1.16866084418431	0.0793957013529717	1.54258264796728	-0.0540165575007971	-1.00388310380923	1.12947257495068	-1.65420225545957	-0.135152550115266	-1.04692146429747	0.225894602653974	-0.931455393627492	0.997191668105403	0.0631107786845761	0.139268953131225	0.0251032486750234	1.14003613488549	-1.11837949270055	1.69451947735303	1.35548608718283	-2.02191391486467	-1.23508435608925	1.07029015341935	1.02537463705626	1.14213598990635	1.30150166614767	-0.0597559039559081	1.53033360412373	-0.046414814988953	1.63133235228855	0.386226476631199	-0.949798228297857	-0.0798245448873033	-0.201161670232375	0.33736586556165	-0.148952266371885	0.780175667896179	1.05393588070367	1.08337276751405	-0.317895851459246	-0.708198883098078	-0.667151202329662	-1.16985039908007	-0.685697906723218	0.207614560125929	1.14832760083538	0.678400076322581	-0.0248975183966282	-0.261875825080729	0.688109529501181	-0.81521010967414	-1.02206365575638	0.101261738434647	0.313041892002316	0.294063616978033	-0.0721428561318401	-1.11688547703847	-0.336533090490698	-0.300920195005086	1.12775046482735	1.04509447260925	-0.173837865323215	-0.785639623150656	1.04320755142929
"ZNF3"	0.646150488154888	-0.770145057521915	1.64262357857426	-0.792261008853519	-0.872004509707565	0.144878697411674	-0.700265765444569	1.61891626122794	-1.42362152551325	-0.79653459857521	1.52711413490024	-0.805375805478516	1.12283330278769	-0.795653417219355	1.14133197484751	-0.509161437507547	1.57950412092625	-0.727192755049969	1.59865933621791	0.0134066954059455	-1.6159100828927	1.11142563747349	1.59295392897546	1.26862424714915	1.66610975995098	1.20847793338639	-0.541483645974779	1.0013016853082	1.44849733703422	1.01147240660771	-0.491101921239998	-1.12686683323029	2.09577672730075	1.14409073754021	1.57940476912142	0.320472962536662	1.65521505837094	-1.20612211467377	-0.182059336688462	0.314981272754928	1.50623197236578	-0.533673485099269	-0.648677381278533	-0.570637206557163	0.217004286411045	0.371621808227773	-1.23768440207879	-0.0813494753309224	1.82803482601357	1.14687510508198	-0.809081963038517	1.50978378373181	-1.14203909800718	-0.377378580036141	-0.875675731951429	-0.497604868332556	0.535222528322216	0.163611111833569	0.134545554359157	1.53477233111011	0.277005416669464	-0.634414389409175	-0.628206716990586	1.08755277294576	1.1185132406258	0.339137175030638	-0.282330862559944	0.391869514244986	0.105553872812437	0.40858277832212	1.33526516372455	-1.00184249017186	1.63510248509286	1.02045574414234	1.11879993890824
"GTPBP10"	0.476768493928476	-0.937253220770112	-0.286822777102388	-1.0493919938488	-0.713262484712123	0.389142516042497	-0.0425959948189675	1.43316025818166	1.52564067106374	-0.270713999131227	-0.62187068659384	1.08090609709611	1.27744884555298	-0.962192376611285	0.51232076286024	-0.270768581307828	-0.0604827209865334	0.296749319292416	1.49218237653553	1.07170464198435	0.542054660553578	1.07703752067836	1.50172219829258	0.736071170764154	0.339787134981038	0.920710510034721	0.466170958206944	1.40243742197724	-0.671854064016793	0.233640833384729	-0.806936796616922	1.39917342929644	1.67012139485468	-0.885524703254394	1.31187115186258	-0.681468416201335	1.20576634566835	0.932234668906946	0.563924497015068	1.08884344886471	-0.0923952104211131	0.678252230993902	1.26233363126043	1.10762538716945	0.0780069705576967	0.622503449260991	-0.416445596325204	-0.5239384152584	-1.4305454462257	0.206094285187991	0.025366959665698	1.13879028321842	-1.0515421516185	-0.412329726590706	-0.138410917503885	1.41892294008807	1.23522978639737	1.41818736622434	-0.837003141785487	1.54853510605922	-1.07380693345922	-0.5124857143195	-0.816423540549721	-0.255368755797173	0.116144712983741	-0.323773968658868	1.44345210695777	-1.12277905077816	1.23906248770865	1.18665356173416	-0.43127781450022	-0.665428780526415	-0.604799746346199	1.03254523588575	-0.426537187043749
"MYO9A"	0.205126289246656	-0.249001203762693	0.0178232758274292	1.48944422748649	1.0663349872894	-0.0686454442986136	1.73714673870136	1.28206813332229	-1.33272539220415	1.31822320874541	-0.53293830282107	1.38840946375217	1.51287531199272	-0.982377878306495	1.63612606582597	-0.978816822860891	1.40003385465774	-0.863683748172728	1.28556033359001	1.13969227992939	-0.188821632278857	-0.502153517950513	1.43232982279972	-0.0300227528773908	1.15220782636611	0.698649299985651	-0.743850015115359	-0.951153738213861	1.21083635445944	1.40259499402893	-1.03418042542904	1.94810912177053	-1.00812238093982	0.533482776944409	-0.222326156765552	1.42125858788699	-0.0729072747739497	1.38444880155081	-1.0033999905215	1.28839314851557	-0.625909109671064	1.35053823889724	1.53906479465948	-0.0767571675173783	-0.431175396503191	-1.18669607439878	0.120437757475173	1.37794418218551	-0.227192654983609	1.31262562902185	0.328527057149303	1.36273494922805	-0.998755730452977	-0.118792818313176	1.25569580295152	-1.11431408982953	0.803598524710562	-0.85249706342858	-0.356867069230352	-0.535108860799327	1.11170428658721	-0.646925677287079	1.1964563994097	1.39384082736928	-0.894365353155813	-0.498702192688873	-0.847860447858022	1.4240931851397	-0.197084913773421	1.41373377328233	-0.120167698071053	-0.816037773401576	1.46836295769623	0.0618084284634687	0.0699318643133495
"MZB1"	0.00131709567307505	1.02993751529355	1.130660292226	1.23398595819716	1.12196528127406	0.657635551933935	0.0381986136065655	0.958605410173624	1.30936533900463	0.494660274909374	1.23070504002215	0.0844600542170827	0.97811201118502	0.947267509815128	1.00962503236224	-0.836945119360686	-1.34588158331543	0.185329974405185	1.058324600599	-0.192578606034451	0.900505183741015	-0.392050283870421	1.02683421807472	1.18001410291445	-1.57918588933628	0.981532670062776	0.754440528047513	0.417525709076408	0.640442507374329	1.09589633044643	0.573731375848396	0.959648111680154	-1.50751102584398	-1.46558932332073	1.01037102828329	-1.48077438551811	-0.330108173189594	0.933732217395486	0.0445984642780046	0.522597412389346	1.03064167081169	0.965394764401935	0.172912325961221	1.04705313250115	-0.82132360821586	0.311463413099945	-1.51746599051117	-1.31457242765289	0.273969810423559	0.393086961299799	-0.115345396647005	0.914857675452207	-0.976357302027264	-0.0759311808455535	0.795116035677454	0.404401127449582	1.24049613348929	-1.02135643492157	0.205501638680256	0.869195102257294	-0.288502975960425	0.574350368120125	-1.45396512508507	-0.191980011227728	0.97209644152907	1.20377535369732	1.10531796807578	-1.09832137419785	1.04638158099893	-0.356931142856818	0.927983516598578	-1.54676529073487	1.07340343731079	1.03872930872893	-0.307940545038983
"MRPS27"	-0.187945431174406	1.27548496412673	0.405165980390425	-0.284229744366488	-0.413647144663161	1.64856068529977	1.41945963421785	-0.550581365946337	1.50654374029655	1.82034373613594	0.112510025131907	-1.02908555475785	1.63423628155194	0.739872595888569	-1.48385401546567	1.46250179370463	-0.240629912505993	1.40909870074265	1.57133502595521	0.248556539838169	-0.166826197168906	-1.53094575170214	1.10843506433851	0.901092828130818	-1.13582825166398	1.27872679596646	-0.830391118591943	1.11800333205364	0.0454008657898673	1.03697835473117	-0.747865656721287	-0.22827551118441	-1.01488052927702	-0.646095088491693	1.62113306089577	0.374791679132849	1.09113992930003	1.56531343096203	1.25242183548438	0.471674180371398	-0.375318687271594	1.30466905582439	0.23361002327518	0.447329171407964	-1.06049410558903	1.0754029601133	-1.25877066440122	-1.6946513813473	0.72372172790474	-1.00722828199761	-0.75518590224567	-1.22486848700117	-0.269352398303899	-0.710364007026153	-0.556225788583056	-1.49241912897995	1.16859011557194	-1.04491437884154	-1.40378878965852	-0.248659175284392	0.40565725491481	-0.103198827399084	-0.555510967711395	1.30596688794693	1.32786673368516	0.842860619528942	-2.05209816513343	-0.542428011090304	-1.02075843535109	1.23198863730019	0.49410258671058	0.575999801444969	-1.04065782958179	0.827870822216304	1.17531010961095
"RUFY4"	-1.1915180360089	-0.834863196914222	-0.265226653355645	1.89606139740678	1.85252476222022	-0.695477016495997	0.266611338524552	-0.783949943860462	-0.971019231602979	1.31032305821029	-0.835633957457799	1.74949375831095	-0.270463216857701	-0.842197520597891	1.57485320219561	1.12309937822061	1.17211271675439	-0.748726713765469	1.83260260874132	-0.850188881052823	-0.102041616113925	1.59096103891765	1.28315653569237	0.0362563421256631	0.754088939316701	-0.313612688698385	0.577153765446472	-0.480087655354308	1.66871079654229	-0.135112185646522	1.67607161455525	-1.22693051710267	2.14420842300759	-0.555206629683737	1.18394721517102	-0.69123416412158	0.683533954870722	1.218239411298	1.19279463028227	1.4256420617471	-0.194989678639187	-0.77277870262027	-0.861239638272168	-0.0855155515263254	-0.0547286306506693	1.32371722457862	-0.700586900051838	-0.186861312855628	-0.721322413325337	-0.917940308558923	-0.768811925861919	0.484486722047951	-0.772408756304171	-1.11101918357016	0.380837811985131	1.27520868991893	-0.0901920776460411	-0.814002877701683	-0.357080665397992	0.286713665887813	-0.052872417696836	1.33818474576595	-0.734574158194629	-1.06869937614994	-0.647197255507399	0.264313639115726	-0.82884853127326	-0.784044830698258	-0.869216252487705	-1.16738891105871	-0.739310890924824	-0.866043978355043	-0.179152894561396	-0.349634988100642	-0.331085492717816
"PRPF3"	-0.0633403326287701	-0.00794933944266734	0.474114308321877	0.333877740360664	-0.937760767395494	-1.19453313237898	0.44195797426509	1.77877641124016	0.314074924063764	-0.392197263001351	-0.0851475400985872	0.370583420391593	1.6634926551503	1.37293906183056	0.359813569988257	0.114616816895794	-0.774767799735542	-0.857090587143726	-0.402322754107992	0.991908216488842	0.766087744765626	1.37571151074983	0.547922932115264	0.15120989452286	0.0431841379558159	-0.575370968286178	1.82778039013571	-1.70357629363623	1.17642069289019	1.04957295087155	0.768083291738581	1.65804881208013	-1.75344972721804	-0.361086694432055	0.114533721391961	1.22352800854313	1.22689699522249	1.43489988178666	1.06486252542238	1.74863208546248	0.924601210945697	0.64282701509787	-0.541344485208786	0.139010658197686	-0.921319083341393	-2.01926670271827	-1.14273062912637	1.61434545115196	-0.468557348232912	0.606878871127092	-1.37521463647214	-0.685869900235496	0.0232736250345238	0.634885920162456	0.130830088002826	-1.08983217221684	-1.92764522713367	0.719206283515271	-0.213300282874295	-1.53308422258985	0.545440863110191	0.425054545634044	-1.02888670917436	0.0748518436678286	-0.506666193261166	-0.0775608029589545	-0.769122978057219	1.41409439492339	-1.24676449158989	0.40897934543769	0.323556438250389	0.053839815378978	-0.758697710430742	1.44953989266457	-0.323281843690963
"STK11IP"	0.996005691676461	0.976414739729683	1.29163850937816	1.30488071168849	-1.14265908586454	1.06074808186508	-1.44132518313687	1.18316821644323	1.38879157694587	1.23420771230356	0.361682927859239	-1.12392106417276	-1.12282643057121	1.04622962950088	1.43474993029574	1.39343126586036	0.346448781606131	0.678765166330349	1.43117309399693	-1.44525506777293	1.18233764255688	1.15702744489717	1.09648274333411	1.19569470020146	1.32551196642935	-1.05090010805711	0.91633929002819	0.751477250773588	-1.28970972218255	1.02346557395406	1.32134377123033	-1.77525241779637	1.31877895116144	-0.115757041351439	0.978195716371491	-0.948665359940365	0.546096066892357	0.275930013728953	-1.030354137649	0.565759184000154	-1.10574687196097	-0.981244811696892	-0.923564362020632	0.312232358230645	-0.0189948544694299	-1.08860536156145	0.753667697251663	-1.31983574835244	1.33831223733765	0.650397880582332	0.564814737564498	-0.399639807126177	-0.187386804815875	-1.32724457792752	-0.0261763034930028	0.959449383281002	-0.932872481292346	-0.506579155097604	0.942936395461108	-0.716393139791993	-0.985988712677215	-0.0225544518983782	-1.40353049818511	-0.0693222611196457	0.612977557903166	0.736942129023876	-0.185630425436979	0.698606873613671	-0.170746652975349	0.906328932189664	1.32062867822498	-0.979502659895705	-0.0068411103327749	0.023514310812001	-0.757866446923572
"UQCRB"	0.918359494352126	1.43615067602015	-0.875542687719731	1.44039941176383	-0.448581218087866	2.1842902675111	0.178892616283709	0.915184171076493	0.907666720573202	-0.426478662640539	-0.778581893909668	1.53373736273448	-0.985834909222273	1.68278545923751	0.277718961291388	0.402092526599978	0.945524481429267	0.946621955018987	1.91064823009634	0.546457420340188	1.07588143014355	-0.650152641821525	0.465662518001183	1.32138173916459	-0.561268139451494	0.99299765385887	0.732928405557206	0.200852678392225	-0.161438816778458	0.3425044481211	-1.01541816508834	-1.96923127568344	-0.994297090191572	0.523052900185658	-0.125090287562166	0.0981817541314223	1.28942194609655	1.69843426466931	-0.462533988900181	-0.0613121387427257	0.699816019980113	0.56907844966419	0.850593720529066	0.470985654617681	-0.714417605468626	-0.199022636186174	-0.459911813439299	-0.215674550692347	-0.889057065012376	-0.0221085333355017	2.29036768365771	0.36733553878517	-0.138503579865973	0.769572780961141	-0.862382799606244	-1.55884002736581	0.298564536673067	-0.128294716217329	-0.752848958020034	-0.0468213181966319	-0.348588740549005	-0.230624083637257	0.629998084599177	0.27076098783458	1.03903160705989	0.906820680612625	0.388776338602752	-1.37978224283618	0.63633236430978	0.414233395981793	-0.269604906115661	1.03183765742217	0.458329848671577	1.35033980585561	0.168265694823813
"CENPA"	-0.05427700102813	1.09263107712569	1.07904733637686	1.49625242965716	0.118114876291872	1.28904759733996	1.20827261170747	0.701611353863655	-0.62513021513214	-0.863078590880644	0.936770637284884	1.09860685511795	-1.45611769663606	-0.246028424064655	0.322104578439677	-1.0863748764063	1.28040775242656	0.446946163200684	1.38699775445825	0.241046799319779	1.04385758271793	-0.162375905192909	-0.938207494326292	1.07351726137401	0.0292007313690986	-0.171871409988958	-0.791972873295261	0.137264042576302	-0.119277004433205	1.50788158548115	-0.276846752032381	1.57185408318271	1.13610502978588	1.12323152652528	0.944574821626671	-0.43719532377652	1.24116922854116	-0.835334206818133	1.10933194607661	-0.676089648370457	1.26251552373235	-1.12309851444655	-1.07042828152084	1.0850268322985	-1.07045143755825	0.48440899253003	1.07283147365557	-0.459822443824292	-0.790165447337481	0.457766428856741	0.234107282498313	-0.268542276363292	-0.806940522757801	-1.29473373022591	-0.383520664491135	-0.394844255149401	0.156014247735268	0.496665753953526	1.13377276361137	1.29371664602192	-1.22624068815496	0.114070641050368	-0.0734865354467077	-0.723780283364829	1.09426453162887	1.05418959752068	-1.03067938485354	-1.24476900727954	-1.03913521466997	-1.61488252524614	-0.192217998549892	1.23807229908087	-0.289821564696967	-1.07969854578966	-0.141600110499079
"DNAAF2"	1.01612584706892	-0.145810402106557	1.36880500314739	-0.583020931159863	0.908263609134208	-0.187871996043935	1.68164123224733	-1.38717970808299	1.34190709572619	0.0363834225997328	1.49045894113539	1.18438052758686	1.33700217427362	1.19599399711106	-0.385637124916297	1.06470716396306	1.43094317291965	1.2755211775384	-1.27725853512108	-0.539227784103144	0.455800704717133	0.563848470743271	1.36689203288627	-0.154806686713023	0.501481720216682	-1.34570756930868	1.19217534081579	0.497721748501477	-1.30219226028584	1.07598897381233	-0.189792218351668	1.80406362488584	-2.01177010005342	-1.23800660332676	1.188377630009	1.27884114685207	-0.127881532825801	1.33561103526233	0.0159161193461072	0.663170925632046	-0.303690367794939	-1.76533765419771	0.219790961349733	-1.22429162586846	1.62827679932517	0.143035593142304	0.781229756870332	0.0653587232555406	-0.53077666499599	0.955407170123825	-0.379582256795217	0.295020584610315	-1.31987288609125	1.44433523969917	1.33677866691733	-1.42476410594382	-1.60426880473041	-0.0492409820314238	1.59324069307042	-1.42278460609429	-0.169398482171582	-0.0371493850239162	1.13807875228573	0.234303123962803	0.0546302470263103	-0.529644501289498	0.758165154553175	-1.19777898985544	-1.04110201665928	0.629641071768051	-1.56739690402633	1.33673894915964	0.693640588541955	-0.104149667732236	-0.00238710939216045
"TATDN3"	1.40408528397314	1.40450229668234	1.55973576938529	1.26782538656034	1.49086493691605	1.04936660660892	-0.610272285571933	-0.392612638105486	1.33330134030133	-1.350712310102	1.22323645013199	0.40471293047812	1.35493752455536	-1.04555261536826	-1.25726385940594	1.35193083066999	-1.17471039403446	-0.684194083511139	-1.48447061740341	1.3406719120841	-0.226504467983482	-0.638493855222262	0.0133367736181935	1.26542233036077	0.124070235015985	1.20979078511901	-0.55516593838572	-0.647789539352867	-0.929339258062745	1.43175538295791	1.46946073052743	1.65592155531156	-0.839995865888778	1.20950773500952	-0.550560233831161	1.39435069137255	1.11810461679091	1.93517163191475	-1.04158612348961	1.4671079917661	-0.0809279778204978	-0.604495080729326	1.19822722495833	0.433754151764885	-0.14702551884394	-0.0726327493019275	-0.537689821905141	0.310091057774283	-1.16640631575045	-0.899253210093527	1.33757270944102	0.0151607877056788	-0.205819803114772	-1.12256220829041	-0.150211560307273	-0.2528015605669	-0.612232188635683	0.345261619639615	-0.561071550679615	1.41985033801994	-0.994578977603494	-0.914163192654151	0.383141335904118	-0.364914448298073	0.34256708363347	0.0435490180311035	1.36294269932347	-1.18683272451956	0.57906193347762	0.33215511308042	1.39412678566473	1.32198711827529	0.914667666898363	1.13163536102126	1.40674686207462
"MBTD1"	-0.448360249428069	-0.315393927041496	-0.414003317650781	-0.520650570101394	0.249489313156565	1.04798654475744	1.58853408969303	0.0823741524246956	0.962207244278874	-0.937457540577221	0.503462433897554	1.75645972707805	-0.103792622873663	0.439835094422061	2.10948850194789	0.509408375027068	-0.966184313019136	-0.995268539733418	-0.131746193444533	0.6438286937352	0.144731656928838	0.815000373545982	-1.07393271367758	-0.736256937234687	-0.727482420406873	-1.01744917144456	2.21030743075711	0.36857135626029	1.88216197622973	0.0691631253723059	1.09659236997794	2.06330463808945	1.81241108762836	0.171284027481585	0.359370832443292	0.326684529484808	0.923458280003838	0.396640442024649	-1.11081937685085	1.87042907552644	1.04607357097238	1.10368166186031	1.67903064859054	-0.0552821870075255	0.248431988407025	2.23911853716915	1.29320478707939	-1.46674196274087	-1.1271027164872	2.6195158562089	-1.06136954103905	0.0121836831580505	-1.00740202618879	-1.29772230806236	0.496799349442488	-0.0802901175854165	0.348082065198849	1.54677557566605	-0.205549867298404	1.00228153112247	0.0092396932207568	0.401669426731433	-0.630465249286582	0.0313057544516188	-1.1811824249563	-0.313945708065917	1.31689309180879	0.293414276684028	-0.597935327997389	0.600200718713129	0.69122147370666	0.728656996620182	0.796077010492645	0.1151057166936	-0.270757085572532
"ZNF256"	0.213480066726631	-1.28694483811562	0.0357448705853039	-0.694291328492308	-0.482551346998706	-0.155867430026736	-0.0949912591272717	0.502676086881551	1.36261946617593	-1.00429630610804	1.30888410758172	1.19857145325591	1.31654215937664	-0.241495677430512	1.31448294040804	-1.05403444092859	1.06179211719509	1.3668352334233	-0.955019292499327	1.26952219118933	-0.125802448607869	1.16321191607072	1.15867132874829	-0.0838194649460041	1.13902125148611	1.19156345867646	1.07664830395917	0.757066077557805	1.19966124101737	-1.38394603879361	1.37220119291207	0.44667483935665	1.63731512535138	1.14284586744413	-1.23981270458091	1.16349615160259	-1.08769863279298	0.0628587506703847	-1.27706546129593	1.31624524913419	1.31256456321734	0.0236441580869773	0.374801252990103	-1.12857981292907	1.07907015101374	0.266404634432707	-1.38814567636606	-0.919631428240704	-1.22632752318139	1.10283637111788	0.505494538892061	1.11505047808515	-0.641365011668504	1.09372973295452	-0.954373545922153	0.658090680594257	1.37417858230757	-0.195765354841521	-0.0836442551039068	-0.265361238001374	0.0310176566199994	-0.152517589339489	-1.35036290369624	1.07715265864348	1.07420658136442	1.14768498357167	0.659649963552223	-0.921334471242768	0.676538906550918	-0.343027796573772	-0.532935592408431	1.14417949420471	0.362035266341707	0.459722927347456	1.21943090826192
"WDR41"	0.0883050677793055	0.627053175949886	1.04452182060592	-0.361749427235046	1.07969280703567	0.824305967775955	-1.20153665686533	1.16426211123954	1.71782678958002	-0.264692722878104	1.54311786269924	1.74515118410198	-0.624186945028532	0.8690150002625	-0.873079403481493	-0.405023627770986	1.53367598180226	0.269061696908174	0.0954982271730821	-0.0918663246055321	0.323588490062494	0.145362221615712	1.14275759486368	0.320344947318482	0.281191436522162	0.274266477434267	-2.31205799151301	0.794557235444649	1.44368616669607	-1.40694652926724	0.430550321157185	0.110772406886073	1.32868687311	0.0137547726758643	0.713768122955077	1.12704167225767	0.285203648938313	1.10833029662692	2.08414612369092	0.0354667880434544	-1.10465217414797	-1.72657279904375	0.932196232724803	-1.59738296390627	-0.983208391125275	0.794838030016262	1.48450271141793	1.31213840847638	0.663224916077481	0.333305872149671	1.2584769300499	0.936295102278617	0.386077001627721	-1.88838757661805	-0.129310780895468	0.941576466434772	0.858725871545586	0.92194854254982	0.693396180836432	-0.491463522017864	1.15474997737611	0.508993439470515	1.00859278181144	0.891155719837865	-0.3684418995273	0.584033895221594	-1.29999244987972	-1.4633333269138	0.731487320084005	1.85387905232485	-0.0409740013709321	-0.038616363738997	1.26043664536773	0.765192378288313	-1.22492974189034
"EIF1AD"	-0.415360949255146	1.36548469324632	0.115087905693678	1.06782478807525	0.0179748783386631	1.15750462972395	-1.0319507370876	0.131414985380705	1.34836087625631	-1.1398251021202	1.07093998406732	-1.14973401663611	0.0169502019120334	-1.12877115030505	-0.0335667692494042	1.069744469251	1.18307760730448	1.26308512182572	1.4650262042081	-0.150264315277046	0.14662093697862	0.122972288961907	0.439359356578689	-0.0922204774514389	1.17949075512639	-0.0331854380999783	1.27303074661264	-0.559705765718804	0.780874383993627	1.59440994451346	0.331711356716487	-1.63783005069434	-1.70900371486298	1.27181712773494	1.40170736981031	1.34318181255278	-0.531223461908112	1.64184244489979	1.09655459589947	0.51271373958975	1.10041940081492	-0.0903206965997087	0.100890629157943	1.15414178860861	0.440574389007439	-0.997301037177119	-0.668827260185023	-1.15965833214074	-1.00661124392419	1.11841462391512	-1.50195205542588	-0.837343247834703	-0.937368640526762	0.181874422597205	0.317648198782533	0.298626738903587	0.0582905751618627	-0.51082910466618	0.386483069411579	-0.0343293050116821	-0.0196008183770673	0.445305050264599	-0.989505558618401	1.15553716726835	0.409211404124238	0.341316529882253	0.0285612036199251	0.0625883469364826	0.722688734003911	-0.781968137304967	-1.13523506685406	0.0462294497303674	0.229556392015753	1.28817699869474	-0.762334418976309
"PWP1"	1.45448866637799	1.64508030046077	1.8935967055013	1.09226394711614	-0.886715709704603	-0.165761246512136	1.55441283689498	0.182698614472109	-1.12453179524478	1.25499667606952	1.50523651778928	-1.45816270237915	-0.890845293658979	1.46315955271345	1.4537847901391	0.474776268191998	0.350856136014557	-0.254142889645244	0.321344144711145	-0.806728221869694	0.260007758875694	1.31557161181946	-1.00173276358375	1.26971874335423	1.47028788393928	-0.888827478023247	1.17699471300665	-1.21059062455958	-0.133944712662166	0.203364570149061	0.279317800788396	-0.182790728115562	3.21145433669545	-0.258380320279591	0.0846775227460469	0.387923812253792	0.111885443654449	-0.189670386868707	-0.356046486657682	-0.165148227382635	1.3876581957571	-1.07386768735136	-0.684729187997297	-0.941466604323406	1.34714561611158	-0.822034257395734	-0.470649613404639	-0.222683109485693	-0.821679523526271	-0.66520631611031	-0.836894043223018	-0.4528007823637	-0.712644648394163	-0.734473904283976	-0.975646915175127	-0.88638024394649	-0.963958353144451	-0.752938238046023	-0.877720951977699	-0.688886665571842	-0.261967973636133	-0.231705513509868	-0.843605790202916	-0.0953543829847316	-1.40433120969031	-1.08278180244026	-0.677945814482156	-0.149051075737306	-0.923582084668241	-0.258359046167853	-0.923548904548549	-0.735778257125635	-0.648200619035043	1.23042438689175	1.14477718608443
"HADHB"	0.670171341734494	1.15802107351814	-1.55234246620581	-1.43429708861296	1.16492522145252	-0.045127703224377	1.06415608492847	1.09392639729866	1.19114283362519	-0.224784552484629	1.07687516235344	1.05941762522824	1.29363538259385	1.08118907875163	0.0793033566165058	0.686910358848925	1.2604167034903	1.25849334259004	1.13270955113638	1.06381001612114	1.17012891622483	0.6397512240118	0.549670727393216	0.136821119009611	-0.0187160343865839	0.48827591467641	-0.841040173832502	0.374835655658971	1.14796696514035	-1.45415781899589	0.689232278483999	-1.70290181018059	1.57134496821367	-0.384190887812629	1.07100669830147	-1.41611002518703	0.6994911564563	-1.24017363755172	1.28338435994923	-1.09324346576595	1.06992541448694	1.07565825071667	1.01313553647312	-0.537789149951115	-0.0609102369241727	-0.108000363415569	0.72967108858461	1.29819750770408	1.1957414182692	1.05466527025996	0.561036796783144	1.15459814870543	-0.0774247055018881	0.795961701642261	0.224677478963323	0.196194710206126	-0.261059377166685	1.10815548144644	0.603556126272041	0.0187282680404514	-0.107400831678704	1.13854566426574	1.19177901550131	0.491371535355064	0.527886996728525	-0.835692587365999	0.457982187192182	-1.18759876337414	-0.219079232505603	0.133694757363752	1.19874954216873	0.731961624102689	1.02037988837801	-0.980263600203183	0.115107856702609
"C2orf69"	-0.00501923731932138	-0.8451093407095	1.75852323699511	0.876131992455561	1.60942060374833	2.28925555763247	-0.526731270283586	-0.752710472465462	0.801415556935705	-0.037147557931818	1.54645778415455	0.290676319173843	0.855564497775651	0.271227684554145	0.0215784064969957	-0.865435200644576	3.11883678215618	-0.565947611403359	1.54881607619557	0.0856869253709823	-1.18347612664087	0.216917366576629	0.896618726998744	0.397547097826316	0.811923695695276	-1.18513498153979	-0.60434075479002	0.75849186820447	-0.520912613615344	-0.253241766588143	-1.72109793653859	1.62013032784599	-0.530095725874389	1.225810827021	-0.493345650806063	2.45571375840968	1.04220199911302	1.88532841089831	-0.719621704310201	-0.112302104636201	0.286398484338095	1.93180364495861	-1.0722263542387	0.692183095074017	-0.143787888880124	0.151116326278099	-0.813139845409179	-1.19643640857245	0.168380651579333	-1.15333594588287	-0.294278568157553	0.40918861377405	-0.598328058878168	0.242424728671784	-0.187949317711294	-1.5359337632235	-0.441409224654388	-0.0491622728212328	-0.801934823774554	0.566649804333736	0.79774149110874	-0.404760725493008	-0.537574896199612	-1.2022877237095	0.568364475755059	-0.749999902203074	-1.3600952258501	-0.446509605510403	0.0600653933535608	-0.271477589585668	-1.21028806826412	-0.25010660899126	2.42579967149645	-0.598487985406469	1.26743016009592
"ATP6V1H"	-0.018193602862528	0.875722954503204	0.234126739778734	1.30884250496988	0.527776923168839	0.654007451056318	-0.898406600331633	-0.895852411860643	1.13869522630956	-0.682486864401042	1.36131887530241	1.50370600880032	-1.42547366596637	-0.0800578592750082	1.31910752663478	0.873133408548213	-1.05127284561008	0.960621788751069	1.31426823466614	0.949102708063306	0.965836127269952	-0.611590956398385	-1.02722566845705	0.722274959600801	-0.290012221004465	1.21285739032441	0.528744141260668	0.679932815318182	1.16958386848041	-0.521686470618076	0.200415983944412	1.67052077066303	-1.19729735889587	-0.912410407058215	0.58204408700647	1.17065963094825	1.16801975550991	-0.0603987284926216	-0.266053063993306	1.12561272677816	1.43611205203164	-0.0645533270233032	-0.515165240451835	0.82121782858775	0.906330517690001	1.19174040514562	-0.10157123746921	0.818308192719158	-0.173094506295022	0.649269636898278	-0.623757996726518	0.885924165868693	0.292816585316977	-1.5819489712836	-1.32981870860386	0.701512508895192	0.735497163996617	-0.296001035946158	-0.98908507736943	-0.0473236211038814	-1.17082068197237	-0.604472623985467	-1.5705406321805	-0.0730843990469915	-1.04574542130985	-1.6181272011714	-0.884987302945189	-0.276171357480699	-0.214253044592692	-1.42560172950282	0.849145872865672	0.81528114715478	1.36773431184759	-0.456755985510284	0.96523986269473
"CASP7"	1.33481047296708	1.1057299247752	1.35931102486256	-0.58602678192206	1.30419893391772	1.39093725084542	-1.17204452237114	0.910635461511662	1.65606034166803	-0.231994596334472	0.186807273124355	1.50989768888886	-0.787768827255401	1.11562372148368	1.29193004692775	-0.53728630296384	1.70646145686395	0.637627788231719	-0.921745612581503	1.29918456603108	-0.657814736947494	-1.18972969568703	-0.705764301765969	0.419001357400731	0.473515496193304	-0.963830579394611	-0.629582787680481	-0.275403619191258	0.0591286553981644	1.3884264317082	1.44301112858901	-1.47458164509786	1.65565661253987	0.023161152081629	1.47896328107161	1.10115319764489	1.1157918394559	-1.03159870864031	-0.974987340627798	1.2783503768294	0.511194854423961	0.749878150155008	0.596232770630306	-0.120404642672369	-0.594845875330281	0.00839639202986159	-0.908182642995115	0.214222231745104	-0.83741883379026	-1.08646781402583	0.259044990487424	1.21363149991611	-0.844586980858093	-0.794791217425783	1.31039904301147	-0.751954228452551	-0.407601658346231	0.247404722412543	0.456877046363516	-0.133124087066172	-1.20228380155143	-0.475963783313984	0.318733513013582	1.35285228917489	-1.16462245258563	0.0557576942869846	1.16386263061017	-0.139031387990107	-0.578581388044721	1.16554479354812	1.01881447134896	1.09315447015169	1.08920464998351	0.410816744076052	-0.317966726546431
"HEMK1"	-1.49405819799451	0.377153384955839	0.123680253546649	-0.545264482935884	1.09484227014948	-0.915522662408412	1.2628273795367	1.14297553472846	-1.10578795294311	-0.0476284163570311	-0.272483770532353	1.16084193012298	1.14467080327535	1.3897156322854	-0.445483921627312	-0.104249677951709	-1.31415480997038	-0.428259549595719	1.2055275768006	1.11447013094725	0.306330006762499	-0.0743697468490432	1.19598896904666	-0.157649663199182	-0.123657394344993	0.595009401441806	0.664707508602984	0.7438368031844	-0.0252489134330229	1.47319739153426	1.17197226693327	1.63515877915919	-0.904541268761223	-0.145081701889347	0.14768353952618	1.20988088336303	-0.448375313201401	1.1560741274824	1.37092166017006	1.05529221160124	1.40341599378555	0.471535836661192	-1.50076730327627	-0.0803884685527239	1.18524803646847	-0.0596676057614512	0.170485414493383	1.14494077264352	0.624680081976219	-0.02095435259642	0.617551596054396	0.640848250335908	-1.1632383393462	-0.699282689254655	1.23936911302432	1.16429306754014	-0.574180282699061	1.14184591879016	1.11206417449676	-0.256791828832026	-1.28519306464143	-0.251377545022543	1.23076184342671	1.06254895711902	-0.160208248859333	1.10264975401537	-1.83812566233552	0.348769349108612	-0.168900568157391	1.36442972376664	1.07240966135853	0.00566232382487713	1.25421763265335	0.385332772523039	-0.393550078205608
"COA5"	-0.0613621325728151	1.74816624091739	-0.809436280614637	-1.26510116970933	-0.812856961001155	1.85421741885331	-0.577246538024222	-0.662044911276148	-0.901002257624152	1.1247888225571	-1.31198124093503	1.19484171596466	-0.0799716435736332	1.59940148637357	1.71479131364476	1.8874314995562	1.64713311162111	-0.608448638627854	1.72462013327866	-0.637533833147428	-1.07035126562964	1.47098587075785	1.31294371763698	-0.709585495987879	0.589089377346017	0.0907980997224408	0.544568882935392	-1.08477455932301	1.64468941221835	-0.499023252463117	1.6898034186565	1.79568682522509	-1.38643867065053	-0.376347574103496	1.42004563103167	-0.762834348406752	-0.275668293319941	1.53491241256036	1.4334815383101	-0.0960759109872364	1.54795035768363	-0.726992828927153	-0.952593700195471	1.49935157317553	0.523747956234624	1.31803480854465	-0.654641486153738	-0.850375519927537	-0.963627223861179	-0.884603218252509	1.21208867948122	1.10893295495994	-0.577203617067711	-0.594530818617766	1.16553585683883	0.165580752598342	0.141193680794995	0.181200728368986	-0.860817884539544	-0.696534530549877	-1.26433224674922	-0.251307939324758	-0.802211810263995	1.62266385053648	1.18723962648607	-1.10613338327226	-0.613113566170764	-1.51420810585267	1.13478323521324	-0.618909657963757	-1.20165822574962	-0.622917156142949	1.30658932699963	1.36297222925049	0.279616688548267
"ZNF337"	1.51994214381868	0.0248544036756571	0.573332000629573	-0.472701493633018	1.00005771444951	0.0418856243040304	0.826976805189886	-1.04258061097552	0.605010958369017	0.61344645183249	-2.06287649470277	-1.17751943026992	1.08866507967501	-0.0735560818415605	1.15591012615943	1.00750945177417	0.143318332077347	-0.142939076269578	0.309891993367666	1.70001377793245	2.33089940355488	1.09737242498982	0.423894084988273	-1.09036612584183	1.14165749715059	-1.14070025545964	-0.487625028082264	0.688038078449628	1.81079167256865	-1.67220393757586	1.11454603486582	1.12401819998261	1.14486338669181	-1.6586256362363	1.40157406891938	0.448243862392307	-0.591787418039668	0.691777181769359	1.16485442542914	0.406764781497876	1.51318075357604	0.565529205293637	1.04389372420045	-1.15526986064366	-0.368880128794338	0.459485177771442	-0.78725241539771	-1.40413751953786	-0.133024537028078	-0.242757002940933	-1.19981617540775	0.986800897550819	-1.52793560082079	-0.0990786552625744	1.59638935910982	0.264868329461599	-1.37571416761613	1.27010782382251	1.46215785169904	-0.11342702142091	1.42648113766006	0.179389358100468	-2.01247369154033	0.745587956643267	-0.704524255253812	1.46652625253142	-0.814269768728388	1.12593618807014	0.175563665774511	0.992260978829336	0.685843800105989	1.07613251376695	1.04090819966012	-0.307272316242511	0.201090079788245
"LAMA3"	-0.0588560117906	0.78984796401834	-0.578727519692009	1.23476228464112	0.259264810163231	0.00137880754566942	0.670358553966707	1.29952903070532	-0.20913718622791	-0.714465881385767	1.02630105271729	-0.138802793384841	1.27685903388719	-0.771159941847926	1.40621720438566	1.25849073870159	1.05574949906873	0.0942083467514679	0.365395596637197	1.26231524108385	0.586166417909226	0.314710922398343	0.217992373788157	1.23839659979279	0.203160317213342	1.12824766978299	-0.66216185359097	-1.11230210295654	1.03398304750742	-1.37454580268343	-1.01312903635551	-1.32600890465616	0.8355494366368	1.18059919817274	1.11457769526631	0.55464843665866	-0.957483608810981	0.281293911234299	1.35941092297361	1.13293846194349	1.19875167872041	1.36918689624966	1.57045659248035	-1.06723483384924	1.21619726997602	1.17057308584938	-1.146047602365	0.293954860360688	1.16416669846336	1.06643468355698	0.720261380395357	1.22449911721202	-1.51179484217011	1.49692496583264	0.193436369987988	0.412517420452452	1.21794197324381	-1.00400865216355	-0.773126750062183	1.21457302217075	1.13480156229702	-1.53780686794673	-0.337432497538548	1.51655896631633	-0.210852679202597	0.492175848781855	-0.389347335314197	1.33029848646893	1.05918277988546	1.55012808581004	-1.20863497057712	0.419685395147082	-1.15296239487908	1.09221059437169	-0.591919853553168
"KAT8"	-0.378764582883476	-0.15299922826322	0.113106695283138	1.28067347174696	0.107312174714284	-1.15355471428537	1.14381302889421	-0.435464173443893	1.42290016907636	0.130432684220896	-1.19905215710737	-1.00766204450421	1.62426136916339	-1.30718215529333	-1.18748195528679	0.394626000153185	1.37192076106583	-0.201039495066769	-1.23670618716389	1.49015958668059	-0.660387194729948	1.23356823636454	1.34937989831458	0.362216785165192	1.25165840700354	1.43874904336594	1.4625149956169	0.271128669785745	1.09336606398344	-1.33276360863345	1.1468558199013	2.05108428001013	-1.82363042869585	0.0919532069962224	1.62477477909087	1.31943499694826	-0.855643737944242	1.43504646254197	0.189682216366316	1.52452539136623	1.45246392037617	0.661269848981894	-0.181966650063686	-0.824722465452996	1.46778632597802	-1.37785810772207	-1.05121455820865	-0.954171806208023	1.44038160849316	1.12240928680834	-0.377786458877597	1.14869284889265	-1.15137252955946	-0.671782868463122	1.17445487324764	1.45057785435854	-0.199064610164202	0.130670324428783	0.175042999469005	-0.145405003496634	1.3736293881995	0.13196597929556	-0.44279857859211	1.55199758005501	-0.488625639838452	0.414534945217583	-1.11759273800914	-0.137056126535221	1.32975604026757	1.41677819978021	-0.455748442076118	-0.0122079066207805	1.33806146199073	0.65134142490615	0.374565497034843
"SLC17A9"	0.723760751594524	0.850985768708873	-0.716073937316547	1.04664681487416	1.08295581996071	1.14917033986879	1.27519422461768	1.13994703224868	1.18702608553387	0.327438120185314	0.0754067827562058	1.34435316378993	1.08431432739719	1.08503228594063	-1.29941787858429	-0.251031434740259	1.20622706195019	0.0728513923094107	1.31717174897495	0.359191633113074	-0.517036279158378	0.0907424993780214	0.397981611420088	1.11734746910544	0.561642043228075	0.824514697044243	1.14434186998023	0.450487515253589	-0.141273294223508	-0.866294052569889	0.420665640396869	1.5772711167062	1.13066308912758	0.504355297657651	-1.11375389400931	-1.53081190991065	-1.76747646227729	1.14438402782075	-1.42551489780915	0.0727104897697523	0.0893508947087157	1.16956453082792	-1.70195967473341	0.618401739921791	1.09223103754497	0.378539611974427	0.286046450143671	1.05209429390276	1.0646532205626	0.594016074322754	-0.698341009129253	0.0176068560463138	0.158153574584613	-1.71712241688502	1.09608587521029	1.02919317859411	1.02751731794593	0.0697142226086588	0.473980264415082	0.537017669764589	0.154133448924223	1.10726812188309	-0.567559896768257	-1.07193675361131	1.13047889787894	1.21452745467491	-0.468252557136357	-1.36150917187553	-0.803099104169233	0.17590851955302	0.277726756047076	-0.962869510744673	1.17344820626057	0.429322215063671	-0.163226149420149
"TMBIM4"	1.45911617693869	-1.41809356750707	1.15569716420766	1.86240841470064	-1.87489662059351	-0.25640424386356	1.41414290426123	0.82181849819544	0.0695860957748202	1.42966004364839	1.78997726901597	-1.11874140698967	-0.0578607178605608	1.12038010383569	1.64772262359856	1.6439052448774	1.57849137867959	0.685710755691338	0.676906975809221	-0.87390344452715	-0.90793952212537	-1.0631071577955	1.09350152058329	-1.37897193072895	-0.644738364745635	0.928871003311859	-0.720478453652289	-0.0285635569135366	1.32781278441873	-0.0609667469256717	1.19182253609919	2.07043992557046	1.83845117947212	1.00839363201868	-0.644187407136068	1.10948801748119	-1.20429137225897	2.26637296975003	-1.99660533952945	-0.50843224971598	-0.222751754850844	-1.03194660643439	-0.309674361917239	-0.210770650338768	0.23164260743146	0.464338771200168	-0.352550524712534	0.498504543263384	0.379029725450962	-0.883162577463242	1.06657281144693	-1.54995656206224	1.3868257110577	-0.408430901666335	1.14200367428552	1.30498741402798	1.25182323722679	-0.621398853567039	-0.524135882746677	1.11953824150629	0.981102069315853	-0.530319849398319	1.79905787771406	0.416888457862239	-0.79708179436199	-0.617978743238828	-0.484879506209453	-0.0750663745628629	-0.565556135159794	1.40951388595856	-1.15856139597434	-0.804365698360817	1.32396042433587	-2.00710687038202	-1.50082409832216
"ERCC5"	-1.39655531529801	1.09106085756193	0.754384407328385	-0.880921950683548	0.932107537629227	0.914848913634855	0.977245419064163	-1.40111232804827	-1.40566704245663	0.570544313455513	1.12371757752861	1.2785776482661	0.944543010960742	0.984925898271942	-1.41624333176812	0.991717476894246	0.912073664519327	0.786669464038556	0.77829647724257	0.374975037780693	-0.968319740838484	0.899073048020073	1.18579661522445	0.888068967502885	1.23926064779561	0.523435529942445	1.09573190771906	0.106504318574373	1.09379841283153	-1.46472489467799	-1.8955224276749	0.854436403853646	0.783545623994689	-0.859966656585507	-0.229495797988406	0.883150434934819	1.07596607324534	0.967589877991364	0.0170253414680718	1.16141463196827	0.876469086820374	-0.281447797254352	-0.412785659974694	-1.63460046982933	-1.06326178221907	0.682066944978669	-1.07499622693325	-1.96566160502247	0.884221717419323	-1.58824269602513	0.574275478527567	0.990066992613332	-1.30624713454299	-1.46915934637616	0.431934809673542	1.08462140258773	1.05722693737935	0.750269636463944	0.554111032130456	1.10637147578082	-0.946871147067342	0.623986263086059	0.341849979333415	-1.31631510595323	-1.48820440605801	-0.340888758957641	-0.753315294948873	-0.510955014031268	0.728081838848235	-0.524553288134537	-0.727563797565365	-0.0455838399374794	1.16197845998313	0.406111432359062	0.613168085117461
"ERI2"	0.606675327729391	-0.132276369889623	1.33411255322192	-0.343569821277733	-0.740443186464086	1.1726468787667	1.37876860804972	0.0226416669978159	1.40497084962408	0.569121304301368	-0.724948199318665	1.3373723880978	1.12616781282772	0.506261256329426	1.1269716359577	-1.33602421028997	-1.3308182671983	0.0450176254197853	-0.529470956535402	0.658652738186526	-1.20348555903372	1.08270523685114	1.08677586127183	-0.967290025625747	1.15051583599305	1.14220337732744	-1.03260338548847	1.21575212299286	1.14215946048196	-0.555862552452429	1.24738903693542	-1.70287484962776	0.221037178585223	0.735520657013817	1.45508467198055	0.560258507634322	-0.331054758067569	1.12985818907153	1.29374415573152	1.3279910408285	-0.0116813270665777	-0.137966858640035	1.26362509187613	-0.447061688869184	-1.08034987403348	-1.16960063444288	-0.0778250899214953	0.0494304384230417	1.37505718070944	0.0892868563831354	-1.23589459483115	0.530977781688839	-1.06448710646567	-1.3134913664497	0.107135259983948	1.06027958309307	0.181309463627026	1.1196812179585	1.16507309215205	0.686885497700416	-0.0960458259958896	0.477274120386781	-0.927801967459197	0.990839622321457	1.06899408032329	1.06785444410946	-0.281633013079034	0.544091401789152	-0.0396927994088434	1.35410039496575	1.09470028297399	1.3717133933839	1.38310969051435	0.639678721025794	0.035792681956304
"RAB40B"	-0.156908345943763	0.757829525807925	-0.201232530418348	1.09730167861245	1.19262667852885	1.16884805992525	1.16729848654966	1.16771039376828	0.658080228638041	1.41321155370458	1.16542646767073	1.24987041187798	0.392895384630057	-1.22756271279095	-0.702812372440782	1.44299675226753	1.25598190512689	-0.698625380889152	1.53710188660643	-0.631227727316198	1.17701133296467	-0.87500322710729	1.13669738736392	1.17537433099321	-0.994077242549642	0.0375549981056204	-0.804042977437372	-0.841191880917257	1.13240389277695	1.34969806314547	-1.71309055180143	-1.7049958679665	0.0861616832878796	-0.0380002296699317	1.27728687484764	1.15692082532943	-1.0032451250102	1.17788961286842	1.38550783785955	0.0882385432493272	-0.144251597719432	0.898555384667797	1.33159047008361	-0.893022502562976	-0.252657509851315	0.192102480045192	0.079614871897924	0.887085714235136	0.505135377195983	0.143562954551282	0.61195680886106	0.331698461639878	-0.851087287946547	0.276079889319474	-0.194811359153536	0.384294476302538	1.08934818325287	0.149515431498807	1.12025610249725	0.21771565649316	-0.326352744647897	1.10265355186461	0.588795038524099	0.512974207363558	-0.549642801162342	1.09633101299322	1.22745157484844	1.28051625027793	0.210041885769179	1.11771376511715	-0.97544336790447	0.123987319986394	0.161690153653353	0.117360486449971	-0.13099753359735
"BLMH"	1.14780465179857	1.34180146627616	1.31874379180946	1.17422677994288	1.2947225309497	1.48184537364367	1.24889192575074	-0.47574148617752	-0.720088252005566	-0.76693546162947	-1.36746632423326	-0.579188164232858	0.0939486914491026	-0.8500711721168	1.33571390502712	1.42678504249257	-1.73400413796204	0.0105097897490824	1.64780346915619	0.817384314332876	1.30652371100739	1.23236638186801	-1.20541135077554	1.11114652483168	1.14091241661667	0.538862410854446	-0.960022354717393	0.632241424632786	0.491292627677666	0.731902088711317	-0.248253279225093	-0.757344736110702	1.84967982238672	-0.594895128603396	1.10413581284072	0.499909113960945	1.3838969034885	-1.34928614793235	-1.41323255520726	1.16153472661402	0.603297673469368	0.0390805021354869	0.241961388184971	-0.717084311476095	1.18026065180071	1.25988291668533	1.12290829266971	-0.755371886978376	-0.0137192177697569	-0.984309316247889	1.13713115963699	0.225532483609663	-0.191632028155805	-1.4338972371847	-0.0959131254838419	-0.345202083675813	-0.221027078595234	0.0656738936237079	0.0801699070701608	-1.0589214446272	-0.379111794550913	1.23673857536356	-0.046444478328478	0.492467874319321	-1.41472142167986	0.531991987485914	1.10233599200089	-0.811317301087152	-0.0269512650036533	0.0148441740076418	-0.0462964006632861	-0.789898969992769	1.24063733391108	0.148467325502983	-0.713535501055637
"SNPH"	0.714853289122243	-1.25789794552328	0.302681563594967	1.14401834286937	0.0298501185804756	-0.22068558883445	1.28850346314141	0.496392046805274	1.42769563717244	-1.05273508851591	1.06567702503144	-0.953517770350716	1.42914752577986	1.31975048356437	-0.00985246104011126	1.39616225624184	-1.08207908301446	1.46536143256235	1.44808161179655	0.856745722697184	0.987495539021733	1.13289956878023	-0.194016013048914	-0.218813086402206	1.12244271923646	0.732555426351747	1.1291894181792	0.652102671016511	-1.15977435489076	-1.29756615735409	-1.22551648599709	1.71299713932011	1.44149269209157	-1.16920947300797	0.724460495389711	-0.21322449046852	-1.0285266900753	-0.58782088067518	1.22502371074318	-0.00104302188389855	1.49724525694343	-1.19888653117658	-0.0657361766324431	-0.070675701751352	1.18178324380701	0.413100938788159	-0.30237270367066	-0.255201629331964	1.16060641910394	1.48974839487142	-1.23184292765472	-0.881651496899537	1.19683611486411	-0.471834335325448	0.303232270771637	-0.27760573200993	-0.223679783887053	-1.01967517264044	-0.0566898976828331	-0.0089192687628918	0.416139958531371	0.0419256295849775	1.51687679988512	0.0468688359380247	-0.476071859328967	0.291299698971134	-0.615300117298315	1.15009868066694	1.15320748042877	-1.11639123196874	0.65960077023179	-1.00381074788651	1.22378503629733	-0.13195212892252	1.02005524814268
"FDX1"	-0.248040385316983	-0.550902712007956	0.845475733374559	1.10919709858001	0.74686396966971	0.634826891665932	1.31714200401115	1.29812135235338	1.47271146629797	1.07813594914697	-1.44707763000084	0.203542674610678	-1.24364589682187	0.558845399869301	0.217647420321004	0.652050422289147	-0.176283059109672	0.967831586835056	-0.313954225612234	0.325233329220411	-1.48804256223544	0.993052127237688	0.800347845094124	0.193212768817767	0.528784869725721	1.01606424269903	-0.571647384241077	0.272857514919149	1.01162842356139	-0.811133999556083	-0.726633263630426	-1.25917250145477	-0.202310021759432	0.0562092096802566	1.22497263142333	1.06955064109929	1.36512981588252	1.19232407299612	1.47488726443384	0.741817655158073	0.674903630929437	1.02914337841155	-0.528745404577178	0.499859652759787	-1.21747886157121	1.05297079980743	0.46197302179026	0.490610657743559	0.643519976876291	-0.340122841747165	-0.155706644927628	0.819377755548945	1.21536312195616	0.833398530367176	0.614922792758934	-1.32681161994388	0.715033359097162	0.963638504604896	-1.18324082811433	1.0908936751788	0.893860569425547	-1.75391342558577	1.2947763326568	1.01623422695201	0.353736534477312	0.518664800619001	-0.48419297234338	-0.0521010699536315	0.0674285450939907	0.623451433405645	0.980269155939885	0.949153119044551	-0.572674321791694	0.508787662187135	0.488763733055333
"DSCR3"	-0.752780914589463	-1.48997387441313	1.2485971979163	1.08661121175636	1.18385338771407	1.08458468818813	1.25301205740553	-0.199280450493925	-1.3066294475749	-0.447273231351485	-1.8557755108271	-0.487639053779123	1.46851424399519	-0.437233951084278	1.60730956438425	0.173326266995489	-1.96635265957501	1.33557975091761	-0.671970007708548	1.16400433755311	-0.355619962659724	0.385636656808175	1.24101522171547	0.0336361988340577	0.189230923750397	1.23463630780096	-0.0486293709238144	0.127741716212316	1.2341910534339	1.51873737190558	-1.45382887951661	1.73718394971152	2.32457703526716	1.28730698079453	0.207325539318877	1.24639995191197	1.32848646122705	1.1251610348744	-0.183610588882811	1.34468255292328	-1.56237055643475	1.32350749287388	-0.269179913364658	0.286398073815076	-0.227819157965603	-0.597829208095845	-0.164705791436382	-0.0607631991540433	-1.28423234418766	-0.299549436742742	-0.582604966941735	-0.31173739890375	-0.44418604835172	-1.48346693210473	-0.430612472490535	-0.326792916907772	1.17036097942067	0.0236358781988167	1.20137740702128	-0.441223079315303	-0.0238908319911086	-0.71212759589148	1.31789735129277	0.0575099681169769	-0.341183877767207	0.112806610027709	-0.112138087418303	-0.854869996232019	1.29456440493653	0.979371864669527	1.14906127052925	1.23158933714585	1.14462890998253	0.274657526996919	-0.445629760007519
"YTHDF1"	1.21558814002786	-0.913576332322003	1.88411263255563	1.26989967742237	2.01390947470712	1.85897171528176	-0.442711363449751	0.00186794097268044	-0.735379373776682	-0.469921425428911	0.647028225845404	-0.644889626394542	-1.08117928911981	1.5108602032525	-0.0589764995038315	1.57261865866893	-0.20485365153566	1.6596633154205	1.78778768867082	-0.818633677476916	-1.35480204449113	1.97931736535128	-0.405367696504053	1.3538124679845	1.40095307518494	1.30487401650437	0.995624367971538	-0.825095046608566	1.13238352774532	-0.391279735186085	-0.663554947886379	2.89173878740612	-0.423078038672829	-0.105565800180756	-0.656047170512317	-0.930662632996324	-0.56105509043995	1.96135688839797	0.0931616632121413	-1.6617559187542	-0.240287179687687	-1.06032966114884	-0.335074020984003	-0.67684741922399	0.188551429801137	-0.637253729700577	-0.889499313153392	-0.57431701870214	-0.0907781693011642	1.50830676178793	1.34912833772903	-0.855251064103211	-0.766014020077787	-0.188865368685229	1.33872633365898	1.13652473830253	-0.0335187685083094	0.830783044266967	1.60557764954721	1.3641683408238	-0.0659354337118519	-0.507814499674012	2.05764507370512	-0.436688808470672	-1.27994247852253	1.1445937500017	-0.566672014677057	-1.12174383645433	0.0664448014341014	-1.067443040908	0.320108879224305	-0.877189604334924	-0.921412570202246	-0.129721937530036	-0.978959247939923
"ZNF322"	0.617948647117148	-0.120143502427786	-0.946212806652679	-0.411996947429001	1.27243582817581	1.16211818841941	1.25232655837158	1.17536263860603	1.11773783478647	-1.13587605570515	1.2421837848997	1.28641997947202	-0.138201678095501	-0.136348744264039	0.56631340815295	1.36408429052817	-0.154273888109505	-0.710540205880184	1.42288646325687	-0.0383844179321013	0.505344754959831	-0.77398759068596	-0.262380927574567	-1.31248580044121	1.15116771561851	1.13589671227052	-1.23574450983114	1.18663439383527	0.200292767373668	-0.0695822386411041	-0.200135811393436	-1.76377309079368	1.86782142645753	-0.749608883598194	1.25647691168794	0.5780753043249	1.26823514120154	1.10115740435531	-0.0816109195548024	1.17175707082823	1.17601664686552	1.26031499689341	1.14426598048891	0.634406332096057	-1.18603053661176	-0.171134013774572	-1.09592539217813	-1.21571315609617	-0.0440801825654914	0.300832965599266	0.201201944459647	0.259649291399214	0.200387988279329	-0.27003859870654	0.562136870191648	-0.111994303780322	1.21019661466677	0.500273052982564	0.807270121065643	-0.158918263599402	-1.06200467058889	-1.01749084485463	-0.0153917006040287	1.32794466642525	-0.751517137995707	0.298685659944433	1.21556375840849	-0.0668406324721995	-0.971587360882545	1.18080171176727	0.220968413187329	0.214973570257875	0.586285220738392	-1.21315039680903	-0.103729842863981
"ZBP1"	-0.568062766804442	0.631968098066946	1.50233303183093	1.08868150527232	1.43514276582099	-1.08730273388837	1.30217794238686	1.30993363861432	1.38502924869581	1.53185817060319	1.77151716140222	1.36402389983523	-0.974189435116348	1.77573347547606	-1.00057686098828	-0.53082754633595	-0.523599981606649	-1.29347739668966	0.169751984379735	-1.16799941363745	-1.59786107554714	-0.590906019034488	1.21805897993572	1.41717538310189	-0.523047633032437	1.32099611808666	1.11643135368152	-0.454714865842399	1.63072500183587	0.644907386761413	1.57962216830279	1.24864891193972	1.22185438394553	-1.36262450369098	1.21116452150225	-0.856744844899859	0.00935907979180907	-1.49683478227949	-0.135005686215805	-0.271995123275056	1.25790185527763	1.18152318900977	-1.07804167146426	-1.34105261217744	-0.0295182548299729	0.462081656803421	-1.24486297418619	-0.778337246739113	-1.46483668283975	0.305874778502784	-0.301998236484753	0.730490374973836	-1.15924596458942	-0.966086401579777	-0.820770243119692	-0.489074085679843	1.57395903630293	-0.79282281772325	-0.150852390966584	-1.35069730802415	-1.49681417982371	-0.786428714419302	-0.0213275264781802	-1.09588486294292	-1.18141123663957	1.68699359755621	0.940178981773183	-0.556309046826149	-0.23915533164792	-0.121845344111483	-0.132409118086117	-0.604798713752002	1.3689219223464	1.12677324183258	-0.130964839358382
"CHPF2"	0.70737016279075	-0.472995338811083	1.25476903161327	1.09267606171494	0.225482283698108	-0.692014891869276	0.610382175080959	0.710905583383822	1.32428313952708	0.892910366474341	-1.09929017574108	-1.14026698741074	1.00491420475622	1.18523928073401	-0.226387370893126	0.749592185775921	-1.83899858086338	1.9166164432495	0.732129417986859	0.233935400330356	0.732309801549156	0.876053067729117	0.79815661692579	-0.341442902246964	1.43638539469326	-1.6873632029786	-0.329689257335429	1.27212700299509	-1.25927079417707	1.31065014295044	0.49025472867545	1.42841295817268	1.18897054914267	-0.522103829401537	-0.764214892160379	0.929491994257263	-1.40270538940091	1.79751430782958	0.81991314091261	-0.0980590199257959	0.855830751067526	-0.533672343581059	0.00570795920764291	1.01205465344077	1.16831688203657	0.212135815088652	0.783175037141642	-0.805365658193318	1.54893789050026	0.649124093711954	-1.36224509721093	-0.594898279705969	-0.107229281927985	-1.7423137592854	1.6103102558587	0.897039038837814	0.984795058124695	0.173866546326991	1.25860460977021	0.787909176673963	-0.589194858092692	1.48327210853693	0.485959075293074	0.946442454279447	0.646528563357464	0.458731413467505	1.16820010810579	-1.57876939594149	-1.09990996812394	-1.07958049353896	0.489314526141458	0.00220990105964204	0.283349189753453	-1.36310464773716	0.460176529496361
"CIR1"	1.07859701463189	2.03441339368466	-0.786261446218566	-0.0119321241869752	-0.758283116012234	1.71920607339403	-0.766701508395225	-0.41022605481706	-1.51674716105917	-0.779048978949268	-0.188455468018389	-0.948941617761013	1.7763705112028	1.79884814860396	-0.192203680842356	-0.253889293196908	1.48915308884069	1.64286431780499	1.90914593375626	1.58930184526652	-0.435212936846209	-0.192318505453389	-0.0818702388904249	0.0958060047566961	1.06161215969226	-0.138316524680356	1.32518201248531	0.462182529013029	1.34622525629556	-0.744160820759422	-1.15847166855115	2.32430941881758	-0.910778099312281	-0.735597329901957	-1.20313501520447	-0.214834970880677	1.20111817035546	1.05342408395231	-0.269297656595317	1.80332812688998	1.53119595607393	1.18300671890612	0.506314600635993	1.15486817850608	-0.738967893010533	1.75713553160067	-0.611596269478377	1.50586101055544	0.262077952746783	1.35509065623923	-0.823475796377868	1.17319040978778	-0.476742160581611	-0.767073296241159	1.40379505154517	-0.593910003293987	1.37196156665521	-0.219705460736985	-1.0021163469013	0.125657201731569	-0.579580938772254	-0.546549921724478	-0.804175675669322	1.15963719843093	-1.11690591558967	-0.121705782530491	-0.399072229870879	-0.766499390683161	1.00083629404704	1.37333333988951	1.9786582084969	-1.49258023773545	1.7016840637151	-0.358299805129899	-0.418908879341174
"UBA3"	0.109216271299407	-0.500190777122081	-0.0718105421242886	-0.251421824317118	1.15174291357478	-0.545056522051727	1.29873212929461	-0.361946668771192	0.863649288606516	2.08731163857717	0.21632200042248	0.912964722364017	-0.952670820409995	1.14007966782176	0.66081458995187	-0.558710603188572	0.621148321468231	1.08672086280049	0.34921602818218	1.24821482638503	1.10156839992327	0.85291056620044	-0.433298772987204	1.52842423779207	0.273088686054067	0.682695978233157	0.431923140174196	-0.309978059113631	0.891576804149952	0.883863039210156	-0.655003682315843	-0.577893780306328	0.749090273743133	0.633613791051501	-1.20756576646402	0.447236070466039	0.760780942373268	0.78880515262373	0.087489127196554	0.445071354060974	-1.40698360050372	0.797088610047035	0.575690497468707	-2.27617654590225	-1.51544609533009	-0.106844644554529	1.71685620303276	-2.02346111393662	0.388379074533388	-0.431457556204706	-0.795248038090872	1.01476819486122	1.24497459609292	-1.25053566389675	0.0922568192931226	0.311942460666615	0.395427628019518	-0.58209659104623	0.666416933898247	-1.40628474437865	-1.94847989938713	-0.784932971241514	1.1339344440171	-0.0413012415991	0.458329122958234	-0.777911085425696	-0.25927693985647	0.999376399527121	1.00206808065755	0.366258170228989	0.398960052671292	0.108585711983978	1.80743845347811	-0.111140201779141	0.165012843398219
"RAB18"	1.45510970312855	1.46115941213617	1.51253951712654	1.28697484752922	1.5398431984992	1.40053383714033	-0.842754082741071	1.14751296175821	-0.371826463949755	-0.97611861232802	1.59665656683549	-0.204570993216671	1.17972921740592	-0.302988204039859	0.211056964855947	0.860373482562153	-2.50728169221958	0.142530967999555	-0.348971180279184	-0.260839633241959	0.826490795986939	1.11689543987907	0.0965179085587475	1.44312321117998	-1.28188659124426	0.242392925094566	-0.0636268652144402	0.959554343235679	1.3217370892661	-0.876566843329501	1.22057427759515	-2.31924411986222	2.11408236395465	-0.384514525536185	-0.792320017318067	-0.0902129063832389	1.36537503189736	1.0066887125791	-0.630217783605008	1.17269305360832	-0.020090259585249	1.73450487756652	1.05338580819852	1.09320487982954	0.0934989658471129	0.698492473217536	-0.672817266448679	-0.156736304862111	0.442333114371485	0.28856804249705	0.0602601741814654	1.1621862463197	1.38061159083106	0.0139502092237413	0.0157507984014092	0.18783513750826	0.992012484234128	1.48453440458023	0.25906447946444	-0.9274955450062	0.381025303709661	-0.715696864328735	0.918572321964025	1.1052240068265	-0.21484830265572	1.27127073124602	-0.36463142399208	0.306507099708404	-0.0236237038300829	1.05700592642774	-1.00926583688045	1.50476257545954	-1.38454310105233	-0.20128006268838	-0.324663518865716
"SDCCAG3"	-0.490651387421244	0.388906924922472	-0.852367039825752	1.04171446583153	0.263869101892508	0.823874415060105	0.934258697109249	1.80799226397541	2.26666782583994	-1.0002208673555	0.418257929573192	-0.900349826690332	-0.846335801319964	1.78941623976028	1.87301369064238	1.95285582149167	-0.984918222588958	-0.856428582617173	-0.831123859954154	0.767196890410781	-0.747477432208645	1.27263976477699	-0.257779854292543	-0.335782156135508	1.55447912172817	-0.157908870792551	-0.410713959731612	1.1865910719344	0.130249082212352	2.4604362772611	-1.04671295648621	-0.917402952565574	2.2419886627756	0.329042382573822	1.50118974441096	-0.347406636734731	-0.681006076042502	-0.545777011349831	1.61591268164911	0.519802011376177	-0.548368237331898	-1.0314488715201	-1.14334810609707	-0.644454246717092	0.140524579771013	0.309737413984308	-0.862477986231173	-1.20317500113886	0.355191628669831	-0.614804120992392	-0.800265133535975	1.03664715282496	-0.699751620412668	-1.21146668904766	-0.587299252058678	0.0289947886934461	-0.538981125741685	-0.885638194069747	-0.0861854895166153	-0.933835293734169	1.05327746359909	1.12822214651008	-0.494224567984794	-0.158535544530761	-0.665029091330859	-0.609282977500754	-0.79730808219402	-0.63317234572224	0.215779794591231	-0.875025998223374	-0.0194755134541927	0.154484251068189	-0.36538678005358	-0.0677841556994605	-0.977517973310252
"HUS1B"	0.58673987716089	1.11796933679102	0.576555989541987	0.722296499175618	1.18332947860003	0.148042801990807	1.25497437607143	-0.98456893414618	1.20039271013599	1.13833948208587	-0.965732729741746	1.18014901743013	0.360373449061006	1.08078393982272	0.0527413181857811	1.10881688708895	-2.08619118455663	-0.148455333080603	1.19000596218976	1.07681664371993	0.310673124144588	0.425537236274139	0.0117707705788005	-0.124989789980886	1.14557142193659	1.09513928643602	0.595690135574158	0.351034463386949	-0.0911953084091434	0.351098814144984	1.08816136028817	1.46496407294762	-2.01361212357758	-0.463552533912222	1.17815161956115	0.0193326222380415	-0.751997549496599	-0.941491847502202	-1.37164750263219	1.08464555321187	1.11971525362534	0.262619580332691	0.223319572222117	-0.678510002181751	0.524027806740859	1.07512429060807	-1.13851954248916	0.567668472422948	1.12984134568544	0.4799352921731	0.0105124077462141	1.127830038466	-0.805412248161151	-0.599118255441685	1.06211042591158	0.360013702109488	1.07779595003065	0.313517853509509	1.09837583070799	-0.27594950313505	0.210175171360482	1.10272775733944	-0.547431998782267	0.241183009591275	-0.480140522671523	-0.137908032481564	0.282493558574436	1.09919441035595	0.368750115578062	-0.755832689160653	0.659573482509599	-0.656915657053192	-1.17354107695546	-0.43903121705462	0.282209275471465
"GBA2"	-0.375850190436863	-0.570198418925067	-0.606983609674814	-0.806990486395657	0.334534790877038	1.91549382266393	1.66646654920985	1.0370706982321	-0.882111744097046	0.859085999276696	1.78170748207931	0.222328228531158	0.028857643180504	0.783438692185142	1.66818662793335	0.039260165541731	-0.575066444970471	1.12639565389111	-0.730385936782332	0.364751858240061	1.7267645055396	1.32880724154263	1.45069067767804	1.40139416963268	1.46983375652222	-0.550712107743702	0.0791039362282161	-1.03000632507956	-0.609111918307972	1.80092329853539	1.68067599219643	-0.81398792122576	-0.469255632741645	-0.361712383039487	0.874847736957479	-0.204984816061171	-0.580302822237271	-0.369238568469237	-0.872378390353735	-0.684837406316749	1.71114942851874	1.18658097165093	-0.491473646312254	1.26497801843688	0.624820863413067	-0.826246374586847	-0.474779603825126	1.79923657743836	0.00696978781403826	-0.173021611320868	0.588465313024796	0.68999443254429	-0.954525213391576	-0.381073265808191	0.952838322725647	1.41236853371002	1.11836027033594	-0.845357542028778	0.0453113514617392	-0.895931845816162	-0.140491577622687	-0.0852432176555151	0.744062803473803	0.307314431149853	0.0625225232258614	0.410292468998776	-0.830903896717714	1.10729341557293	-1.06236777959971	0.823359753764149	-0.600533187865137	-0.743599208643513	1.7646344421205	-0.824799009514431	-0.419033650018808
"TMEM245"	-0.271356999187496	-0.381396706852147	-1.5633102567824	-0.771457642224234	-0.163025262020522	1.69383404037545	0.650953447981052	0.900554274949549	-0.0385205311872559	1.4162299043068	1.15110544012384	1.75328240224803	-1.40756614514748	-0.646826127837015	1.3691773133557	-0.0910232234020371	1.09079871899846	1.15174902328232	-0.0981864357706473	1.33493140683467	1.0701468371453	-0.159785636579401	-0.844335571604051	0.646709536716916	1.17317402143731	1.18982246033725	-0.270253417989716	0.898283864824589	1.59803003671741	-0.0975900234160168	1.2677825785949	-0.774869081608594	-1.22800169449396	1.50494079348698	-0.340544333589798	-0.465671985811612	1.53166004520323	1.609244887914	-1.99295751115016	1.10358434577485	-0.287049397063142	1.25821287179209	1.36815796320886	0.28007569658818	-1.07876891720631	0.350363349968333	-1.18236186258841	-0.385958441467018	-0.367691957497864	1.17509510396379	-0.109077190807294	-0.355277116528628	-0.944309903704892	1.22172597333426	0.956422877260228	0.730647308990636	1.15988791079753	-0.349205335751946	-1.1265341363296	-0.557334623486832	-0.788496674082842	-0.130011950723846	-0.00972116975537515	1.42272396968635	-0.80834445736074	-0.194766603910902	-0.124550429565831	1.50625418663861	1.20440574771662	1.4177857267074	0.075872715045689	0.0261033906622886	1.36697667337057	-1.24675960631135	1.18332551219872
"CREBBP"	-0.249286129139996	0.11329380330458	1.37950294869686	1.52185245821198	-0.473749107053293	0.209138141457295	1.62959937572816	1.33556831998927	-1.22455790109001	-0.448157829067097	1.50466118281016	0.126933673242006	1.43741485572803	-1.5282493086004	1.29788986368424	-0.0610154008405693	0.02393693284495	1.19970880146364	1.12395443973912	1.34986605650083	-0.523254819719811	-0.715878968753797	1.2317855233888	-0.708397256444253	0.84429756862708	-0.715371103213645	1.24882184841917	-1.41465278835343	0.0911169326466029	1.2590024275227	1.2710225615497	-0.011253236963013	1.67914958043169	-0.449372710920236	-0.843815790181418	-0.342914180485552	-0.0530603845252005	-0.188716655628779	0.848945013640927	1.30655345696315	0.0109966416714283	-1.05618490844286	0.924977506506721	-1.49591939975907	0.439046039362289	-0.431450445308771	0.05271441231649	-0.193692722302151	-0.829246044116889	-0.855670033138432	-1.241603789553	1.01163943456936	0.320114627351095	1.29006016406646	-1.13591146715264	0.303732392411846	-1.5687221726833	-2.99390477457922	-1.265814085976	0.0133343834569173	-1.27823845860353	-0.470205697152749	0.144100143170547	-0.123384294815452	-0.0141333953153807	1.14170106182614	-0.293723914372835	-0.532869364507541	1.30828406536567	-0.26585607824205	-1.42568793501069	-2.0540464979057	1.30589860171642	1.16434298315548	0.857745082778506
"ZNF217"	-1.00025732191996	-0.258123953302778	0.494272199827744	0.0728338106401938	0.872124316157085	2.01318220035001	0.450188608645693	0.693601776361851	0.641375681076885	0.385065047727191	-1.25216656947859	2.35377999995994	-0.408848677236138	0.318786563542367	-1.72728404214895	0.270496878904223	-0.660541940218471	1.04352308161295	1.51700367310871	-0.913771467134252	0.789572035934162	-0.365973101666258	-0.729545299538907	1.49656095659086	-0.419515414108076	1.81668083535467	1.80269248242985	-1.38579426138534	0.288494153180594	-1.15646621034437	-0.46062567105	2.09178873642068	1.89138583893971	0.655915491253081	-0.0789457663878984	-0.0629722212216972	-0.28988362726523	-0.116956325833151	1.24363987425398	1.9036373096029	0.177455069279042	-1.77825435897622	0.179065702303429	-0.163624054254045	-1.89904114258635	-1.6880347477876	-0.240251862972691	-0.369424327067259	0.241043226767289	0.484949085796961	-0.822023508873916	1.04444328651059	-0.657237558953483	0.321613875375068	0.527802125959217	-1.43143810933668	-0.364678028837058	0.0465093260696668	0.403736124757829	1.78926896306166	0.0950785192978347	-0.86006191795463	-0.722149040461208	-1.0311601124749	-0.153518793253934	-0.872581873183343	-0.160525526342889	-2.11563233475219	1.95403921150212	0.0566937187628053	1.7564330263295	-0.549571183865547	1.3684104028363	0.0281222072653568	-1.02597044093731
"THUMPD2"	-0.357134164138296	1.37159875329408	-0.643923124679328	0.312960429093846	-1.00745527611015	2.09673274427604	1.38784464976359	0.239677275916821	-0.93238998353822	1.36011291196476	-0.46879417665872	-0.388511135795466	1.40533234345298	1.3616598139185	-0.814685513778571	1.19728161646146	-0.899272189422442	-0.70496039929403	1.38786279335442	0.0267823802121549	-0.393109701460424	-0.981989872333578	1.39269799551162	-0.513465985766943	-0.683289683096993	1.30132100202932	0.692470598346664	-0.647127704350534	1.32030400077446	1.73978608886525	1.69066371113026	-0.605548146737009	1.8500256388229	-0.191794887953862	-0.245223263541654	1.34477631562607	0.271336008598384	-0.718964016144241	-0.872455811418585	1.67463080449554	0.589160702065421	-0.211590164145458	0.350573814490552	-0.535664705565107	-0.92966388638974	1.58289110458797	-0.824840186472637	-0.230229160341391	1.23446609004026	-0.539583359022239	1.57621565369101	1.36359240485482	-0.538454717603724	-0.621974613730799	-0.809983377143976	1.30281453549569	-0.846268257867207	1.55759545127757	-0.526860792850719	1.61662709251865	1.27670337577649	-1.01183097522441	1.2771348794151	1.41756655911577	-0.723378184270082	1.00035486460711	-1.09363608289933	1.0484660554465	0.291963147376725	1.36328817045737	-0.699790272950609	1.3297133605554	1.43328822854779	-0.489083002137592	1.18459373585338
"CSDE1"	-0.0571609343517276	1.35889644923473	-0.611456434259649	1.55100749633336	1.55554493969401	1.51630388504665	0.250197977795974	-0.615686067358948	-0.12004064671956	-0.642301000558706	0.0352622009868531	0.0433871864700597	-0.603683143317855	-0.679597487997136	1.50723019423045	1.39698741213827	1.70913758383989	1.53928705129607	1.52667950932253	0.325526003045656	-0.718535062111869	-0.503573902369499	0.113251384503336	-0.479385506182025	0.356210685851645	-0.0868775802547147	-0.595080008518488	1.61644415832095	-0.0307765940631532	-1.6214347410715	-0.497691929631339	2.03394827948006	1.56957044956212	-0.304110060008676	1.18968865793146	-0.591237640684817	1.50223614749446	-0.457699695399782	1.12548916925521	-0.713574378759921	-0.096029034328928	0.982211096767543	0.0577481016389245	-1.28532226493636	-0.650566434114685	1.56148519500533	-0.856019553800871	1.38337525225211	1.35383744274065	-0.274015239526356	0.447874062324194	1.66321358676151	-0.648385898136803	1.03358021623509	-0.175554108277163	-0.6835458298675	1.40282217388331	0.252812901508302	-0.329086696977864	-0.470426231091965	-0.227860871686612	0.287838357846731	-0.153160370330939	0.187025304261386	-0.64632568248565	-0.903211750057245	1.03408541989737	-1.51099065229511	-0.860123202565862	-0.418405812746367	0.084880017194534	1.02226973123911	0.147634014472724	-0.0718802500508919	0.199786223306637
"PRDM15"	1.34036871179366	1.19794032251273	-1.09527783686942	1.58232102292103	-0.881469349175133	1.5865696879051	-0.98441284734475	-0.55248639813961	1.54439366128144	1.43181191662731	1.87606725370893	0.0466045614853578	1.3110371393137	-1.15561071772353	-0.711932498197455	1.55041310641981	-0.46988421297004	-1.07549246032713	-1.34753082557062	-0.121424171903535	-0.520576406663671	1.28471078086322	-0.128720764718602	-0.440136458153175	0.368289702367692	1.26752000698543	0.105608893199243	0.21596888806126	1.53270212307975	-0.966516406981264	-0.446350113040344	1.6170758203184	2.28863116886298	0.386022547152635	1.78712883805437	-0.965935809564375	-0.503258478247831	1.57238712405853	-0.477136756216537	-0.884192267465976	1.56377150280028	-1.0999828682182	-1.12292930655847	-0.760088231084533	-1.28483689914655	-0.176878326100305	-1.20710919306082	-0.406425653110335	-0.631102522225704	1.14707186516928	-0.294625381356865	0.477880328525777	-0.540661947249942	-0.275506520872735	1.39921948205933	1.80405202058253	-0.190615546722454	-0.396222221004809	-0.527010272553843	-0.0175410968677789	-1.01429144706584	1.28650416706898	-1.16021942727178	0.804211114694636	0.151180091587111	1.6212532017982	-0.801459120185846	-1.17958222397667	-1.10381557269776	-0.155011804834635	1.63945374229134	-0.252815822702672	-1.26740672588085	1.58088540065336	-0.954780412412004
"TBC1D1"	-0.920383903770364	-0.294897199028353	1.12402511596232	1.00723657035915	0.522255824637453	1.25774134230402	1.14598758874368	1.22516376673679	1.43791121361933	0.870509864110119	0.889760946331019	1.30722260782004	1.03480465352017	-0.161729440170275	1.06079026362414	1.13621084642677	1.01333089039383	1.10044506021631	1.27773845445635	-1.34743727148383	-0.956725641822018	0.506634866130745	-0.869769268125111	0.390888184248436	0.414876138105254	0.395413785477801	0.185565940586137	0.131085688025506	-0.174852998508187	-0.135510525573519	-0.391291934738337	1.40176027395488	-1.64765233134945	-1.111464942733	-0.334023199223022	-0.292110384339235	0.805784459911956	-0.969595604135059	1.02790187304633	0.0635930219000655	0.444840331951296	-0.0759099326216092	-0.0165131597443137	0.712221335901948	1.08591004834216	0.252113652178302	0.982361690305957	-0.245286613050607	0.219428737733028	0.29716886982662	0.231499879788109	-0.789636794149942	-1.49595381330709	-0.372994846978824	0.938342135819845	1.11597330128296	0.15584024413972	-1.35950884313103	0.191324727742128	0.429515901445568	0.245577104201737	0.323076362571349	0.659553232710042	-1.55795920633382	-1.18064821873678	0.940641903345009	-1.05589350650129	-1.69855653450334	0.123283427845394	0.386489170012103	0.815215526952774	0.314405566812485	-1.48046996238499	0.0256993863537245	-0.177099773497895
"API5"	1.32183672236821	0.933724351934687	0.150101980611314	-0.157876893314067	-0.255461504008224	2.36471874797463	-0.112894771044221	1.11076763752591	-1.25371008424921	-0.24098279559178	-1.342454509793	-1.03333088933068	-0.328326959648286	-0.145941083662195	0.882537097070348	1.85408975604686	0.668941170086841	-0.681094367113175	0.610899747581155	0.20457959068494	-0.227730306718012	1.11710208802106	1.65209708242659	0.862161772856259	-0.566902312525283	0.705822546452592	-0.943767482170213	-1.34344007017983	1.06933081325771	2.24994402207173	-0.384659974358072	-0.746772348458031	-0.877132715261104	1.74124437805814	1.95571992462154	-0.11339759505112	1.56918913791873	-0.912445463395897	-0.234659860239478	0.59469902608135	1.80100230250886	-0.32118590263213	-0.199556647801787	1.3551989611923	-0.650167482761673	1.30350499176835	-0.966063621040888	-0.352073189914816	-0.572389255363304	1.52267266837307	-0.619341060381825	-0.529123954172754	-0.477848554720648	-0.557974684327194	-1.42313584874708	0.011485968065184	1.04552412471561	0.070730219194105	-0.275973711056656	-0.384189465915215	0.596372487814866	-0.64368338084821	0.223952886235062	-1.57774414699639	-0.46889530318268	0.212203029874622	-1.64120042210966	-0.143432588863218	0.196592282630942	1.50456416634269	-1.71783608613561	1.79332750012365	-0.950927608237447	1.33733585532089	1.03834774443797
"PIM2"	0.91432626788849	0.0198017637760621	0.386766967507762	0.120564471773706	0.00908330395788609	-1.30775948389847	0.796393028582573	-0.578786629975628	-0.402448926831115	1.02267286824076	0.91486239848366	1.80117666556236	1.4469393465332	-0.377179397306142	2.06411420631606	-0.506382819975331	-0.407397624567265	0.0301971831151251	1.11926795976883	0.226633348714423	-0.118337022871236	-0.263329630835468	-0.1037178975254	0.300638876829081	0.711115098662572	1.09634261547824	-0.252106284553897	0.707247288069402	1.17072456348395	-0.0738412665965838	2.53424582340488	-0.472370020494088	-0.357104934942256	0.708128747147056	-0.0545798222881571	0.857763984971345	-0.879261292620435	-0.0137248983557901	0.286835028577395	0.589525562955978	-0.31081025017984	0.953983358382125	-1.29513319743348	1.2605389789555	-1.03317378288347	0.35627722215779	-1.09545515282418	-1.41229371266434	0.807060348331374	-0.630911939560939	-0.771784458104855	0.437451148529305	-1.51824885478537	-1.08526105914129	1.00762414077073	1.466129602251	0.231452383018952	-1.03286404983924	-0.242837261702013	-0.430457737381449	-1.08152560194461	0.435937124858409	-1.36769221545735	-0.472913364835198	-0.394182590435101	0.100232278449009	2.32572071785397	-1.94668037536805	-0.557784626556054	-1.36832456524858	1.06212620345355	0.687690860857876	0.0387004440864967	1.40206124900428	2.05245294793068
"C1orf50"	0.0177120870491091	-0.518580997046718	-0.772045384294718	1.0886281161574	-0.281031364017318	-0.654596231060945	0.0624032626936071	0.023966679523081	-1.03108463867251	1.21286072221716	0.0731255345733108	-0.950020852134725	0.10382812583261	1.293965481861	0.0170013919331614	1.23369458175329	1.34711181676164	0.552939616261305	-2.06185193481685	1.2954210271934	-0.273255210434757	1.23743966325623	1.27118139968033	1.13550000177614	1.08843964603951	0.670780047803227	0.201451262272404	-0.841193849234138	-0.933995042645172	-1.519638101304	1.19234726346669	-1.66904890550773	1.59231887631197	0.26412271754024	1.24889632932024	1.25246754438547	1.23165996892432	0.402617955516714	1.46891450123344	1.11356333781819	1.12595009242731	0.215747652402316	0.110784758872243	-0.996642477426987	0.0188488399350962	-0.214771844508829	0.0297776447932578	-0.689138853812353	-0.573874943152834	1.18267803745621	0.480975749678313	0.826013502691367	-0.913807470451259	-0.414677981586741	-0.814342773296996	0.00520124092630608	1.1071399031602	0.152165972952689	1.13642102021872	1.09889900909637	0.332005319610497	-0.366915606000436	-0.992048321870585	-0.498317070624167	0.00269641470671935	0.56427873650406	-0.175335866808543	1.0796634966226	1.07512478540765	1.11852880456434	-1.25030827988826	1.14276246864861	1.28103176379132	1.18559640172089	1.04645954140876
"SFXN2"	-0.0919084662559742	1.22248109304837	1.24551983813668	1.17183816124632	1.3170940277685	-1.47401766947865	1.40664784300006	1.19351645084019	-0.994050302758902	0.457033864660891	1.19652285852004	-1.34117249011622	1.39244328720415	-1.41492506716249	1.28344968513562	-1.10822307879757	-1.31865526052679	-0.254593232724757	-1.38945926882013	1.24621693304694	1.36595045605128	1.15214965285637	1.21302730059046	0.818973012314296	0.359517798073672	-0.590764605598961	1.20563319741262	0.381927078656955	0.0134393361501694	0.721193201330951	1.23902308830335	1.45537677717174	-0.0376927714657056	-0.351572827957166	-0.794613296793195	0.314879295922645	-0.977730946729678	-0.579789034135138	1.24523870284591	0.349380725010847	1.055852148478	1.17058894296615	-0.945890015309117	0.574350013401201	1.20521187079596	0.0625720295778064	-0.0076735096149945	0.174126813596076	0.436167151924848	-0.32029349375533	-0.119110545234956	-0.763933879220662	-0.745394134989575	-1.28609812620292	-0.869290811042463	1.17064710939835	1.18593050272272	0.294610940367007	1.24741010977813	1.1437991342414	0.376772134888198	0.700695137529559	-1.56964998376759	-0.539454289557252	-0.546069567404523	1.08529856773393	1.21385013320619	0.23623134311894	0.136611702474693	-0.112746534905938	-0.976881463889569	0.263422996617714	-1.15768361381662	-0.452510030274227	1.22770168114166
"MARCH5"	1.28254848202122	0.362262237214232	-0.525260975344802	-1.07924571831984	1.35950752546363	0.64543924281105	-0.956071777275452	-0.341437615029834	1.33417780298902	-0.0119971647960179	-0.919864214693325	1.42425663851819	-0.0276635319332268	1.37678862169613	0.198535813820512	1.36860649834653	-1.38841693117986	1.29357987098993	1.37136053983815	1.28660237568827	-0.285942695445993	0.209474502459898	1.26057375984414	-0.039572733117731	-0.263190235611722	-0.502696156440822	0.193131311787804	0.429395314958196	-1.02077603571589	1.38376261570393	1.50292142447802	1.83217909541265	1.4206939393231	-0.635599955340799	-1.04022794672579	-1.19778305022981	-0.0442868848972256	-0.448806526782382	1.24674433083543	-0.120287737945361	1.31431342547059	-0.0369337962455611	0.270387524731759	-0.35327310226849	-1.02069931215241	-0.130020437564124	-0.298676400322139	-1.03027566686971	1.36270021701967	1.28019253045494	-1.1512929954402	1.33460138291513	0.187853921186746	0.425486261632516	-1.18826556178724	1.24980740190106	-0.289176383781796	0.0471097843151957	-0.310528858059306	0.0542896928415073	0.778647901392247	1.37143889634027	1.37676130859834	-0.821959442712217	-0.166114302252589	-0.870357577391531	1.31311777276956	-0.327709360437915	-1.07859997766726	1.25696747723574	0.470417741017347	1.37305150938428	-1.35254314277757	1.25727422251504	1.36528191728153
"CD163L1"	0.628119881652065	-0.676226176593487	1.18003008827698	1.4477323582208	1.35348060119148	1.32282063599411	1.17769154177812	1.06641243161921	1.38913580819238	-1.10445936114381	1.32593302485112	0.0679920418072581	-1.44786061775469	0.170854713958553	0.787960557167151	1.13094258985947	-1.399622873543	0.641863230198958	1.34320031682946	-0.926551151827557	0.982451062061732	-0.300437888421553	1.15916102442741	-0.370844361515623	-0.514553280398123	1.09994306905317	0.78148802601981	-1.09472637330452	-0.133356089922168	-1.25727124222482	1.44731473762434	1.41555622417374	1.34636738547049	-0.942755688327849	-0.135441657989975	1.22837962635539	-1.02959781834279	-0.899099351211961	-0.768995766416949	0.449529938856022	1.22818181640075	1.06319730085345	1.24268550242426	0.68974133780928	-1.22705758089138	1.00176390291806	1.01772038494105	-1.15440424641003	1.27201113418225	1.12946020295681	0.151677455133525	0.733415411148369	-0.453742779438886	-0.751749529112794	-0.328402744492182	-0.203459663617794	0.474608593825901	1.03818618003445	1.11818433066653	0.859607375809863	0.0844934099017479	-0.674958372420845	-1.01241926212891	-0.892726430755166	-1.0416648564208	0.0152212961860897	-0.471653590620151	-0.564363669564506	-0.316533346526812	-0.459293184681396	1.35234873843722	1.06419919467671	1.28788683225655	0.65495883028691	0.288692974838527
"TBK1"	0.211695360123548	1.11218268528241	-0.690245614483576	-1.05656535736766	1.46587589141536	0.538077934870986	1.18286207817006	0.517502252652636	-0.615289425131706	0.649618603169111	-0.186201440000977	0.635848739788085	0.934311484764274	1.02790707743781	1.33037600940552	0.0416753934032506	-1.33181358585005	0.947544205085747	-0.00992212212365881	0.686978053767359	-1.16717201276013	0.501900754796412	-0.404745778208343	-0.301395123637078	0.192669476497908	1.32730741277059	-0.362962222051013	0.598410377545926	1.31474181695433	1.36462115757314	-0.00245167287541664	0.136491671003327	1.5782458844298	1.13795441706847	0.467689730295898	-0.39912747431759	1.19107607014766	-0.736367362852042	-1.54699457715452	-0.257388489574352	1.13407531574017	1.00088071623855	-0.461971484087784	0.0672397471393983	0.557927480486199	0.747901197259662	-1.08868534000293	-1.38433882279078	0.977552189210508	-0.349201640333618	0.823978801239985	1.20479591371642	1.03211451995502	0.650146289373795	1.01725397438421	1.28343714923756	0.946426727867632	1.21710082077094	1.21539332519173	0.548240936081811	0.0808589254649829	-0.232166854630341	1.0421894013598	-0.0793816245369659	1.31434519322415	1.07225550903237	-1.10907754105507	-1.29590037353541	-0.914200041902263	-0.0355494259581115	1.37203951300143	1.29701388901833	-1.25929379167412	-1.00970304478439	-0.195549501909567
"COA3"	0.909286238298279	0.952135411461632	0.279250985591661	-0.709491567271588	0.585185480804013	0.562878143542682	-1.03434527809665	-0.18534671283738	1.27089482862959	0.207775817068837	0.942219996538455	-1.22127395012571	1.02796741794358	-1.03197491223721	0.792992412372511	1.2372198167281	0.917829411660647	0.761528102412165	1.25209039645863	-1.01726229946139	0.339762091053832	0.630225867422296	1.05190402823224	0.449521429000612	0.0691876351266976	0.270490816186256	-0.784305449415671	0.729724415751524	-1.3221616601794	1.05794355335187	1.20092822160179	-1.88106093179165	1.26180335654119	0.885517961431713	0.706785078482697	0.98391677886553	0.906395290379597	-1.06554689394017	-0.839740117095161	0.869245376278222	1.03581197869368	0.224977568354064	-0.208194940312293	0.98045234889664	-0.538607161519054	0.298989309291121	-0.0115174509061941	0.971991637895292	-0.0720467687967753	-0.0197534391519504	1.01683497472222	-0.4846419600874	0.219031053236211	-0.605325403891096	-0.867547124979628	-0.0480850426273208	0.93895547415074	0.913601331179195	0.942523780940302	-0.970860292489158	-0.420119370935707	0.629009098143569	-1.28495559960701	0.993702162161378	0.185689924521982	0.995453515915284	0.077053322285757	0.924907623246653	0.919327990589899	0.956471113792678	0.470632472164085	0.91175817243091	-0.727369030640764	0.180373982943591	0.491054991747982
"DCAF16"	0.985215850879201	-0.706575690727307	-1.52307348277732	0.989457878143795	-1.99657019545197	-0.37355939147922	0.183418431369292	0.168056998408816	2.39623610824334	1.8973595685322	0.530549306908031	2.16895581509607	2.09116312116932	0.318574063245692	1.16992135404581	-0.277498448653012	1.38735229821868	0.897368475130021	0.25307740502444	-1.08030506177609	-0.665959290058458	0.0387461262961008	2.17947768794966	0.301874171268944	0.368384936818536	1.99124864180436	0.175154936421231	1.59609753309321	1.37927755068059	-0.472121913605177	0.745122306042999	-3.08326969754809	-0.704860156768318	0.324928726451609	-0.772898892292641	-0.18308914936169	1.32904019853849	0.123484831567519	0.281744753226039	-0.515236777637195	-0.91787449958619	0.709142529392921	0.705063052123295	0.259614905488474	0.758187122114238	-1.49261749516353	-0.0176074449739769	-0.321988279587058	0.682647539639219	0.0203981563768778	-0.287613447173496	-0.00683060442543479	0.00502057113647275	-0.74370939510366	-0.656929596674742	-0.0958997316922938	2.41056098998381	-0.104358766767433	2.19571793005194	-0.968537628741357	0.98306119704279	-0.674504299011968	0.46233713941151	-0.991530224219828	-1.00529185842582	-0.185003298249041	2.06052401796562	2.33343614857976	-0.332618298600147	-0.804013845634789	-0.67905040294077	-0.659556935805832	-0.763148029889085	-0.470682434524689	1.06380670154455
"CEMIP"	0.61530526320471	1.27746485309188	-0.398130804340104	-0.339863614388329	0.279541908273136	1.3105268449721	1.33629658090189	1.12165639190902	1.52818546399947	1.30373643155057	1.25847292317834	-0.226725251364214	-1.22660997324592	-0.0274031979549628	1.44108045349921	1.07626630861781	-1.39927443822727	-0.626150269417469	1.44757507929432	0.278539171444672	1.16207279281843	-0.379514730506309	-1.28501991117691	1.48997225210313	-0.776888162160307	1.02853803052411	0.148081931603005	0.993471225444078	-1.26057173605458	1.17538102549297	1.32429127234596	1.48455460630881	0.123103677715837	-1.04209566578031	-1.12644732536155	-1.06203539675037	-0.253866299178567	1.26047551048999	0.800956544326677	0.188170656777989	-1.04374003213356	0.475868033157931	-0.247095257525257	-0.616817013773336	0.996380565583628	0.309220803392497	1.52635917654089	-1.20955511732918	0.925655922068548	1.03621656500167	-1.20676334808259	0.134749977691629	1.34186869312891	0.71703536692115	-0.209492895386624	0.447236890916377	0.657445728856704	1.2941044305515	1.01735400325728	-0.898249853840849	-0.477611145380705	-0.157187381888749	-0.892717584375499	-0.378209227765206	0.319933759803589	0.504427111052158	0.328943153166531	-0.651152124040377	-1.04259808398712	1.30220559968384	0.818967034845247	1.17321236880867	1.30560167431557	0.0449160488005834	-1.1632637019708
"NR2C1"	-0.802326619113508	-1.2133067801206	-0.28396657067503	-0.587788633213408	1.42702620474975	1.64731345318116	0.583095483718142	-0.657981025436101	1.47032331088938	1.37853878377821	1.62655469805147	1.6829685776113	-0.0440930351163428	1.08807100376953	-1.44582847389254	-0.075251039824434	-1.16217732899073	-0.575010295010641	1.41821569150083	-1.23275169623485	1.09760160660854	-0.362339458571724	1.58028157798097	0.282223981866368	0.943683422730046	-0.326195062291746	-1.10330385196668	1.37672824914983	0.63675145436501	0.098924704609102	1.45936326429584	0.106161633071409	2.2235470370607	-0.601459958209407	0.0400575824809971	1.64039751180901	-0.755338706266715	1.05848065220781	-0.548831173823665	1.13729066207124	-1.3742702623848	-1.50707476529929	1.71765795835557	-1.00877183488015	0.537426752275907	-1.07864248648574	-1.37240011265656	-2.25286497679366	-0.58447690940355	0.93526566142525	-0.945008530904442	0.0250014359510319	-0.256817246221563	-0.063013016918107	-0.990158570947661	-0.938917700198908	-0.920912497159132	-0.076621820606315	-1.25879387760066	0.887769275027205	0.195553452041522	-0.382005201032229	-0.556126467058014	0.0846893654468838	-0.734341410165103	1.5696448323029	-1.02783184573471	1.21670569420385	-0.218633701221896	-0.40635393372325	-0.0245562496046081	0.108786767333595	1.40417232195205	-1.01702524069437	-0.276273932320702
"PRRC2B"	-0.242431199157847	0.0766344613846527	1.53810308558579	-1.13670144690699	1.7866957439354	1.08199070095864	1.10930074763404	-1.19898037281717	1.0638351196337	-0.804970266785827	-1.16520081990194	-1.04288291572772	1.95193498310446	1.68957323141618	-1.14946678934911	0.951779342583485	-0.604780909748075	0.94205043220563	-0.762876360138692	1.46288081719607	-0.484341930855646	1.65059582590355	0.691067278599337	-1.07015143754232	1.09190145821988	-1.03624685683685	1.38260633846373	-0.313584977130428	-0.461779654080583	1.46680215672026	-0.274541863858004	2.86457132563927	2.79597352164171	-0.925882161143821	-0.414262252329525	-0.892800705449342	-0.346691710314758	-0.728114274400218	-0.484869135489297	1.37408232566374	1.41935612520706	1.25922012172321	-0.866625439018136	-0.490984957903332	1.13242570506485	-1.77427615209068	-0.119188119414986	-0.759773594435691	-0.310901667868777	-0.0844546944802282	-0.0698640167637678	-0.280916971676682	-0.528078444179339	-1.25433441766779	-0.71928683053399	-0.72801825869497	-0.763033360404813	-0.694256829538628	-0.421576835055284	-0.562544162618234	-0.397890419204167	-0.306536099524164	1.73849477350984	-0.466321059344184	-1.07360114802637	1.23105318176263	-0.331264506563104	-1.30187936283118	0.993589208222353	-0.752119089135024	-0.49863109887937	-0.974465572360925	-0.0309720925194813	1.18993744380212	-1.02022227504436
"TRMT112"	0.857508416999232	1.05845929937385	1.15664139220342	0.864889434924593	1.05846509854088	-1.28984769221083	0.266466721698442	0.821010149392878	0.5715043338699	0.550330263875564	-0.0549302260154217	1.21400912898773	1.04713466874046	-0.827119021298163	0.0966882806047721	0.738207526510567	0.140179186191282	0.484667633183243	0.569006136461278	0.541222588935668	0.629421350689268	-0.233784494157665	0.33697336576721	1.0315693146216	-0.938057902342988	0.694269232200833	0.265782283595297	0.538706066748944	-0.305301690532577	0.897197558447225	0.964901324669848	1.11879192934531	-2.65019240361252	0.875236850985886	0.1589603740309	-0.782625449777164	-0.250282201431242	-0.319026246606957	0.0485316747640273	0.725181068586905	0.0818721179437483	0.565663206967865	0.342679871514372	-0.000917337559844304	-0.966125448789419	0.0768761634592928	0.441452206266817	-0.20789554388799	0.0901882917973736	0.491661549526413	0.536130009437957	-0.317016042050035	0.478059310307571	0.447646704602357	0.734007635308994	1.28607465657061	0.40384218817895	0.704141605104003	0.75548210328214	0.996677027637844	-0.427825630882043	-0.75556975698071	0.37462296818342	0.883313238366423	0.814278015300824	0.596082697677296	0.388531401167219	-1.62353318151414	-1.06983457072901	-0.52645563853728	-0.761805751350508	-0.708270985500964	-1.6899968253955	0.727170504921564	0.631722163523786
"LONP2"	1.50600855304933	-0.931296436864373	-1.11957821507816	-0.492735379279098	-0.544094719391319	-0.899856171479294	1.64288853105661	-0.262979645486577	-0.461654588106237	1.41731537539062	-0.0221013997926501	-1.10591992570033	1.38869222120576	-0.836354239800367	1.30766041395174	-0.161463226250983	1.97555185459098	-0.541873762137783	1.59692242338625	1.98196678159381	-0.480440408198834	1.55294003164097	0.342810610080456	-1.10749053596493	1.50351051880086	-0.484632470838119	1.46131452603088	-0.892790482258805	1.4338217130235	2.11225417462958	-0.45233156222634	2.72470273282664	-0.500603084713762	-0.975294712597273	-0.616195939626295	1.44710111171514	-0.470743624177011	0.167045672732322	-0.506182587168685	1.66364978812828	-0.788495770851175	1.41025049924381	-0.51799171337145	1.55190604335661	1.19396321367646	-0.705078589563929	-0.696800254660023	-0.805460904599545	1.4291069807489	0.260261338477486	1.50262623523025	1.44137988576332	-0.7672056972788	-0.931579940474659	1.36756289512239	-0.622339344429929	1.36029250663519	-0.493245272500151	-0.6853631849665	-0.310066109467684	-0.528511550139411	-0.378386292817621	-0.613976194652508	-0.649307519647899	-1.05814993968561	1.82333900289256	-0.8857331332765	1.33471306288189	1.38434961469147	1.29164381343746	-1.25742469975971	-0.600451498597462	1.29853275648544	1.44566265684744	1.43405410019148
"ZNF83"	-1.00184430599415	-1.25176518501325	-0.0479783007261797	1.03595399421823	0.0191375671996139	0.519942810215138	-1.17721400919311	1.42977221259725	-0.742267124574823	2.6588632084579	-1.27820169221181	-0.499618233841181	0.0523903379429779	0.456639269639557	1.28663456096689	0.303660457438332	2.18636380049139	0.372283133823735	-0.322882297751559	0.282098040051482	0.91162709994495	0.785370514891148	0.606370560477769	2.5772609060198	-0.404312653658549	0.0882831327342491	1.60686772529949	1.55329615026928	0.697558032750869	0.235296431375717	-1.45444372513037	0.761417857658361	-0.11886322549732	-0.409653125257672	0.179084709861878	0.272415286655236	-0.46802097680582	-0.986683486613987	1.85283834684065	-0.599737562862863	0.551865331231706	0.635630845444108	-1.44239835859826	0.395652931933308	-0.545979902732284	-0.488589089847676	0.577437454422999	0.979025221475622	-0.738631136835458	-0.321804024315185	-1.19350753351472	-0.153880362230639	0.444704800847491	-0.629264022015118	1.71568353361719	1.61591922839956	-0.0366953588032175	0.360162770654229	1.12726032791365	-0.348622245274639	2.17148710913059	0.863232555258285	1.65460653204327	-0.17005100095856	1.64432644902452	-0.893435561901703	-0.219471497186979	1.5446107040076	0.67863715753434	-1.41185225593686	0.0923306715582156	-1.03566365350562	-0.729646797081717	1.87956281602282	1.19335105654239
"ZNF526"	-0.333571778678198	1.5198171047395	1.34523456652015	1.31251005380096	0.258486502968577	-1.09632736965583	1.48977341809191	-0.554877850814207	-0.815878498721288	1.30565226729725	-0.0639483952973571	-0.853531207775137	1.65969607742491	-0.757695919529551	-0.339185347844954	-0.646437684211009	-1.377179511879	-0.0168612577165496	1.57184859819822	0.143100182044903	0.0127225887526906	1.39534094760279	-0.460027552165536	-0.345843533649444	1.33295631193101	0.12476767314016	1.38613583029331	0.178269402455142	-0.471779727350174	1.43005622796245	-0.108724268176104	2.08967320776694	1.8541801368328	-0.749115891923166	-0.0589938315701207	1.31315363441543	-0.51568749459688	-0.313984570839603	-1.02072339454139	0.164570005446388	1.45556018286495	0.494996232524132	-0.272216123987012	0.255070871758298	1.31823505235907	-0.553198355579803	0.140200869931745	-0.774857455747454	-0.867459502557145	1.38840408402694	-0.628017577187485	1.31551522482663	-1.06619482787517	-1.18188176267853	-0.395032264325259	1.39645030934646	-0.827189610279762	0.220282476407974	-0.310367638630429	-0.643258078377749	0.299325167458856	-0.875153621145197	1.48466033422478	1.4815318693589	-0.278194305366811	0.0351332670919986	1.50349348090354	1.33292770440327	-0.64852540106688	-0.774729017537978	-0.885964560612613	-0.0644773171835843	1.49172650404406	-0.229265330203258	-0.807758713945466
"EDC4"	0.887828076806031	1.11910574335965	-0.751635018137797	1.04510946779024	-1.28013304926599	-1.29132253032623	0.0678627444947323	-1.07517945946277	1.26267809551908	1.22017098847956	-1.08962195403343	1.49437072817116	1.42955075483316	1.14919268406904	-1.54560004586308	1.24562316252564	1.09606996486348	1.33622109901372	1.12676235691741	1.09997054784464	0.808813597399416	1.13340033134648	1.07457572641096	0.740240165150613	-0.208009517800417	0.655335323634336	0.852768820284989	0.997873230641618	-0.56116760047033	1.51238842645122	-1.19050490172865	1.41888428034334	1.49408038955079	-0.476800982562758	-1.21725945465804	-0.114032372950402	-1.54866209240424	-1.23698446741891	-0.412279896514615	0.609856230833396	-0.527889453004193	0.98533899447841	-1.11388685872552	1.02018540656733	-0.129686578552701	-0.407155804866039	-0.171713123856053	-0.257606626101861	1.04346117811045	1.16158211339941	-1.13988561461235	0.213501720620384	-1.0369494647158	-1.48526472328498	0.0416205479193989	1.03123854532421	-0.543405543757006	-1.05415571946452	0.282135123934515	-1.10384497721322	0.928638562718732	-0.214097405146635	1.23172338677528	-0.0238946404291142	-1.43858687778796	0.471741941486254	0.297834937861653	-0.658446873631311	-1.28701797404978	-0.964871925308489	-0.244730753990658	-1.26456089528915	-1.62758013081779	0.152482453508237	-0.646389301621642
"INTS2"	-0.328564701586529	0.270256020199565	-0.821339350404506	-0.253590131513241	0.0141828798233406	1.49219439519235	1.88385222210503	0.197631071673979	1.50473765540002	-0.0325040842331513	-0.799633272480395	-0.906618531250235	1.78446899410712	-0.730482997653119	1.6320556914234	0.220316584250402	0.26596135827754	0.911078735794532	2.10549442430406	1.13698800049399	0.40367216326601	-0.845617551949719	-0.604267220218573	0.393234589594446	-0.879457850209093	-0.395031911039333	-0.879591049239951	1.22572972352468	1.61094140403738	1.4123121633112	-0.643451807318959	0.589506402449011	-1.00422167204642	1.16488480723206	-1.13370713696496	-0.909803766501441	1.86995884758281	1.76067229444326	1.20472718216272	-0.865759722169213	-0.699659055062636	0.268421138343741	-0.77529340674326	-0.788690555441747	1.65428104659501	0.475608915828196	-0.976718345496648	-1.07892011244282	-0.63720070865403	0.511047970853001	1.20996909472914	0.227180281612736	-0.44953899951058	-0.910622381655122	-0.834024645926027	1.21706284699479	1.53111154449691	0.7809066687234	0.0246343577786492	1.17754452272814	-0.656737000154905	-0.352262583519292	-0.290411991062009	0.367200543569616	-0.414549543635452	-0.693539053999881	-0.926670823636161	-0.810347951492731	1.62898655595211	-0.956303686140405	-1.28507258407876	0.942246198082678	-0.938876034554469	-1.02758272560663	-1.03744278454888
"ABCB8"	0.235038600734625	-1.60178062077932	0.184983736058435	-1.62710888355012	0.951382716605695	1.20558964245869	-0.48376733346171	0.499451401173086	-1.47829380622514	-1.27406977338637	0.0171819672726757	1.49807336276651	1.53865742037645	-1.11351012506952	1.16655551846192	1.46853749603518	-0.390047898997411	0.454511654668439	-0.868730027554526	1.11261853078841	1.30079418833933	1.45687103832777	0.45791832632768	-0.068616599917195	1.13097474157385	0.666235597691814	1.38212976449585	0.0667108517456064	0.413552277978807	1.44628276724965	-1.63276521975743	1.6708695294453	-0.60857302300855	-1.01127898538394	1.40966478743025	0.0844271953810297	-0.361654415462084	1.25712716047583	1.48729230046285	-0.985007531381107	1.21552804573992	-1.18878999123378	0.305362210179041	-1.10404833438139	1.28925856037072	-0.783883814963112	1.34898113324811	-1.37582353674221	0.104299997864734	1.19570601334509	-0.592427899951285	1.36080715134009	-1.50770620971779	-0.206996208655912	0.198146651150806	0.429793448014502	0.0627987447786931	-1.18280669010275	-0.0261834502803119	-1.1069605540951	-0.436113699411935	0.825455512374708	1.40960521411011	0.643646288806597	-0.340180783741161	1.39948415814548	1.24816861964392	1.17473525472879	0.513382072905472	-0.185674227325769	1.4287876628073	0.324046792477688	1.40008409506806	-0.289535810941098	-0.693679801832816
"ANAPC13"	1.35015308255511	0.648489604091461	1.07115563905124	0.651078044461065	-0.511849310413285	0.193082451420857	-1.17936163328953	0.550542596846688	1.528488343	-0.3900874879396	-0.198311499504709	-1.29951328638324	1.19271934273478	1.38243287576614	1.39580273648308	-1.08766424617359	1.35130966573362	-1.14819967490956	1.32929063504346	1.13625034551304	-0.552609140625257	1.06006306125428	1.09108118893639	0.413182495598822	-1.08120674601157	-0.807230407193712	-0.106419408713431	0.632566958434149	-0.138724112553321	1.55945629538748	-7.72735755220517e-05	-1.98030214600063	1.45516880983394	0.418718861630888	1.42615611080233	-0.173237167600289	1.14738917056496	1.11331711437695	-1.23955691308581	1.12674592630319	-1.08516629471604	1.11384831054612	0.820083354863113	0.372330402439288	0.198827383356009	1.08234467064184	1.3258861501375	1.13000234023226	-0.6619560552914	0.238247558164582	-0.106541910101473	-0.655812519414357	0.0921320704870055	-0.329042921323156	1.38747895636036	0.897000758610855	0.742604632136563	0.739924613079	-0.0839280909237159	-0.29236470353405	0.747505020036754	0.247916654010061	0.540589096634534	0.462876849896407	1.29619514608899	0.564950172687259	-1.1007165480506	-1.27347623841354	0.627547528425689	1.16319359025273	0.382707823934123	0.0690295476093179	-0.896513947807841	-0.358825864434366	-0.0746616393745186
"HERC2"	-0.668131572588395	-0.343168173435859	-0.677247106677906	-0.348185460783023	1.72035000798977	1.71397703526131	-0.446244951919404	1.58696932506814	1.56793332767811	-0.519347951122851	1.41074895999503	-0.522366217175172	1.55047454016524	1.42160070335433	1.62254554680655	1.46242182338639	-0.823550186595257	1.3910761940405	1.46014536068397	-0.601281302096627	1.38151835938041	-0.53260239382772	-0.28587088254438	-0.550738327565394	1.40429564204273	1.60490291828246	-0.523227590345394	-0.66140488192408	-0.524775619223935	-0.68069695297777	-0.859299444629806	2.95243439432408	-1.32174393372631	-0.87134161488892	1.3916602383599	1.54566797643174	-0.952571941170156	-0.597565008133092	-0.297886147609756	-1.00210478735414	-0.409144672792455	-0.809886309090717	-0.546984943025072	1.72065928865877	-0.476474697765473	-0.756199094208262	-0.445942351935258	-0.470530743292093	1.45733964021341	1.66512049140057	1.31333440385265	-0.521334728736775	-0.220785466531338	-0.713864796700846	-0.283681275283025	0.537084368854489	-0.813428383882152	-0.719705222803047	1.43176638864103	1.71513967635311	-0.640486272953358	1.44694546823937	1.61321732094532	-0.532819295473057	-0.412758226147173	-0.0508667491713077	-0.27269124277464	-0.937635608241399	-0.447564008286185	-0.982689641008042	-0.335574402987367	-1.02645635707496	-0.0449021865231398	-0.815220106730123	1.67644335369955
"DDX1"	1.08755464437369	0.971300733214807	-0.821810830531307	0.468309219483546	1.16592563325453	1.42453796159934	1.13308575931553	0.112685281504301	-2.01964610379551	-1.08129432356354	0.835851512988087	-1.06381633623281	0.948246831237221	1.02734447787857	1.40733531030867	0.0508386672119541	0.773512771056172	0.605238717383093	0.954992957596521	0.0174761801936907	-0.993431287038757	0.796673270008512	0.304881723322696	0.232253272038341	-0.726881883942424	1.00265755973215	0.30466643427812	0.357577923773348	-0.408952260117934	1.6802141321956	-0.528349640947448	-1.97332940241429	1.29500104729679	-0.539336419401181	1.02665850473831	-0.927142127118897	0.476682828692825	0.980028308795883	0.292873493340136	0.428861180529876	0.968635532804331	0.135126880672048	1.29205185241259	0.763513148934837	-0.74950431633958	0.801078164748335	-0.534987611568403	0.976215262133259	-0.509727593766409	0.296303376710899	0.521166541433736	0.850194825515699	-0.690760171643352	-0.730007660615969	0.286407516856145	-0.366234340115157	1.4324938199583	1.00774860497972	0.721986977303778	-0.9275750823219	0.276649303894945	-0.296429087018435	0.871417039718093	0.275950063977572	0.734846947027766	0.14557820192151	0.400360552406391	-1.27632066126049	0.419561286783771	1.11810811288629	0.330259666550514	0.0905959659451909	1.0866673696902	0.14021958582369	0.904585398612631
"CDK5RAP1"	0.14074028964326	1.4895409095059	-0.803694631567771	-0.558972085287951	-0.963069969021206	1.39624888383051	-0.173307152630467	0.069736355390906	0.329935529103179	-0.550766152735631	-1.62449823840747	-0.387136396457559	1.31625610326805	-0.441376728555415	1.5303742564239	-0.642509939231676	1.85471800875871	1.39911863593716	-0.826921137274048	1.44616215062409	-0.0683792222187495	-0.118274848709504	-0.790279826645925	-0.332736996448411	1.7656005993726	-0.623813761919595	1.39291253231182	-0.930124639921173	1.2516705555269	1.32347862766492	-0.629432253093941	-1.22243748876589	1.95618794992369	-0.823328201882332	-0.670515386399691	1.29941129638545	-0.303105636879858	1.80713429663665	0.906941994804292	1.32139450615659	1.40466016570352	-1.38300766385678	-0.592829833005425	-0.916280230980921	-0.265953413777429	0.153729449940321	-0.990611516101476	-0.764148171853506	-0.452548000457356	1.34749095462758	1.17297052273918	-0.162181986296943	-0.55839688143245	-0.695273550148384	-0.2715823980277	-0.594023313364925	-0.476375981571293	-1.04835951378942	-1.00056458996657	-0.717182459821123	-0.614518633962111	1.32778620878378	1.57442370895295	-0.163457143029488	-0.338763540354144	-0.358241615832055	1.0563166787025	-0.0405290170460569	-0.573445912901129	1.40029826893577	-0.426911879718006	-0.634001471275658	1.38465498267623	-1.08877795894011	1.44277950004958
"OXSM"	1.04621361424311	0.164707530483632	-0.237608606747184	1.28978736469424	-0.656939715368574	0.00770154521124119	-1.06991329747448	1.14265113441182	-0.678199187924438	-0.0587740734151674	1.36497601671676	1.05477915413095	0.82552276474326	1.2213352856667	1.10221378274997	1.34991416426532	1.2033141906028	1.21536145908547	0.851147576583043	-0.856446559401137	0.339173220093997	0.813890837983285	0.020551059555696	0.291588376932249	-0.760213682889529	0.731133428633515	1.15024286704138	-0.207610427360935	-1.12288940681368	-1.22642968753504	0.176207921061619	-1.72819854013251	0.564417651328296	-1.06456656117497	1.41176878993887	-0.562845960726768	-0.699318479798483	1.35003835093526	1.46356747640658	0.298079758963249	0.338347443381657	-0.776242340438166	1.14034823549186	-0.0606370561630241	-0.959676149541819	-0.825446105370245	0.018201656681779	1.11736057599265	0.246306438322265	1.11379993469695	-0.964905014241234	1.1518032550315	1.1146189493107	-1.21679220875177	-0.919307808201664	1.09085892573874	-0.416494670657978	1.11421169421806	1.07313881192502	-0.924989662417202	-0.08009956825401	-0.428303769969159	0.466353999785368	-1.15884736175055	0.249255661029399	0.926396617007548	-0.441296231282073	-0.154193832684503	1.10930384434879	-1.23734254998067	0.0637721017496415	0.012902837389603	0.381143846240997	-0.18129140807986	1.11474195238762
"RNPS1"	-0.742212852549475	-0.352008937133695	0.110651442167631	-0.180343652103458	-0.9757928778083	-0.050132493106059	-0.19368235911034	-0.561999638633227	-2.11632082612409	0.24520561690625	0.876060117180253	-0.668458546352667	-0.591302715966208	0.300508183642425	0.0568234639114769	-0.338548599846741	-0.167799654160577	0.968477194958907	-1.51194776593807	0.435144818032982	1.23095166251306	-0.319940793870217	-0.38629034983988	0.468003509579617	1.08080577585112	1.6777100880297	0.777504042368265	-0.00871000273964559	1.44953916827268	1.88406080434363	-0.0847979475067627	2.86123406158908	-1.52272242638736	2.85277009998959	1.6159016257195	0.333513420322897	1.43486424344384	1.01177996175089	-1.23664355537959	-0.536720721076869	2.71961264122922	-0.276018830163455	0.25195986874513	0.479729199506173	-0.906095173209853	0.771392950424566	-1.04893682514508	0.768235299659092	0.154633869456732	-0.895672272704068	0.837758406353821	-0.628255492688163	-0.0789793239877221	-0.581279850285529	-0.0771990603949631	-0.429257057541166	1.36183416272732	-0.209190041543349	0.125643141234777	0.393226678092386	0.82971637515894	0.93712354284823	-0.540316833805926	-0.222279860642415	1.11551710581359	1.31486482613933	-1.02569770200183	-2.24137537573999	-1.11672531101503	-0.410279811979951	-0.335811720251892	-1.83062257247459	-0.118107535686993	0.176830205022817	-0.015956929869533
"PHC1"	-1.68614092680568	-1.14927256127671	-0.207955519878147	1.1378853825407	1.26304877813945	-0.359148571659468	1.19915508077394	1.75059116186454	-1.39859763915097	1.19499827487629	-0.74567469170826	-0.0920211983193519	1.32602867479128	-1.34727780449545	1.26239068645017	1.49105021284576	1.85688967749798	-0.186547382858737	-0.689934324396563	-0.258579282242394	-0.0677051133297864	1.40703247900712	1.63367275571264	1.03213271944635	-1.21443623500346	-0.860589642079113	1.0455642359608	-0.749335497267438	0.132106482269226	-0.13615290602865	-0.180783390755784	-0.353032855340837	2.36040914997428	1.10561983576041	-1.21381593647857	1.66283388487946	-0.317613650533745	1.49052460225327	-0.0249323394899186	1.30673604945706	-0.651055266611215	-1.98304649600666	-0.239109892466213	1.29964383690859	1.41076002904811	-0.641686299033688	-0.0999922984420291	-1.58893661943335	-0.652625096660604	-0.35720186158496	-0.417866399612079	-0.159303583517139	-0.0412710442676562	-0.824646927971574	-0.314257304539689	-0.750520694946272	-0.905630455606217	-0.280589739692968	-1.26710063449949	-0.35342192997904	0.182508136264031	-0.719511719820034	-0.315986543619096	1.37450811657723	1.36218961821244	1.54211500418099	-1.07760747538895	1.31687802102565	1.64107826902304	1.51429101023471	1.39344997256554	-0.714820898500548	-1.20263135325255	1.15114825528689	-1.55406583322295
"PREP"	-0.485522022075259	-1.23437578101181	0.599684367416257	0.0747924768986769	-0.350647371595124	0.370576987978214	-1.0069226536052	0.493563043254449	0.797532314210763	0.315755481639062	-0.935661534868747	0.850830451238307	0.33859332686019	0.689610638089255	0.898578450461652	0.885177617394561	0.720441449354091	0.831021146033455	0.431228430754567	0.703335211930237	0.685451091472019	0.820870837480382	-0.121233210853977	0.659067383100905	0.868606525211359	0.353103011657792	0.732153620800301	0.203425275611981	-0.12352375268038	-0.144657274482067	0.859130572785588	1.00036114754083	-4.36474776041609	0.796487089119215	0.302920734907343	0.728312666120074	0.556960541865489	0.86820956401546	0.783804919654744	0.598589640720414	0.708285530912977	0.104120750141624	-0.0304302851299992	0.330591314186659	0.149695949215744	0.822468445378991	0.707289658675213	0.870467139144312	-0.61175957293975	0.787744259579305	-0.566372532551046	0.760206920907803	0.494928450080418	-1.23526615577877	0.854143413808008	0.449756787344987	0.179105569596843	0.273100125547311	0.814337897776532	0.717556307004915	-0.619544902889344	0.854078737600654	-0.573918299205993	0.152254582058582	-0.135653588008434	0.347507036066403	0.771201922346663	-1.1075421652629	-0.662643398474174	0.176238485865266	1.01736399624735	0.49529288520184	0.93773454470417	0.800796328269178	0.051949896030837
"FOXJ2"	1.16873031753933	0.276935424250382	-0.858930913607891	-1.21192476424652	-0.166776089011844	-0.791763629450434	0.152111707140687	1.39919980609786	-0.022531115703943	-0.951738009042084	1.24602882600126	-1.2885489670685	1.31151678160591	0.119774343493807	0.387021162962372	1.22317979525445	-1.15894956957339	1.34819592781477	1.09903114255479	1.1628243795381	-1.21813256969985	1.28641785520773	1.15836158696973	0.467969166597792	0.197053287310203	-0.324007959051493	0.221879262769425	0.166251070512999	1.07316854508945	-1.00135643365636	1.0713024917596	-2.1148767090814	1.34262054730809	0.791484343812623	0.605895731866011	0.566514616356158	1.17596786958665	1.09055680916898	1.58194613288453	0.253967634252794	-1.16704924798655	1.25405339229056	1.23633308173588	-1.17883826610317	-0.672859024123389	1.26153389104044	-0.343016610369207	-0.0257636916246315	1.23821382137384	-0.754673676184334	1.31574153166248	1.1521537095358	-1.36355689352394	-0.0978611604350555	-1.17054012828691	1.13875755024297	0.19816261685423	0.0346445510825897	-0.246336907764239	0.0391576576543308	1.20563681340143	0.737342093668757	-1.00464674382344	0.414824488148529	-0.23710119086273	-0.791265712762916	1.18797161704399	0.22962501925815	0.434351125755555	1.22923320306446	1.26430116304444	0.611706678715305	1.17116016652408	-0.242739554066297	0.306395990395905
"ARHGEF35"	-0.277800917008578	-0.203588159545881	-0.294698181926063	1.41100083888397	1.55177235741788	-0.0940487832392534	-1.19103767954564	-0.832843693414008	1.5016839693286	-0.957450263691524	1.53627460542673	-0.857784449845864	-0.29516041839579	1.41603183687274	1.46149608378723	-1.30852452266859	1.49785089704878	-0.205136904273275	1.65577311878501	-0.569399034053644	-0.924191452229075	-0.319896419938531	-0.189149839285954	-0.292039539494449	0.119387819553954	-1.09848757672999	-0.256279065051287	-0.738145415851739	1.34075564172187	1.71082130209503	-0.918232685156238	2.55359132493259	1.49219073111684	-0.550923923908786	-0.327960297678346	1.37157454149685	-0.166267089410551	1.50952729647599	-0.647582398185691	1.45236248915188	1.52487496602552	-0.0100588687435935	1.41572523920256	-0.130049469072296	-0.0525761241950884	-0.527271050184612	1.48219128949976	1.3307924461351	-1.02385568761421	-0.384718661732839	-0.311321776492018	-0.309098476015543	-0.632568039546507	0.139676501649208	-0.106944835877273	0.143846109440228	-0.186982615638566	-0.21305123556527	-0.681436556572863	-0.348731951088496	-0.48214652506536	-0.266433649912555	-0.826123883832208	1.44428099141822	-0.200473350686488	0.0173633380275537	-0.0416284475038181	1.21101770484231	-0.172037970356061	-0.625829842533714	1.28365467458127	-0.743881628600261	1.48474145240659	1.55557374569682	-0.196472393125467
"H3F3A"	-1.51013231356939	0.852017573676296	-0.935187706282386	-0.585638915702349	0.0123732319551093	1.0706845562166	0.213055182748344	1.1178383132429	-0.568849878475268	1.25158170008614	-1.36871217573843	0.580874537442775	-0.440751874779121	-0.522456865231374	-0.203248219057928	-0.232097554368884	1.54344922000083	0.20798618118185	-1.76592728981864	-0.834726768815595	0.359673270904125	-1.50325291729335	-0.418628468106094	2.89052625437786	0.147648010511889	0.538728735510097	0.0934776698499967	1.48504014243771	1.04441043497613	3.07570187430888	-0.876439200104634	0.361014514371682	0.344940693496233	-1.28353384370526	-0.332097219306368	0.769824524530375	4.26190931583251	2.68267544121263	1.70399451582282	-0.454179305140406	-1.22064351743725	2.08434583558642	-0.620529441006265	-0.0225740894003266	-0.176176616687947	0.604977927371943	-0.72823358623843	0.0447678543533936	-1.74533904590909	-0.395193508678872	1.05102140911526	-0.0585849535639904	1.08922223337458	0.185156044786529	0.811676768125905	-0.391487189525857	1.26555670448606	1.73951140575078	-1.33178352007325	0.832614691150547	0.163080295312185	-0.314206390340388	1.63461002811242	-1.58973668686178	-1.07720143733428	-0.442050339561923	0.0977834271580356	-0.154740701248255	-0.585725307757373	0.774602398968175	1.47925992403686	0.257220927298453	0.15332701693548	0.23869130883603	0.178201099234079
"SLC30A9"	1.32816096771644	-0.240280515690615	1.21774850429953	-0.861038353386551	-1.01609483389494	1.58099044213333	1.23027956670465	-0.718699095516785	-0.406401774134437	1.42043971369031	-1.28626483853156	1.46547251817317	1.36248115828021	-0.88928789641204	-0.190806302780877	-1.0353891843436	-0.905872109977288	1.27133710333784	1.57386044677615	-0.265001234367605	1.24555943501163	0.146897447302384	-0.329678006351846	-1.18474273746513	1.30181685558358	1.26681726192491	-0.315500808795048	0.687395989548687	1.37966060353765	1.58799966376917	-1.22411265868067	1.88076298184173	-1.14307590099731	1.30335413980749	0.376012961305902	1.07695277006263	0.148200713903298	-1.1119988141953	-1.02946484087457	1.26375046205374	-0.427289970461695	1.32933941360326	-0.168517415424157	0.265943137459603	-0.717314134776515	-0.160526094717217	-0.0636468078867668	-0.212456879353547	-1.22786169339215	-1.33843034328291	1.36431587102266	1.3527954976235	0.59112903023172	-0.242889424114347	-0.305770979574066	-0.212144356828123	-0.196918501087237	1.26349419618509	0.364449860269687	1.22338372201387	-0.17575374945911	-0.243280501107502	-0.487098579234768	1.15787791656374	0.321161850498053	0.667110628613806	0.0946919751773565	-1.11062720957039	0.648266244518451	1.39588989624552	-1.26818911718683	-0.347463331613774	-0.963117629733146	0.756806500001959	-0.68764502354915
"GTF2E2"	0.834022676837958	1.0838916397632	1.34251716944602	1.03059329794483	-1.96266026372919	1.67314159526422	-0.441916259841812	0.523639767022736	-0.511318993615597	-0.585237948410346	1.33975069023093	-0.629455298874598	-0.696513908677704	1.84790775661487	0.922786783006374	-0.872323261233412	0.651962021823786	-0.427016998592508	1.06855249837061	-0.360196148662746	0.407195528902801	1.07292853062515	-0.186449467304339	-0.644698136854547	-0.752742902385954	0.99958803698445	1.07990560558704	-1.34751294073789	1.09678240353901	-2.4705766480316	1.45506094368973	-0.943743693474847	2.16519346017999	0.97937465326356	-0.990195025289086	1.00057169373601	1.45775898985263	-0.707129179444937	1.36584134981166	-1.15164755100184	1.81424447850718	-0.177846546297593	-0.854322550883859	-0.12539231892623	0.776129191966416	0.0925113529067969	-0.282794727809883	-0.716223128744412	0.105219170293378	-0.231284162838013	-0.491566794336424	0.156847031232604	-0.834381389369917	-0.82618597615641	-0.892137850012152	-0.301373936388657	1.42635562334023	-0.43861890321162	-0.990862061941531	-0.117390479025018	-0.374730975237427	0.815836345516066	-0.57050851074171	-0.367769133125104	-1.47388493579245	-1.41878534033971	0.195447294054865	-0.461501784504065	-2.55365125178092	-0.426067544565825	0.878404301319127	-0.300560075538362	-0.298628458943162	0.978821208375582	0.605956460453242
"MARCH9"	1.5123335986436	-0.221093212128995	-0.465401767462858	1.58765551253412	-0.482410247703131	-0.22158318890587	1.74718855098256	-0.349984834195656	1.3589777650276	-0.942971847510857	1.73724670967447	-0.573581804471839	-0.867265480568745	1.62596444678154	-0.348569914909768	-0.727108268841668	-0.685968482677619	1.39496456639638	-0.586972328737091	1.48551161370414	-0.662530896753902	0.140702099143077	1.44017299717673	-0.314079460390286	1.53935929237689	1.38539730164227	1.46999871543676	-0.628852859542132	-0.926366797872365	1.88218094420363	-0.62716022623491	2.53045665820836	-0.770735001319739	-0.652199671741795	-0.459769205576959	1.85402570769359	-0.680605152937619	-1.10222492858517	-0.693890631344346	1.41923602503603	-0.710317295233492	1.40807302417617	-0.899714253654326	-0.308331133501551	1.56342068837078	-0.613372787170648	-0.297959698050541	-0.760368135335585	-0.658379087180838	1.33538431298156	-0.754853514842696	1.41349177028618	-0.619424929193462	-0.303174352387128	-0.225962806574757	-0.524718232888608	-0.98587465621725	-1.03784342263315	-0.681050144833448	-0.848015833305779	-0.844777107780879	-0.395894577930107	-0.655922400304735	-0.613798944248162	1.48351775432432	-0.934746060279668	-0.121939822961018	-0.865197378825644	-0.305199587732229	-0.799145294431785	-0.822341656214267	-0.528078706996647	1.71476002514141	-0.41450617029962	-0.228980342961801
"CCDC97"	0.657568219892024	1.52661962498057	1.03376183994875	1.13214391919114	1.27028612439867	-1.13722695259502	1.21353153749422	-1.33581208526012	-0.545912266238225	-1.04315864087918	-1.41444180376188	1.18929068666795	1.29519943706218	0.860927846965196	0.0439008369609977	1.26832985748896	-1.14202768402108	1.52633415106196	-1.28851261191256	-1.00808508443416	1.17053973245293	1.302069711908	-0.159744955405944	-0.312186289009069	0.428924674860051	-0.0441556262163493	1.270875706241	1.12814067649633	0.0397199565888833	-1.00821160342373	-1.1502098726939	1.36920717794113	1.76650891254944	-0.177865148402577	-0.255852839431551	-0.134620905984449	-1.07198504168045	0.692856621938878	-0.148771670257427	1.13318044959223	1.45555423671015	-1.09108081203112	-0.948222134252833	-0.0769851633332947	1.09591770650924	0.615392086691344	-0.176530434018166	-1.30518872462179	0.423299831442552	-0.0947249675404339	-1.36264035473133	-1.09764778120331	-1.20319884677709	-1.07496376936042	-0.566355360384751	-0.072260447553239	-0.661912149622833	-1.25303258970894	0.164025900460571	-0.126263156627454	-0.0535475628787801	0.0197446605555771	-0.564033406955346	-1.42881634592998	-1.15644604505148	1.16490681386235	1.27094096250305	-0.137284163395284	1.15563821172588	-0.990009173217142	-1.16239358973204	1.13042956391477	-0.430308341847817	0.987954808022781	0.0333883149624088
"ELP3"	-0.529630129667331	1.14517431911065	1.42189153498516	-1.26027558049603	1.58301909693555	1.29551463603331	1.50842575760576	1.82903514319588	-0.450124773315322	1.2273270178142	0.0890372488468451	1.27577065984362	-0.62070173889386	1.19950333303259	0.466325242898789	-0.631138780819374	-0.550592048464791	-0.932992970936846	-0.54965321619646	1.27442573441375	-0.661359609839756	-0.0297682304616669	-0.487226619321528	-0.19195913854169	-0.67997292532818	0.18465357393831	-0.0723611329920596	-1.95620097440679	1.62165622407801	-0.848295199816871	-0.797420132017006	1.7679510696449	1.78433622348437	-1.50427451104668	1.54795228052877	-0.577843310028743	-0.251815236550795	-0.487218660347361	1.53894866936688	1.2755743525582	1.09444477857261	1.5546547509325	-1.11989353654786	-0.434403628010044	1.13226526956343	1.31646710029908	-0.275152600086992	-0.608601736332481	-1.41365140353091	-0.952640389458659	-0.164447648948836	1.25935090878278	-0.618348234174945	-0.78546889520109	-0.934899216375213	0.828055054191093	-1.50932760545647	0.563771453933194	-0.584789387522137	-1.04093563816744	-0.795488276152945	-0.015597134695326	-0.984886889980905	-0.852510587201569	1.29611585065705	1.19929906241127	1.31285040938923	-0.780522458511058	-0.242972602399007	-0.800431098904684	-0.752876270112815	-0.795334690096538	1.25508781012673	0.404486506407978	0.45629830197813
"USP45"	0.724769930677756	-1.31333537513483	-0.89145302123505	1.17701033806409	0.128534624540004	0.719347087763977	0.0456509617436099	-0.279380245265548	-0.228596045482682	-1.17957207385707	-0.910495420181463	1.73679482107097	1.62389447626141	-0.807252588558656	1.22146535429864	-0.716747688964133	-0.228527787029562	1.38935027171484	-0.9083546519144	1.15250435796341	-0.851828195047513	-1.00769531077071	0.783783224422129	1.50770321278154	-0.371319336829074	1.3174949242399	0.616231837088187	0.721022776842551	-0.783906016478018	0.940197312719374	1.62640008957076	1.54843233535733	-0.595536821467782	0.161999037541486	0.180232637742039	1.43621752012701	-0.632010566844031	1.48170667356706	-0.564178239014387	-0.207706837872743	1.25081105975565	0.328259349513832	0.215402016627419	1.30880511702032	0.0510781968664217	0.185080056232714	0.866744747329626	-0.925779449540689	-0.379378290019949	-1.2189698443015	-0.628887770507712	0.456581627513175	-0.763448679648797	-1.02365491166668	1.03823154320922	0.420481927255036	0.998475861002556	0.507408030920857	-0.141447706276856	-0.827571256396118	0.817240516777664	-1.38226025040813	0.253458884777311	1.20763052655397	1.54926474766104	-0.530508491132414	0.332101971306629	-0.909487378341829	1.17082787783429	-0.60710971663821	-1.16825441549781	0.455404450459506	1.55210825989628	0.151216846678186	-0.687995885550042
"ARFGAP3"	-0.108167781009039	0.0163188340129554	0.522820380240252	1.20805148892878	1.19459659676947	1.21400051152998	0.161060199433526	-1.07647862810849	-0.510530199153901	1.29113133114058	-0.0496196497841389	1.15711561477636	0.126824276828384	0.656727552644889	-0.565713549134625	0.280712101360304	0.0450195706874566	0.300965477913481	1.2353421653364	0.0694943398440767	-0.305039121950875	0.378604087141058	0.422188210315291	0.485876090448772	-0.312794247640112	1.26697908247158	-0.727084393368108	1.25122842944568	1.36838748627844	1.36781690751227	-1.36131657147576	-2.26012090769687	1.53654515638024	-1.35165457817994	0.30433820860789	-1.57817972342555	1.25783319122744	1.25378275711738	1.2988251185634	-0.93164974474198	0.472055434845241	0.013559222601899	-1.00398541910928	-0.213068564785556	-1.25793658429003	-0.562279248900167	1.2823975790988	-0.529602836283435	0.499598648136633	-0.557090539328298	0.24695559226207	-0.138555075035181	1.31144144480723	1.31396375435147	1.21079279707806	0.313763417525286	1.20392491412236	0.282936973391352	-0.0267333533339039	0.945127631352726	1.25515644064836	0.144194278843757	-0.950000655798816	1.22168501088101	0.123037570741258	1.23815285465914	1.22479661148008	-0.988064004319616	-1.02297984570417	-0.339305816427916	1.28449157106562	1.29715056991761	1.07512956811938	-0.100182460200702	-1.27973843573701
"ZNF74"	0.0704536792180911	0.202879205755008	-0.708818264530646	1.25405710687166	-0.739462395848705	1.19772212551042	1.41796926772544	1.26689510620136	-1.16202552115605	-0.703179695280463	1.21541183418157	0.0345147578503799	0.277933356259612	0.34534942613735	1.25523262297552	0.189216571781311	1.3202213268725	-0.657607980916035	-1.65040598876656	1.22297256179326	1.22376071998422	0.291771719502135	1.20372959593886	-0.257074622893747	1.22896492238927	-0.039316324630446	1.22454603354123	0.410032017526049	-0.688575410826605	-1.22057951894182	-1.93249067156012	-1.87464398576299	1.710205559655	-0.229764313327537	1.17974690433078	1.22629008983803	-0.330473314597039	0.144045721914466	0.272523743522113	0.213655597157545	1.29095547412715	0.617088663039219	1.1924763470902	0.274974237593036	0.782580585732391	-0.157959065968631	0.250108598503654	-0.679597810605469	-1.14424226287265	0.340255884189361	0.375714317384602	1.18215008640608	0.123555776442702	-1.13352967395179	0.0145666688815005	-0.570921250767182	-0.118741716330135	1.19211748820831	1.22748389576485	1.18120837732	-0.366543212431061	1.24343695062458	0.0898138787598929	0.246151178615735	-0.59668624624877	-0.0366637167570529	-0.687914313875091	1.28990415359386	-0.262588471046677	0.505595240516685	0.16769625148426	-0.704153683268222	1.22723944084363	1.19629321446758	-0.261249769823997
"ALG11"	-0.0194655479449778	0.309752269633901	0.2161159896445	0.767877245951802	-0.672954299342607	0.913827342681711	-0.0124562243815828	1.31841645098868	0.55033878524548	0.171039981823974	-0.291143400201331	-0.151166069080806	-1.77132961228495	1.65516455696896	1.3139166543888	1.21339746246112	0.437490433230476	-0.851727039133696	0.214432488349675	1.32417720438628	0.282678355497784	0.533582603530583	0.290411259511465	0.57751793124048	-0.37637608452771	0.132455473302906	-0.228021577728835	1.39576772241007	0.409011977367173	1.55432716696062	0.615608285982487	-1.59057578883269	-2.6991808715452	0.801185324942191	0.11938353398234	0.473820893008599	0.95511348316402	0.0399970352248868	-0.405070050827279	0.685273936651617	0.461466196088489	1.55202619855489	-0.374870218702063	-0.0156169368409542	0.934300450861316	-1.33530215230969	0.596669836134555	1.09443791184589	0.873681571636416	0.144078889139909	-0.737538979909822	-0.219480037098103	-0.711887823616362	-0.113716092464696	1.06958117570296	-0.830003652664721	0.0463087659365582	1.08888087732411	-1.23173019977626	-0.782310260274982	1.02641236769814	1.52423215630492	-0.266512769686822	1.01232826153083	0.148142776776654	0.0464716607037058	0.621690747883132	1.59272915216627	0.820231959734352	0.439793303281443	-0.940982166176023	-1.32976783400259	0.084542869325501	1.09252988578139	-1.25624464187324
"ZYG11B"	0.0827604980998348	-0.875339614162242	1.00841890727123	-2.61598399299248	-1.22297547606909	0.922391849014802	-0.815006198951351	1.81775650284855	0.845601949314292	0.103150734838598	-0.910508701903279	0.398343355943207	-0.867941103230329	-0.863487247430408	-0.133766620117001	-1.25048772544972	-1.54019896416091	0.252323985134833	0.239852723818925	1.56749897401862	0.89327318676335	1.59443925009359	1.25336445163984	1.05931985556562	0.744641461748305	0.923989833766387	0.659918278955158	1.51740193724278	0.524992428548117	0.748046117669181	-0.899417924926546	1.18340496990186	0.10988420071818	0.082904434701507	0.153566077566412	0.584220793813695	0.322811516502233	0.682922107045542	1.51162557092498	-0.143758695329097	0.886311584674127	0.4710710669922	0.470471873550248	-1.24132942699055	-1.18904574894156	-0.154222183919512	0.741696211726538	0.0116608680273011	1.00747364300941	-2.4022767511722	0.117219460496453	0.446608779257373	1.15614554865943	-0.358349800305469	1.5959274496418	-0.0554817648204473	-0.614404857213217	-0.0875427157298495	0.575803075096167	1.66415159594613	0.679117824369976	1.89710392766155	-1.16570928474079	0.964338676435859	0.814487886474197	-1.02428200203546	0.329887451017535	-1.46082401457086	0.31209594548664	0.760482307231359	0.445880421646198	1.91075184230835	0.304820055407392	-0.928632631872887	1.48370429302519
"CNPY2"	1.04493796392293	-0.752904051422259	-0.299699331734216	-1.07311438278603	1.68644257928235	-0.761421249809861	-0.753537433090822	-0.753067209418976	1.69017753614909	-0.416407231382206	-0.133065558884505	-0.956748597696401	1.13439640669402	1.50859316385593	0.891160442258365	1.75966862170693	0.136480428621266	-1.5373008259623	-1.25700155131446	1.12779814399935	1.186635734116	0.881482441899901	1.24888395593407	-1.12187339945312	1.48623980565681	-1.21251216488025	0.933807816697442	0.957257343413384	-0.814247965631656	-0.274361737722838	1.02072370570644	1.90318442742069	-0.713602821491334	0.125803797027302	-0.146840140925623	1.64801030913737	-1.20999100249147	1.91384744408887	-1.13385752241054	-0.242563140448225	1.55863277261005	-0.783575251728893	-0.422398338276335	-1.05064114653575	-1.05291334219992	-1.58220221180298	-0.445026280710764	1.13439473685928	0.461123204164186	0.156416865572358	0.931649852418415	0.779921474345394	-1.07239101942901	-0.563494952733697	1.32098030383879	-1.60622610247801	1.46404407030999	0.30785859344928	0.743321019912263	0.0445965450546708	0.696216965272926	0.959965661601803	0.179359242944097	1.39997923468015	1.54420516967252	0.0665494086730399	-1.68052022397	-1.14204721976437	-0.252664933695879	1.38024226877012	1.6408851080829	0.753011169068102	1.86032143817759	-0.469968319998776	1.02402061762376
"CHURC1.FNTB"	1.14253686815519	0.827486846752403	1.12011686181039	-1.21458856662565	1.3057143214975	1.24134335746881	-0.554032815049096	1.214137505977	1.22218746114142	1.22145263599633	1.11187708230337	1.20237085802964	0.789322673632605	1.1311580339103	0.0269233363468587	1.09129450417751	1.23428760078858	1.0558578631214	-0.235563091211802	0.705047334364714	-1.31450812200011	0.128864542264183	-1.36138591990287	-0.313655783398136	0.25206817709581	-0.943889934010505	-0.502936036639627	-0.706409662811092	1.13490339897008	-1.06417280977502	1.12333420965845	-1.79613185490273	1.50147042346666	0.252661676955385	-1.35236563345074	1.21351046384343	-1.08160145005895	1.06917822284898	-0.288515242064121	-0.531945384959643	-0.881305003270786	0.915727299295138	-0.35785716174231	0.519942147214068	0.708049056222881	1.08433781578403	0.543191091860255	-0.0290581029298245	1.06105546608864	0.163078797975557	0.601293819786751	0.082909355698253	-0.983970458213598	-1.00684917973335	-1.09638390536893	0.2767146304341	-0.866197073381876	-0.377762390849364	-0.976777569885796	1.05472293827716	0.202139114725051	-1.17869821442818	1.09840583904473	1.1156077808629	0.241200781826656	0.10074522426786	1.06778728799067	1.07702144641911	-1.01385568619873	0.862900626256228	0.397520891114163	-0.923171919217706	-0.17386252252715	-0.0642383174114052	0.313008167907841
"FLI1"	1.05239987266066	-0.758589283774751	-0.445874653817099	1.0818024999797	1.61398954833925	1.89314732209049	-0.219641500151491	-0.804233384072284	1.74188872034509	-0.448174331495442	1.93366760481692	-1.6915279132057	1.37025514083312	0.0241743477347601	-1.16702068057171	1.1966724924329	-0.331760992773877	-0.115119394288743	1.75137751966851	-0.272866055192954	1.10982584226274	-0.100420121346157	1.45766398183866	-1.18473411368383	-0.68429230245823	1.3480632122311	0.485616483312574	0.854134750291719	2.07329512522957	1.46183316220761	-0.589285442793882	-0.803117896347166	-0.620093910284002	-1.05306668277454	-0.348088703897332	-1.2529705305361	0.146043126873668	-0.955662455688084	1.13948256958684	0.953537138900772	-0.686899034946303	1.17436442768717	1.21600278552579	-0.443350024859159	1.3635575974425	1.04780466532822	-0.586486075181553	-1.11363992994453	-0.299622571343853	0.912827307680585	-0.699413527576331	1.17213656870597	-0.0901961972718971	-0.761795222072306	-1.0393598830791	-0.580897683716573	-0.257640498460574	0.318058381400265	-1.31819123330842	-0.41643629390067	1.00078433400926	-0.58293863546029	-0.426212982987754	-0.314945940023904	-0.389230404951498	1.30435563615182	-0.29194007169534	-0.210460897685307	1.11970674196291	-0.153810423658057	1.1987171765721	-0.679092111771554	-0.298699569332473	1.19186814736431	-1.14011006622956
"SMYD2"	1.04727025039452	0.295884666819343	1.19373775793147	-1.33073567552984	-1.53338183809385	1.29214378989302	1.28797775143216	1.29331354173163	-0.670467298209294	1.2578731702563	0.141795413628683	0.00877058544751408	-1.29028535241094	1.05752744572714	0.0829209427188588	0.24789829371383	-1.2175509239715	-0.166921631568847	0.721626884795297	0.429542609535558	-1.04950974677361	-0.394080279217434	1.28729441521875	1.23357449043133	0.59155111112158	1.22315213700571	0.621392462226002	0.202963707942764	0.602602385498882	-1.05495216927554	-1.42456527279288	1.37348125104335	-1.4126654762408	1.35878347937331	1.38614887474919	0.107630745661787	-1.01298637922767	1.28039672791644	0.020298462768974	0.0717698454309932	0.853949670923216	1.25071026204117	-0.323390261022111	1.08930016033523	-0.943686314802757	1.02605816605377	0.450166304828434	0.920533146662139	-1.00464401866285	-0.867944847197079	-0.228607564381952	0.644233845709705	-1.22099799974652	-1.33019302323572	1.18862692346797	-0.0987166351892038	0.578812646061441	0.640491800842012	-0.701367412764391	0.639550658752861	-0.855990602683705	0.0268024849065467	1.09876269448314	1.3592786647914	1.26224002502275	-0.0736049498428874	1.16196897696476	-0.378885879862732	-0.49065828043793	1.21136794259299	0.0412909173625011	-1.05627347838038	-1.23549346719499	0.603951802064257	1.04119248151918
"RHOBTB2"	-0.87529108464125	-0.867395011795	-0.83061361674567	0.157079791003221	-0.478976556836166	-0.407332337103793	1.47118651533865	1.35404523211806	-1.12935899014127	-0.450157874970381	-0.352650194665437	-0.61751590355127	-0.591056444102308	-0.827847054794025	-0.530687628773972	-0.398363864916986	-1.10720219913345	1.36241038580971	1.70828743511358	1.56672868489094	-0.759333528518316	-0.369878401515137	1.39855891214942	1.41616634202812	-0.614164548946482	1.38304582960017	1.38449925572168	1.41708110001866	1.44076767896953	2.00110508683417	1.32065833955378	1.90428609663472	2.12098288688413	-0.501006163495364	-0.500627776682203	-0.508050402375983	-0.617581640840012	0.349928144620847	-0.391439581692991	0.387017899172334	-0.427629603147792	1.40644342959856	0.264426447753362	-0.806884533345441	-0.344821990791773	0.12780062452522	1.38027631355341	-0.601845622947655	-0.961558836689903	-0.53862087471925	-0.716974912340736	-0.238169325443681	-0.728262262179703	-0.618546437727557	-0.766315448583732	-0.31295588499389	-0.234408214438073	-0.561866192243832	-0.861667246679016	-1.00353420243928	-0.657410587500154	-0.390509675219098	-1.17714186538215	1.54293076184963	-0.672814319574315	1.34449763558943	-0.198524485502286	2.20843238086496	-0.180811538253744	1.48306473022955	-0.832406975912879	-0.799894588421611	-0.775045142496175	1.44492075560087	-0.612711568671578
"PAIP2B"	0.316395823766663	1.10787581862688	-1.33201245753531	-0.220327835389824	-1.13747080289488	1.07264963208011	-0.710075473630929	-0.368400522782976	1.34751121237583	1.13729033117025	0.727329345095201	-1.00124209987577	-0.98379014175455	-0.980407476402586	1.53726887879209	0.397862093708255	1.05924762191039	-0.811349941742658	-1.03577895646512	0.857270245589068	0.892631852268744	0.370775855727011	1.03358707435304	0.624231355784753	-0.944557546676404	1.35496867491323	0.601127774222166	0.260107864984432	0.806644752617747	1.98510490868396	-1.26149511360263	1.41647346347295	-1.07092343677079	0.282638468520253	1.27167696660449	-0.983221370225158	-0.841676138077605	1.21855410227701	-0.556469476801302	0.708283691177203	1.3989264166718	1.25918476199182	0.783774346319534	-0.703935941212086	0.0814504082603229	0.107416320624052	-0.879288565475168	0.822554510343432	-0.994224481006721	0.1142637753965	0.712627004481729	1.45503487027919	-0.99186774623677	-0.165441351227457	-0.779660462731066	-0.952270912623109	1.64124625504987	0.438642650403391	-0.929020821943406	-1.10290823720165	0.769536028334249	-1.08567728824736	-1.32184966669331	0.183967304985241	-0.430208991256728	0.812135414758382	-0.266508426438315	0.0868734393730679	1.30000809820604	1.49706560593205	1.07097061434552	-0.500948660716111	-0.982919394417644	1.3948927892925	1.04121206308724
"SCRN1"	1.33154940137233	1.2569976689038	0.311647719751856	1.37484581427341	1.57291720234041	1.58304926762658	1.37492132064917	-0.950119011598487	1.66159422586613	-0.977896956230596	-0.386318023886446	-0.141228640276806	-1.10781072359363	-0.872285456071073	-0.393276235347287	0.0771690644036995	-0.0911558528756743	1.2790238849269	-1.04936451193658	1.34576799372962	-0.773131783867967	-0.440962117962715	1.41256506971926	-0.198725206371088	-0.250780252882756	1.39481750949752	-1.11242449456864	0.0198157259726152	0.642709769821473	-0.614886688098418	-0.853083086530563	1.77681547630035	-1.49841370915034	-0.841960146205223	-0.124508276630158	-0.900353795004281	1.32292295345813	1.36356555054452	1.46146328110824	1.36994457948872	-0.969484548007464	0.190963554872916	1.41536149054573	1.34398683724478	-0.122992504478978	0.606992854654503	1.33110508598387	1.25740447293224	-0.399422244982523	-0.918188433704195	1.38059446624922	1.31679791176502	-0.76493329806232	-0.792333295790758	-0.928653241254482	-0.218388704879899	0.182469818896828	0.00309975907334436	-0.780120878388188	-0.885733190242353	0.746559786721768	0.483799109078819	-0.093716149778558	0.236401489613053	-0.518040433303479	0.0605073792503681	1.40268837344614	-1.05445710750462	-0.0778822391638078	0.559470314047595	1.5986071629814	0.12787405401017	-0.172762436508213	1.26806844157439	-0.494269851960785
"NDUFS3"	0.394942115693021	-0.433461970332414	-1.13784822475567	1.21237395545997	-0.893755704810982	1.84062056205305	1.17723028286449	-0.847451099108716	-0.67643594188864	0.114920443641976	-0.953839404235165	1.50182422447058	1.10243685436076	-1.2527680689163	1.68010554794552	1.19298489225714	1.27474147556697	1.06711023749624	1.21697025685792	-1.2117165637494	-0.760978155087521	1.14506451384902	-0.30030129811929	0.687264874738778	-0.548664966583945	0.168886868827042	1.37319679219839	0.1219200560662	-0.394685197540312	1.69662521128133	-1.0204810575343	1.83567936316946	-1.33534969772479	-0.719831441491783	0.692468978308321	-1.00649862851272	1.24422471704803	-0.631351866088265	1.61472386654387	0.0962549305189063	-1.08810725810315	0.493851441638191	0.367445497746963	-0.958402173308706	-0.0403075704445675	-0.421085556812042	0.344087126481424	1.272871546239	-0.320421500868573	1.20077096560217	-0.610809927467878	-0.744922611577252	-1.11300721788072	-0.439800596335123	1.27691128185211	1.27487911392947	0.0892914818958814	-0.424122103038576	1.31695928825002	0.0262725144899448	-0.140019237737877	-0.948578987109255	-0.999997396824573	0.2747266681185	-0.801695283248968	-1.25606922927648	0.352711114201022	-1.1427380940818	-1.00888181974565	-1.10512215071692	1.14461656273682	1.16199408145818	1.47191895129808	1.25603212766844	1.2352247208397
"SLX4"	-1.63312588284273	-0.945967152952278	-0.803815019631498	-0.954418906330655	-0.275642114338896	2.3840015384771	1.75902568226809	0.806707922521286	0.547487351189415	1.81114030398366	-0.973284187789635	-0.368334645618683	0.686320791362088	-0.858982472456012	0.134505020050975	1.34069857930919	-0.697961508686028	-1.81302553207017	1.61225181529139	-0.147033090242552	2.16417287756342	-0.61871968805781	0.231851770078757	0.133337648099198	1.94671637687689	-0.556327249949154	-0.380441242890995	0.989148517649607	-0.102865174889153	0.326901628276125	1.02693266531652	-1.0020417138499	0.331501325056958	0.346614168666498	-0.086902166869553	-0.0137281618158781	1.16132424817967	-1.33921568232768	1.23966596471111	0.613584581514968	1.19588013324061	-0.0387127463506102	-0.375078392200948	1.11936969805185	-0.99920594549359	0.307270174255944	-0.0571611221265254	-1.46997652209153	-0.90099214662438	-0.582512619984901	-0.136908104427615	0.197692827715762	0.0890003352898337	0.703433807071732	-0.811506337183443	-0.779367229217097	0.0534443904839097	-1.86304020169738	2.16742974074878	-0.274545241879549	-0.568866875953592	1.79758973403449	-0.0727708840442233	-0.861563888136063	-0.482883424124605	-1.33815534936804	0.0739785138830113	-0.180346148526925	-0.758313154973279	-0.315074898676263	-0.201131338381309	0.690379064645487	-0.328668146572068	-2.00478378722925	-1.08601302083625
"TGFBRAP1"	1.1530840776064	-0.254327370700995	1.28630500252676	-1.21655447004569	-1.1383304747173	-1.0148500021457	1.34437291053481	1.48678981619699	1.38258507725846	0.287206988088264	1.2980515307254	-0.331916882424949	1.43357685030248	-1.04517932462871	-0.190989624827791	1.23088654092321	1.33523910574105	1.36852153766921	0.0323058617111198	-0.0404764071469611	-0.208208156488083	0.0171683317977073	-0.749498012805988	-0.39261253848471	1.27239805836313	0.293336375873227	1.28385469188597	-0.787037088829104	1.24114502468269	-0.724291652405602	-1.06310715045659	1.37995274341189	2.22561903726884	-1.3090602607174	1.39567565849351	-1.00995408743669	-0.0757138228374676	-0.826460746198449	1.2635203380704	-0.950224443438927	-1.46572075186371	-0.255497349361272	0.338591257020436	-0.524523847627897	-0.23607052747134	0.382930913308359	-1.201905997877	-1.13953198589042	0.34414406658285	1.17724569485662	-0.334974261896553	-0.0337728207141976	-1.35878448850147	-1.33857783831115	-0.136316897892608	0.270170470212414	-0.0227043057774375	-0.399229235846086	-0.169132131783334	1.3292575227839	-0.0726230271685476	0.450326954127684	-0.698967219869689	-0.962965990217055	0.588558657475405	0.279279698048047	0.235135834116737	-1.14722631764677	1.2348377180765	1.38188465613749	1.22093312461748	-0.0295365262832647	1.37075493796794	0.0332702287756542	-0.448649193343503
"UFM1"	-0.829053341225354	0.760769870609128	-0.768127839863796	0.700018245328727	0.716547129481143	0.45128776455472	-0.639887767736424	0.747974115652059	0.104244159797468	-1.51377470960564	1.62852647377205	1.09972259677561	0.998510052866376	0.756325834487175	0.0932092071581107	0.0656129371257142	1.35212475206282	0.174735712690647	0.461611401050017	-0.62587214759537	-0.414894959382602	1.10680474029725	0.350746825762839	-1.5493255555822	-0.773872198562593	1.50862369514253	0.727457000417632	-0.650471876017089	1.29590960267448	-1.10666557093425	-0.0301026234878343	-0.86738985008176	-2.12586229976544	-0.683525347970883	1.12919644237288	0.203643928643407	1.9638932342188	2.07358128950051	-0.357160440817093	0.727823796912253	0.877328578238738	0.018987750481814	-0.454992739864807	-0.770855161527836	-1.77803985548023	1.17699102488623	-0.153347247448739	1.01243641485257	-1.50236339574348	-2.57687649114635	-0.441412107800113	1.47829584054418	-0.497074505453752	0.0235230026507238	0.541531927920633	0.735798772879574	0.569096226122507	1.32374674068545	0.974601762696505	-0.149688118541193	0.107432093260444	-0.326121175319103	1.03932969633343	1.0207016648299	1.26485456819469	-0.283648955369139	0.400874490513204	-0.399223172170505	-2.67865638795839	0.543194074788509	1.36135369051322	1.3148368513999	0.312945624214724	1.51519724973403	-0.20486715130002
"NAPSA"	1.50817129407171	-0.778386121828589	-0.777504645347576	-0.776859660678865	-0.734201757080815	-0.637759438976374	1.55581658615766	-0.722848394635905	1.52575767872204	-0.735133851803214	-0.533450976631325	-0.788282165457173	-0.769086328933155	-0.741052612681612	-0.749363792234157	1.50282477515937	1.536699910476	1.56998636161036	-0.231041725941289	-0.37378493896203	1.61326854511575	-0.219195870993097	-0.552799775659826	1.55741907769874	1.53553198334451	1.52397128552454	1.56083848462359	-0.348187075047525	-0.776311973145696	-0.732981354504326	1.53376277665773	-0.766017652681054	1.65301270845801	-0.540266264720982	1.57085777443177	1.55492818900581	1.52344177896148	-0.753759134870078	-0.758835026427926	-0.59714522975596	-0.351139262830966	1.67980695928716	-0.725692639067929	-0.693425812214143	-0.438892739305771	1.53969007257258	-0.782713814512987	-0.396315636030081	-0.687308158782731	-0.494336275256493	-0.654528393038292	-0.686149230685287	1.59143075185704	-0.673606057011073	1.53070029249694	-0.298529413719737	-0.577669469700492	-0.473789801929187	1.61530961106939	-0.721301494453176	-0.710533031370924	1.50397191730354	1.50540323721469	1.90915653026932	-0.136169562032503	-0.453856578365793	-0.0806602792054861	2.52978774461032	-0.616847125303159	1.94063762438704	-0.708562252809061	-0.395583131095739	-0.784223614426821	-0.660091436304022	-0.724652569445891
"PRKRA"	1.22228258199749	-1.46414954888799	1.11531656002272	-0.513892309133967	0.294351970603815	-0.828333868524141	-1.2626104408835	0.752095795820743	-1.16678398277409	-0.375599425614892	-0.96630161452466	-1.46119727657349	-0.666178260856319	-0.651858445028032	-1.25100154294478	1.37812490173681	-1.38616968231299	0.590735334557426	-0.214051630096426	1.39465081879414	0.972622210454514	1.31269610452601	1.03803601800338	1.00394566625812	1.14438493600308	1.02838549435721	0.219801461132991	0.935253902842287	0.552131484123792	-1.40855568984724	-0.754011730126767	1.69143926929602	1.55381213464374	-0.964964223495937	1.43394579427939	1.47212309449044	0.432923026865679	0.146822983522318	0.627814478537297	0.698981300962151	1.36463562775744	1.10973644080145	0.1667720332884	0.658781597934421	0.875738713725366	-0.724752937373325	-1.38046499243421	-1.15141307634274	0.426983252830566	-0.421895734942205	-0.226422431337605	0.118323468280658	-0.682071747358678	1.17802580899887	-0.675093995952213	0.605217541870496	1.02041701978174	1.29365444142567	1.23970538404781	0.191640914725599	1.211216323958	1.04708451844496	0.162915579553901	1.33212700221194	-0.0599063039111838	0.566102803796413	0.215715278451342	1.14225347649669	-0.93324418031404	-0.902458687381413	-0.296687724671987	-0.483583988819885	0.134490718279193	0.414721861142866	-0.23411288790425
"ZDHHC11"	0.645504179973706	1.21523892789785	0.0399041421129551	-0.779128571069005	1.28061248796918	0.519073071172311	0.258799884051675	-0.906384653754897	1.25497216214075	0.0158757248777963	-1.13936776829257	-1.02979494677265	1.20083633935067	-1.30583084463168	-0.923833600517699	-1.13577557136703	1.25061387801679	-0.399764552520469	1.1578863612525	1.26856848905389	1.32389072111416	0.146303807468274	1.20149080370953	0.602303798223744	0.189207645562503	0.423114318201162	0.606798011737454	-0.547836901493938	1.24467042577882	-0.351031697979204	1.26248385985987	-1.73624052321091	1.6008878882174	-1.03414622730489	1.15669200029906	0.122409099087705	-0.0634488445181502	0.175273456823191	-0.692462835825684	-0.266248212328204	1.17104950399265	1.24877344591124	1.16010533640568	1.17733723381536	0.312790130493659	-0.270078597125492	1.1754846798613	-1.14580898384417	0.379767893855555	1.26326425399068	-1.14336482455619	-0.55970997621268	0.16440276023262	-0.180760228844631	-0.477603240227424	-0.659253206621215	-0.720243798417898	-0.0803823731411987	0.403102047664835	-0.109529569475015	-0.2308604225445	0.533032640662727	-0.419856473584389	1.18621319669525	0.073366338238926	0.131050865491551	0.846814018640944	1.33973110924154	-1.18650817200464	1.19791810962971	-0.695165583557359	1.15631763475267	-0.130214733019951	0.0983392434806783	0.362536451084864
"KRBA1"	-0.939878052551269	1.19164508242142	-0.120723377950821	-0.345674280976899	-1.09580898904258	-1.42207131555076	-1.40547749305066	-1.29441760432814	-1.19498325078897	0.153069187789748	1.159199981385	-0.970021315450885	1.10456052681754	0.27689264555921	-0.814992472720256	0.13667823186764	1.29437870349539	1.17481762501455	1.23435646229773	0.694802312185924	1.49179414799255	1.18661741163216	0.159963996266015	0.572900205455725	0.380217472655893	-0.17356080944068	1.24826625895797	1.23099881094601	-0.348140308157181	1.64282996205787	1.2296492525652	1.56803726469738	1.55052658958929	-0.850950842537477	1.44990080587372	-1.03360878635109	-0.529520113458993	-0.320568228107838	0.263035850139374	0.251763907694152	-0.954015859390347	1.11146206577767	-0.10767260069425	0.0104267313410761	0.308363772232254	-1.16011365892392	-0.439981540592753	0.235295098648279	1.15332886221302	1.37305426083812	-1.00002774294373	0.592200890090184	-0.899209535805616	-0.274754749918833	-0.465708881219817	1.1415683326154	1.12633018666333	-0.619943604059338	1.12039989633057	0.0316296723829634	0.0771763542498674	0.11868330013133	1.36144974241797	-0.401857990344527	-0.535864739624909	0.425383072858499	-1.03457057449763	-0.0475598053746869	0.104281607096405	1.17238144737765	0.00445379766462208	0.065539519643893	0.825628161061929	0.227709807499316	-0.589436634936798
"CHD3"	1.79226503983734	0.439362086143643	0.582499797069571	0.255700610665566	-0.912481582142828	0.71391141536365	0.519668980267948	-0.312246186543473	-0.496133032024726	1.04256004100621	0.866298735435224	-0.457367656197942	0.814301381490471	-0.498997584505952	-0.127117638513397	-2.00154396151656	-0.0441922299545567	0.337326555802147	1.43623061079042	0.698492189704081	0.744855122147991	0.68632153684832	1.59944832899731	-2.09513677835237	0.700182564475955	-1.33439304625147	1.23089148455969	-1.21525388944352	0.276739183408593	1.06127947255861	1.23937595026233	0.674694405996058	0.834259305253788	0.169859796065601	0.246553178476319	1.15795503662624	1.1025811262206	-0.632205550922936	-2.13076411646458	0.891022648681472	-1.07035055015151	-0.954619231067711	-1.4266797416849	0.0544071204095488	0.0956859231409394	0.52736122911056	-0.62416833048339	0.780841107967496	1.47858917537459	-0.0170530309068159	1.87074646244583	-1.61579404487781	0.692082203421668	1.26958206108243	0.345680304944864	0.765325491430154	-0.100538219184781	-2.06389568467907	0.318194124708626	1.08602999814222	0.0183335194764445	0.659279211419082	0.379208447886397	0.621839499592073	-0.052822173747713	-0.738114726808282	0.224964396812388	0.380852076799515	0.00464643748353691	0.204364507602712	1.13074301668238	-1.7694298942994	-0.942693346882231	0.342860533023446	-1.38305070098953
"LYSMD4"	-0.0953264174433905	-1.0502732691413	-1.15917227258977	-0.027457629655776	0.0810297809351735	1.23331233862277	1.37437542209703	-0.012801966517279	1.34756640098585	-1.02122462431486	-0.491484113426792	-0.958026926329119	-1.13002452017072	1.17762753454022	1.1513717881657	-1.09264187464997	-1.85373553688346	0.00639612812320935	0.816584478284307	1.17129645462628	1.29692498796007	1.2660137445477	0.0457797475922916	-1.01896640827766	1.29296955830134	-0.0837947891864545	0.361311496093708	1.16514814380189	1.24461937830742	-1.33967826094784	0.301887924253559	-1.59916965869385	1.6003769509204	0.525088904314864	1.28340005837967	0.064077928471019	0.0026519994212435	1.19171801747436	1.35562779558699	-0.940728091141019	1.2538157300657	0.192436980230912	1.19564337405719	1.1927839832341	-1.09908756818956	0.0451056781484351	0.353556382564183	-1.10152283369713	0.0214290325753367	1.24043635045973	-0.0223544804759172	0.228883240590745	-1.09101593669512	0.0169786491032106	-0.820323325656372	-0.284612062387492	-0.000447953699242098	-0.259726268007852	0.294040211978136	-0.975070484706831	-0.0331176405695064	-0.137202831961177	-1.02225092411574	1.3352108692736	-0.903138140326437	1.18411982244038	1.17980121606979	1.20039051582748	0.0929508528682286	0.658682122966329	-1.14388826596016	-0.363398468034776	0.163060397428592	-0.71788982936953	-0.579759079522389
"U2AF1L5"	-0.205518855300055	1.23518320824662	1.40147836649073	1.72445472284476	1.19544010136545	1.37639060541614	1.15043490534657	1.24902758699785	-0.312846728304459	1.15221853414283	-0.703922707665275	-1.18214683120139	-0.616063954202495	2.04018799616529	1.15635215892326	-0.514441200041247	1.87991827271103	-1.07456554901285	1.31010459092877	0.186135575940042	-0.994642994211185	-1.24738988673393	-0.607183286224629	0.0728217190426109	-1.05952070114263	-0.834039014437029	-1.04385982068576	-0.733494911240581	-0.448250961032515	-0.311275009434161	-1.10349865254151	-1.04615328338555	0.600655873651878	1.14235016233548	0.0989317826084253	1.22164226698477	1.50956902533025	0.311723387644647	-0.840466775421693	-0.110906653633752	1.59011380005771	-0.170599035122146	1.12341725892114	-0.302932258172494	1.20539032418191	-1.15646384844588	-0.816839766992555	-0.787676810111516	-0.921475978733873	-0.157011036736977	-1.0535660274201	-1.05625797445618	-0.121572889928162	-0.998302816605263	0.211521590774081	-0.814491508150036	-0.165458598645476	0.0314593906205762	-0.84976505913652	-1.33395921898537	0.18798896104678	-0.453251016622503	0.68653533137265	-1.14602557375939	1.18553813020735	-1.19079552734933	-0.148383420915545	-1.19644518780035	-0.387069270033878	-0.210244628696067	1.31326573290664	1.16886204063348	-0.153644194071389	-0.871742208633726	0.717112601289063
"MED13L"	0.266659867371886	1.32731058863088	2.11235675899539	-0.320321251224626	0.464816832560941	-0.56293651032725	0.00621993031864167	0.649715495663752	-0.172865912817215	0.265130075814703	0.427812890837027	-1.37468977363516	1.28444533029501	-0.903333280682539	0.0412623167082211	-0.115325336902957	1.74906140204262	0.986345203491934	-1.43088464556014	0.576741379685884	0.735983826502364	0.619228599870138	0.863317930763299	-0.612111246919148	0.840845928981063	-0.0620917179996285	-1.19724513342991	-0.593015542254256	0.233137621788626	-0.904779659564452	0.274773296042737	0.922751140101387	0.273820945759602	0.509699494051657	0.37765506417328	0.558620933610625	0.450169689846267	1.00395683032393	-0.232024929414526	-0.0159157866527833	-0.749513259523139	0.00864951218998578	0.702553716395672	0.698134932170313	-0.344933511511173	0.616321610859448	0.578940163835173	-0.420002199963721	-0.958551674557665	0.963506398935201	-0.382816202137855	0.102790828762598	0.0247563326477726	-0.266885043459044	-0.162341554265718	-1.13261506415348	0.940782136215253	0.278050846002483	-0.584271934051831	0.131382299124522	-0.0553063710826763	-0.232269049726354	0.926650157621653	0.390344081167123	-0.447302166453406	-0.499410234727571	0.403992929567667	-0.291245548128763	-1.95591385644551	-0.289196677314403	0.642610107627403	0.638827890470363	0.112317442189461	0.928152264853775	0.222284873467847
"PTRH2"	1.25786122063421	1.62400780139427	-1.30257927035728	1.57220484028464	0.212634876113793	-1.19882945632965	0.441325037980782	0.304603365600275	1.21758152685982	0.24094783974369	-0.858241646987902	0.921075581492828	1.44052586589588	1.32159218627503	1.59690562116079	-1.16618280946673	-1.26628607662989	-0.989236994725609	-1.2395897131351	-0.544424294174131	1.43246563536841	1.54659153316442	-0.990945453581496	0.0208056429589473	-0.425148194928061	0.138019106780075	1.361803565078	-0.335644483357518	-1.29792213055067	-1.46263202677908	-0.134823158388151	1.83179359697706	1.09692100628076	-0.75693881474715	0.990252875144215	-1.26325583874196	1.50876924838207	-0.726747162416931	1.42569330779546	0.207095052466457	0.773480925867487	0.963184734961992	-0.403398540918517	1.31325534911918	1.08961728828177	0.142814358550977	-0.663818625230691	1.38731460904099	-0.175942114989091	-0.924805337492472	-0.185141232323958	0.394292721786596	-0.547717290315889	0.351054878706554	0.450924456257011	-0.790459351460104	-0.19816522211269	0.237798004335087	0.344792645396901	-1.39187379538474	0.90969693559181	-1.04166425404176	-1.30612573089933	-0.862796507587661	0.29099493561559	-0.699960297969477	-0.363161254130656	0.208042096587134	0.367681880823748	0.27123504316089	0.683484530137599	0.996570526346217	-1.33525181473344	0.936047803275978	0.887206981115969
"UQCRC2"	1.58460023631634	-0.898068454042477	-0.893543353622672	-0.752928531954533	-1.11506187905919	-0.347011031783139	1.73436920431362	1.65989013149867	1.51671338352692	-0.0387882352877823	1.61394157494356	1.53291791254433	0.171071468243464	-0.109825187336118	1.16722710338472	1.46056455930948	-0.33658543130163	1.34282519004388	-0.874184064992346	-0.790241059907656	1.62471810115496	0.0698496019847353	-0.870045528715805	1.38792995747827	-0.176408916873269	-0.452653220461497	-0.194272362493463	-0.411919443003657	0.073960699054018	-0.921147330810022	-0.233887975790485	-1.4276078336331	2.33915573830254	1.40990700018034	0.12675382959706	-0.581045551525119	0.0168170234794476	-0.545339357399178	-0.941878429100849	1.41810202629279	-0.814419901313983	-0.458885092475855	-0.484038469398825	0.118194543668795	-0.496998386766843	-0.804545543023009	-0.497321885001051	-0.270560033834441	-0.44534912492158	-0.642418424981694	-0.782420472485225	0.114864654798308	-0.742625648421905	-1.01447514838547	-0.613447711302664	1.06641638493553	-0.413739880424443	0.0372217484320667	1.51489293567428	-0.896279615805996	0.184742656599527	0.183181614909461	-0.91455031491317	-0.407719802066719	0.0534682281334355	1.50003123168006	-0.877622976483223	-0.848243174759385	-0.349590615939671	0.0767286495545471	-0.971368887970505	0.189852115485104	-0.89833473867398	-0.700655752041204	0.399731227823487
"HNRNPA2B1"	0.118490696676093	1.35105410942732	1.17719889713893	0.716979497999087	2.27614681483842	0.288529782640993	0.655548322488498	1.32871586493998	0.656244291573552	1.17028264351909	0.827867615963119	-0.00206999558084577	-0.654143649069613	0.362757285810902	0.883083836017859	-0.338549752455018	-1.20187736189616	-0.280281149394019	-0.0439526054179882	-0.713381512272246	-0.0776938517395842	1.11655922437862	-1.37449806800086	-1.58153364036658	-0.805520360014172	-0.898874970817451	-0.628668360935018	-0.40926815936254	0.970923174898948	0.821956283896585	0.0619594365406376	-0.0475191908286496	-0.067214210774308	-0.397035349493981	-0.623959689530898	1.57215006680282	0.319321702341252	0.989765830844262	-0.615422251070882	0.510538848630304	0.902651186246158	-1.333253397988	-0.936389699885158	-0.805347704714493	-0.861930376514529	1.33792523325508	-0.7287796716951	-1.5714185133462	-1.72041943375506	-0.139235341675367	-1.45739653374421	0.208707812627364	-0.0926907356429811	-0.234645465281327	-1.23360149588432	-0.667614537929651	1.26661227297066	1.7502177158444	1.43148330460137	-0.823826529182645	-0.300936169645779	-0.532330298061676	2.16561014765074	-1.53682411770998	-0.501144551145884	1.16190761280019	-1.70868711254905	-0.691816898875515	-0.302332922968891	-1.98626618476858	0.0648444751653251	0.396092232706225	0.66431391721465	0.945965794103375	0.318637195288338
"SLC35A5"	-0.0904676195981618	1.17471532319512	0.500246781194732	1.19665735045664	0.912048934407742	1.09740032368291	0.833608090831699	1.55612997078426	0.480298317979515	0.697354596010394	0.509290300645771	0.527140746333155	-1.57267569229433	-0.0714287525646946	-1.01127785984305	-0.990884246513883	-1.01907271655475	-0.361351649525614	1.35276554267235	-1.21918921038192	-1.6620856933918	-0.500808795963848	0.134304047776399	0.532270320107707	-0.83171308474137	0.508591008471276	0.323265401984807	1.10966485174532	-0.315637964173027	0.461272201351407	-1.37533334939549	-1.80890517395886	1.12836596194258	0.570436078523405	0.204808821032579	0.92948646215327	0.640610055905394	1.40988088340598	0.861085072194671	0.765420829540133	0.609228809985581	0.0519970118221095	0.774679812909046	0.127021139487412	-0.455548693817404	0.714733934068006	-1.35118858811884	-0.288052210647874	-0.247517016025676	-0.317932772535446	0.710737323577	0.87462979232724	-0.404340377112213	-0.210278763078096	-0.594358918152292	0.771077619122208	0.38610269629445	1.49846392053269	0.681616725491673	1.19828150298695	-0.296732379008203	0.0780702056202418	0.0976329466961712	1.17758933133203	0.577222462942709	-0.409793010203178	0.894203119512839	-1.02368223179398	-0.720319406159084	0.543785288697893	1.64548437256354	1.25017118514389	-1.28640984727605	-0.941323012529372	0.387275816774497
"DFFB"	-0.495346572193246	-1.04242659867703	-1.00767848664641	-0.684220089488392	0.109092803725448	-0.187927805334735	1.573078982733	1.45026753152274	-0.565095339622836	-0.316067526986405	1.65675359511229	1.34862661490704	1.47332065696461	1.37509450613314	-0.791067212644542	1.45864951807876	-1.27156275814581	-0.46831123714033	-0.924237756357315	1.35084463280318	1.53096434537684	1.02261304760015	1.56783888503254	-1.53429801552617	-0.310828944884756	1.20286160361567	1.47861447855912	-1.01434310688514	1.39438894728628	-0.673527230265488	-0.397689479079146	-0.723118708457084	1.83583845804329	-0.138939747958091	1.24662626961146	-0.840399278422824	-1.22115266498402	0.729101554237473	1.37976559768939	-1.43282571754978	-0.967835308062697	-0.962012652489092	-0.718495436479203	-0.796922523868973	0.0694153757078711	1.2084932258617	1.3052044074257	0.352887119356795	0.105781912555242	-0.519918727243822	-0.34040333553965	1.12178723398569	-1.0821378418813	-0.698401186651368	1.35502400944057	-0.0118610808557304	0.38297479784556	-0.333973788803552	-0.121390894860471	-0.121665061963551	-0.752254137554136	1.32657126475208	-0.517056563097026	-0.628321050822428	-1.37759362769674	-0.556577941848055	1.35315252731954	-0.603878617424581	0.525961850832746	-0.163671240202657	1.27616207511316	0.113127275745411	-0.486226244661771	1.43179130923166	1.23044951304426
"CCAR2"	-0.47877649990495	-1.52621845781109	-0.745684301859512	-1.50130128625691	2.20025349191646	0.0380378769821013	1.79488226789791	-0.912969652983821	0.917616919664112	-0.756761772242525	-0.570458409198913	1.50470144909554	-1.5008640326399	-0.734321575977445	1.27066754246143	1.48943771320063	-0.383325486465239	-1.31918900039834	-0.823869882690506	1.08658526437644	-0.415079398520372	-0.27551294309727	-0.038287886066452	0.105146370177823	0.186212109752144	1.21546658115191	1.44027126942311	1.30538553377017	-1.13712285534831	1.59023723006844	-0.882862361525884	2.25744650692562	1.44515001865277	-0.686943191280834	-0.671588479307391	0.943256099629339	1.50036505208281	-1.18468536725104	2.11716035243805	1.09645246328876	-0.878336840901538	-0.262824663213402	1.29288155170294	0.444159439549742	-0.233605421957481	-0.495236173445674	-0.601163556244584	0.0346640143922647	-1.38736492377705	1.15401278658804	-1.55109290568364	0.599637812529636	-0.37838757884429	-0.305826564304999	-0.53498181736385	1.61031373583101	-0.340031616124977	-0.687166275128709	0.154431756457464	0.288690175034113	-0.424878546327836	1.72677529977278	-0.208202165237143	0.0730257491735124	-0.252958497696346	0.268561188625506	-0.682677067580987	-0.430935030804299	-0.731533309241028	0.327439798061124	-1.06197207953608	1.31008905825733	-1.21557770609621	0.524108908957293	-0.3507399559748
"INO80D"	-0.870499400441577	1.12204479369379	-1.78969900873082	1.06884123523946	-0.926686909870798	0.630537251011621	0.318147049133179	-2.42314829007725	-0.0135387377112213	1.17173026895944	-0.47505604109027	0.291449969433769	0.298931980613286	0.346830202009557	0.298172928016281	0.885130503351183	-0.12864341710429	0.886992767568402	-0.56241018764364	-0.485928019947265	1.66059178792957	0.104618951530231	1.17279175528737	1.00302465665228	0.918269070391449	-0.169243674384843	1.55010267665939	-0.530307301928976	0.545633839335646	0.428611396191859	0.449595242688336	-3.39363333079668	-0.21261388150072	0.240644373178223	-0.163380412285494	0.098252660939029	0.351731400935421	-0.122047510192621	0.997241923229234	1.6182764017411	1.78941954560974	1.47770338844323	1.72271162163504	0.550959088896933	-0.411354095150413	-0.493555538927951	0.082994426667032	-3.22842075907408	0.818474222977543	-0.19717116076758	-0.887197054381237	-0.7136172681519	-0.643330519850843	0.156570748273397	0.0754028329666787	-0.033523299356089	0.320046329848142	0.0965776330110305	-0.417752372699369	-0.401772780228615	-1.60360446783947	-1.11028464068842	-0.0636226899665593	-1.42016908488217	0.449319768349272	-0.00452017600107479	0.163010904185172	-0.714345021821298	0.516208159721501	-1.17989559802445	0.559922043317871	-0.377534992013267	0.799904237648866	0.495041989126895	1.22354659426108
"ZNF236"	0.156105745644722	0.161422526927428	-1.52857568054138	-0.784642060719632	-1.14137756539108	1.51963811755636	1.83829802954613	-0.681339308581155	-0.806194203920412	0.785482631444981	1.77842103127706	-1.20874756064228	1.75230839629861	-0.795577748217423	0.636351180953999	-0.729743848495994	1.03423676768401	1.66514281447376	-0.716691542089255	1.0778719766787	1.08997897775744	-0.240070187546133	-0.634603918496215	-1.42613510013867	0.998698703047442	0.750840886833971	-1.04239612671842	0.187870154625021	0.355150204365506	-0.767451933448539	1.3049120451542	-1.05173308567078	-1.20050742226582	0.566538870257278	-1.52406972061455	0.917416675845716	-0.0230113692521507	1.38989737641605	0.673541282304012	1.45168472119925	1.9914082049447	0.340130989453309	-0.881431972070296	1.70535374808122	1.5985498958456	1.02928197767469	-0.39539860941362	-0.400646832546213	0.911035307936561	-0.905497402364259	0.19909973273471	1.52210843770763	-1.06969247842795	0.392043168575038	0.040117177563355	-1.29483258123333	-0.780279451686869	-0.681114462772927	1.5820172038231	-0.573575895906079	-0.927483154011625	-0.908256973221403	1.59826416433783	0.547467610703525	0.299958374609326	1.43464471454445	-0.800661965470463	1.55365339147977	0.917720069396203	0.233232902418369	-0.310276677045192	-0.017600574643857	-0.73701759685376	0.0563810551951368	-0.636537598815229
"THOC7"	1.19616547688141	-0.754212559908087	0.013981249893639	1.1641656289323	-0.62034017024059	1.78958183265546	1.36393194377775	1.20805540592358	-0.949145475075597	-0.941196687394518	1.55102911937624	-0.247257441999133	1.49800520756274	1.61253515802021	-0.617080013353165	-0.96833899888922	1.59404754240865	1.30664444281765	0.516155425644635	0.564088173624317	-1.0035509520341	-0.104223190241303	1.17407187993249	-0.880369943394813	-0.585988801802502	-0.147746605871435	1.06257230419919	1.18972758327228	-0.396541792528615	-0.955287181425875	-1.06941659611765	-1.06868545877337	-0.485076558834727	1.14725033195451	-0.403131657990137	-0.819216741837331	1.27302421414455	-0.19490338207273	0.668181820785813	-1.01665876142902	-1.04625870256543	-0.884034829786331	1.22483025928353	-0.227567301572034	-1.07260555552323	0.240029722877655	-0.8053168936154	1.49674143442015	0.88238531817949	-0.78748758156665	1.15970886348345	-0.322368687962318	-0.760992515330412	1.27983236320288	-0.393469484833414	-0.47160249660381	0.535964960014431	1.21579509633301	1.59607294144063	1.24388405616422	-0.564909292437752	0.265330505743245	-0.599837044013521	0.413606162653483	-0.431457579821588	-0.539579002714605	-0.857921458198518	-0.836557497021123	-0.762389204455128	-0.303148338574271	-0.270695121207443	0.352675130520317	-1.01427004849114	0.146429995450312	-0.567918970060396
"ZNF490"	-0.875000373504371	1.65078765393433	-0.886645729681464	-0.574964263282498	1.74066165655447	-0.414700617658832	1.60734328991644	-0.463960948224662	-0.94187006262974	-0.740851324354458	-0.940764826466234	-1.17471742147007	1.43908549843405	-0.617806835619659	-0.556657432404267	-0.130294379882983	-0.443381578480305	-0.449872121009408	-0.230479366543113	1.40295516911459	1.49455596797268	1.58211486753454	1.40370268032272	-0.708701100281885	1.51955262219545	-0.779394478381125	1.60915903075797	-1.2760381737965	-1.08224985508774	1.56784391994775	-0.366851235285477	1.55344635354315	-0.687540001717491	-0.0767545712168809	-0.670494514070839	-0.707262465673286	-0.420376862251811	1.68486950131586	1.76748113496252	1.4006357684895	-0.703451253840989	-1.3879276037174	-0.648653794411409	1.59890644784204	-0.328950541210176	-0.972584106378778	-0.615437022367373	-0.540145131050421	-0.800318020518627	-0.931811791107987	-0.525160102479965	1.39541003291551	-0.619245794233917	-0.404013002699432	1.41503392729056	-1.01043852425089	-0.622646519285253	-0.72508695429371	1.42518348451908	-0.352989660091197	-0.40144502832401	-0.700804079345645	1.35159367985336	1.56447254555009	-0.383376483645173	-1.09717171384754	-0.348214359422213	-0.666129871318256	1.52596738679507	-0.264055366505016	-0.713023396207606	-1.02868749455383	-0.438159405352959	-0.64366786195808	1.50449815973857
"HIGD1A"	0.23162583000634	-0.217024824969615	0.48409138107183	-0.604218529133226	-1.83903749494742	1.24349637891309	-1.65586419044481	1.18017083448777	1.32599170265349	0.555395107414437	-1.64075363832566	1.13864360694305	0.319242704314385	-0.114590132976705	-0.562171984472787	1.08168196522148	1.07046278299477	1.1385342289774	1.260124220694	-0.132753625195469	-1.39436546587042	1.26494314486431	0.0323446871443602	0.296886756074368	0.567676460657138	0.637022772534074	-1.6508419079022	1.20157532991704	0.456823877620878	0.068667573495861	0.925169501865061	-1.78341456935477	1.92383921524963	-0.603301099381301	-0.301716422800893	0.518343475476966	1.18291171007379	0.364788197877942	-0.682228827732652	-0.452256369172903	-0.402099703637088	1.09461023956425	0.090538957283805	0.10328838344326	-0.376741103456702	-0.457751783263818	0.375301160959668	0.39944744517377	-0.742916242257813	-0.173956765230798	-0.282121502850194	0.578107284056795	0.0149980795178372	1.23043683959628	-0.847923149349108	-0.497322094008873	-0.935019160529528	0.343134516119998	-0.320967617502657	1.15681272173384	-0.0929838328069359	-0.159587141243431	1.06174538739715	1.11661678710766	0.0970692199403	0.652935811481581	-0.416896543042419	-1.13141708226059	0.0828988921296899	0.426586252678572	-0.533337757662836	1.24660068339915	-0.0258851411873175	0.355758134440065	-0.225882610587873
"P2RX1"	-0.481051445202137	1.4093220939559	0.387187642538168	1.54513665718941	1.45854507578363	-0.408424727209103	1.40540971268681	-0.670839722904609	1.35972219774319	0.135866377240919	1.67902551704701	-1.19722818978413	-1.0017133445616	-0.196836762177315	-1.1013931879987	-1.11884740747006	-1.20976055200338	-1.07361324367612	1.50861369957297	0.15680901521975	0.163903596818804	-0.276640677138859	1.21218700542576	1.58996386934675	-0.506797733283928	1.28013348040103	1.4280881892191	1.24170838075196	-0.221250874665783	1.64405643315448	-0.578545020588256	-1.17111368157531	2.14775433114145	-1.1698913018975	1.216537443921	-1.05479505592225	-0.693768537376958	-1.12462468266514	-1.04259201030625	-0.725329663081315	-0.355977040069098	-0.490475680379956	0.0801854599999342	0.42045559353094	0.455690268703139	-0.596487129387954	-1.13866885870243	-1.06624503024904	-0.738770865312247	1.38417331180471	-0.613646467104021	0.021239127410379	-0.989091267201071	0.499383092395598	0.305083533503144	1.46943090363215	1.32252565961504	-0.729241654866317	-0.369395389504283	-0.370103078777019	0.250716277796102	-1.01954926518109	-1.11907059702614	-0.918514542050024	0.423416181907246	1.53619685177411	1.3757194007477	-0.568076767662615	1.32719753472578	0.0884349207695703	-0.166176738051593	-1.1258253346491	1.49537605116091	1.29424865580707	-0.237757304715724
"CFAP97"	1.07494345027399	1.34797887998774	-0.81835439789724	-0.794662865183481	1.91222706294902	0.0991473957224898	0.886397522415696	1.39290734610512	-1.94158751951295	1.97588703156293	0.7852648507765	-1.22014622161863	1.34912364291735	-1.40213774974403	-1.04875561220792	-1.54633797762362	0.656049307152913	-0.570426816180284	0.682443813951796	-0.563447962636875	-0.304196634371424	1.61198577286951	2.00171168420402	-0.415682865935787	-1.62080888342662	1.37960163186323	0.718672317699073	0.0583857496717957	0.706810626690863	0.372734343443795	-0.642414721365104	-0.134410706132739	-0.28575088620108	0.745832271263542	-0.133239136910407	-0.364061170856518	-0.835111911309337	0.701592450886618	-0.920320062732334	0.237178411318006	0.26209833502261	-0.883214662619803	0.192029643071835	-0.0364024055695394	0.910160752937448	-0.159459065011862	-0.434400503354158	0.153710734738083	0.137367347679391	-0.828951011124957	-0.983708192486361	0.980166017786031	-0.771102222599789	-0.286559921413679	-0.600238473994526	1.64768966339475	-0.806128070649712	0.0272400040879872	-1.83168244191129	1.64831262221557	-1.02556596181035	1.47260489670131	-0.215826250900979	0.847698604762641	0.549439054300073	0.890071482838513	-0.693655328769106	-0.888210466207738	-2.04257120861809	-1.10151343578959	-0.12060804379411	-1.92566209872511	-0.706057661850992	-0.399459410972882	-0.83866617351908
"C2orf74"	-0.221791374457089	1.41220800257972	-1.14117040036784	0.802037722930137	-1.48466974118811	1.44510007812052	-1.4087707174027	1.47244382984107	0.0394459841663739	1.07529362181498	1.28682286494598	0.15377322983177	1.9820594145306	-0.311179582748011	0.267589531430271	-0.0293053241199236	-1.35477633874149	0.0230634015096387	-1.17986227527491	-0.145115499645498	-0.693128943438257	1.25282710528253	1.1749913486702	-0.504921403668445	1.18315651592138	0.633808000586033	-0.333244372452779	0.298239785358612	1.32271995162445	-1.23502961328921	-0.689469456053281	-0.793216561642517	-1.08855011008606	-0.68344279447734	-0.72804784138989	1.19557067845585	0.931810281685944	1.81755616397414	-1.12890043194685	1.20839042206076	-1.43486653528962	0.124861891977706	0.0975625564244	-1.05334187350695	1.45253112167346	0.0670353765610389	1.66272060208267	1.3131314625858	0.205488741786359	-0.0449683651914449	-0.0730607423177542	-1.19119640130126	1.19554839688687	-1.25359333188396	1.64524121719565	0.151465341941437	0.304003668735773	0.1055765144629	-0.361134000830691	-0.786044266041921	-1.29996841122423	1.3889737130739	-1.36192007633074	1.28312598435521	0.147183233784293	-0.672885810835945	0.531140743830864	-0.839243603123509	-0.158438213158443	1.05527665834914	-0.0748820911786014	-1.40877051141368	1.11243035288153	0.00575776361416706	-1.34762753148531
"ASPH"	-0.414371303389473	-0.0737511482835664	-0.567705841998119	-0.30401237771632	-0.652888459963738	1.27321815511611	-0.998474654166127	-0.736073509112789	-0.0977958480164676	-0.191935036292294	-0.800788321334451	0.207013477242715	0.388002186911462	-0.526368769498803	-0.678194728092609	-0.75460688790538	0.199439023826329	-0.941294073768256	0.133473170719681	-0.152259658167915	-0.431542858377937	0.303389717395654	1.34349339763895	-0.35489710799784	1.35514296835573	-0.362600490544678	-1.23050545423717	-0.879243476667249	0.187539248040889	-0.86152552996848	-0.924885858188758	1.1232419412224	1.30381814977446	-1.26578467909967	-0.960668317174307	-0.65228761698106	-0.607104418454599	1.12165844226229	1.13191472711853	-0.0917826669421909	-0.683997796109289	0.0593078478834808	1.91458146614533	1.34803840366325	1.1542151640452	0.0685981332937483	1.63571019342582	1.7123892927131	0.572537955396996	-0.930514923147016	1.85191897223854	1.1195547256026	1.35071777028387	1.92082171647205	1.22425950181508	1.20477406064382	0.516434328922113	1.73754986536538	1.17296166403514	1.30220179963341	1.06590095231701	1.40462373548728	1.82629266124072	1.9201589143805	1.12288021049307	-0.288704439005986	1.15356949162929	1.48999592388378	-0.786344950067501	1.6765828163522	1.27467635909118	1.32826404724441	1.90148838159696	1.22554262753123	1.47260479672312
"IGFBP4"	0.880436709607894	-0.593494225141737	0.0332685710551929	0.310757293927513	0.494279333497695	-0.787981972874784	-0.657705570930401	-0.647860066831677	-1.29674536784669	-0.569986799939004	-0.936314216786543	-0.662308229739932	-1.03489018497351	-0.714072054362588	-0.782908862103125	0.412450707729436	-0.604840469544253	-0.59183135511242	-0.960743828830602	-0.622836824837795	0.50123753509336	-1.17608483565549	1.80654343634733	-0.68225921693138	0.597210380217432	-1.21324637040681	0.921012889999898	0.424483233979567	-0.966285117242237	-0.959431775270241	-0.590991825879384	-1.11748627017375	0.545376019823812	-0.738385281881701	-0.823738829403206	1.37023117457123	-0.72542460933975	1.65044453219901	0.284602159459139	-0.444042670147876	-0.5803514863845	-0.281279912841466	2.18499978066038	1.08522080209136	0.805556926338051	0.299850353495471	1.63851786164116	1.32125850166399	1.07926374098222	0.0695070011238385	2.1401192681168	-0.311095160419254	0.879901754657295	1.78586000889448	1.81096621770229	1.16386013349956	0.0399624082743131	0.368093452431775	0.958508431625796	1.13479083557015	2.11405471076931	1.69231974264271	0.506381686280324	1.50192934157005	1.72627023442864	1.05620883304206	1.48617905656202	1.11039980212936	0.914137753348488	0.922913409420962	0.953140883831531	0.119898760873098	2.47853480022281	1.17648698120343	0.926602017613816
"FAM13A"	0.802208482699036	-0.96336907524061	-0.502051623169204	1.18681191442657	-1.16145108590534	0.507333194381736	-0.245640811535204	-1.17324998386018	1.55592472541192	-0.888158091935215	0.750378981670691	-0.937716110408284	-0.957106494311235	-0.429521945983145	-0.875657166460448	0.835473941904253	1.25478338501132	-1.12097361277152	0.0697012054528532	-0.658432956036335	-0.208949358829953	-0.443144239725228	-0.310069881472566	0.0832834724191335	1.21298856133827	1.33115232129024	-1.14320568147538	-0.977904976894713	0.321211004894053	1.04150798311739	-0.438040990129022	-1.12456237970432	-1.08363218911977	-0.495909847584315	0.827538731956407	0.553916800309109	0.898503428744359	1.56109991388558	-0.00783483294895655	1.16115190718766	-0.0134008846211295	1.23708181090479	1.35820707854519	1.07187835994558	0.961460364039948	0.524653892146963	1.62122472242129	0.868615498697485	1.3561893222651	0.30320787452515	1.36639859290853	1.03699805121461	0.720647788709518	0.341878894616721	-0.369070205655429	0.807485579279662	1.61234235762366	1.30823875641604	1.63705297456383	0.881043293166306	1.4657573520054	-0.113348388587341	1.33070609069457	1.68077222852397	0.954901353887252	0.223200398186457	-0.449479642212828	1.82665357624852	1.23620552576336	1.78879508167738	1.5593138182207	1.65717906080925	1.76607708676996	1.38867584624474	0.594190179534502
"CADPS2"	-0.126236145605981	-0.049551648468761	0.00104269329614467	0.877945176892632	1.11241021151253	0.247287285083591	-0.312041448391984	-0.257559933986231	1.55226208918582	0.17768491887604	-0.400725179877025	1.26900038384494	-0.377438326341874	-1.26594303881941	1.24422576223415	0.506261878578624	-0.164655058823891	-0.893778418973755	0.27327315101394	-0.180045810842794	-0.0948586637874545	-0.000402980499270644	1.18367788512496	-0.715560058487145	1.4459583648445	0.0539484227786033	-0.874750528236766	0.579483364563023	1.23750110506902	0.0289054544114408	1.61931835143142	1.10554555115278	1.41853389853946	0.168464798376565	-0.0520158979800329	1.56076936753717	-1.21544708928705	1.18093815212642	0.538994116576354	1.164737674344	1.20810325968863	1.41970371912714	1.42664578077928	1.12422477021824	1.15597474339439	-0.0581615235376528	1.30564391229955	1.16778736471597	1.32389147127277	1.20566968466759	1.42280673282474	1.15368136458767	1.1190939411849	1.31524552547179	0.705733884336621	1.10451619199407	1.26647884220992	1.15024311397081	1.08753087783814	0.369105557132158	1.37438983911976	1.10151149155399	-0.0044789737765729	1.547990075285	1.21246120829057	0.222017494932435	1.12780776675542	1.78202655333751	0.809050016994689	1.56898532020228	1.1129124689839	-0.283928178115312	1.49598722812017	0.632090712561652	0.227082240112147
"PLXNA2"	-0.158709229639989	0.208603997537757	-0.804655922234032	-0.570524645725554	0.736379296240829	0.290393821028769	0.815165656052318	1.21492604197993	-0.295020925899664	-1.39635433855057	-0.44170280666649	-1.07872666760121	-1.51183520031977	-1.39401151548239	0.800380761160276	-0.869944005497873	1.18845856389722	-1.4750162331985	1.28186826058408	0.494436658353697	1.15439689973912	-1.25936681499175	0.409107474759687	-1.47444793977787	1.29793751001559	-0.100867469640366	-0.421403439716139	-0.318415931065293	-0.0177173690154757	-1.51686597877564	-1.36840971516442	1.42026696329774	-1.11418960034905	-1.07706066438718	1.34429018704152	1.44089534836319	-1.11166930175593	1.32813556964765	-0.300417557157004	0.77205716967259	0.934723985395581	1.25208781758944	1.46097043392623	1.10494523519893	1.14875074113777	1.21232106866993	1.36464049244821	0.435444403490624	1.22841358253705	1.16530899922793	1.26048782736116	0.206920456302714	1.14968736623909	1.44952439096737	0.664442624884264	1.15685254390605	1.1551247447315	0.0698014227098597	1.19351527084614	1.2389850944669	1.36457196630033	1.30575712217672	1.21901691845953	1.36759550862331	0.319049710753306	0.558524415124903	1.28793030302921	1.62514947195492	0.339974628028766	1.40793705297309	0.851777147814918	0.241948283280468	1.47476300169858	1.22056947104498	0.0265442353041794
"PCDH7"	0.113847891968214	-0.832035786281046	1.51183894579317	0.425577904485482	0.737650355318671	-0.982915246161971	-1.25329498969793	-0.996522056408959	1.32803124325833	-1.19590094589711	-0.258374883099677	0.200279142449257	-1.76789377092236	-0.0195546261690234	1.09291676846094	-0.125700973611423	-0.0879600294027358	-1.44837039624602	-0.62380731866903	0.26546212155473	0.307857523304215	1.11146626058337	1.21356686673398	-0.129645227989959	1.27226846496148	0.0264209793079063	1.17939064998223	0.115360081085268	-0.795645526371658	-0.324218709089279	-1.21652666377645	-1.7567994415765	0.584198488061002	-0.639570238231832	1.02099791928463	-0.58875805761428	-1.14678245069698	1.05529205136474	-0.606164538201954	0.464271375446235	0.973986526374413	1.09468261533713	1.44894965331388	1.11210100076897	0.853273523417791	0.528115037242018	1.10586763989268	1.07600878636717	1.10300376425824	1.09423361145242	1.3750001065885	1.15418722752146	1.0946711503098	1.3841455429847	0.686744501351106	1.2857081097243	0.281836471549418	1.15811738079509	1.21830201312437	0.792735365753065	1.2020024090598	1.14356077325401	0.917280387108015	1.27234753767052	1.09775532002257	0.671567202859945	1.13449549391939	1.13315111804915	1.14355010098264	1.36532195297261	1.13658237243701	-0.742040108526907	1.54227268692413	1.13158047465956	0.33899399717428
"PLSCR4"	0.674959843966717	-1.25589808559871	0.494389046305137	-0.554875404088644	1.13516963454131	-1.09781356979614	0.266003773460968	-0.358516805027631	1.19699561488515	-0.460603017799827	0.418388789658117	0.0401772974011471	-1.48778634249482	-1.35728323934828	0.865503526232001	-1.36300481563498	-0.898672970302202	-1.34271591634476	0.449889162299164	0.123995776846953	1.06715227669796	-0.40453000019666	1.21853281535267	0.545034799686085	0.360032326135018	1.09820137159264	-0.0234856326668935	0.0242350377880378	1.06480998914007	1.29889371771003	-1.28129807422467	-1.72802583171624	1.12821458101814	0.282293828569103	-0.164274738483656	1.26006880391639	-1.01659049082017	0.450048126013716	1.1274747325314	1.06284796776569	-1.30918721315546	1.1034430599825	1.36127370532417	0.271364528988331	1.15416661496778	1.11433230177987	1.14481397516075	1.1556008089001	1.15069647157251	1.20452768285746	1.36684387677835	1.22200622626963	1.16244821543851	1.21792128143032	1.0847195169828	0.430937137119322	1.09374629697418	0.565417114213474	0.130477091585834	1.17553118381709	1.27898321969225	-0.263624147169214	1.21365198074985	1.24341270106394	1.04650618803942	1.11557429313202	1.13246497776374	1.12327463671956	1.24470175066169	1.25200918242993	1.0655021296029	0.26968670073035	1.19092271848457	1.11705669162967	1.14606030898249
"CREB3L2"	0.288933637521168	1.11158662942519	1.10759021798653	-0.742437032258347	0.206656953827735	0.894585997645112	-1.16626456943451	-0.525575370624491	1.52656930191482	0.353940254600959	-0.954127496601077	-0.496153544252117	-1.33883485244851	-0.988971787414577	-0.550677968146386	-0.254549373772391	-0.455412265880443	-0.313248655945898	-0.513184994639155	-0.239162827444703	0.541261309120065	-0.654458729063749	1.08303299873957	0.322158140874743	1.09644520332423	1.2621907022438	-0.430256149467195	0.773639154756443	1.4658859062562	-0.981132891552116	-1.4203806924696	0.388038396693131	-1.64968498917296	0.513836140553391	1.46137347119913	0.889607212166188	-0.234085430472819	1.63706265924221	1.26540146303897	0.376968647719811	0.320179820235682	1.05119152971602	1.20510245551582	1.00285067054792	0.984963484556336	1.0177677340702	0.771285361683752	0.710959600039625	0.922485701283898	1.16232819622108	1.33900939439893	0.933772980739913	-0.428215888183863	1.19772737799909	1.28532308198772	1.1415280654618	1.62039871519611	0.910074626452326	0.297487811747518	0.952913901626179	1.2329681536044	1.05622335492663	0.86104188099931	1.49580399378119	1.11974478339449	1.02747740344536	1.22138201829972	0.762443388667414	1.46054114001324	1.1345430271274	1.46379131096387	-0.530871296531406	1.59416729501341	1.60346515887829	0.612745374328972
"RCAN1"	-0.126749024710648	0.0180466819244398	0.755041854578001	0.94372632318343	0.147238076027779	-1.16865262694828	1.12320869911441	-0.766778093399917	0.79175867600992	-0.415253812005257	-1.3910524477855	1.09769939056465	-1.30358782470437	-0.527030896163845	0.630303329569751	0.455869142232958	-1.01886233407505	0.272270373864586	-0.482711618401963	-1.56738629131593	-0.885995524878735	-0.900778365478921	1.28806717930336	0.731487381015132	0.287671018911479	0.159306670706835	-0.784502049556027	1.13157971226223	1.50409901919401	-0.34821303990588	-1.5025386254709	-1.68268428140933	1.05877031723209	-0.872796357825073	0.966136638807215	-0.679634215426769	0.282955288329073	1.57269216080231	-0.0949754503279786	-1.11369380297677	-0.698163361218165	-0.337706905047469	0.973587214274455	0.96559166931225	1.29172671868331	1.2228306606066	1.40515785713858	0.981910963502779	1.34506429299376	0.973082777255865	0.513705705230641	0.910842041041924	1.37887028277285	0.866366682493808	1.20254399978731	0.881784093368309	1.1021376657922	0.546770028962449	0.869042593515657	1.48230504449136	1.58881763560215	1.86435442816561	1.24202494543662	0.989761973543519	1.2746710682678	1.29967140776532	0.286750242335047	1.28934816741483	0.967534642289872	1.44503424589054	1.40490246478621	0.806361847196392	0.878303697444123	0.407890688971292	-0.492098378979607
"PLEKHH2"	-0.00841254182765552	0.555614813649445	-1.0721290626345	0.0559164331171639	1.02921064940124	-0.0919858512634202	0.982622434159563	-1.09516512419003	1.33965723750993	-0.527853944678699	1.02843580001402	0.958608302944328	-1.36913913135246	-1.09443260938261	0.324633675480993	0.402740055341771	-1.69632866164071	-1.02598096559655	1.35740743405181	-0.382992977145611	1.0206844204522	0.39760586768345	0.649951859122296	-0.233482687642967	1.0036541593365	1.15980805734642	0.445869428763733	0.204718659004528	1.03727574004499	-0.476107852983923	-0.258028819973573	1.28484235032206	1.26644094671463	1.06504335088826	-0.673824039244231	0.520813400642367	-1.62360043295561	0.32213124181836	-0.905499157609706	1.14112743172962	-1.06220601040912	1.33177218909846	1.29903661940364	1.10040785528294	0.637873347647303	1.22416842560089	1.30501495418239	0.613465295996925	1.26105844047343	1.12479303773651	1.09785848263099	1.31995548711766	1.15190222135262	1.28605344573893	1.36666629146134	1.0509407249514	0.475409258612031	1.34561780289478	1.15556761593638	0.346120609418397	0.696735379003516	1.24148017122503	-0.0916993813261836	1.52032481829689	1.18760600145811	1.10280162752067	0.743366591058109	1.37301401626092	1.08304468606185	1.44422133010408	1.16962213691604	-0.546063515850287	1.49152182330583	0.709212292483171	0.0169342427587041
"C8orf4"	0.0598265841706791	1.16781103270793	1.20990757741224	-0.645828763164907	1.09188831050215	-0.366441073388632	1.16186289070597	1.14337952863186	1.18841163503635	-0.919520969972407	1.10867211976303	-0.0587927786629976	-0.998610050113451	0.774156227373281	0.270046292605864	-0.505491020936968	-1.04231618791291	-0.680811878855339	-0.339470987694822	-0.909737969330151	0.0766339926995315	-0.801811353450975	0.190418486908076	-0.153627281710844	1.31500271722974	0.0177696560523671	-0.17523400297266	1.24280697607526	1.10973338727945	1.38179274406316	1.21787808686761	1.2920238395706	1.47466188375298	-0.543735841189456	0.051708781105833	1.22784313358585	0.726760025349507	1.40605835012208	-0.157965675302348	-0.904179274153162	0.359416443561942	1.44540186207526	1.34555176002818	0.0854645262976357	1.33888278896623	1.13233825761191	1.02099770284708	0.382797089930144	1.46631702272716	1.20991903203181	-0.615999053013334	1.32219212179453	1.63509573633369	1.47960412225608	1.35891024876357	1.33537645102582	1.10900950572349	1.17061172179532	0.504899637145172	1.3163631169621	1.40244757669054	0.135919749095922	-0.0406969880880967	1.53741306927891	1.22375182627084	1.13468890704655	1.48346060040352	1.7379447482476	1.22883555020965	1.49140959462025	0.712651308033641	-0.879358786148816	1.21102102384848	1.13779289664904	0.0117593256284714
"ALDH1L2"	1.09587635283574	-0.877444437093868	0.728290720652079	1.20830340044201	1.2557606615619	-0.846753942343964	0.763744889460322	1.12744157702611	1.36034307038054	-1.3784768097903	1.06237205296578	0.175533430361777	-1.32124556032539	0.572398790441771	0.299233303332397	-1.11305141003695	-1.50661887675075	-1.23493338908352	-0.32021701297495	-1.40186682451825	0.232744895978835	1.02291940077794	1.03973812368531	1.05121898910245	0.653527263970817	0.556825139812094	0.0772105762616976	1.16338931452027	0.522269709966206	0.0116668807515885	-1.79041011512118	-1.74940328398465	-0.531238451654302	-0.921797314287629	0.507691117467577	-0.568483606466132	-0.312409989538084	1.27235005113652	1.04110082435155	0.331360981339793	-0.291315127643944	0.252042251932727	1.24710531646793	1.07350845939841	0.413668128420781	0.445651818560273	1.2385436065933	1.23119481961654	1.01245999136658	0.758766436567642	1.2151960993194	0.826388033583694	1.08000494346801	0.336171511779728	1.0930488113229	1.21461445954351	1.16496058671828	1.19050039258855	1.08202745759554	1.03667617892296	1.12282782542669	1.17825406261561	1.23577954085353	1.12644996899745	1.23110233688856	1.18478710761489	1.20544450441769	-0.727034267679113	1.0980518449241	1.166861839201	1.19559765642252	0.55300382112876	1.29921589077726	1.2523622846053	0.749027348988892
"PON2"	0.446931541613079	-1.30369144143764	0.520449435808259	0.589712463745854	0.132137128184532	-1.51044893364563	0.51208044070692	0.887714338510795	1.19351250373812	-0.647311111802364	-1.09382156511905	-0.38193771297112	-0.921903672777275	1.08571739016319	1.01299486036855	1.15539119808931	-1.52857421189387	-1.06381076411875	0.386954877894104	-0.747165516949742	0.314161359234826	1.10822487417843	0.607013699066994	0.172190289231617	1.18043238727191	0.155529607719352	0.0411331287015155	-0.454148533557834	0.916767551501846	-1.47130644451205	-1.57592056547451	-0.00233427245089504	1.3981472688428	0.981451477829893	0.954437841530286	1.22502819686391	-1.23853964611281	1.21684731945106	-1.41827114969568	0.329305756179875	0.237346432629839	1.4207273346954	1.31561271631494	1.10674029864282	0.779064465728784	0.601424786175884	1.30134572859076	1.30525295521825	1.18601491401308	0.976661726565177	1.20832499007619	1.14081396581435	1.08204858741709	0.0384481883477171	0.816477561278426	1.09084685970323	0.958852944339924	0.946352864364661	0.614380540812678	1.21525414366204	1.21695655439601	1.10826577008736	1.24566292002545	1.49940223406534	1.03431966122196	0.490552325257736	0.565403567646795	1.50897495549207	0.199935114270682	1.52880753576232	0.977082982799719	-0.303998259569283	1.45956754009565	0.557395830251313	0.386370764216677
"HECTD2"	1.45305499758602	0.00956033853200814	-1.10492592941977	-0.0193659579454573	0.0416705472911349	1.31906422569805	-1.19343545757906	-1.15050677521981	1.49404691752239	-0.333260522259762	1.15200928541562	-1.17206485081852	-0.664026881504431	-0.588124432963584	0.341948653792877	1.29787511690863	1.29471616708715	-1.11136006282948	1.24449755684448	0.136631742275889	0.403397564859581	0.269916371545291	1.28051218217165	0.353479995385316	1.13247806805771	0.010843234947175	-1.00881705418591	0.00441439759551608	-1.05509103119774	-1.22797560952508	0.0290318105807333	2.11059681782983	1.47410124104516	-0.989465070924367	1.55376364882577	1.44167710117199	-0.401183041255569	1.53984768471838	-0.0402185284433027	0.518754663855237	-1.15139227527074	1.34361714110407	1.54772919564308	-0.0700869670099197	-0.327125155442203	1.18520409480111	1.35280540639479	1.37756643600495	0.178570241753171	-0.139937008731471	1.54227106440189	1.49155827543939	0.203467679628954	1.31976942255272	1.12702998465423	1.2684845443799	0.330580091818676	1.49029732339635	0.144198736249123	1.33166604235292	1.36893937328909	1.47655920655972	1.57559172278829	1.50997306427743	1.20302881815191	-0.416215139641963	1.29266364591222	0.308995166731618	0.035525099072865	1.5191175279703	1.28496613579745	1.19455708519994	1.55500492817064	1.35217370637896	0.0944597470695288
"ABCC9"	1.24705387770223	0.63249257676411	-0.734222208344962	-0.279070478889585	1.20985790055853	-0.663816113742418	-1.02573938208484	0.446277960363594	1.1510342993132	-0.329660644253218	-0.88246185616223	0.282036519942712	-1.19035816813479	-1.09766208237593	-0.593100845714331	-0.59758973562839	-1.06006302358573	1.1989362629032	1.37869410854058	-0.555017718547666	0.341462965611482	0.516659823685608	1.26844859471999	-0.281536274174426	1.18255977810933	-0.440837318619192	-0.217893798381577	-0.40989727866159	-0.473000689208043	1.62341639700878	-1.07639330317515	0.587221570208847	1.80773650108039	-0.0721486831843759	1.60893865768205	1.1837551500396	-0.595671538603488	1.38807755756868	-1.03290915890015	-0.0809788344660606	-0.0506887358198987	0.0919355946357306	1.71887303275415	1.38480712547046	1.32712443648836	-0.302554758007574	1.36837265133511	1.33713965327912	1.04877430540644	0.470456786902057	1.25565209095988	1.17642853747609	-0.347971486850882	1.51089299411855	1.24614574474417	0.69957098890753	0.377607114866707	0.341402137632298	1.16217357075071	-0.197620421480074	1.51505928083567	1.20425565324549	1.3193040283048	1.3129595719952	1.21106502514548	1.12128556301803	1.37330930167087	1.17994186163416	1.20636690533588	1.28603773944378	0.885165619673105	-0.323863155799889	1.40425293946724	1.22548732446867	0.29499015150652
"C20orf194"	-0.739300049685553	-0.099536425040125	-0.39943969108906	0.0985284935487449	1.03985490047279	-0.612349073675307	-0.753409359200113	-1.23036953561357	1.20138060030547	0.864711428846016	1.32317127524568	-0.571109303550642	-1.02450345670776	-0.0284383224811242	-1.29637798874386	1.19051430672156	1.03571649377329	-0.747374713100039	-0.574898553920012	-0.305516765501409	0.107823985063225	-0.247921616769595	1.62561092872662	-0.7098379160328	1.37107641529454	0.0925634194653223	0.174004995988982	-0.559527101375305	1.14058764819149	-1.19822968772164	-1.04452548797282	-0.978325169866721	1.77450991455302	-1.0479122962831	1.00227607023596	1.74901355609952	1.05243245692135	-0.882004732299686	1.38717057376808	1.14018272293525	0.573308464812569	1.43341097475543	1.73945456252129	0.0551494192261874	1.01203556946758	1.02762308503436	1.44363107662119	1.33917487171451	1.87677697017682	0.862862236618116	0.853121450085511	1.43592308596308	1.27295143726956	1.10191241333269	1.74904632775942	1.27418663396218	-1.38302289867057	0.86162457920597	0.0762521659484958	0.624309462997595	1.3129188027068	0.833127531197697	1.35514579664965	2.05610386064893	1.08733939329692	-1.13368629915681	1.37448589685461	2.12723858347779	0.00206462703879817	1.08602103531891	1.21116375026248	0.816542110733521	1.70171303575781	-0.400808288616734	-0.267118633347205
"TMEM100"	0.275734211331557	-1.19732173593379	1.22955164831688	0.663884275143838	1.23704259782893	-1.19732173593379	-1.19732173593379	-1.19732173593379	-1.19732173593379	-0.635977480189285	1.23320933671501	-1.19732173593379	-1.19732173593379	-0.869524801304598	1.27611453772785	-1.19732173593379	-1.19732173593379	1.22311697430368	-1.19732173593379	0.0201387949709189	0.589164008398248	-0.148872347342437	1.22745584640551	0.554636887161618	-0.182855484068016	0.339800719895725	-0.16367387558642	0.324156901952243	0.294363323798883	-0.417201001711722	-1.19732173593379	-1.19732173593379	-1.19732173593379	-1.19732173593379	1.28508918408425	-0.5489070814845	0.503762147394175	-1.19732173593379	-1.19732173593379	0.125890918085405	-1.19732173593379	1.50150304741908	1.25244424883367	0.153655129586202	0.485685917662299	0.43244949973664	1.25550605700659	1.2398535355692	1.20341629697148	0.30028298549273	1.24913523329767	-0.178005312205951	1.22104636486999	-0.245434560106657	0.250415836334058	1.21602403159865	0.566504699824884	0.10947675535687	1.2283948554406	1.25171133707714	1.24220771375958	-0.391504520717214	1.35730767645322	1.44233381428547	1.21912111433661	1.24346270586588	1.22637328426805	1.50494101802747	1.21493490427637	1.31365659343047	1.21098556681684	0.93028300174126	1.2547914926498	1.21653218531196	1.26976243075492
"FAM46A"	0.200179736817959	-0.623790897491018	1.49856789988625	-0.894153173927773	-0.830978644698455	-0.409983249876613	-1.07958338455384	-0.520369965106498	1.70762192167788	-0.156259546339339	1.38053583767702	0.166428893457246	-1.1658474478078	-0.960706724299681	-0.390892324558801	-1.2489299518423	-0.50748339393408	-1.38164675943447	1.47781963488188	-0.955219354344416	-0.727362704600111	-0.262591442897123	1.4811277050305	-1.12174664294035	0.541833208120358	0.257888585729421	0.401229607018585	-0.157180332184713	0.456744784990612	-1.38231922072043	1.3556976278983	-0.960254336740001	1.36199100042987	-0.847226719036177	-0.770232977615603	0.525949277560716	1.36030795507591	-0.21128195261343	-0.957398993658161	1.21261820604437	-0.400201114289834	1.45412257177991	1.34189011918689	0.513090838734839	-0.796654190536448	0.514366845862774	1.44432176719505	1.3246919919427	-0.209581741992966	1.05117746303002	1.47529802502203	0.352010645225487	1.23085004954765	1.17322407381968	1.38017359359471	1.24724816606178	-0.811121242580524	1.15359837875139	1.2648934391881	1.17206961151256	1.44858049291418	1.42217104854601	1.43798327217557	1.41265676270472	1.25538601600139	0.437103802649858	1.55276958872098	1.40852704835951	1.28027245903594	1.39181079739838	0.711774789450437	0.349237249344774	1.38186627820722	-0.116050574588798	0.0693585086901872
"AASS"	0.25538547140595	-0.154008537532242	0.308720425101563	-0.937589833304381	1.08784178071496	-1.58944580206475	1.15822066430179	-0.753964637583348	1.16226258642351	-1.08383215570343	1.03123244066664	0.26512587956691	-1.421173016477	-1.5823548952069	1.09826127207371	-1.5987145756411	-0.34213011007424	0.142157778745067	-1.41126712084709	0.277917751335748	1.14675493411928	0.698901560324386	1.23012727128176	-0.327643773034156	1.25585929548549	0.605061802974963	0.234526607589181	0.142483229700139	1.17676414141031	0.0302855625479239	-1.14647520315906	1.11071798378804	-1.139693319427	0.344680531496121	-0.398264933713951	1.16401472374678	-0.272140828405108	1.11425362730178	-0.0288834130818092	0.640639091292121	-0.23405811009905	1.05653477278958	1.21163854606381	1.08266373949389	0.734898419497129	1.06703058156165	1.00293088202808	0.857992658103651	1.16654032074014	0.713943489293502	1.21481022531134	1.10153283586477	1.14810491260184	1.32644449764581	1.04722825307251	0.999601995724992	0.736858960131162	1.12549135586803	0.767845345748934	0.730227713479205	1.08474469069433	1.12504706968573	1.29617122726133	1.28120292748927	-0.450252324824523	0.0552528892183671	0.972203716244612	1.4679403842087	1.09936867660216	1.43800361295816	1.10465420649275	0.290520348223314	1.21200286859741	0.375086188241114	0.218343933596959
"IL1RL1"	-0.270793778425201	-1.80449500715729	0.97105198934438	-0.690831577996118	1.08463408922017	-0.79885836074393	0.974436201468082	-1.08407338653925	0.794252600130865	-0.90158745713175	-1.78612730294389	1.01098137433282	-0.553214425360439	0.872703158870679	-0.443858481974464	1.24148113490301	-1.99761905522608	-0.190679338052126	-0.320597627173761	-0.103286671184391	-0.831110163050544	-0.118523631846953	0.984669051476379	-0.106496858170431	-0.0872275846045284	0.70238980420667	0.031388489324828	0.663612781700815	0.537893503402757	0.865198523953933	0.154144546259647	-1.5066071788259	1.22149713434258	-0.240900241942104	0.197126580682775	0.89680566200191	-0.548201188722899	1.1348802413016	-1.34339533925721	0.0877344174605825	-0.0429209053146114	1.1108643990647	0.026276383326807	1.19777376256922	1.16486121722837	0.67788595938648	0.988167523718802	0.0329818726414422	1.04182067405527	0.983087286796022	1.09049574138632	1.02078689816608	1.21311313251068	1.00321350920588	1.18560208940876	1.02342410383514	0.0424371896922405	1.1111050106827	0.975243824038735	1.28008751379568	1.32773672452068	1.06794176475309	1.28465524368538	1.1208886182993	1.00564041132049	0.975299125554466	1.05787489894023	1.1924360623539	0.353375748962743	1.24521689881124	0.819645330084045	1.09122207169306	1.33696175372959	0.461045596484776	-0.133020701652823
"KITLG"	1.14763112289573	-1.26596621569556	-0.823637940716901	-0.32783467559542	0.486320389568008	1.09834927001083	0.216779308143461	-0.920594657091577	1.27485707865952	-0.636307590864553	0.206176918021946	-1.22740028077332	-1.31816075014543	-1.28003366268639	1.15975982419279	-0.877051180779615	-1.02966127180427	1.10821268312372	-0.417503756104102	-0.182847525884822	1.16027279050281	0.258891098773777	1.24392511917653	0.0044192490523148	0.187688944918219	-0.208748771560166	0.122275170211563	1.13200693947346	1.25778373514636	-1.46342539008324	0.0728885548426954	-1.69763435067581	1.2234770873897	-0.157735585097703	-1.16877609448598	0.463180275821634	-0.973361634109364	0.280682587415126	-0.487117097157576	1.10998575546334	-0.698527207006353	1.39607571502012	1.31384789118703	1.1710835582562	1.1852348215155	0.385640602010221	1.14737078213941	1.20935313534463	0.47100023827731	0.782509328635468	1.11566208956053	1.12301813220558	1.16625838096815	1.29965507674799	1.2801213336182	0.769685855200745	0.715311637753485	1.10537524678503	1.1297221639735	0.611296475126205	1.27158361494829	1.40720350806812	-0.259070433130762	1.61294880998373	0.638668398465099	0.779939791913536	1.29403375687681	1.47195846691695	-0.050691087958502	1.41982690372098	1.1762010838954	-0.617174286319781	1.41297331877195	0.238216327918634	-0.00064415490400539
"EPAS1"	-0.259283809389285	-1.04157909506279	-0.969170750651218	0.501306388788226	0.944186218060159	-0.85208612470356	-0.393598947946252	-0.765156600550021	-0.423941172729295	-1.14102470253327	-0.974264872808503	-0.945107737570859	-0.42780830599432	-1.23130348186769	-0.65880588827055	-0.782524645045757	-0.752784631339859	-0.603024334181507	-1.55265710327424	-1.17450935975955	1.31981071212887	1.31299361468751	1.28063138119768	-0.687210106167812	1.38376264323036	-1.66210112676438	-0.0373468178022799	-0.254178819592838	-0.413997464763625	1.17193261337405	-1.17153851060937	-1.11778805449014	1.84155221162352	-0.652058219987557	-1.25180325889368	-0.243645867774494	-0.41054691130624	1.24684303623154	-1.36557888495615	-0.324153106246253	-0.640256738996836	1.75646819535864	1.48438671143502	1.80373257374408	1.30927495545122	-1.64275251113044	1.5340589045994	0.764142257500823	1.33271650387364	1.44680790535181	1.2925111162529	0.124681595699829	1.2855156778285	1.34888699577792	1.28967990644513	1.35970270396407	-0.290409783681914	0.13230800275816	1.38198256500511	1.2208382721061	1.45651589428959	1.27464270421521	1.18111374504857	1.73443951179291	0.214429324738326	1.33245488942406	0.371818005588371	1.76042272187376	0.091435356334853	1.60538919858254	0.202598540680685	-1.17903113916467	1.46736212827858	0.54643380105048	-0.433431853016585
"FGD4"	-0.549995964075898	-1.44507386231158	-0.76419445710567	0.277387539748033	-0.339037215942656	1.06239811492792	-0.97635434911355	-1.31389511905731	0.945666754019913	0.601914890833046	0.113553140912899	1.09733087035942	0.127355393933468	-0.250622295518502	-0.0129797215696106	1.13295712287631	1.03046118302712	-1.52943598436264	-0.857806459499193	-0.550041871641356	0.503048906407335	0.42102224236205	1.17196691800825	-0.844216630575427	0.278903089861421	0.283918491024167	0.336083146564592	-1.01438673335249	1.11548081402699	-1.7830569171446	-0.586658933238054	1.02355455606801	-1.42087150606137	-0.475319393361769	1.48047588330586	0.189758217836268	1.12700924486365	1.13930096143488	1.13346874167377	0.118578775710565	1.13785856693705	0.623468702359489	1.10599273313035	1.04843192022302	0.709721295859751	0.15488519243551	0.976724351691862	1.36074415611419	0.408560753083798	1.16491702054557	1.48902014303948	0.457870487306925	0.319586153528986	1.15999473335151	1.39030523744961	0.971808000751866	0.993389388139126	0.718922990897533	0.775292684565596	1.00776965718785	1.34296244978137	0.949817667214064	1.04550176929645	1.1661069149627	0.37714411693509	0.425300208940122	0.63767113368288	1.60916280057251	0.50984808467427	1.14775925475534	1.0693587864356	0.303687859764127	1.40812600391367	0.478742784465261	1.02666114708355
"RRBP1"	0.421593590805344	-0.415789597839612	0.698209007275026	1.66928014290106	0.268578228020009	0.329843900460418	-1.22405364942212	-0.687443478357987	1.87133455505314	-0.0888319510140531	-1.40752809856619	-0.561555333781313	-1.10059858138323	-1.11473252355726	-0.474944933209549	-0.662139617005254	-1.02130825517557	-0.550670825034027	-0.459804198688361	-1.02342898996265	0.79203226861995	0.734976007242729	0.474785599497362	1.21972013500905	0.284074450386741	-0.36730316643005	-1.22958503792862	-0.686567577965118	-1.03637147726043	-0.712426379383771	-0.305965648984179	-1.45695756108762	-0.212591943821628	-0.644714489615567	-0.0125359554400259	-0.047706584385149	-1.63193775053487	0.913997436625736	-0.70357584045639	-0.242581457357041	-1.82314110871468	0.38301584681082	2.04853577284525	0.527683395863735	0.383669046033101	-0.589640466872949	1.22172655058063	1.25183667741568	1.45730629113825	0.0641814845696256	2.04737625920885	0.809761952825306	0.61695086036202	1.73912341026259	0.898177427560821	0.738054072598864	1.070499006699	1.47867199296363	0.390133376691199	2.11285709960665	0.469619830480959	1.53913907837724	0.473856478857259	1.72873996345427	1.55947410518655	1.02123896635004	0.303609356323879	1.63958652015534	-0.853394590686708	0.713704214198107	1.24591657868034	-1.30485006147786	1.00792606858316	2.19767962350349	-0.150999997599161
"GALNT18"	-0.167828294007309	0.424806642632134	1.13496435440011	0.664623625142424	1.14539806971543	-0.185597587512814	1.09581305443753	-1.17480895944786	1.21301802814944	0.657104592513735	1.09994444141841	-0.0243648609571522	-0.730241737051558	0.642110691146204	-1.15285309079628	1.09224353970827	-0.728671175357776	-0.792060361323382	1.38554382889129	-0.682353795189487	-0.176230063500253	0.21097131048842	1.14819302887329	1.10785043093436	0.266335415462749	1.02652046522099	0.450295416788156	-0.57191000337526	0.29026432534306	0.634743269931071	1.09988547766045	-1.70114070890594	1.20562875022068	0.111707434879973	0.490960476394258	1.11854959199818	-0.853225463761345	-1.15218083033312	-0.575212593183457	0.537347537742742	-0.82735517199919	1.20545468409983	1.11369365349856	1.0970250531242	1.15284125448095	1.0278137479475	1.10914698479535	1.01970278367646	1.13768013824263	1.11478096451371	1.07178706977291	-0.100600378567363	1.13371956341536	1.1698305536186	1.07187192906005	1.13979303498155	1.08174648199955	0.813991599140679	1.01716532560022	1.24435985549103	0.531588255738858	-0.111492040112714	1.00462003478241	1.30858010243126	1.04339540878489	1.05496990935577	0.301547287918123	1.46947584760411	0.563935603130776	1.32050663287962	1.19619610076983	0.866178053017568	-0.901755811436142	0.0521717300169396	0.677578799029497
"CYYR1"	-0.149740483487165	1.09105635968093	-0.580818048054297	1.04846473511875	0.949963943388462	0.524826237870224	-0.503342600498957	1.26775397071991	1.23831759952881	-1.19100548796414	1.12381408509194	0.505668595040543	-1.2375913910002	-0.478198012704457	-0.320748249437046	-1.18212724495041	0.211960576606386	-0.120890842071385	-0.407274237786604	0.110002261296845	-1.1331877995402	-0.612281728347641	0.639577635154339	-0.391229595616447	1.05712352020752	0.147442863219295	-0.801507226108795	-0.490554245840516	0.812530599026178	-0.48325884918198	-1.25180987509419	-1.67487811412255	2.19048842562568	-0.430564063109673	0.297940110871716	0.94738134103756	0.605222402084445	1.10376700575545	0.541166668553343	0.991350026517811	1.6494745801532	1.40463234654327	2.16793118135173	0.919786717451717	0.648597269098178	-0.309284477175792	0.879923767877197	0.887095519224813	0.479361247281783	0.737234140968729	1.03055497720191	-0.0508714998220503	1.06232291569312	2.50305460312539	1.26618004666929	0.889580733171324	0.967929278407755	0.551536780399988	1.03151502011264	1.1770587259304	1.34925456658493	1.14400575604301	-0.0296438348530162	2.02285394211691	0.0786649153111613	0.488354845346863	1.02360054241755	1.52065882422844	0.860945567114693	1.32269119691454	0.986296667488183	-0.321341340093366	0.94299983932905	-0.0465830576282797	0.335817158086925
"KANSL1L"	-0.565844506377353	-1.1801379946034	1.10242886496987	-1.09614402848405	1.33248832245045	1.51115599834004	1.22235662715877	1.13179173762955	1.24598337932624	1.33173780991867	-0.333173314755674	1.15483325013009	1.56988716285047	-1.05823613766826	1.14526215550318	1.27725389769368	1.13776507174449	0.0474179376911556	-0.34731906573427	1.17215485144275	-0.343134504994953	-0.00705270374165435	1.21856068578604	0.573499294329498	1.18606390083559	0.857491633653266	-0.943400450824819	0.0248299578600458	1.15509439982846	-1.24516491149109	-1.56748000676871	1.66999208504634	1.63015848774985	-1.0948842098881	0.669584183489412	1.25036683113394	-1.15838271320587	-0.436115210916085	-0.229427659935657	-0.0947908139932489	-0.514704937088542	1.18702066232594	1.17749749812548	1.09379552355375	-0.302741678591753	-0.0871739969468397	1.11086943240921	1.22797940505209	1.2034911891414	0.272706369548918	1.37870786432502	1.22587886759196	0.106026990671012	1.08231685704284	1.13009478385628	1.29923168434538	0.478817451074146	1.14077772885424	0.419106695136002	-0.359645730430624	1.17909965431332	1.17999287159481	0.343790185449231	1.45276803395461	0.541160588428264	1.07628781117048	1.16942368422605	1.49041013843755	0.503015928026034	1.62070210406841	0.355824247196683	0.428558382784928	1.34940280881443	1.05186483387396	1.23758867323339
"NYNRIN"	0.750700793652146	-1.13859201724406	-0.523145175688341	1.16487983851076	-0.302683093429503	-1.21612713927459	0.231231142012992	-0.781089365041199	1.49587143394507	-1.14486986879552	-0.136648651504959	-0.68427501803791	-1.6562878935318	-1.15067350294633	0.405382385037887	0.225527722750241	-1.37136579688881	0.247071148777898	1.09905413890306	0.678855403892046	1.14942994323081	0.997446208686964	1.08284966857691	-1.1336557679003	1.03342439404062	0.0384513654520465	0.372200893908845	-1.11995656913892	-0.0828278700522711	-1.45998526821605	-0.630711421245438	-0.281726419813807	1.51896119824222	-0.856695572977058	-0.447796941033097	-1.22537826441479	-0.305571361316554	0.566389955734962	1.1547737255759	0.33416402380662	-1.3093040754774	1.21498354127889	1.57319968547757	0.381876832165314	1.14112480650603	0.282848073404767	1.24107507932635	1.32924988710295	1.1081182532487	1.1169377965884	1.27044228011708	1.01468859404824	0.566697877116601	1.21472949129584	0.728935190944186	1.04998962422528	0.000991822300853995	-0.144471382723909	1.18172083285543	0.811922462180725	1.11018647979513	1.16809751220368	0.999430567437949	1.38410064867905	1.05596859075843	0.767748572758203	0.641715748298852	1.25016508849105	1.1631015477603	1.56873125834883	-1.06104646874597	0.12962933281623	1.2236527603755	0.517774513170846	0.446936296876197
"SLC38A2"	1.05139261300615	-0.675806562657778	0.442072983476348	1.25042488637959	-1.20091460928911	1.24970111790028	1.13639172855291	0.0993912628965627	1.15794903164907	0.130707212089693	-0.328775446701477	0.276578148943595	-2.12972320283122	0.26018601450975	1.16705919129922	-0.917762954355494	-1.10150854904296	-1.7104969344856	1.35108474608535	-0.596989133905092	-0.424053359831702	-0.113116266658674	1.0658788315773	0.168934452355229	0.304259849948592	1.27391489568907	-1.06899331486286	0.346208976352346	1.30448870592264	1.21403917978432	-0.843216226752128	-1.73508619835049	0.399628341081544	1.10500221475545	1.18367803561167	1.13182175059864	0.822056547133943	1.49949953775877	0.62903596422489	0.464041441932848	-0.227600444579909	0.674106093649156	1.09172505757662	0.068869623290441	0.707176294261635	1.03195561655183	0.528627507632387	-0.237058322017406	0.283425476841686	1.21279826973221	1.13912594606581	1.0909570209245	1.23755319076559	1.21735754093276	0.833818902937188	-0.00330817296276912	1.25725989712439	0.509311473877648	0.0121375474174605	1.13534754059618	0.736216457699605	0.575597345906971	0.16507494083424	1.14672507083385	0.374194101778604	1.12851868723623	1.20252460614102	1.1629171159087	1.25676293703012	1.27933668306415	1.18472524337281	1.12877020627848	1.30482644820527	1.16973327211276	1.19008557778733
"CPA3"	0.09124429593938	0.946759746465796	1.0528575692644	1.1540414819781	0.267626900080682	-1.16071170320236	-0.661844438481937	-0.108831219219144	1.06935708565969	-0.347569836223565	-0.0511798138048846	-0.202424724507567	-1.54046279091532	-0.242090796925691	1.03638989657448	0.478015690927745	-1.9715928704347	0.231295423833993	-1.77405796915484	0.233099330574815	0.482375837413462	-0.754759169100146	1.03233160573593	0.479430384807041	-0.563257047767637	0.942855031188235	0.372894655290048	0.967829128323511	0.51377241697674	-1.09579053330802	0.958183086715109	-1.55241226315914	-1.98687433876158	0.567457027840855	-0.330464344239908	1.06832973849803	0.678064928293747	0.851851160280822	-0.829802090694189	0.985335580434754	-0.601211166626849	1.05669441956036	0.648972520818746	1.08332573265741	1.14521439878359	0.960841649245662	-0.302098797220941	0.994961648046788	0.958317708535997	-0.0923351650059863	1.17685876367644	1.24658179398701	0.98409887046187	1.00284572919595	0.485051117655867	1.07772933688159	1.01056480530364	1.04526231981882	0.845271742571188	1.14012636692279	1.05639233878859	1.05259784477062	0.825440405226634	1.15373302101556	0.98793796703399	1.04843232950158	1.01175395627111	0.690511893143717	0.560381597678372	1.13752425991686	0.751414478646865	-0.450744144672141	1.26855078459981	0.419175314673465	0.548089403023611
"TRIP10"	0.974696751304859	1.05220192628194	-1.32025154460325	0.36611278608898	-1.41942219785663	-1.38904721766502	-0.328757043994134	-1.23854896254927	0.431568991032937	1.24589787374576	-0.0721380120734269	-0.861858697093426	-1.29205424149877	-0.884698192600465	-0.851336044176927	-0.464253768612643	-1.41752931920154	-1.08012332985686	-1.4737832095406	-0.876361878327113	-0.930901906099742	-0.610702054134787	-1.03664805017143	1.24588401589616	0.992890457476055	-0.656519380290801	0.707239823197271	-0.909867488538163	-0.552062478290566	1.32975631545409	-0.69389738873054	-0.791813927309899	-1.19351421357566	-0.658673186631161	-0.647385108990713	-0.993472186330306	-1.33481262215007	0.0341168407856315	-1.29511903746852	0.0531146193315147	-0.665579059274431	1.80149568340299	1.47677115580975	-0.563054536352652	0.3395613173666	0.415038805948433	1.41918069555572	1.37007288588947	0.346121991485506	-0.563250334398951	1.27200531878758	0.581553532649415	1.25331359842438	1.40051869985301	0.0995057826919545	1.3256530208099	0.395259526783523	0.672287066153647	1.29550098497455	1.36467064682833	1.0359443634879	1.20036139791148	-0.328449984492542	1.33668156953097	-0.320977535990725	1.11191469039883	-0.0132789222387113	1.44880580759834	0.517504234206821	1.39253885821602	1.43633145809884	1.35872005348852	1.10661574661179	1.02538475584056	0.281677454505799
"ADGRA3"	0.887415598945328	0.974545091955704	1.00385480978799	1.36281119478697	0.560288830349734	-0.851221861367701	-1.23951505951072	-0.124881690037565	0.324852425389619	0.104403498138962	-0.902635087073004	0.410448367552772	-1.22085104683081	1.17165830938172	1.11673442420629	1.15331778633579	1.04209447608605	0.786083256368221	0.126761870591973	1.01008428556644	0.431251476636863	0.312709580200293	0.819962225033216	0.809905160432054	1.13176864745789	0.0881537300198219	-0.150380632263755	-0.206658977216556	-0.893756493455574	1.40840868916815	0.56160301488794	1.31420297591487	1.37296022545752	0.0754841439963482	0.75957246523675	0.496002280232713	-0.454084388690496	1.33814971954882	-1.48708777459245	0.044317651394882	0.773318254508425	-0.113608357277329	1.30975694165814	1.24422052162139	1.13023871523578	-0.49697772759016	1.3404793092066	1.30442403065428	0.671920280493569	0.745643018708971	1.07114847237555	0.407930067860132	1.03512886909693	1.02295315160744	0.766504505621641	1.27868632203486	0.261363719367479	1.13203816093881	0.877929173053322	1.03900557917647	0.0586979676786412	1.09072658401907	1.3319828679634	1.12452195098605	0.720642150265336	0.138904116908026	1.28058471047015	1.34911891017987	0.414074639062199	1.30585313970592	1.29955278663238	-0.668148582226941	1.27201304695323	0.382832324957738	0.974066222517273
"ADAM9"	0.523882495818257	-1.13975398205729	1.32909319588148	1.11499070150374	-0.324514445552044	-0.811570504193339	-0.253526783285836	0.495435053793108	-1.01207465642748	-1.00055321884399	-0.943172306379452	0.346511014189069	-0.433187010025507	-0.611734156232619	-0.313359011384424	-0.403941739785064	-0.784583575062573	1.48841893241498	1.67928250819884	-1.37124518543272	-0.978217071043441	-0.636130101899543	-0.291491166244501	0.196881117509702	0.15439080107042	-0.331797972348598	0.030854832216544	-0.209074982918275	-0.434405875795365	1.11992343677166	-0.723872919510307	-1.6708004052899	1.96767332567984	-1.2183412053309	-0.235965329811794	-0.219300148297774	1.13277499382929	0.118047815338378	-0.651287295778596	-0.0844289932263198	-0.724111646891634	0.307213812200005	0.103621733323966	0.208991602464938	-0.19057381341519	-0.938737451155662	1.62709828626223	0.645240227506771	1.3908139712943	-0.178854770743279	1.40384802215194	-0.376295223215082	1.66945454606754	1.28703442502914	1.29478662138491	1.24787911735875	-0.547833985584727	1.70754234638253	1.32224791595573	1.33331388021898	1.48790200091315	1.71795566891897	1.67756657511154	1.76249305039062	1.27973715023038	-0.518543969796832	1.46547520947711	1.190458389693	-1.01079584849901	1.55939674134435	1.46381058928285	1.49021470565521	1.74214369855192	-0.319222425132699	-0.439561491800505
"STXBP5"	-0.335336819329531	1.59325900787012	-0.427224152693334	-0.249003833120393	-0.321179001015665	1.73096118990065	1.11978761938316	-0.904817840534126	-0.432071884400978	-0.286300325713825	-1.48475241817654	1.38433268205575	-0.715697462901585	-1.09087987385556	1.19520409565934	-0.95514628317633	-0.337602262707037	-0.332675869783041	-0.416295968607285	-0.267912288792887	-0.0367970043638708	1.67926384930104	1.16912581662453	-0.70685985031461	1.15379553509709	-0.0382586018939869	1.12368463531383	-0.37468542991574	-0.201178095887354	1.2141505145241	-0.90743490943514	-0.807434883864238	2.48638602432233	1.37433464884332	-1.13425039771184	1.28292953366681	1.71313602417999	1.38681720760002	-0.890766280490495	0.23431300890199	-0.362824238027366	0.38937480726493	-0.396296148157577	1.27927725118532	0.528005271500063	-0.318863150378	1.33635785541029	1.32921244970853	1.17493130647116	1.17038329190355	1.19289327286753	1.23659818704812	1.53523349915648	0.0758515010565554	1.36574582190602	1.16176314452003	-0.400370349879841	1.38834641984418	1.74217630524932	-0.0758158462643652	1.34291748077259	1.46810990066322	1.66972304242818	1.45426176328887	1.32568338803497	-0.0180775960186438	1.22705863150949	-1.38792414732635	-0.203766688004619	-0.361088689193108	1.31351714625588	1.17081695699097	1.78250624178576	1.28102289184044	-0.379249873391541
"TPST1"	0.912817438604836	-0.969554106885756	-0.861788175906078	-0.0646668556778279	1.53965917008446	-1.20088896702259	0.532659940986089	-1.08570102201036	-1.09816645950959	-1.1953209443587	0.210170436901354	-1.17548855834944	-1.28517243504049	0.628575193513622	-0.417603843312135	-1.24030247363935	-1.2408423479249	1.02881648791977	-1.32252754938789	1.10890201267593	-0.643625694158804	0.13204417614339	0.310704248844421	-0.384023640331625	1.03201931046029	-0.506988716129581	0.416853846598622	-0.155808557013267	-0.988015693654479	-0.851517490417396	0.846276214317319	1.71588341951953	1.59702488093986	-0.955992621568368	1.20036663804558	-1.05753337554208	-0.830048917297567	1.37059895702953	-0.967227557691709	1.09883653448174	0.169178524059653	0.661790795189718	1.36835899046653	1.06746445751715	-0.319423010206082	-0.391440613636167	1.32062408574633	1.33775524357521	0.637830238948542	1.18055267628878	1.44470343974538	0.225663661606456	1.42759610498336	1.34736500189406	0.73800817087658	1.27156406964201	0.0198054040858444	1.42212426862475	1.15067558350643	-0.544136277855585	1.22398083184045	0.188280077663643	1.56619203749047	1.31295058088012	0.194600862903598	-0.450444933480394	1.28694020426435	1.18488753852398	1.13297112947308	0.816235747271187	1.4117058279904	1.10856997462003	1.55459014849622	-0.102648851843126	-0.416495658205896
"KIT"	-0.0174215724177686	-0.761637988920358	-0.764447215677109	0.101583837261227	-0.253822258042365	-1.28821339932976	1.02714045057393	-1.07195720750206	-0.961894252605909	0.893999312774249	1.25338160024334	1.10503661518654	-1.58461648593598	1.11540590984813	0.954373565400942	-1.85576759636593	-1.93052279135624	1.13563517446867	-0.100766945115445	-0.311463658484339	-0.162931638162567	0.248114533758513	1.0178216375838	0.241512924257171	-0.94042757099121	1.04664209722758	-0.0407487972125757	1.05876805690786	0.726684697923683	-1.18215749076967	1.06969533791836	-1.57511697030211	1.32696728566137	0.309549381123891	-0.15692892138268	1.04366196144415	0.630867777093852	0.0343871136576354	-1.06706470628948	0.38309891508685	-1.0350805422185	1.0729471419766	1.03898732300938	0.998853112072153	0.802156834653261	0.440559719558355	0.521209507842589	0.168792544156569	1.08482648811323	0.743719192887412	1.25750175501415	1.16601765005226	1.09857659450402	1.18379358364962	0.61509720331677	1.0705557632828	1.04556957871233	1.09143257689132	0.0798505363659709	1.2537712612798	1.10128490065909	0.478141015017011	-1.05152259199886	1.16658731427076	-0.156739633233066	1.03619310350176	0.965276130580206	1.19584145421778	1.10641467627057	1.18941334515632	1.0789677613645	0.571858302299711	1.17610352026824	0.548905194961847	0.235108111788501
"MYO10"	0.644369885183371	-0.674197914682759	-0.392476527019451	0.338345236785076	0.699673705361779	-1.40800817062052	-1.27763294020508	0.280089126092544	1.29844581851328	0.042436064025882	-0.933336185501662	-0.38888618037045	1.09881646075303	-0.936489631019332	0.208796794542645	-0.611332867396623	-1.36187822830829	-0.936157892253256	-1.04068931516536	-0.637947268314469	0.750635686490064	-0.370147155804775	1.28631600528543	-1.76529634256685	-0.00828417969100742	-0.108831539282269	-0.606838032117555	-0.906137779987285	1.29444227730908	-1.20813589202205	1.07453161304553	-2.1186693092032	1.50161354984106	-0.679054181340238	1.06993964522728	-0.599689937687843	0.265000827815687	0.00768198838918561	1.31018719185638	-0.815594601361816	-0.232297234663235	1.37670585082334	1.34675004813636	-0.188571832462547	1.05466398914332	0.113644434534839	1.25806961995768	1.11796647425094	0.612733661695631	0.739990690089283	0.72927909115983	1.07018573194745	1.31140223045205	1.31108952225539	1.07833187497525	1.03396724076866	-0.680499986199597	1.06333645054203	0.950696155312321	0.535097032116795	0.905491669871724	1.15080068123731	1.0356877104834	1.43206824553856	0.677477473796405	-0.630115224110252	0.396695469979945	1.48168959788857	0.736814028451579	1.32988827675314	1.31373421683952	1.33811046254643	1.03745753736696	-0.678838189883868	0.0028620975215718
"AXIN2"	0.150419496175483	0.097796964209715	-1.16932698255022	-0.174294514905093	0.687162343414797	0.564174472248336	0.3058951765649	-0.30044328189327	-0.637911522293741	-1.15377239977425	-0.380603465902787	0.356766031193953	-1.23991635878301	1.0390422360715	0.110693223482654	0.840015409561636	-2.36093316540606	-0.973011517932963	-0.478679563974972	0.841802340581398	1.17265419198895	0.691007915773743	0.110575596475647	-0.668821423816445	1.01822632793645	-0.310402437903294	1.00692485593497	1.01623052538763	-0.0459446439631918	0.527554362510161	-1.30538458911854	1.31048772328205	-2.05672401433389	-0.182566739470752	0.210101021809963	-1.03375493513608	-0.226590022347075	1.20566789062524	1.11590712142796	0.554158715895974	-0.926237102212824	1.09337815823921	1.09468180015512	1.05238151723923	1.08203284633184	-0.290692331766984	1.05653743402214	0.425001298658559	0.179883397924802	1.02421209101142	1.0864912772819	1.04642329019798	0.304340172772777	1.00820995803103	0.993310244589361	1.00309479772729	0.0268057592242474	1.21402600611759	0.729804274919662	0.762797413689863	1.12470035948732	0.616591410370182	1.13736494960085	1.18627048786725	0.25131243720459	1.02170977981128	1.01504929722551	1.22580201399354	1.11515575785458	1.24184458834309	-0.93641365982611	0.762796100070285	0.590724499136613	1.01088532777459	0.998376091123238
"PRDM5"	0.0429266241399415	-1.527520389157	-0.105699838851505	0.334255898802986	-0.346908237294182	1.22362733973696	0.77316652879051	-0.758953868935342	1.13764744171713	-1.09322988201862	-0.97806048231438	-1.47087282376287	-1.65157534493772	-0.667455170754461	0.431173832061505	-0.291542617608448	-1.52795771966257	-0.465987305869713	-0.35360580985267	0.628482306379647	-0.410921378576576	0.72857227824523	1.04106304369905	-1.30363778674333	1.12810326277066	0.581030486752921	-0.425447265675298	0.224143175207816	0.447273691616007	1.46886568520093	0.452990861544331	1.13458183081739	-1.93237880039925	-0.386713759616884	1.09319381438715	-0.0180656357293054	-1.26739399597019	1.16750702998817	1.03398831119687	0.638399059026816	0.405581436476181	1.14794247848932	1.25225394985502	-1.14862844561398	0.206500032904472	0.676015017932829	0.799884783354879	1.20073478045192	1.0899258611897	1.14644716223494	1.08720633160856	1.02754446590497	1.04977580136392	1.05050123976599	0.87147411459749	1.22719134232871	1.31894585098914	1.02784324090187	-0.225423010870905	0.673723876822477	0.676815133634133	-0.373155491240648	1.05067812203235	1.33726265253268	-0.0741812410866881	0.283406909666505	0.532170443962623	1.39133793108413	1.0096589182532	1.19370876968057	1.04244891215146	0.468792524076504	1.12236066899773	1.03011514886965	1.07047335622316
"FLRT2"	1.20506529273602	-0.688934561136236	0.476515193967643	0.803786192283784	0.025888744644617	1.06703924083475	1.18604870290385	-0.24517688448274	1.42033940247614	-0.89610299102873	0.56617765999584	-1.57336183917633	-0.741555555138288	-0.91406778564029	1.26131230016394	-0.906039402175707	0.464597456800528	-1.05935578184213	0.39444422645407	0.283831059669547	1.10787104643698	1.26192965148317	1.24282829058941	-0.612823109162768	-0.15025697635884	1.02968341848466	0.451759668410737	-0.100929649119817	0.649469044439304	-0.899085669842437	-0.427619303964583	-1.84848397577212	-1.07624831560676	0.419497452077838	0.164234365340713	0.414520454444842	-0.788765285768783	1.16361734631331	0.448751518039214	1.03363379855625	-1.12351997445854	-1.10607761140418	1.46182752237219	0.354509945095317	0.539310328599125	0.891007543232865	1.1025292056878	0.83388068484769	0.680463260664631	0.443213869118702	1.38646571594067	1.19685321496751	0.376494773063014	1.15511603577319	1.0778043464764	1.18787717403481	1.15839518342102	1.15001336015621	1.10180612362705	0.174280509951847	1.17941142225247	1.10985649956476	1.04203286432615	-0.125086610601499	1.29443570659959	0.890532950051849	1.15064763883956	-0.903181276071957	1.17593754848271	1.09399478959877	1.12780245015373	-0.286659397749777	1.56306876252417	1.13136596615571	0.421805385099706
"TXNRD3"	0.828699277641013	-0.127402035585684	1.10595059949931	0.912583462962359	-0.756856696429497	-1.14777902087796	0.962967159409113	-0.864159688580707	0.889762371603969	-1.04795666084579	0.952391672668574	0.783179833707536	0.910556811235482	-1.05832876317178	0.55251303061044	0.96404136824366	0.359815904885197	0.98430390412674	-0.675713282151275	-0.828068492160154	1.00883911276468	0.539939239449837	0.92650231029162	-0.719171632408336	0.954759897015715	0.649302180650996	0.44990881756481	-0.0798345464728548	0.357036554691419	1.0024447792631	-1.77501728051402	-1.60476874534733	-2.29038076370957	-0.263816840170142	-0.979254749112036	-0.450704267122108	-0.378618064172406	0.965916461248604	1.03233691513704	0.477972000484488	-1.19991023214969	0.178934856684432	1.04010153753951	0.97541279618797	0.857744019260459	0.86472470593903	1.02197286494181	0.985128983024503	0.929378180847013	0.591147447570909	1.01777654306672	0.741578141023911	1.04325408553215	0.974702982169112	0.236416236558133	0.93141938696761	1.00699074641955	0.667393633705674	0.779564625841933	0.528346130699239	0.984064880424944	0.87456580192498	-0.948914214645048	0.950407157402035	0.617773731525015	0.864160380890234	0.988026990462114	1.15450419654753	0.915895381136378	1.04239214701433	0.754157244653687	0.494893465205115	1.09384194240524	0.899431573917718	0.970822906757843
"ME3"	0.112988580163653	0.00606183144261364	1.11812009802398	1.11963449211629	-1.463765420465	-1.39550918897865	0.556249962549647	-1.27354113465913	0.27862697982401	-1.02279858104873	-1.22288083969858	-0.228666897353958	-0.372106101912932	0.185288412747961	0.400535138268013	0.534717132916823	-2.22851053682225	0.298999750474669	-0.165407627351388	-0.0584736078755297	0.328239787585653	0.317027531335892	1.11944244709477	0.292810496169988	1.112424146216	-0.427190616602878	-0.383472738301495	0.539734353824126	-0.170541352125269	1.24217746298475	1.1303072474463	-1.89040440683874	1.51508983158738	0.478844242837451	1.08009985310963	1.09185458927493	-0.781416618090929	1.16379335148942	-0.493788097234579	0.389296573564905	1.1137885301021	1.10825016254632	1.16072350481941	0.176537311889328	1.15896362212806	1.12738735942471	0.678077906245953	0.598503070557036	-0.282616187316281	1.09789321425963	1.11273884010066	1.13866004077522	0.461749262463577	1.13297476731748	1.21569619065858	1.16239045397631	1.1306674256249	0.0677292644848092	1.093369869137	0.328661574348518	1.1078774938527	0.440311158658052	1.10101545485175	1.15450808938951	1.10100670320247	1.09812378821451	0.473173084777567	1.13881595547602	1.09054389741327	1.14009762961687	-0.667806871134343	-0.828585519976053	1.20223463226276	1.11180673768409	0.204038721134912
"TGFBR3"	-0.677052484686988	-1.01698376559515	-0.718138080166103	-0.954177515624468	-1.08357950326136	-0.573429794191466	-0.30927955921308	-0.690424400006139	1.46676522902871	-0.0180969633050549	0.249476718746238	-1.31135280302362	-0.19625733279841	0.15876773631414	1.24588108807914	1.27614219776795	-1.21764237865391	-1.22380915183572	0.99858331150337	-0.480721595561013	0.775173084876412	1.02909755731776	0.0950831093464005	-0.310599594875484	0.59005483853363	0.447902776773779	-0.424508881146749	-0.317115082813868	1.22999033583233	-1.16102767140668	-1.41011707056118	-1.78265330754429	1.26836341900958	-0.200307405054014	-0.0192832402547339	1.33299704693969	0.541632233144511	1.25139284998241	-0.160563508826948	0.905420521516367	-0.00153475170319414	1.30860792567779	1.44244316178547	-0.34409113392064	1.27740618406742	0.180652405018439	1.15182714310426	0.692168569807299	1.03019144231949	1.03626410750025	1.31569758286808	1.12412949858399	-0.085091688654345	1.49257396076643	1.02152428741677	-0.649949714538904	0.60421655454522	-0.239264704874945	0.874347528409583	0.831788807535378	1.26656231132679	0.496358758595371	1.40483523680572	1.44104264630041	0.0431998040312421	1.06097502076393	0.727714713536312	1.31683647732009	0.569501365400528	1.31086404337657	-0.203942175436225	0.439416064125337	1.03424243692731	0.462380737214489	1.06498436209374
"AHR"	-0.000218272562690792	1.37664316431302	0.220554620892591	0.030203953929982	0.0562667836439299	-1.59556967933202	-0.811495526251784	1.26334638915599	-0.805039258229075	-0.624019084296039	-0.869358261152531	0.168902953897778	-1.49584812637069	-1.38818808040203	-1.43281073052444	-0.534926168847582	-0.843479417567489	-0.809243744990629	0.286069876692459	-0.44070688919781	0.39893216762248	-0.492333800251152	0.471384933400528	0.0891427187411754	-0.0357567220594938	-0.759787055224745	-0.604182226113508	1.27296488929701	1.35911210152267	-0.133564280300392	-0.951867118992178	2.0430593546365	-0.746765785531291	-0.436930651777651	-1.05928165437935	1.3625787976459	0.0685894865397972	0.0961006351151583	-0.656379799153975	-0.372060886181149	-0.0945753525042049	1.41599165402583	1.55535040431373	-0.961257674892585	-0.537907218788755	0.598797676941495	0.0850074501075596	1.42826352148114	1.35613054713843	1.45797773246584	1.5356474062029	0.0685874576965834	1.35283267984586	1.36636446286274	1.30577759536804	-0.416433771568657	-0.149864426258802	1.40321523164131	1.46101388702855	1.28422820934035	1.36737562653308	1.2966726034598	0.785030961326669	1.43931673072834	1.38248642858655	-0.367337219118128	1.27863011420051	-0.875683361150401	-0.733614926875894	1.44779168607911	1.30117695987748	1.40071681744755	1.2867765408692	0.244256788930103	-0.439826297117763
"PTK7"	-0.984664562942128	-0.485769973861752	1.15800202393656	-0.185897401141238	-1.0053651397902	1.15667935317891	-0.283753224799933	0.362357838445815	-0.00917411701753429	1.032096530998	0.821008051362585	-0.975776090394306	0.301552105909677	1.05775946229354	-0.0203074860448325	0.268043397212708	-1.2048224053478	-0.965053242649962	-1.33535936026701	-1.18046799735274	0.41103017882994	0.883791633943986	0.34643226871806	-0.936433073141015	1.13375866494565	-0.704358123513025	0.290343606099033	0.308079018624746	-1.07594019034337	1.59622451082172	0.572611194764757	-1.82909437924203	1.47558174466166	-0.992093616961918	0.548089436227012	-1.0363407216747	-1.23691761303487	1.09980331039845	0.144198864934889	0.0850946459596323	0.281540338997605	0.99109913016801	1.13848939743352	0.924331378267829	-0.129274339619767	0.299100042524636	1.22900474327708	1.10498295372968	1.02809269719228	1.01607804563325	1.08609920100651	0.850882516596996	1.25546353669423	0.702966129812674	1.16880350733464	1.17921569369909	-0.022508738969373	1.08250345817854	0.948748392917751	1.15313902507125	0.59707684903807	1.27385441551969	1.15551494041743	1.28920276725875	0.523750716138651	-0.471725238455503	0.301974673182472	1.33704088532781	0.553583681101451	1.25330231570564	0.0972497121771927	0.260002240569305	1.40983868612842	0.371022110633856	-0.622953089558324
"TMTC1"	-0.174638303896163	0.265718375446467	0.0860348490543074	-0.40626880075995	1.30738593473219	-1.12867436407746	-0.465676346061151	0.261160079222702	-0.532960725191406	1.34980764982861	-0.769327196767423	-0.366295683662801	-1.15811200549667	-1.16875347952582	0.0336438659646447	0.168598619137308	-0.235883918133074	-1.0437138016637	0.150484659535805	0.0696056334978397	-0.162584907697884	0.203791434837531	1.4249737765427	-0.458297506135211	1.22603889888973	0.00945293333159215	-1.06662745300976	-0.473672748557241	0.352804948606235	-0.802920362086851	-1.25585549768704	1.34191178710281	1.92938384646868	-0.719046985406979	-0.0059979034470547	1.37833709758178	-0.869065014296247	1.40379312285494	-0.866368789883277	1.31261640086351	-1.00547013538572	0.491408160619461	1.45894888689111	1.42811404896368	1.45800200706423	1.27709512535731	1.44056706701561	1.27898747518755	0.368455376752412	1.34222706253331	1.40564646745746	0.372959035764415	-1.05095203805791	1.58081916746563	1.4053164335758	1.27498236233818	0.10960266930552	-0.188146197150443	1.36375930676424	1.38417132604374	1.44566135420338	0.63308947126108	-0.947213337730609	0.406793606623902	1.29713502965735	-0.142429095308478	1.38172895211294	-0.463777033946615	-0.036052374724362	1.3856184151904	1.41225153030666	-0.831516802549199	1.43176827485683	-0.229178072732849	1.35577671306661
"TRAM2"	0.703480746477933	0.77849061509804	1.04144915716939	0.810259373483374	0.511197730836282	-1.70131818284326	-0.834398602921274	0.227369067324589	0.941692311221861	-0.747791369907117	0.949594029992223	0.15736606856452	-0.085618851353126	-0.277305086888842	0.264959433547844	-1.14176172502807	-1.88734534593079	-1.64745722728357	-1.35127874657331	-0.914663215146205	0.51666630151095	0.0752142933881436	0.891518891829468	0.940250171601826	0.899261005027019	0.71979899098324	0.308393055212608	0.89964911520215	0.60151570398726	-0.118536609182475	-0.849214333182432	-1.15861899995098	0.813083736553097	-0.423637829815347	0.911416818918952	0.36943657534424	-0.152667495036744	0.926788278786868	0.806522633477773	0.56763290160045	-0.167128619602753	0.764268702304863	0.811079388138182	0.732600406078924	0.502895951471609	0.843986072714376	1.05977965165175	0.978187176956027	0.967804893834523	0.557728910259266	0.860330960311607	1.10201499313883	1.19790755381222	0.885291058111646	0.85466521175452	0.707360893382	0.976427489954255	0.875937995355856	0.647629137135178	0.884315974009727	0.774431596698339	0.889881289508781	0.922502130551645	0.925195171876968	0.793499238630562	0.984472379928881	0.893058572056766	-1.19646644010584	0.607577379548362	0.881784102698752	0.986862575027183	-0.180203916854083	0.966925371937315	0.841692112289542	0.846537762813093
"RBPMS"	0.151466734337573	-1.2320554795725	-0.0660534971986784	-0.785098485663232	1.23076831800181	-1.1196705473254	-0.701233788322224	-0.638512199564076	1.6185359510265	-1.60056306259169	-0.174740633013392	-1.36041153503319	-1.1289003155062	-1.24926881880106	1.45883509209928	-0.212045398522112	-0.0382836922921929	-0.4834287732986	-0.656762644337547	-0.209131646359637	1.33977662601203	-0.90103478434492	-0.0928759556803898	0.664236046874396	1.27288021311867	-0.128923355584306	0.0919356265442277	0.0761411663243045	-0.982739562193854	-0.883579703964548	1.15003454651691	1.86069300488241	1.42325911883306	1.26951374711388	0.0256436382029206	0.814624986149543	-1.0432017851401	1.15810029135287	-0.557723964503993	0.848868980613334	-0.829331634979515	1.13272676458366	1.27059522997456	0.320141888462953	1.30558290935282	-0.0295033772848713	1.27629037774657	-0.205288957914557	1.25933450405029	1.18332253815092	1.35694824443002	1.14542335697655	0.307896372949797	1.79033962825855	1.2329270703037	1.35570848526467	1.29013109135234	-0.144811086499225	1.28168590061519	0.0936577087004249	1.11305431767833	0.151710253104007	-1.28646280440778	1.47206553518022	-0.133978690742398	0.751803932432963	1.21391107392585	1.80991922548339	1.25133984621609	1.14086926081723	1.20009159242522	-1.00538343149823	1.21768968196955	-0.120288145158081	-0.190643780267818
"SEPT10"	-0.235296974107102	-0.0373674987676071	-0.500836931526965	0.277245082484235	1.57148511969638	-0.190719001262274	0.94463529771535	-0.889991920316412	1.57479277817441	-0.651975761704673	-0.175583648912829	0.456283382523481	-1.90088545111675	-0.209090676312646	-0.493224450222014	0.577804570799954	-1.18511169920368	0.603823015748906	1.38803673584828	-0.243729640852181	1.33023632460229	-0.817456363009996	1.00627920661041	-0.747193515450288	1.02360875609578	1.00571123761707	-0.66378686597201	-0.722884977514735	1.34027480791609	-2.09588537826886	1.51884414239949	-1.65985389965216	1.25265189649041	0.465367387176888	-1.8324210614512	1.00600685826055	0.794829810343891	-1.52892624743319	-1.68776738604067	1.09551638101568	1.19372701323902	1.40879463694506	1.56151071937764	1.03368108034589	0.472546095567508	0.58885983784539	1.07464127017017	1.1172438027083	1.27476597136639	0.964143586102184	1.32121165374836	1.05583914288078	-0.677834675305784	1.57554437331585	1.05526135169415	0.912983628955731	1.18386797724096	0.230396114926975	-0.800401380737825	-0.501402447961049	1.29501426738257	1.11474968535604	-1.2840868932013	1.41632795857233	-0.399187628741042	0.64670739662101	1.24322396320661	1.25393692574692	-0.491246062358034	1.19697360996944	1.32433609260495	1.04868739768274	1.53026297759066	0.716814582260585	0.229662789439796
"MAGI3"	0.125778938624894	1.22008151867134	0.0597457865413767	-0.00269404787571249	1.1764634780099	0.551129153335637	-0.253579094718315	-0.248904015104193	0.111149004740425	1.27830107067988	-1.30561057490758	1.19900076008711	-0.762858510591551	1.29286396563267	1.1739634149371	0.231346630501577	-0.727464385601682	-0.903333964691516	0.0432670377239195	0.0917347372579432	-0.928100179333943	-0.155637441421332	1.3693938775515	0.198991425034878	1.20448842787698	0.0904301670407543	-0.111248743956697	0.428729625725302	1.143941624713	-1.48764736944572	-1.10798578529751	1.2809928548446	1.31471638100543	-0.250848219436713	1.49424197356255	1.31462331252204	1.32538640414828	1.41995476289565	0.0701170201231039	1.20647997830951	-0.959289169459204	1.50048145984512	1.33539046253653	1.30292127197145	1.1160388171804	-0.930026734189103	1.35263908659926	1.23933685484105	0.286450208580859	1.37128800104932	1.16514314283511	1.30172174889211	1.26032932722114	1.42442854986938	0.286517295792834	1.11796155594277	1.30035819523471	1.34731282695213	0.573108639073722	-0.94481051912332	1.30703003148678	1.2367677152488	-0.35498399548192	1.70101162243454	1.14237444216112	0.469844828594899	0.326645785155154	1.85562371813082	0.243696785988921	1.66165060632207	-0.859312226856823	-0.555977840294152	0.119860482607381	0.377314650594484	-0.427035289066013
"RHOJ"	-0.267098525814441	-1.24045144375388	-0.563817092570756	1.07003313032519	1.25996954477861	1.01924680838689	1.40854639214966	1.13156776612202	0.557237708824063	1.18415151597143	-1.23028642480647	1.03707441658387	-1.31156428113604	-1.09319505496808	1.35481129656228	-0.885737113445401	-1.22109682237953	-0.0315295237093895	1.17751289807782	-0.664910088030337	-0.223033197611746	0.678076269481418	1.08727057189569	0.198350941826467	1.19768538095043	1.1844203367649	1.01276215018943	0.292932303349594	0.32523306921277	-0.120350226766117	-1.16488101740444	-0.381471535942591	1.50525905242548	-0.656891715511893	1.01575101323954	0.831222232728028	-1.07049937668361	-0.46640117895506	-1.29611591588157	0.855904216745908	1.15412311549675	0.324074489586922	1.47158231714708	1.26115146367554	1.12604915915991	1.09196112342493	1.38714176526762	-0.429289021735612	0.524875776361471	1.30499300207159	0.777926973240218	0.286488209154364	-0.169446213568573	1.47635812405926	1.44361502305618	0.569971521479949	-0.353782092156567	0.256953115664604	1.22262711522446	1.38931182906264	1.19775709507791	-0.477225344947171	0.118576439002579	1.16364914204682	0.364213921371469	0.614073753165547	1.03631449470422	1.3814331613946	1.10923369888284	1.23241436679802	0.239241581279419	-1.04305507467778	1.31231078843227	1.26393628711495	1.04536797236146
"CTNND1"	0.491763426986057	-0.719062826931701	0.793753369160511	1.36646450960351	-0.793070752695528	0.380895086626334	-0.986438879200704	-1.05139928731448	-0.639599250702842	-1.16176264732325	-1.06700601415741	-0.957234996432206	-0.223082014500042	-0.58777258611366	-0.928315139738508	-0.392568234859765	-0.691334795664784	-1.38084056002933	1.01069034574401	0.718176193880584	1.36425507958918	-0.402506048780043	1.47218831786818	-0.087575333365932	1.33862818517063	-0.795725960483284	-0.83850845227422	-0.242473278136853	0.211855771832371	1.37706314345977	-1.05932793561213	1.68318071838813	1.88124352528726	-1.311900468779	-0.823133302032039	1.38096704594378	-0.128852918906665	1.74661064643387	-1.20482952530883	-0.381811655190804	-0.630408275043343	1.61475739914252	1.74898824101371	-1.03301569631466	1.29352728366811	0.0866747516009453	1.44847833515574	1.04791560651544	1.36268897830278	0.236486830803828	1.12668080264613	1.02451918050049	1.10779444469311	1.33251773474924	1.29562658218251	1.38766832979638	0.144700316219845	1.27649420588517	-0.145030756024378	-0.0416543780560778	-0.22057795685367	1.20934904231072	1.59331396750055	1.86181612577194	0.791231477194461	-0.0184511662808949	-0.582418404098525	1.87376983997263	-0.578109923528768	1.69183317545899	1.4333342532208	0.459686336452239	1.41189277794919	-0.908714303271071	-0.988669025473411
"MYO1D"	0.178810911424509	0.983183936738818	0.403354827462761	1.31169868246636	1.31538547538555	-1.02567261967475	-0.0612185477572069	-0.712395199113964	1.2373212966856	-1.49362474269534	-0.181152513316673	0.209582638915178	-1.34663371463113	-0.387824554932185	1.25259515425199	1.17763087448582	-1.22697880028381	-0.115071527182327	1.25126581764491	0.275261748603704	0.582108706855351	-0.160438129335035	-0.800165391187414	0.141023202867011	1.33822900151726	-0.858219221699141	0.513173130742185	0.458729581968545	-0.858141639322852	1.10038484901228	0.468960321757475	1.33665921072366	-1.3840163392363	-1.53472612481312	-1.02174342692365	0.569229034771146	-1.63909755757964	1.41801573378161	-1.53193690653075	0.61124398638253	-1.19747849186372	1.28931442456689	1.03944461078498	0.58510686778892	0.138848788905443	0.230562066198658	0.805156113610792	0.788518525727308	0.0727703793894512	0.85225405543923	1.33467074106901	0.599722239251444	0.591865484317897	1.00574882535378	1.08697392196133	1.09498838925735	1.28636543625128	1.18983539727822	0.575506049593033	0.649550677752867	1.22416719120809	0.987655844386567	-1.3522888997213	1.26441949166288	0.727009572242602	0.338170219231704	1.02920580961492	0.651477949556963	1.09756264173246	1.20624600193388	0.384624949934458	-0.880203483412794	0.900264177141321	1.43644144736926	0.630631369437245
"RAPGEF5"	0.318326804097408	-0.27819214555812	-0.217995846730693	-0.87386651945648	1.17866548224524	0.214303674300009	1.18131058075995	-1.08314691960335	1.55849526531343	-1.16051360237055	-0.657412302035345	1.12994892172627	-1.15748317523721	0.133150595329732	-0.40052484403985	-1.44744283670549	-1.56416404576195	-0.47492460414899	1.40340638067119	1.25268648501407	1.11341357758352	-0.0775916305054993	0.198734318754275	-0.653965989646146	1.1696103858566	1.29507140562501	-0.414065441468689	0.168790691648824	1.33104133452446	-1.20038823004178	-0.0226860499194727	1.56562124902595	1.51569832111181	-1.01442007054551	1.08240548669201	1.08755673706571	0.0463899373099551	0.463929442533729	0.0442839433125339	1.12798791921665	0.223245338472998	1.46875918756799	1.39226674857639	0.665489696802274	1.15973532382339	0.582152843664787	1.1662411711256	-1.15012400985509	0.902172757265717	0.939844188971878	1.14339116859458	0.928107745025929	1.12803447563357	1.54728179811215	1.18189841113019	0.0288260140767951	1.19715837211086	-0.175057555387274	0.586239052953743	1.33893386919947	1.14154132547405	-1.18270480458783	-1.42797848435009	1.59512208712598	-0.382285312763563	0.77719815766856	1.11291993720379	1.58657526280276	1.27787728051592	1.54989313293874	-0.0890416591492803	1.01272929035508	0.0297451495046029	0.621759648307131	1.11874750433839
"MDK"	0.377079017325009	-0.433689288383596	0.374362352956831	1.27875719430263	-0.85110628440001	-0.792345239645259	0.688207174811141	-0.26153600244377	-0.906559013786373	1.01698311763826	0.731671375327156	-0.627210202091519	0.318934300992406	-0.244353349880746	0.428568230120524	-0.0777844935700765	1.14087573707642	-0.747892942741828	-1.51115871474347	-0.540431910708378	0.3957809879713	-0.216020808896649	1.03537957055685	0.124731242908169	0.946135683071034	0.0274635864152606	0.350492041645794	0.0279314587327068	-0.0384411586378521	1.22201199386998	-1.00880028928666	-2.20805859925376	-2.01542709088614	-0.189832230726932	-0.819875914646323	0.126596267865133	-0.139083657846658	1.12815814457508	0.777672859349793	1.02191090306653	-0.583400415737004	0.435615086674246	1.2780329700918	1.1446346175345	0.119177273859408	0.984094976958044	1.00801293351841	1.07271032342546	0.993431641948966	1.02596683508005	1.2497913727124	0.383386903125202	1.13573771575616	1.27710004927894	-0.0193383793481854	0.999176709877744	0.588481101957936	0.501801679147269	0.0197448303869953	-0.417639484981756	1.13823969424572	1.14122056117781	-0.459117536015855	0.988025770616839	0.452465099403285	0.188709135923516	1.10968469337267	1.19030682765204	1.26891529387421	1.1522154239011	-0.129939981624649	-0.0530729678918856	1.07459703996229	1.0371262062595	0.549801495436958
"CITED2"	-0.920413750061086	0.140469497569159	0.271298649110184	0.194127778522426	-0.0219331242835718	0.896814047318079	0.355127914638357	-1.03300189627265	1.15362066156197	-1.29310187485023	-0.654854616938279	0.130585400638176	-1.01764148303984	-1.15556582521415	-0.878429334637318	0.914177638099781	0.244463729722263	0.938290029511464	-1.22347500428311	0.727880438001805	-1.16578041285195	-1.11263784997436	0.816281064391558	0.177746200918558	0.27398098066181	0.666396838494376	-1.06249327442541	0.153545498789555	0.84848850525431	0.90885510382753	1.10369103618789	-1.94496236234221	-1.69697195443635	-0.979418419410426	0.842830459063438	0.804061614268811	-0.0822427982513364	0.650328909041795	-0.391891565250663	-1.04752262339678	-1.11206930216685	0.905211753285489	1.11226448027959	-0.40844734510926	0.83297007651859	0.977676498124972	0.695948055890682	1.20411621459925	0.702991214705149	0.897804854141672	1.25278661412255	0.27984725793071	0.674507985065476	1.2166352382036	1.12039931028076	0.479187680321871	1.20227614389569	-1.01986155876852	0.231055476595527	1.24740760510266	0.925161751034683	0.936137061589587	0.669922407049904	1.24096332197091	-0.239297413109543	0.805053356316943	1.14175635644516	1.2386270334397	1.06061095677089	1.1438621391057	1.05180801301758	-1.08513936720951	1.1702569015291	0.55357627872084	0.177514609077435
"CASKIN2"	1.04481681774994	1.05705183950249	-0.375450744202858	1.05335279457717	1.09029415207327	-0.9812518887544	0.281199922512416	-0.919413641440018	1.1551148308572	1.07714396964415	-0.0755141106206195	1.01797640591606	-0.369842116360591	0.297249115055202	0.222036544777807	-1.18346681470511	-1.22784276327056	0.00809090660676455	0.251990595295402	0.298310696628712	-0.0492787277208736	0.101692951368565	-0.0620991866800817	-0.218170096592044	1.06065655371188	1.0254981443999	0.11865265359699	0.718404650743035	-0.86934620465149	-1.22176505933062	1.0411680831491	1.34439434865677	-3.03423399984667	-0.810332382925738	-0.499823072338068	0.279022030678345	-0.661545295895729	1.14211482403428	-0.684648265053014	0.650198476583631	-0.625116642305839	1.07809063825951	1.11814088470958	0.628648522688001	1.13666423492321	1.02852560297848	1.09339478165974	0.670215534191031	0.637941594985813	1.07455619536593	0.258082727941443	0.602749913010476	1.06161783933573	1.15318120524906	1.10288186475357	1.0284903622419	1.05637511373404	0.225967107230354	0.475717006133587	1.10556469233527	1.06142685456085	0.741983749434809	-1.20001904169219	1.14909535990763	1.04281342006445	1.05208793107024	0.0179309924730804	1.16874970001548	1.02499541727022	1.14563530177509	-0.597658546620638	-0.42241818822293	1.16606090641346	0.371576082039175	-0.00405534483191872
"HYAL2"	0.116382395671715	-0.858056805329912	1.44849295604608	0.0629512625376254	1.23350236423569	0.0827264208997288	0.0653972116087341	-0.898330775538408	1.20126825386651	0.450184725604349	1.21451022192386	-0.892255166492637	-1.65756885692999	-1.32932246007744	0.58113705537259	-1.70615383998227	-1.11318664077878	-0.797979805034408	-0.906497933637518	-0.713428210215924	0.0615529934289701	0.112459091517256	-1.32090865002574	0.623243890731652	1.12570364078314	1.20201597700792	-0.221119900880827	-0.17487710242509	-1.16584149207643	-0.835013691452638	-1.4976123198769	1.21234122856741	-0.113621572927408	0.0387446464161811	-0.0980939217268698	-0.460246021567836	1.11409038848308	-0.138399564726553	1.18052117307952	0.0812809321164974	-0.743244189372872	1.4727968650245	1.32324955169594	1.31039637081303	1.18473150990456	0.773664113668871	1.38313830612658	-0.477506773485687	1.12213984008079	1.35081936381993	0.382401681502425	0.336849422361773	0.0274030879858887	1.43699340399458	1.16050806618934	0.0656826726955068	0.0212777011629089	-0.142848377509252	1.30626783134565	1.40253990748805	1.22897566082544	0.28806996141149	-1.4734761127778	1.49582895221357	0.436345046318931	1.17670261230194	0.538060851730319	1.87953011860272	1.1362913081542	1.43904856674358	1.34767829679105	-0.823377918133195	-0.414663751110152	1.30718817154872	-0.765692881697612
"TFPI"	-0.127838521181313	1.2436736063792	1.04858758895041	0.0165235331788962	0.837574805750842	1.18062490462051	-0.205174303586715	1.16144641824873	1.46050293534229	-1.22250359998917	1.15546215549282	0.610884178891776	-1.41765144093056	-0.497406007532841	0.791087443183758	-0.23725753095816	-0.733595771392072	0.299771135323972	1.17944948253415	0.484250204116293	-1.18765987699709	-0.207117955044427	-1.02128468323035	1.25806882206043	-0.917625572229935	1.1163865012701	-1.06026577355566	-0.56522738068973	0.442904191175687	1.40805065231063	0.361414959303058	-0.964223647115475	1.42225865845911	-0.468710597713431	-0.562575102613598	-0.35146455400691	-1.06815267720495	1.23799243454937	1.0284702676112	1.23442418995643	0.322659301210033	1.47658058094835	1.31329415178128	1.11129634953558	1.10348640389652	1.29717081634691	-0.0722147462068521	0.754315555636558	1.02900515771363	-0.222641989053489	1.30003966796246	0.721247888482924	1.03670041669841	1.58228587199926	-0.103333923903867	-0.381210386888678	0.504388498934838	1.31241753631397	1.20802678761415	0.183593050573819	1.07476158473097	-0.756843383115183	-1.36259132623282	1.59888479371246	1.09785791311601	0.528254252854218	0.372622120824085	1.57148935646741	0.637121527351958	1.46105652389946	1.04325153850543	1.05052126156251	0.396581051985531	-0.370594782801206	0.462287119839157
"SIX5"	-0.288583183949509	-1.27315528307027	-0.831970099139009	-0.30794306642863	-0.117198028756551	-1.35208981632634	0.739207072527346	-0.447078661534716	-0.987223653860827	-1.14029300289906	-0.462378715696084	-1.17699980099302	-0.0521925799493226	1.25127909633308	-1.13018449157911	-1.05584878862338	-0.913175964023257	-0.548285903651244	-1.46399263857544	0.430978989843338	1.33345771048977	0.593632676725833	-0.197452751321896	-0.109127840780034	1.11858318818361	-0.337978716926947	0.513835002523422	-0.0412487134289403	-1.02830505276583	-1.18780405184903	-0.745931023537182	0.218452341235619	1.69967565825482	0.190620670559411	0.281450816296597	-0.908834009089783	-1.05674640729361	0.134217557137311	0.802076656977949	-0.0506534777572005	1.35787060107893	1.17349293075241	1.24832430785574	0.374016181540921	0.923206407295057	-0.867447158479969	1.14189951515218	1.34481073453201	1.23543568042057	1.20262655004388	1.15277199201983	1.15682350998157	0.325496227141833	-0.157923052936871	1.10360378202411	0.759249624182806	0.521451364851284	1.10303956372581	1.27631775301352	0.013864592607976	1.20728876912566	1.11451201228968	1.39401905512453	0.200787072467483	1.15415414673463	0.588773169486228	1.30826842150515	-0.683285618435559	-0.328552408156219	0.125025513795068	1.4123718346933	-0.321028095968553	1.51236106012456	-0.0413397876004912	0.195463554090111
"POMGNT2"	1.22966197899785	1.3049738747147	-0.812555323280857	-0.742706398973968	-0.243153901793626	1.33354787813838	-0.357896476506569	-0.300918852115586	1.50704813771563	-1.3360328855823	1.16813909499745	-0.272987731893507	-1.16169925796668	-1.3311679451681	1.25953190086765	0.840520978062801	-1.6538351829544	1.32492608207065	0.807709174948874	-0.226662458680634	1.04413838478165	0.434488794118269	-0.0706311629003876	1.27777888386988	-0.124243275698394	-0.152038669571835	-0.204405144100306	0.765953006670217	-0.300336292669742	-1.25890369267337	0.228721859547283	1.63826252372137	-1.31258872192877	-1.03967087095839	1.59722694453759	-1.32001152465907	-0.06673499065703	0.772570001166617	-1.55683868860252	1.16614307309975	-1.11177636927213	1.53852795364806	1.33557564998982	1.0378004998111	0.122376838456995	1.09812942975746	1.09639530979548	1.53303291995867	-0.469314140921056	-0.205540957470286	1.44439988293778	1.35563341208562	0.964427764573141	1.37756956263986	0.286526618465635	0.793080915228276	-1.8302655801281	-0.298919564803044	-0.138343210654774	1.01328371133689	1.42207013646687	-0.095423430741194	1.43568057895227	1.30378898026222	0.908960113248907	1.07438214374928	1.01061534938896	1.02385641612467	0.876834885392316	0.958171409078026	-0.274676221629114	0.0440000882944026	1.26604586293304	-0.0137090512912305	0.737670983958074
"DAB2IP"	1.18988743305652	-0.785041549340808	1.24412900044595	0.129114822720716	-0.103003222320989	-1.22505453412504	1.55406390403151	1.09660227200875	1.06037373672846	1.14082080090912	-0.440330538498946	-1.30666895597848	-1.21800745300238	-0.324376542607573	-0.348233415064626	-0.438049226730903	-1.26579456920879	1.51559692755021	-1.20813487681344	-1.1848979562327	-0.689293343793225	-0.631261560615589	0.531283186994666	-1.10850010437355	1.05023976038999	-0.364292932781098	-0.590655804070204	1.07706393389088	-0.0997091420455788	1.27758229492872	-1.29363980836447	-0.599910855062993	1.26782589777733	-1.00045564250871	-0.282210146095484	0.153897002868982	-0.978120322640948	1.09942106587241	-1.13644172699177	0.0192914048847486	-1.15140972130263	0.997317712887293	1.41410518123759	0.689669388195134	1.1924026780866	-0.590600552666939	1.13068673179646	0.783366910896383	1.15463173531252	0.780871006796715	0.945031878133532	-0.758727126464835	0.0538927712443366	1.69035284164566	1.42971508981882	-0.104445054696013	0.537844341951979	0.715958134430672	0.348186156205521	0.455884100677114	1.29821546954955	0.454237823330143	1.06811298198083	1.45319998796545	-0.422604614795698	0.602420013843448	-0.18478244644453	1.78831427337706	1.22215338325493	1.31038855793714	1.26644407134821	0.329013252599094	1.52589793793227	0.0354793043720462	-0.976590555566174
"KCTD3"	-0.281011750350841	0.0719653089055626	0.930413265480478	0.0736284052227246	1.10706938521672	1.29939368883695	1.00373166739986	1.2116287831994	0.364699946053777	0.650783874920848	-0.851347569150854	0.622177585280643	-1.68686666956776	0.294396934771459	-0.866871746683168	0.552132983364424	0.934864334642817	0.101308378199678	0.641750473996566	-0.749984471198687	-0.375248272995256	-0.34816467154232	0.580741639753527	1.06314717175336	-0.317092559051119	-0.315400898259149	-0.321602392625757	-0.587331376916228	0.171500705260769	1.44974876582649	1.54192163490641	-1.45485449370897	1.26992977583083	-0.00302292885114074	1.28768264960242	1.35416119285282	0.287014346736105	1.39493344899563	-1.00279125466751	0.87371457386906	0.630679859834531	1.16169922402229	1.35637259876216	-0.0817596887918759	-0.307552608545397	-1.03314595213103	0.96628293198212	1.30665097808665	1.13691456346857	-0.507294746127311	1.01777512840335	1.09727891115518	0.399728765770711	1.01359711951352	-0.448509246012076	-0.15545577952228	1.16712819941754	0.994873417051157	0.225614936671479	0.700606091310005	1.18552205090974	0.52736295187886	0.619393671209862	1.16289410734133	0.842006837813061	-0.291564983798165	0.549899237630197	1.29630752900095	0.632066776572171	1.20133259395915	1.29604685914538	1.18585718872895	1.3735498850472	1.1415881393311	0.881122501858383
"NEO1"	-0.795437982323889	-0.0896857753788398	1.41594330052025	1.3620992959107	1.05726653105292	-1.43432449992202	-1.04694979405831	-0.351803410201388	1.58593755603366	1.27072696754566	0.504345702726581	1.0859836370212	-1.36269475765028	-0.996456886300743	-0.97100184958565	1.47584558748063	-0.9967138554661	-1.430382454836	-1.26469147181247	-0.142203253087419	1.21839547694597	-0.454361539177641	1.10727294958713	-0.618424331296929	-0.0898610114809807	-0.949298449031108	0.503904290189515	0.0665179452341499	0.66914725846502	-1.00461259496517	-0.283350111522096	-1.24320167896834	-0.90930844733516	-0.576180976648497	1.19224886561819	-1.06967986148931	0.285098513515164	0.560427253915775	1.1023623287038	1.13113826360644	-0.49716363912551	1.54202886511436	1.35358009446467	-0.290764019073132	0.782522264548717	0.447267680815916	-0.0331605760200935	0.526174698491097	1.1684809621079	1.12769530762092	1.00530680100872	0.104257152594699	1.27669252269763	1.32436816482764	0.158668196834165	1.11875525556517	0.16734922951051	1.0187296760649	-0.328156402882608	-0.930412419987292	-0.479645021969481	0.422599909345785	1.13128962786041	1.54092920107278	1.0488691487913	1.20935112937844	0.986294758104809	1.31937987385095	1.0821822226415	1.58240026992554	-0.0505314548106266	-0.0614349692809831	0.520349062445764	0.638333611012297	1.07501321092621
"MAGED1"	0.997887278540113	-0.490104110435051	-1.03442481583735	0.233590051545824	1.04956229667829	1.05589126111783	0.837302608215122	0.141271514463963	1.00747871227592	-0.365737817909744	1.04743691728971	-1.35249133768193	0.831282848218123	-1.07838031790536	-0.906223611335332	-0.358514108441077	-0.864225264352592	-1.31110845878598	0.277984108772382	0.326637830841739	1.09308047241579	1.05541142827407	-0.0414198836136316	1.15514368576637	0.410764665647402	-0.565810414359194	0.562922828351151	0.373433569607234	-1.56150195410797	1.29213991520241	0.594661671045144	-1.51354874911593	-2.61631476773388	-1.25225559993122	-0.849614241225124	-1.2894585465017	-1.86480109081865	1.12183940878376	-0.427070992465287	-0.0956595247399612	-1.26067482973226	0.679403981436589	1.19526388321411	1.13274231350176	-0.799798969303556	0.400827652861514	1.11952456446626	0.956529128176143	0.89449631456076	1.05772252189672	1.09089290422727	0.801024929555875	0.973326128533875	-0.509645136838246	0.970084640001812	0.937586859719404	0.354981249501481	0.886000757353401	1.00537923599439	0.501165379413522	0.848180603163192	1.28525202872002	-1.60192455022857	1.08970253816335	1.23848518748187	1.0720077728115	0.830744381681534	0.939196508643943	0.53785115850544	0.407848716839055	0.6051389993253	0.388475721694085	1.31469104789652	0.381369839303593	0.492241241483313
"EOGT"	0.27758340710538	1.45615093917453	1.15930717024156	1.15186714966421	1.18518885129356	0.177407146350701	0.100988213770365	-1.09805369672116	1.78211985607829	0.241858480823923	-1.60257269707447	0.29778336183128	-1.24101813450628	0.37579504365052	-1.43079422621909	1.34998788957018	1.08172396389635	0.0134322336833195	-0.221854895777692	-1.58091956383088	-0.234062540437098	0.737639855862346	-0.410134128031047	0.646109492886194	1.22012047192616	0.441453429476073	-1.226582678784	1.15400376285792	1.24175405198984	0.150111017459911	0.165959511313557	-1.5989384941523	-1.54438928413241	-0.766307516984372	-0.29263371338138	0.72450165711702	1.07573862011536	1.45497706007045	1.20374058786378	0.826360933503687	-0.130911120686859	1.31579248262968	1.3892778997366	1.15546426104367	1.07174839370374	0.0924558587735464	1.49842281032539	-0.0960008162703169	0.663487922390782	0.608408854237198	0.242964630744461	1.12020868323172	1.3944390150945	1.55759390933588	1.23289860307521	-0.0932112040363606	1.09763609186668	0.652960789621462	1.09262121568576	-0.468123987355647	1.09078940303916	-0.380937320963817	-1.17267020288627	1.52416499692625	1.32026365573964	0.837535139136158	-0.295839606126102	1.41849456839137	-1.2766249836487	1.32165348165786	0.720283151516333	1.11954177081431	1.39487027801109	-0.995367991941774	1.13392935460684
"TMEM136"	1.40181978259824	0.00540083903284512	-0.839671289519655	-0.580769995619937	-0.662217851914312	0.769618524977159	0.548863474797945	0.905276936637336	-1.19073480350435	0.128238179365862	0.641110530403512	1.16376953314001	-1.37347126466603	-1.16100703201549	1.17837002498171	1.1319063751573	-1.59927431302947	1.12136194969262	1.26422625253921	0.791469811105897	-1.02632402108059	1.07825719937947	0.0447039064105419	1.12066537496272	1.18415455041134	0.153906454432624	-0.00952855980652276	0.0265439411344551	-0.0644187736968228	0.513762994808388	-0.92271136899848	1.11707472581983	-1.95328869183078	0.720426920529374	1.57177456050753	1.26190056774636	-1.06806007132229	-0.0990388567774779	1.57595410857514	0.682995908049923	1.45278079268404	1.14135007658076	1.22380125963842	-0.480456138826412	0.392189731046271	1.11232775578221	1.10465816423391	0.362567214796736	1.30417873463881	0.433510310193332	1.12506554839534	1.25781777508574	0.0485574292441426	0.512027664553301	1.16701638422056	1.28062062457539	0.291677186429244	1.17388652406917	0.314474137055948	-0.432739228693585	-0.345076650581825	-0.0356559616108859	1.15961932743869	1.19495363449992	1.10790366495817	-0.231703448541192	1.13546256095967	0.289867212052703	0.0369952890199026	1.16831013484117	1.10351532340065	1.1243610954744	1.38082061776632	-0.0128385440645014	0.667484885785336
"HGSNAT"	-0.155322603121709	-0.465288730374389	-0.57178711875455	0.0938046696362875	0.192003582833098	0.831910208420989	-0.589221049475051	0.267049196473215	0.775921675123537	0.365327847585444	-0.219838419133522	-3.17296351126962	-0.257017987966847	0.0573110741914937	-0.501956458012062	0.673019174026033	-3.17296351126962	-0.728828898846671	-1.26147532570428	0.487615351048297	0.80402079739685	0.518841994592791	0.863771579310681	0.831461757860258	0.814795274305732	0.428744094918629	0.480948802599025	0.830551208892978	0.173235041935956	-3.17296351126962	-3.17296351126962	0.531284587564067	1.07071232579428	-0.205188274621103	0.56532762131957	0.809676395379467	0.348494547871615	0.884617601334126	-0.904401827338815	0.124062048730476	0.903443673193224	0.894110252344931	1.01387432507796	0.390256335146232	0.270716891626629	0.430427434895221	0.989548864958009	0.742623579071312	0.41752202713441	0.856922047000565	0.892022970073658	0.947605993065648	0.466791695796074	0.954489576650452	0.85032184427849	0.894577698772025	0.440035616832465	0.351084605604098	0.64026008576798	0.933088954174549	1.00898322041611	0.958946189002355	0.420185596559741	0.934291834015801	0.884403272378563	0.0280447903526599	0.354461636479456	1.15582810378664	0.186103373687486	0.900439333173836	0.774589223522494	0.27863888303664	1.1574648864613	0.155943308326434	0.487223659647298
"EEA1"	1.59813307568199	0.918739179455893	-0.489576951987255	1.13829201981873	-1.33945675808402	1.40934755550302	1.73271085637102	-1.36789318257029	-0.757638367208439	-0.791082787720255	-0.817624771273667	1.57986057399522	-0.265011511462704	-0.495897564026754	-0.879893805566185	1.76909693285734	-1.27153887998851	-0.966281059665024	1.38616961754603	-0.642101393072559	0.800158393937288	-0.629699040207319	1.46757344817943	-1.27778257416968	-0.540851747701347	-1.35111310620469	-0.645372703621003	1.32854075329605	-0.676251252658438	-0.168709011193604	-1.27822242106047	1.8965368315645	-0.797610551083184	-0.95219253826639	-0.507842993233972	-1.20986190234583	-0.596095429509625	-1.32156285275222	-0.615338972720684	1.36557931131143	-0.946261528594889	1.04951484133022	1.85505352089807	0.701594017504246	-0.248686144510996	-0.285154294094198	1.17946551224135	0.644599693333434	-0.334765346641994	-1.07201545204891	0.854094785250376	0.178917869533112	-0.331450207552846	0.679348745856016	1.54818549109204	-0.209633151194108	0.0676092128373136	1.15372657519617	1.12844708265994	0.986368902631095	0.0882771015209404	1.55422243974747	0.385566888187454	1.35006491251426	1.43025327494624	0.857205984897762	0.85097837614501	-1.17316682944014	0.19318603377022	1.81602524556557	2.08052643495672	-0.0576860421124544	2.03297726381295	1.15560728392675	0.92439163173755
"SDC1"	0.921083347060564	0.99172991699928	1.26788916371269	1.36070675037587	0.211768687204526	1.08376145169735	-0.879009229368887	0.736754904991353	1.27127511044414	0.392927594381718	1.22115844226248	0.476013111343013	0.58375940438236	1.09999982336337	-1.16246670258665	0.58640275461125	-0.324278643150658	-0.89642175909271	-1.11543413851705	-0.985083152820146	0.134037064939488	-0.248878568952994	1.01703083560945	1.07856557223689	-0.326737519066071	1.08760794801998	-0.131385613376404	0.0178041367318705	1.12255220491856	-0.304460104169685	-1.01931785274541	-1.70870471542559	-1.9714603525731	-0.41689621875087	1.13316512723365	-1.07645788668791	-0.208444679427181	1.20834994342227	0.486349053921724	0.315576657437902	0.695918686552422	1.24319836613969	1.05484382541647	0.901783373602108	-0.672958807516671	0.60037452726476	0.266354434609152	-0.929221398674931	0.523419816892596	-0.10467194653015	0.183044424848842	1.04343522579467	0.559544765501146	0.187226938032626	1.05181148285808	0.994944278064825	1.24697571369093	0.370700660706625	0.23540161988506	0.892858072627243	0.412124787876367	0.667534351439859	0.480025656425699	1.31923231080701	1.21048138590768	1.20673551688435	1.21000150336529	1.35241519360009	1.03097184455547	1.25980268523555	1.05798527834791	-0.986032189513342	1.26021294550406	1.14140861510244	0.694600235334324
"FAM174A"	-0.528304465600944	0.0999358224441811	1.03923148802221	1.04488757867244	1.2146352368246	0.74183424573655	0.159610434714134	-1.45162553514959	0.96836242115211	0.542477404713216	-1.09614204621294	1.04910996105965	1.04195599747783	-0.766084103802828	-0.899135596266669	0.550697396529728	-2.23973702230829	-0.724925795736095	-1.95321777376259	-0.506626159283897	0.627275888758359	0.604198702956073	-0.492529140373568	0.980525804195391	1.08448659591964	0.875602416168123	0.215459017717863	0.242033034196372	-0.77176208108786	-0.763050756381341	-1.80285821113172	-1.60813021000335	1.3598996401648	-0.731908519527368	0.960657499033534	-0.816941373637487	0.633968287979058	0.274802561623408	0.4905520933761	-0.23263293693591	0.0954294743149951	1.06081064554972	1.12241716609259	0.979703532972923	1.01691329652329	0.275437366389157	0.0475035554101235	1.03594829962504	1.00384940789371	0.282384577546517	0.38218844519887	-0.347277233840235	0.413129817544923	1.07841549174819	0.932816525942727	1.02564718280485	0.466539818768723	1.03877957991041	-0.338148145913858	1.0455149502413	0.659520096484504	1.06019678001151	-0.130838550384646	0.996331793427802	-0.0599757754350155	0.975411200103841	1.08408450661924	1.04630160456034	0.0703021419535501	1.05026035492107	0.971365212906452	0.465480978172937	0.223077084172217	1.01029951636708	0.992216977169308
"SOX4"	0.453628871562083	-0.367145580407838	-0.642374085652718	0.487701933540493	-0.339258516831337	-0.262669476214749	-0.12384281348103	-0.155490214725588	-1.62666102880366	-0.574564918004853	-0.108938506795832	-1.41462607771995	-0.0957992114672374	-0.687832740923292	-0.647050010008577	-1.22031915337418	-0.414233553694175	0.47040512099	-0.190614039322148	-0.60713338883852	-0.272735992976858	0.693584158339311	0.196842938535748	-0.0835609353294347	1.25358462306451	-0.13027928035175	1.26535879693152	1.29873923202717	-0.612952240950434	1.69432955751032	-0.112630590171752	1.92242883068165	1.54790149308534	-0.0773987897548528	-0.143431253321032	1.23588017263974	-1.42304882286725	1.13562502157147	1.27488193552566	-0.0449280693551166	-0.559214359532974	1.40416741002454	1.63286747676776	0.0129386780669027	-0.406510703181656	-0.102566315022808	1.43334439639596	1.46368806083046	1.40716542089426	1.13400771211838	1.19032955930139	1.21941475019754	1.3010543464622	-0.302150723420623	1.32982837580064	1.12366970482954	-0.00276586555507617	1.19486109095197	1.25849319490741	-0.382133411224254	-0.135169931300738	1.19828894985709	-0.0640808855019921	1.37478953660633	0.698173918278203	-0.208461425009146	1.27334182851468	-0.186824425955867	-0.288482499030786	1.10130829017106	1.02119900175879	-0.188544794568554	1.80454352175432	-0.0900945383410606	-0.312337694432006
"GPR161"	0.285889443025727	-0.517706361471887	-0.260318361432239	-0.843892487264786	-1.50907411504694	1.09438619408612	-0.681506830068184	-0.985135861934313	-1.33830831000614	0.516084568464555	1.26928016250094	0.455043489814016	-1.03762683359731	-1.34769731388792	-1.50026701179529	-0.401839711658011	-1.93807241954271	-1.23161610458611	1.26841108514562	-0.598433710364445	-0.266421959726482	-0.488208091477744	1.16313434831917	0.317166383295114	1.18962461924029	-0.519168724201122	-0.0255462656100669	0.625961580985452	-0.921392480871053	0.701536811912431	-1.48160000482065	1.43473048347154	1.35857023901186	-0.680338144083149	1.26213863150611	0.207272573182854	0.221840135936687	1.01990729461473	1.09849387165307	0.723009595595031	0.0138466825584235	0.552336993334043	1.14264365842914	0.279327328115682	0.1894936999226	-0.0491114439417658	1.0572666473617	1.29343869072075	1.29965052783974	1.25283907862408	0.629367129751	0.0996000886029426	1.03168968278708	0.808150915029686	0.343669126972299	1.0196702781604	1.03644349593438	0.849297142119718	0.222687434339751	0.189098983457253	1.01040737274869	0.00403899414985978	1.03948442670365	0.996974447480131	0.52986188089992	0.213074370776605	0.48265166002208	1.25354797239687	1.02624580518915	1.26748566316816	0.0385907144562954	0.707963207632373	1.18927361181222	0.21830323269744	-0.334787013936417
"NDUFAF2"	1.10967196849775	0.332900407582787	1.13910608650538	1.48651101087164	0.0135027326529814	-1.07833840672579	-0.594226059065916	0.0195770284994544	0.867363263487853	0.192769930035	-1.78256053395889	1.2481379215372	0.458645349259408	-1.69971533211892	0.0104287972731726	1.07196147766122	-0.675535685553536	0.0234841899146175	-1.31473332400027	-0.17619620863221	0.40927822194877	0.150145049618106	1.42104035140584	1.33150159785297	1.11829912522019	0.433962706607807	0.0307976644493688	-1.23136206750552	0.42507602869137	1.3822370438727	-1.15941074507373	-1.54227368770804	-1.65650696712875	-0.128076778784217	0.159087501847846	0.919900907705999	0.314171602455738	-1.35748302834731	-0.974854939083406	0.038488824257026	-0.787519221331179	0.0897869593142172	1.31337341952483	0.523046641279571	0.413239512442261	0.0945188796389194	0.351351168064453	0.316580919544691	0.546075975587716	1.17610797100323	1.05631316973635	0.304635694396193	0.850460966811235	1.05007638071305	0.932351753684823	1.31037287603869	0.154573128967587	1.1818710913892	1.05768831125223	0.958415515484744	0.197759664491332	0.18902438676854	-0.643313911958813	1.02720041923209	1.16889165929331	0.996192280271486	0.988107928596177	-1.64171122483257	0.46887728033796	1.29246537420324	0.26861535679747	1.00727144290314	1.66374913548342	1.27094484908021	0.919023849779302
"STS"	0.907524906133526	-0.895351933198491	1.31215218438552	-0.113845265702919	0.524770585752141	0.926435918636588	-0.713946574708294	0.0689799503474016	0.414158520090539	0.260042043974455	0.243416130834212	0.576448967435657	-1.1687701437506	1.21748356863171	-1.05314315796228	-0.882035179297616	0.35758824022311	-0.544568398861052	1.30145869490655	-0.48794528797564	0.770505292619509	0.00973259294941848	1.33128018245869	0.266846549098987	1.09095165930465	1.04041341228737	0.24105423930108	0.542667467333175	-0.14190005265021	-0.657363339670883	-1.31298132293901	-0.512284624534276	-2.22349677483452	-0.0945357832876727	1.22379925899957	-0.717650815451606	0.869274636201747	1.3298752589353	1.32996376904269	1.19722325119246	0.728924728748208	0.376248040450918	0.961643248362903	0.525561701569423	-0.655510488144433	1.31907730523716	1.04430968830623	1.11451748261532	0.923789438061016	1.28963681643869	0.925839493092436	0.527706534256077	1.38052498919975	0.949186394343093	1.36112682277051	-0.559289147087821	0.465206508288994	0.792602410090937	-0.310328970768084	0.904870299156031	1.45017590108034	0.626441962557005	-1.14534707444046	1.43157786378015	1.00753383551873	0.275732480642666	0.92997952258697	-1.00453112672218	0.988417474388044	1.44414076439525	1.28096548792293	-0.332032004361636	1.34996366612579	0.658437813597266	0.549801931633831
"WDFY2"	1.24973988358241	1.28098036809524	-0.599626602894878	0.380106700826981	1.4157265203383	-0.865284578291697	-1.1614899051039	-0.853097561263349	-0.148403949842209	1.33194723158758	-1.17739447475045	1.09885859037527	1.10337141518312	-0.644436257041525	-0.527814951916603	-0.0526255527998641	-0.192299549990162	-0.872012934287443	1.53665660745807	1.27528454366887	-0.637170433520891	1.25952077448012	1.37765697047572	-0.992257041307692	0.862150926557398	1.31431853538968	0.0619408547762896	1.08785873005359	1.48952836606459	0.795651928405785	-0.673630778170494	-1.23465810577648	1.69773464511375	-0.904652174749872	-0.141944703678212	1.57522389461132	1.38465364280395	1.2018469677767	-0.679978574684704	1.29489912914767	-1.23187001766062	1.25549446632285	1.18806199373575	-0.303841423919112	0.322783233452577	-0.111385511948723	0.789769537956048	-0.471561730615258	0.283405252608378	1.05291026923827	1.223362958722	1.37140308678068	0.827452488041073	1.24643480532685	1.46586570028347	1.0503307027319	0.197213707868563	1.27866179066286	1.09625667889155	1.46488410902328	1.21221070533849	0.13530875599453	-0.646149724180728	0.619330094155932	0.636002684978483	-0.595478146951433	-0.0622848469195986	-0.450984245832781	-0.249254387284233	1.27158227502032	1.45864938913968	1.08401453319902	1.51115376017323	0.326321642040892	1.31624482928639
"ANKRD42"	0.188050501192956	-1.79883078454727	-0.850523927313372	1.04002561645654	1.16940034577247	0.900064679922847	1.21131983732084	-1.21965252337424	-1.68856446363638	0.149125763007474	0.159373100512895	-0.113716316490246	-1.545740369938	1.46125928098699	1.05209291533814	0.602755791037068	0.713920719668471	-0.129925764416245	0.963355734924994	0.851399073937869	0.827973951194575	0.843593470542162	1.21515265940695	1.00105581938529	0.981356194719117	-0.900487490491178	1.06000821975446	0.477443987351422	0.383533011577034	-1.76834506469942	-1.43374311827173	1.74519252175317	-0.811590534222196	0.63275736885563	1.20253453684027	-0.294002598142782	-0.728994240236933	1.1002828956368	0.15435616111959	0.944743811533334	0.957851553147381	0.628005548534925	0.85102296330563	-0.22216806442152	0.871110711999855	0.605833380922354	1.05690183541702	-0.864427857118954	0.6869662463742	-0.512280138516735	1.2816926566977	0.946728577806254	0.607911872758863	1.32032625816324	-0.440509561159805	0.886409792064455	0.336013878030882	1.0078800479663	0.669736316409671	1.10467996477691	0.995249615951691	0.201718953198912	0.707259791869975	1.20217679989264	1.30428447289013	0.941153526966348	0.971298029985507	1.26285445610922	-0.725400064977607	0.811002430526943	0.697159047050488	0.472309657477128	1.12507125811126	1.13218059815046	0.859167571586674
"C1orf21"	-0.636720330757598	0.306035285984466	1.35356134239981	-0.72232235758209	-1.16461817021771	1.41140548606979	0.609853755263848	0.981167301573579	1.42945879988738	1.2643199690295	1.36321066252274	-0.960792634536701	-1.35226421357993	-0.691006874665993	-1.2482010036324	-1.3628788560711	-1.01471894456344	0.078707041095842	-0.989510446611932	0.476424098821579	-0.26154358356048	-1.06572555797881	1.00162285904848	0.942542247695757	1.15876579189879	0.674323992570219	-1.26516044332544	0.489392660051043	1.15989784746648	1.37672971245923	-1.29657745450318	-0.519405713417126	-0.332169693923928	0.434131031628826	0.219013202435572	0.0431530343642624	1.3840207673215	-1.15137539234742	-0.426744415247286	1.09978021546854	-1.2381755358553	1.15827225703784	1.43897853061386	0.115913299694615	0.942799489484762	1.30601899040494	1.03707233854505	1.39574632505206	-0.338004496459512	-1.0843880052989	1.25749353575052	1.04995599212406	0.848277351549342	1.23673665807939	0.53049019899541	-0.403511942803342	1.21853991858694	0.848067733847821	-0.577146690190453	0.991859537782878	1.19594367174419	0.630107978004001	-0.876738279641279	1.34219785478364	1.13433467476394	0.573642091830897	0.518501587659598	1.23180174406956	0.324163386879687	1.37023223011152	0.00159129708032309	0.845424741708668	1.36698092611456	-0.874662625049753	0.935334731538339
"FAM92B"	1.2721790491051	1.28888254165235	-0.92002832055113	1.46336568938873	0.076737304418934	-0.756875854910144	-0.92002832055113	-0.92002832055113	1.60772983962347	-0.158413347639257	1.65743506903579	-0.92002832055113	-0.92002832055113	-0.260407485242069	1.27704197301145	-0.92002832055113	-0.92002832055113	-0.102174043294365	-0.92002832055113	-0.92002832055113	-0.92002832055113	-0.92002832055113	-0.92002832055113	0.582131852273633	-0.92002832055113	0.977178755099074	-0.92002832055113	1.3600558652145	-0.92002832055113	0.0426905331697386	1.54873296454247	-0.92002832055113	-0.92002832055113	-0.92002832055113	1.53065150476717	-0.0447874468192523	-0.92002832055113	1.34774606321012	-0.92002832055113	1.31442877947534	-0.92002832055113	-0.92002832055113	-0.92002832055113	0.714222449487045	1.45153701582704	0.13013609146961	-0.92002832055113	-0.92002832055113	1.29874823170736	0.734499666554177	-0.92002832055113	1.28182584297558	1.31975610398048	1.29399896213131	-0.669848380115034	-0.92002832055113	1.3952183892427	0.361894409440213	0.884651867714748	1.30209467954442	1.33988844895066	1.31991411808234	0.130903484960144	1.38912266202168	1.30159172218816	1.45078784339889	1.44622988018091	1.40769585100967	1.38111012157477	1.49714971843086	1.36049486537313	-0.92002832055113	1.28071706186915	0.792057659966551	1.30134710271649
"EVI5"	-0.234879346422004	0.979655762558525	1.12110078630778	1.01192624795499	0.35194403602069	0.137316100309056	-1.22247391859442	0.237276430828822	0.919018948019223	0.390532024203116	-0.231112521247166	0.305837054262141	-1.1793719929616	0.980533587855643	-1.1843845446562	1.08671310249188	-0.805111342741871	0.640309576308045	-1.7344552435857	-0.902562623194865	-0.340298910683276	1.29732208161613	1.42868623660882	-0.876739849381208	1.24493147074193	-0.956667296870866	1.04242644821566	0.616329895741375	-0.756580951161616	-0.869264980707824	0.943250836664925	-2.29637195553632	1.44584999594316	-0.260146840189315	-0.413833325544705	1.1691475200493	-1.0487282806085	1.06644798010873	-1.29137930449653	1.01074119111822	0.445657081476891	0.632909069779961	1.33915914357675	0.135531696982367	0.426359584910958	-0.138011880046392	1.15980911643658	1.10961332448809	1.156740656179	-1.10815778506378	1.22498164933057	-0.76176155900817	1.07795405494943	1.1865912552517	1.35955935684401	1.33441565944385	1.08723711742746	1.09719890903392	1.42350851714415	0.998065163262038	0.0927806786567199	1.37625608282658	-1.41895662385676	1.31948867005408	-0.598830498911476	-0.0433919301400617	-1.06209458659596	1.44354266736047	0.707346619603388	1.23600666021249	1.25236611615305	0.732391137695565	1.14413466826472	1.29901701255851	0.133158469667521
"LARP1B"	0.249806109720718	0.80552708455544	0.935975536031126	0.842576831055273	0.940395240136329	0.838927856956878	-1.08733901307744	0.757355087936075	1.03926564641101	-0.029444836988806	0.663345703322492	0.480945188382494	-1.78976033643913	0.655527594598477	0.562684649273992	-1.00654226863596	-0.0419417420414571	0.205034493943231	1.01481990394531	0.888300094782926	0.271064686862484	0.802111525876036	0.692317994380557	0.381332408397147	0.851742227236387	0.640260544492533	0.349729960705142	0.429317868226663	0.706593632671426	0.766519245454919	0.747339856117064	0.912620296509105	-3.19570741096734	0.632140374683952	0.826704777170348	0.805941381749896	0.404601804003508	0.933707474483596	-1.40968537084442	0.430444206490093	0.834835653364064	0.690685547719551	0.826466548967934	0.500096423011758	0.0745470756164312	0.3940187055926	0.832670251133515	0.220938345463312	0.320869678512547	0.582711966534039	0.684425320578952	0.782642638868314	0.281803237686052	1.02427332290135	0.813909094530936	0.903785050183393	0.862478931859809	0.752921599151087	0.771618727796389	0.504933523847229	0.859778298796559	0.251629678651471	0.764834650011463	0.953967906204064	0.492998379849846	0.880107793859515	0.61754308070289	0.590215963354595	0.239352702112983	0.602795671198567	0.958329102754726	0.513445846068002	0.995949632914916	0.967009937841641	0.838316961693647
"DHX15"	-0.908081270471418	-0.484950367645905	1.6109418327494	-0.546988339705217	0.366509095774121	-1.053824148215	0.448676414235169	-0.854895261967853	-0.35525734349392	-0.363626366788516	-1.51319093969445	1.51096012383711	1.79713317293745	0.660072994302891	0.689257104256167	0.0903128695904541	0.435618920715971	1.32720749516472	-0.390609773367173	0.141788182193633	-0.942248145384506	1.26058330784998	0.435698135886682	1.09285667327772	1.61735738347722	0.184153788305011	-1.26659827291817	1.26313815107096	1.34487432979043	-1.18304854402505	0.244502786537477	-1.59394527109568	-1.25119673447875	-0.737336729787449	-0.030927136629354	-0.399129387745792	0.256939307468036	-0.473539614621781	0.0990415536516992	1.46509915024397	-0.742583419410832	0.216255031579029	0.232214780974463	-0.00493354456012284	1.22437681643745	-0.00720616832281349	0.82469565559619	0.286363508584933	2.52919996736404	-0.538425386415325	-0.704621443057923	0.721241157762752	0.0748197600887064	0.624588224743416	0.368026575093618	1.57694583344168	2.20275255849831	0.194503006808888	1.85974480851309	2.33566540684933	1.40363596360772	-0.00291426509998147	0.518315026757103	1.74582747725915	1.0916567196744	0.300736286195968	0.670135615824735	-0.451292954522297	-0.408705126448976	1.17856880938106	0.47035420436254	0.424560669698499	-0.110595145264838	-0.146527573694244	1.565776770188
"PHF2"	-0.955451532501932	-0.466280122163521	-0.102282227948532	1.20965894635315	0.813333150915721	-1.08816437606629	1.84260045308262	1.63879524083597	-0.883456701570007	0.88521391648179	-0.1123691264521	-0.174674071034065	-0.853071075545831	1.33090526029082	-0.166824762243504	-0.687362238107593	0.64069509005305	2.36050375845336	-1.49644539029163	1.48687807534388	0.163103356851491	0.271826894127739	0.316456392716382	0.606378153685614	0.365586929485355	-1.9325610899525	-1.04124002025309	0.5505108881898	-0.483705709198708	-0.118384093456015	0.24091329474141	-1.49187091577281	-0.0929143855253026	-0.419739216021244	-0.887086421168709	-1.06740908130132	0.900443888111786	1.43921105250958	-1.24658919698097	-1.59842541395421	-0.132613642020954	1.61172890993803	0.12711256026045	0.54609474580144	-0.298020322904844	1.45169543419522	1.21648771523734	1.34313079619621	-0.389861553429298	0.699259809815514	-0.42589339038847	1.37820131148134	0.532253779992089	0.603348554124141	1.4351340605441	0.224320627077967	1.269626462949	-0.166979833135283	0.515383855069634	0.701282708917921	1.76513059434681	-0.0339062005145498	-0.407075516804478	0.575173048323167	0.105982409416804	1.3312253243763	0.154389379337619	1.59951191604242	1.44360910501111	-0.179933070771728	-1.7748057086882	0.0854958106393606	2.02964857477017	2.09915369349485	1.00689847723585
"SLC22A31"	1.29056426257915	1.21837631392484	1.35754445866578	-1.07835640604472	1.30210468443872	-1.07835640604472	-1.07835640604472	-1.07835640604472	1.32683428194492	1.31906390622102	-1.07835640604472	-1.07835640604472	-1.07835640604472	-0.513792938916197	-1.07835640604472	-1.07835640604472	-1.07835640604472	-0.290245513391059	-1.07835640604472	1.25737319926718	1.24688088673222	0.472449210258637	1.25495802237474	0.0971619084417253	-0.00178054929767264	0.23805181978885	-1.07835640604472	1.24883066403875	-1.07835640604472	-0.432524033779907	-1.07835640604472	-1.07835640604472	-1.07835640604472	1.28083695839071	1.347951203338	-0.338923766323011	-1.07835640604472	1.23523167774683	-1.07835640604472	1.22591938550886	-1.07835640604472	1.38797331240182	-1.07835640604472	-0.04148191191178	0.863457595013931	1.22888705638864	0.60393722296164	-1.07835640604472	1.23193670244377	0.832258421788076	1.25525687651039	1.09324823458853	1.25845173613098	0.0999030757378864	0.404277898884461	1.25940960624876	1.23049383577334	1.24197891897215	0.684115084023622	0.457389704925482	0.805992050447512	-0.267298980254016	-0.425626204495872	1.46284627117488	1.23101815451844	1.25205017670718	-1.07835640604472	1.52213403950527	0.500865403593729	1.41145361004991	1.3183663296549	-1.07835640604472	1.23022751582977	-0.0443306735348225	1.23987167801041
"RTN4"	0.617862770986244	-0.782096719069882	0.510525811130123	-0.49902250825472	-1.05736605706672	-0.768184093599459	-0.870750622734685	-0.274679271165403	-0.646430069975947	-0.507401691996442	-1.02388719256893	0.948580041595911	-0.802706059901369	-0.804818939033205	-0.970218574142633	-1.06381849645067	-0.0460198837500068	-0.763553654683575	-0.591060366472388	-0.827479123844243	-0.631326934167436	-0.858747317276661	-0.59649533081039	-1.11290482160467	0.787241098050096	0.605689121758929	-0.753459051895382	1.29089027319909	1.38247789610407	-1.11790287432281	-0.553623043999736	1.79402000237566	-1.16179214870646	-0.944119634540607	0.709590770385272	1.55606132881972	2.18651742636408	2.29591226177055	0.771072101878455	-0.132304279748692	-0.701248212217509	0.837382034445471	0.790149603676812	-0.986976460847381	-1.05936185272626	0.661032987164108	1.98454207866866	1.80680024149449	0.405988949330638	-1.14858570042556	1.4617267994332	0.729114329416158	2.11926821616697	2.14161066030596	1.30572593228544	-0.159524595413993	0.714911310704692	1.10779038520363	-0.815291306336445	0.598795919015909	1.22429201336417	0.474602581317261	-0.491839978767067	1.6045420098104	1.12904935671233	-0.865752894505938	1.18688776011011	-0.891627907767717	-0.637446847400455	1.60069071818503	2.16935296859074	1.22363567813821	0.460199490194597	0.917830348402897	0.287525933856535
"EIF4A2"	0.980179553896179	-0.533402774108495	0.969955127686336	-1.12313538415697	-0.58973454884455	-0.948236452220075	-0.942912960112589	-0.81983397668546	-1.51939113739339	0.988193433555022	-0.139980085848068	-0.906181803563153	-1.96237716677502	-0.973265881461392	-0.424497389780956	-0.0628407328930387	-0.409186398317853	0.774374131192691	-0.262767883741249	1.17560149949608	-0.79528229323551	0.352269554249891	-0.144756199266825	1.031467556938	-0.336138667524173	-0.353527016348502	0.690154775950054	0.901827036239391	-0.185697136379269	-0.025583600131954	-0.350841234185935	-0.625322195742633	0.176745638350371	0.839027410946449	0.539607933398817	-0.957318663342847	1.0898143449727	-0.275806827536037	-0.494101701527841	1.99629152037465	-1.05170967625343	0.707608883510269	0.403747541646182	-0.108970760633343	1.46128137830488	-0.936981222456915	1.18949858039488	-0.156720324474983	-0.268056283976388	0.919553534331411	0.355221828913628	1.34426729946491	-0.292065106421753	1.36710093074259	-0.142723615736938	-0.270180922482389	2.40763561994613	0.879973391915524	1.45733643612476	1.64945427978157	1.55391579576387	1.72701146973698	-0.448680888948211	-0.16277206791543	2.32956929407454	-0.286797687313771	1.70605629632426	-0.701001795515595	0.268506937955928	-0.528971411264947	1.33899346003611	-0.00544181241479035	1.11823554532584	0.644163183545003	1.26964217201091
"PRDM1"	-0.751095151814071	-0.923287393535603	-0.0725034294774728	1.65478023940493	0.248908635929243	0.117739794577845	-0.983370585231074	1.17759704140705	0.718402624825615	0.104490143441686	0.191966560581555	0.766160117509657	0.739631804824078	-0.778425754169481	-0.71504287093631	-1.66039650472115	1.34540294509991	0.768724409770098	1.46956453826954	-0.550285437812171	0.742421466717712	-0.824100264779792	-1.15515884534866	0.307806078060675	0.0499291610118962	0.617774080843425	-1.02780707328739	0.700347150695875	0.872971097157779	-1.26354882103272	-1.39330406939572	0.224512857202409	-1.53744762133884	0.661404697447334	1.81448762810565	-0.919326196754634	0.752930095698313	1.13917228235323	0.31163467063778	-0.924450900243678	0.0228747556635538	0.108700134648323	-1.51297185989007	0.810251877044453	0.280720946751618	1.38649835266709	1.32950258377983	-0.907339624152679	1.26157660967189	0.623451021807889	0.944541816201361	0.949938427548571	1.24519034363505	-1.00724816677155	1.26440684563949	0.366412022590302	1.30620034652662	-0.133596981242752	0.902855241647394	0.875255973029876	0.591215657606793	0.702972617169791	1.60724407360551	-0.124318554728301	1.03063095620992	1.44947780450751	1.2390191957607	0.466834928184597	0.712747974619185	1.01015151560773	1.35917099105424	0.626444062020964	1.18406254218732	1.32937513931686	-1.57593808982149
"SCNN1B"	-0.907853589744025	-0.907853589744025	-0.907853589744025	-0.907853589744025	1.29050037927487	-0.907853589744025	-0.907853589744025	-0.907853589744025	-0.907853589744025	-0.238109902744532	1.55753376095406	-0.907853589744025	-0.907853589744025	-0.277634381492569	-0.907853589744025	-0.907853589744025	-0.907853589744025	-0.0504023905342042	-0.907853589744025	1.05664578822068	-0.907853589744025	-0.907853589744025	1.35781379811093	0.843862389235713	1.28102661044491	1.26643052398901	1.31171959077709	-0.907853589744025	-0.907853589744025	0.0594058718073035	-0.907853589744025	-0.907853589744025	-0.907853589744025	1.23810184713913	1.49029341725139	0.0302965605478963	-0.907853589744025	-0.907853589744025	-0.907853589744025	-0.907853589744025	-0.907853589744025	1.45211765002319	1.40507147801355	1.15813489238045	1.41661791726723	0.221528746790551	-0.907853589744025	-0.907853589744025	1.27099118406572	-0.907853589744025	1.00153938857134	1.29321995522373	1.33239807355635	1.35863007772024	1.307955565297	0.605277999293407	1.32077082044072	1.24576714807408	-0.907853589744025	1.23972980172619	1.23658023651678	1.24191673058367	0.293779446410333	1.5944629952527	-0.907853589744025	1.37669424040935	-0.907853589744025	1.59690015355912	0.516701436252386	1.4899417085197	1.24023716595547	-0.907853589744025	-0.907853589744025	0.516213041811737	0.129875134370114
"TMIGD3"	-1.09352073641302	-1.09352073641302	-1.09352073641302	0.501266820128608	1.42959670205852	-0.630856295051335	-1.09352073641302	0.537863416011875	-1.09352073641302	1.31236590295186	1.23024033804106	-1.09352073641302	-1.09352073641302	-0.594638500431184	-1.09352073641302	-1.09352073641302	-1.09352073641302	-0.50495807952337	-1.09352073641302	0.716122619985659	-1.09352073641302	1.29216633648894	1.19328409181717	-0.536506430061443	1.24365550101766	-0.20775299026896	-0.848926339855839	-1.09352073641302	1.32517720940496	-0.756829770853729	-1.09352073641302	-1.09352073641302	-1.09352073641302	-1.09352073641302	1.40037557710834	0.747595250672697	0.707053984630336	0.3782387587219	0.979106224627198	0.217300780544209	-1.09352073641302	0.207091624041659	1.20969694848663	1.22781254958588	-0.382339015959453	1.03855897735845	1.27238896689136	1.19857568630361	1.20616386749166	1.31656495694563	-0.6452104795614	-1.09352073641302	1.21107472059481	1.27543803461589	1.28191637512079	0.0255540015110464	-1.09352073641302	0.969786283494591	1.23178644864757	1.27319341407574	1.27889440145221	-0.875612984963954	1.33488554901764	0.560575980681781	1.24892570714694	0.134120750446343	-1.09352073641302	-0.596133069452073	0.700973202984338	1.22040361219365	1.34921490078105	1.3139801400581	1.34037911327094	0.765667120950508	0.175406539566159
"ERLEC1"	0.645075468046258	0.842869573421186	0.816618832701036	0.630463086270934	0.548761988872779	-1.40927453093052	-1.6536020201542	-0.825785416996977	0.659692000520069	-0.904852506656104	0.612270504089837	0.684877675329904	-0.579482400401131	-0.64418979459997	0.742227953937879	1.01054402659648	0.501615716991368	-1.20422470776433	0.378847735751783	0.269912994167014	0.0192580077504753	-0.558661917036083	0.558196684585044	0.655852463396041	-1.10343949409257	0.74691870421328	0.0803302301614405	0.864183755714324	-0.809216492460373	0.511298131573554	-0.837263251137245	-3.07300767823994	-1.31795050137503	0.500639260845412	0.740628482900553	0.222472518637803	0.499941798214054	0.140318911826046	0.653854333669316	0.640035561980781	0.758538020062495	0.601419128562663	0.66692627541694	0.596793684527647	0.647436475190765	0.642405610261253	0.708295448309394	0.495364159858117	0.617427622136464	0.487132473984665	0.657925428612199	0.635099206803446	0.631784390857214	0.819783365471143	0.691324263896685	0.592890073510292	0.584363091233457	0.807358777926772	0.620029475599004	0.410972520971885	0.422524622681803	0.646372048786492	0.595169044141169	0.487015817927624	0.870682322666761	0.58148350111663	0.624266336436031	0.673608543431106	0.57062510186343	0.820534656600775	0.608052006773669	0.585709065647519	0.811923698127629	0.589868931363221	0.732600462185284
"HNRNPR"	-0.235013550983576	-1.09352285129378	-2.60076891938893	-0.450330231650837	-0.604733640714073	-1.20492654396258	-0.321260178100886	-1.90385347976527	-0.590224323782996	-1.05789412023216	-1.24362434931645	-0.916347846627033	-0.852316032917401	-0.384733928768578	-1.21133047138367	0.41983809047633	-1.35835423568484	-1.09128096570287	-0.35438807956426	1.53741401039191	-1.045534681143	-1.03412538847566	0.910105875555482	1.05540400749945	1.84165725096155	1.15349035963035	0.805673079244416	0.848186271457558	0.924308186246461	-0.145958410653966	-0.417988050636179	-0.972969445789361	-0.804338949926562	0.853445738652022	0.494998815128406	-1.06741131596714	-0.943541870237795	-1.04348480068753	-0.77662001069561	-1.35357123544208	-0.482570549742783	1.274533137705	-0.505535270655495	0.198731961521636	1.48815806964629	1.60153803707336	0.064518465678011	-0.769283071159261	0.384982256479831	0.972309500270565	1.33814019267815	1.30629870412951	0.0272621057918451	1.25599037082278	0.855344625161732	1.67204444011373	1.86271863081964	-0.0496429521417502	0.412381360827064	2.66267806035647	-0.0667823307925102	0.29493426958161	0.622194624377426	-0.104849040600699	1.45965867559521	0.574083124531464	0.894119802137105	-0.870453787079633	0.418665648390515	0.768230709643559	0.329160829889548	0.488815834443628	0.735189807021073	-0.628594006188454	0.524680968916458
"PGM3"	1.16152718511235	-0.864530561641437	1.21021858131539	1.43733859806283	0.681674198275865	-0.898838419337986	-1.05141522024525	0.0316960086292712	1.15003085577136	-0.885656547480612	0.941200796181649	0.0894113425122011	-0.582707120455429	0.0715320305889037	-0.171320960465848	-0.552186587618909	-0.348402206115694	1.24519238162702	-1.30744925467456	1.24989154702323	0.461076662238233	1.12388946878513	1.21794308046805	1.22506922341987	0.0986710682194046	0.508482039212499	0.377845558908508	-0.314424077805267	1.5064525763463	1.18290334008043	-1.38096434247425	-1.76903245701836	0.942712945341813	-1.30882847408047	1.23919225837183	1.188690558124	-1.11036780228021	1.56792633351862	-0.917887302661565	-0.178416958432126	1.53489708910836	0.491878091479548	1.29547737529732	1.14404400116503	1.11649360264406	0.976733553765395	1.02573964300311	0.569233642456209	1.15531498006039	-0.211209140355132	0.653693845055832	1.02646483311403	0.45703875318587	-0.369788949339459	-0.0171123302789813	0.975951560375012	1.19290583567231	1.19532008767166	0.502082401825188	0.18718566291462	0.903581142546497	0.445882093871128	-1.00320911804379	0.345054699853727	1.19079315916177	1.18869263186484	0.154567066898695	-0.346766067610968	0.00290685570352336	1.41271584587038	1.19000142284695	0.0156115634810484	0.59858768586626	1.31487406885392	0.600175967497683
"FKBP14"	-0.1518293835706	-1.00611772509439	1.14904894796587	1.46063587952777	0.648279342200549	1.48578019407269	1.51106023153447	-0.132037490763347	-0.0935913140498983	-0.926485958544838	1.21420260770434	-0.836012405320393	-1.0241346464495	0.690895988321468	-1.05044112204956	-0.956791297866984	-1.40349332089442	-0.0967940693550934	1.48582577520669	-0.329239266520227	1.12473740201495	0.522012506258121	0.639205617454736	1.14664319252186	1.1714267660492	0.892126189768039	0.833067909296225	-0.711149228726676	1.20305597073242	1.46512110970577	-1.38019186843108	0.257598133644232	1.5961822827721	-0.501946502373863	-0.628310702204066	1.42927512733979	0.546861398893423	1.57229270706966	-0.201089773989886	-0.571656831835199	-0.795573597629864	-0.187317564813048	1.13257359833735	1.11432427099782	0.0519681067087508	-0.607508650352126	1.32695895094848	-0.0656373423179697	1.29223787726668	-0.354925497443969	1.36399002168663	1.41670256060249	1.43664339201674	-0.902952103435191	1.1710845745774	1.12985225603307	1.17788144836509	1.11656616826067	0.235610289956094	1.38016198417749	1.07916650094116	1.0663328063701	-0.863572432198089	1.45182160101626	1.26833701395783	1.08902606229953	0.208338265226758	-0.667408444161778	-0.900556113163225	-0.210261979257956	1.12750021130791	0.542683755293478	1.42008201615987	1.19554038932223	0.252076302452283
"SPIN4"	0.303431183473708	-1.17348644386314	0.356521640985881	1.40797352896576	1.49612610124051	1.55878117284394	-0.687351070689851	-0.118413990258926	1.17986390313646	0.849054111403572	1.00505910354369	0.00745149821821249	-0.547657743095897	1.30632154513777	-0.052620434465192	0.477108032350267	-0.738263558480949	-0.26032591326413	1.29679857666407	-0.628603184104874	0.983787598185048	0.745392247506124	-0.0457431514461243	-0.265653105406383	1.35604199985119	0.553849652983088	0.421228754300166	0.505993662055803	1.45390851288844	1.74284193434936	-1.69832474630771	-1.77154434500801	-1.62740983551566	1.21353133847168	1.36019121798425	0.59828451756475	-0.0348923113399674	0.149934288062186	1.61714630107836	0.950235215275493	1.28190554466653	1.59166523377434	0.954313674987442	-0.553226991365682	0.189500618768549	-0.29820102707101	0.109532335734899	1.09108012776243	0.492379671093763	1.14107600161469	1.0357292666176	1.51386064821759	-0.0953289952142541	-0.437999963189855	-0.167370159617248	-1.18271170082746	1.27880426495246	1.34367012662908	0.736648614546349	-0.0850612253349583	1.1654179677605	1.23509064969706	1.1812403230019	1.45173707008636	0.961170947726294	0.514138109906466	1.10675443247156	1.06607098445476	-0.196333538156988	1.44850479393922	0.965416721127555	-0.903675195976351	1.51395576404305	1.26512826415772	-0.174166542344766
"EFCAB2"	-0.183442912283308	-0.843528133997637	-0.535713619946528	1.07270170148686	1.14754497617337	1.21381752506603	0.751474495295502	1.2854246735447	1.35072573944128	1.11270520268307	0.465500001004816	-1.37518244525326	-0.917234925078201	0.0607167579516685	1.18565340024297	-0.498363061073468	-0.952057488045224	1.20216284144228	1.37475939438928	0.665211936526628	0.184217697924915	1.20279485912738	0.999652045819909	-0.994160933176234	-0.462669868871247	1.02020781968357	0.814216469939581	-0.899127758153039	1.26391954151009	1.49163360345335	-1.42898517273277	-1.82558358809671	-1.37156477616291	-0.863025505127645	1.22513993712414	1.2393567999726	0.637994691113293	-0.0277388465659941	-1.10363007635226	0.982596400665776	1.35932869601111	-0.398798060593794	1.29745584920211	0.616907148084708	1.25534338996958	-0.436884597917984	-0.72441771042118	0.738973609704617	0.271450952581076	0.81271613455693	0.753561559835838	1.21777636695992	-0.686676513745808	1.24130823597487	0.956368567322554	0.991927977734539	0.056646430934681	0.992319620559674	-0.234654642445862	0.321939928680454	1.04850454448582	0.533850489828039	1.0691997164949	1.2764414481489	-0.216122590235645	0.309481653078318	1.17351900592261	1.37900277795393	0.569352668436523	1.2895257567071	0.565254981074012	0.649526043525897	1.30271370457091	1.12413007696821	0.04947519721944
"OTUD3"	0.508333533453469	1.6944150976844	-1.13777399670033	2.13149732794942	-0.513235069064758	0.520218402702624	-0.328058270296304	-0.333377365750172	1.77396886618421	-0.930445806230871	0.431827400286304	-0.412543450369091	-0.990008403254851	1.36313289738659	-0.0506989626955483	0.111319470131727	-0.751709394400899	-0.286408023693479	-0.221629829257671	1.28956888701729	1.4208695108549	-0.98240799112649	-0.833521646269025	-0.869434099233403	0.471130194164584	1.35532290079125	0.459531176335597	0.221724911412885	1.52101187851705	-1.10802270818723	0.225935880186462	-1.01762878460093	-0.91744583469363	1.47621030704247	1.29140291585878	1.43014001673588	1.29591081622942	1.2822030815513	-0.855641216249632	1.44738631590235	1.61505533123892	1.28130915082552	1.3552195978342	1.33366477386907	1.49481160590414	1.4695583510392	-0.805788588115574	1.25861689229035	0.626463318692275	1.51207400030339	0.354752171202983	1.28968047337662	1.21793222208006	-1.29232969911587	-0.410685884857985	1.28009699539223	-1.22890456756596	1.37395462373405	1.39501692821897	1.40016967695349	1.27679861375818	-0.920790907769833	-0.437503282668902	1.32343573674596	1.33819091272857	-0.138791558542283	-0.356655414033505	-0.154593557332674	-1.0192607065588	1.31118936449884	1.33486905358408	1.37773321481905	1.37936605826878	-1.37622355233056	1.31937653097295
"DAP"	0.222122709594514	1.0413091953049	1.49831062028001	-0.157670229267495	1.34158770394444	-1.43894841516825	-1.33902494194471	-1.00320568061275	1.31052856599238	-0.825953974051819	-0.777410715943621	-1.17275176493691	-0.287694265403137	-1.33345012773832	-1.17710443318863	-1.1061571954488	-0.834121276407253	-0.778905219015767	-0.806000267753801	-0.664788152731189	0.526338794635946	-0.00501578399405037	1.06987593005808	0.555023923512346	0.344434648487421	0.0140721968947481	-0.166367559635625	1.13375231716335	0.535049989004287	-1.52315366870892	-1.09858148472487	1.72568027946152	-1.23934332154596	-0.613406523001114	-1.11636682965139	-1.32029206064297	0.385472080116344	-0.334806323598387	-1.37072874567915	-0.219949096285016	1.42952528688371	1.22714923000565	1.46190934115011	1.32885643719101	0.345340171365456	0.164495954501978	1.13361222033297	0.079230453227573	0.317039104144126	0.409074735368096	1.12857043242619	-0.249351117337776	0.272992100153167	-0.243375561391003	1.07898661733636	0.589477576784599	-0.143467680658789	0.305537797310578	0.118119506746629	1.20636280663489	0.3919961743964	1.15936203242612	-1.4417323406455	1.35363747972657	1.13033208565784	1.19009468960493	1.1358236736112	0.323260428809265	0.629781492379523	0.118043561900089	1.15761633000223	1.11960422480026	1.25159638260861	1.39933243775498	-0.526978426625342
"WFS1"	1.11776492461251	-0.514916500531354	0.47428381825555	-1.00891432237008	0.218992170696539	0.994853034762764	0.0213008942474483	-0.383392880117076	1.19169509856787	-1.15911031159597	1.09029448605842	-1.08879342598985	1.00963236820419	-1.55056633636257	0.795683430024038	-0.0984341546800137	-1.12176455874662	1.23101914663412	-0.020924715039857	0.979226630387348	1.22936929433326	-0.369186769617705	0.397482429173734	0.107321097114954	0.309300777544529	1.06131124111321	-0.565781226670138	0.478845998661143	1.1867119911359	0.998979903509663	-0.94452567122063	-1.82223154637532	1.4396532889922	0.000345705757266523	-0.328750622799479	-1.12994979746712	-1.19639467376044	-1.33228302291297	0.414563820711935	0.250905873696713	-1.04065638148885	1.16956030409175	1.20025485158634	-0.056013415318528	0.777873795143357	1.00061907013231	1.13572940744494	0.578376034156798	0.605523212944243	1.07505657543791	0.070392522500434	0.429704149989517	1.06981982889493	1.02369503899192	0.640390513156018	0.687628236681014	0.997777164694705	0.0599613451699697	1.13220771419057	0.161291456459269	-0.495025762400873	1.051103761496	-1.19909674317898	1.21067455029038	1.14172750271165	1.00457780780023	-0.0764852348329554	1.19072290352125	1.01133107039082	1.02480385135191	0.793951040123994	-0.0498119562342717	1.31747849064237	-0.124706753831906	-0.64125432402809
"CAPN2"	0.222996850524371	-1.40093781734373	-0.124673190195484	0.303895985451201	0.823372748989968	1.25554323251436	0.623696877415081	-1.28422005484843	-0.605912038170323	-0.401691071099047	0.148917743183109	-0.192480112028541	0.580565695530533	1.23611942876494	1.00822809868115	-0.121327753152825	-0.622174338487611	-0.133929821830266	-1.37184381831804	-0.639886714166526	0.855097480853854	-0.484909711130309	1.30976653849343	-0.0457577314281112	1.36510498634532	-0.218423490804997	-0.150696898273567	-1.12477181463951	-0.329849833455388	-1.40364220881679	-1.4270621845464	-0.193535783139086	1.22952394405303	-1.28775279152519	-1.07843783218924	-1.00906589840737	-0.569193030000454	0.901234647404002	-0.900680490405232	0.701680179457926	0.483780927506966	1.47934177600087	1.61973160543591	-0.387545383330484	1.16042611829118	1.12512513802165	0.68808292387675	1.39364590692883	0.954218467992508	0.599504984572961	1.01986135565689	-0.125142832605276	-0.67678547340521	1.39872376787401	1.01877089717574	0.664052188902788	-1.02021680203963	-0.631524849177049	1.00603519667093	-0.0630997328063651	0.874940438495445	-0.314170352241461	0.148776982043785	1.57033269056815	-0.287134753564476	0.347705261900896	1.21545052586726	1.7480010075155	1.23456267849953	1.47856264718454	0.539947357219546	-0.853227463385426	1.49376590055236	1.10284869893965	-0.703237932524897
"KIAA0895L"	-1.25468070229556	-1.16645661435238	1.33584276234774	0.381653076914166	1.28160656573962	-0.710192722469416	1.27352453257346	0.125289354019608	1.30630001640981	0.739299141640853	-0.486360660280843	-0.352753119444732	0.238787925068294	-0.334390965949863	0.339543208662684	1.51242533135463	-0.841899742280907	1.46236197592952	-0.934295215711277	0.135608125440111	-0.712664960742254	0.523173090755471	-0.430791450033776	0.105025873337689	1.26030654716748	-0.905288896719166	-0.80362282052691	0.800361460150665	-0.133891820925309	1.33153070168617	-0.336614765986748	-1.21271556873465	1.80565367714668	-0.668840059976681	0.0976318064640534	1.48745634503146	-0.862231962624902	1.23828855810918	1.13273912514865	-0.398521820145367	0.205016778069617	1.07421918760328	1.15567538353595	0.129111233898502	1.27275691780082	-0.0928756967941861	1.2889782977208	0.258231501877322	1.19962609105432	1.22510291032756	1.18296910327292	0.179138532913047	-0.153090694613602	1.15029669830668	1.1141021645198	1.26381609676499	-0.0905108002083969	0.0339455086735224	1.26147799224582	-0.283347235755278	1.21279350950525	0.53567306985998	1.24796030606082	1.42086966391852	0.347069516830767	0.479856971149825	0.288595517182044	1.60572835699934	-0.898521619615656	1.12844069938797	1.13596667628773	-1.07070363018713	1.24857713997133	-0.373957668993135	-0.657827756512843
"IFT22"	-0.50253761724914	-1.02675159573819	0.0842148026952116	1.34660505661552	-1.09671663507584	1.33679836626579	0.177690718103588	-1.35512919541485	-0.889781145844614	0.0417360035712096	-1.20264491028377	1.38851942909826	-1.01029397756491	-0.494874921722622	-0.748687138877002	-0.514869051822361	-1.57624619371849	-0.614953977215821	-0.821143812137058	-0.776434071050044	-0.572138439189787	-0.30074301650155	0.293906294817694	-0.359826476020127	1.24307095761566	0.0567015188302188	0.0798089273870982	0.371453464979613	0.0947713012841529	-0.564197441415887	-1.40542174870029	1.85765144110976	-1.5855758625631	-0.0902398905681776	-0.766028385849086	1.26246233284001	0.227766097344379	0.25669909111587	-0.38350831163398	-0.0895666012126684	-1.03404745104631	1.34431994741606	-0.0936842182452784	0.179000846199196	0.105874573522597	1.25231832617546	-0.151389893604857	1.38946574359319	1.34682927616359	-0.302272534832017	1.27152773289527	0.192647205346646	-0.280844671948975	1.23397200035367	-0.455977586377404	0.385674826748403	-0.125632019668642	1.26783365067413	-0.175056229084696	-0.298307954226862	0.571306832442377	1.34834027959227	-0.497261503743869	0.39325511812953	1.35054605352767	0.26196398150432	1.2796465302627	1.26329713574714	1.25430392617493	1.39095208986529	0.339736069133636	1.37461873579618	-0.236990909708856	1.24094949992146	1.19945287633571
"ERBB2"	0.626475535544101	1.02084626610978	1.0984607727553	1.20893809496666	1.20594047203609	0.781140632094714	1.04087694300244	0.150303429694433	0.232742679514882	1.04776867910918	1.34231495781121	1.23599453207003	0.686037417830486	1.19290186127907	-1.03530290160279	0.678256377020621	0.996395654732424	-1.25428574363177	-1.39017095900739	-0.88943993303644	1.30324391748664	-0.121012996606159	1.14784577912078	-0.651988553149617	0.382680037621578	-0.956930223449449	0.237370306265289	-0.137264414833555	-0.39773405740172	-0.213361630612491	1.14707716451314	1.19620712780656	-0.68801597477396	-0.498356227524411	1.14263039212423	1.29170364911872	-1.35090740061743	1.32452392497734	1.34168317040161	0.164490454044965	-0.824825209026722	1.31621337466732	1.19980623495509	1.18246443525835	1.19169879611687	-0.93383969542886	0.368869999244487	0.12583645110827	1.0081386488617	1.05112374918292	-0.106253892256429	-0.0284732016027968	1.16626075272705	1.07964070184627	1.14980245207364	0.0122097226786124	0.350742952822315	0.237293275471023	-0.0773014108155028	0.834793395689583	-0.291187354994121	1.20625374104638	0.803137689484825	1.39349712328602	-0.895849621706703	0.564044337005218	0.692448954392177	1.37416783708467	0.306424060545351	1.2808491690291	-0.764376322048979	0.212745163159965	1.27793601630234	1.15078749719878	1.0667534638242
"ZNF333"	-0.521547184385327	0.821065064913394	0.882613703782735	-1.47960724853055	1.26043304319946	-1.35274991507133	0.181772582285702	0.959757042296973	1.05795793193906	0.995115424439611	-1.01278462754079	-1.11960932616741	0.978807888076318	0.93123358271382	-0.530450213483467	0.990774663361441	-1.04154318153584	0.130517843779185	1.07769287670894	0.808640067376063	0.990023943748844	0.900150918065807	0.970222457679381	0.554721933582602	0.40390553588491	0.434612001801085	1.18974714506863	0.180719815226602	1.03711921440929	1.07673315164941	-1.4454729926728	-2.46322758074357	-1.48680329805934	0.864447044767916	0.996826567004714	1.14364482466045	-0.761121243491179	1.04722424118167	-0.498204649994938	0.262243570226265	0.80552188773373	0.92335630646987	0.998851745920501	0.776571781439474	0.681214118575045	1.11557861924217	0.430802382976315	0.187211926260627	0.979488896136662	1.02173134969201	0.952254110298722	1.01936851231959	0.455856335038704	0.401079791275764	0.992366714696382	0.834475967042829	0.870232232530402	0.629176037941722	0.468874259491344	1.15192770276527	1.12140143540868	0.294579212564424	-1.11449882176011	0.392011613436221	1.1254158042484	0.894009615716272	-0.0914258134605811	-1.28122146602097	1.06141000000781	0.965019028821541	0.0835953556233819	0.30016703543831	0.468155950765105	1.09254684228774	0.29515249510017
"SMO"	0.15793699106699	-0.691794392205674	-0.0870902791099702	1.30610714275861	0.409826487173992	1.28115533152813	-1.20834584809248	-0.487732820614177	-0.288419678175766	1.28509945606195	1.33953980356408	1.34633328243767	-0.101242035412502	-0.878371942476511	-1.02022968750159	-1.83545612891738	0.518692789668056	1.23929525663161	-1.08417633499183	-1.10231565475986	1.23653036811994	0.391763514985765	0.431267852896551	-0.920656271960313	1.21598349905388	-0.356334072106174	-0.381712243823248	0.681342577372094	-1.00473908963402	-1.16532163536008	1.15233515705729	-1.65356643026583	1.54158880207657	1.13217581804067	1.08792835579148	-0.48128654248197	-0.550746223489542	1.221038939769	1.29658824046431	0.30563866793618	-1.1388991005683	0.552717666913753	1.23200592096075	-0.154309429226499	1.30211102816149	-0.416442611412148	1.14293367306445	1.27598899710865	0.391341025520469	0.500688544542494	1.25931962839197	0.775525842505174	0.515752364582786	-0.0242849753548856	0.231431277619743	1.25729340531432	-0.161480119274289	0.642498900664311	0.493813639266612	-0.143329351336622	1.08573228050532	1.25120273442989	1.09000654118658	0.582133572220822	-0.385142163866894	0.117525445806741	1.23258522447007	-1.14823027216446	0.325880139677234	1.25208716495852	1.22201330482851	0.547157852847388	1.27109761788199	0.117849476001503	1.08544371915104
"MPP5"	1.10275793532149	0.389642486960098	-0.308500110144225	0.689157263321193	1.06362449709213	1.54247011795348	0.0267014392374662	-0.121203101271538	0.143497765014382	-0.0699928531087507	1.14995026779235	1.61970720365362	1.21226195481748	-1.29438142451222	-0.992341547381792	1.37627662126226	-0.995480390817829	-0.358274600699621	-1.06683801141284	-0.149594968072389	1.13380651955565	1.17955252352595	1.25927283074129	0.100537750157118	1.36558490111298	-0.665919279173616	0.326429757356323	-0.0847644035663974	-0.0552553394020839	-1.44457361520941	1.70465553710598	-2.13827471192118	1.38879925497848	-0.277431549381824	1.34074413586393	-1.08139615733221	0.133826234560292	1.44265586310334	-1.27768635433356	1.25986768937945	-0.105973788896189	1.44204200615023	1.33908168793641	-0.0931878591718763	1.40295790133141	-0.55560812455582	1.18087464854399	1.1818703337844	-0.436751306572595	1.04415859578869	0.353477054197893	0.881447162278199	-0.145165522452878	-0.197828501550514	0.21739642633409	1.07181386343668	1.04353935875582	0.64553473867903	0.342699512339371	1.25191269331434	-0.0535681029059262	1.26847385277517	1.20537489816992	1.31053933763701	0.783040007319331	0.292562235800899	0.213439032792836	1.15697218047081	-0.333941087399308	-0.130150434835196	0.170044858345099	0.263330838927357	1.33633180737143	1.19864613910936	-0.437878658971177
"RGS16"	0.165377186003288	1.17926578480707	1.08636950073103	1.0536407876734	-0.886847040973636	-1.03404979899629	0.170905205871717	-1.20124382308023	1.30089398134483	1.01233080829161	-0.87865222903618	1.10139035358884	-1.42359031259251	-1.38444511647938	-1.32966777237104	-1.07303004718338	0.524271926566082	-0.449064553970679	0.0141431623509522	0.200550312628785	0.124952131549023	0.23843243708762	-1.33862090252019	1.06063436788996	1.0965733197628	0.48307127461839	-1.12603454763084	1.10018867115107	0.673306810760487	-1.41209244789843	-0.84203960613163	-1.62528338023605	1.4571574729148	-1.162074577292	-1.10217223932627	1.19722119290378	0.98822521739131	1.07998091367529	0.268494031501553	-0.666387218668961	-0.354826189749472	0.957447074401172	0.760123206517701	-1.02796068950321	1.42382674579033	-0.58074734083195	1.25976327989605	0.246151982928684	1.27977522503935	0.369376656459853	-1.03534892120335	1.2155991769327	1.31570774144228	1.36730993212303	0.145735037989914	1.01538836792379	1.0136754360568	0.651437078160272	0.818703926410795	0.349185378556737	-0.455227710104342	1.26060663626859	1.11106160060904	1.06849685472234	1.06737510474846	0.440314714961854	1.08259073613574	1.26342730205804	0.0231507061950197	1.03983130012757	0.635485857121029	0.205319281887657	1.06616647861209	-1.38369145622872	0.134419951280566
"LILRB5"	0.0794414550785963	-1.4518692280327	0.278452743145219	1.14865941153424	1.52918085655725	0.688059519284742	0.0772486013176128	-1.29607300809658	1.33371324763608	-1.12044187126898	1.1493677503319	1.13041190918944	-1.44459180252846	0.986244733163409	-0.789229669126182	0.0481908713673345	-1.63294201686606	-1.21751535998393	-0.513535172757699	-1.16645008750814	0.594388645037944	-0.211457439870228	1.51541999011213	-0.383423023663658	-0.432835407403674	-0.261273478274387	-0.139649138450196	-0.448265046146912	1.48317831355931	-0.385772045026899	-1.03741725523592	-1.60868955797555	0.565972618404554	-1.29687540167341	-0.54470234866948	0.165180429038123	0.719351829623553	-0.951579938143258	1.2301876050769	-1.01779161950436	1.09109622776888	-1.19472432616835	0.947386807493886	-0.129444795497316	-0.467047194794972	-0.228027226257486	1.36930513949792	1.13761786684513	0.68571169448902	1.01237810221565	1.22416885882891	-0.139391988590238	-1.0523342570501	0.152622597739596	1.26793432552472	1.10215924972803	-1.18000563855961	1.55759473759373	1.12819486574567	1.08934648293316	1.10626102349766	0.902953255191845	1.08615569681786	0.496667458246835	1.01381066104881	0.750936346268456	0.311993925671067	-1.369359760024	1.12916903395269	1.11038692404991	1.38831794040768	0.9435720379659	1.3994834252307	0.553028220359507	0.982171426779785
"KCNN3"	1.03773163453547	-0.156103536371243	1.11850875101655	1.4445797311569	0.875659820021813	1.30711616861856	-1.15973268866233	0.609884693817708	0.163273836558339	-0.401794081237367	0.750972255795784	0.204742873537682	-1.49086357657948	-0.528217079318375	-0.593483892153143	-1.3169397162446	-1.18924498188688	-0.162447353900663	0.742819651799552	-0.0974139836666222	1.05688823642602	-1.1508686076317	0.087825394328936	1.13203092604447	0.0180864738567563	1.10976682408781	-0.89249274784908	-0.287946359791569	-0.252925438840644	-1.32912861103655	-1.59810181166576	1.07995184802212	-0.731665686593174	-0.8278149281819	1.29546006289454	-0.364405035314271	-0.971766193949353	1.13064066304812	-0.745766426445251	0.835511837226135	1.13915486727917	1.038030237176	1.36538176868978	0.967393824662169	0.731893278374901	1.23714496558168	-1.23885375561052	1.3345084718625	0.622905578147258	-0.326124337780608	0.900817389487937	0.999353490401662	0.122270899657404	1.22247129592294	0.68184454998599	0.296856688676862	1.25197940625897	-0.0749575401324135	-0.165045259041985	0.527603130939746	1.01410172228258	-0.250432387878704	-0.781167122178202	1.21762080337271	1.13916340118625	1.43221589271061	1.37282525912514	0.386773128303583	1.10302827487515	0.664586634093866	0.996432576670331	-1.23484240806706	1.04379286265459	1.10687639826467	-0.640296602459916
"TRIB1"	-0.911302036218503	0.928868773983552	1.00764072430932	-0.194138278018195	1.05052729377366	1.27947643510309	0.922597352584288	0.522530105686694	1.22139593336487	-0.248242132568795	1.25694418721644	0.39130330592271	-1.19311567453848	-0.371345245845805	-0.359949154559349	-0.999844380278025	-1.34262212989975	0.763819862590601	0.190371930694935	0.193831218514713	-0.316135289697137	-0.775266327180243	1.20604520034572	1.05368119571848	0.181816536533664	0.583826993630437	-0.265992423928242	0.451186349035548	0.490433142320798	-0.0647949849097296	0.783835168621253	-1.41033788251558	-2.19993018935639	-0.0815509111673083	-1.14257974272804	1.255939038813	0.0734025007196222	0.45788815237639	1.23668460085978	-0.782774056892173	0.620292962616257	0.146653485968889	0.148199619895698	0.252979564229446	0.614786188297816	0.0310984685923426	1.10645902287631	0.205239748586539	1.07552323761988	1.17198826506204	-1.10816852211613	-0.407350526166892	1.15517498103623	1.36798651353675	1.21786541427195	1.04956038013158	0.839365389096941	-0.196019898752733	1.01481146707435	0.922673257060929	1.27934579985311	0.476926874983478	0.375064374181058	1.07698975423467	0.776157989436906	1.08629335942702	0.932570500228304	1.22819543921842	-0.975586862887619	1.10682231905468	0.809725102284848	1.07767143715223	0.322792383181658	-0.657419756072368	0.526980689802636
"FAM3C"	0.727703101809091	0.94080514082718	1.13664825860714	0.566344734648961	0.609321158548268	0.573100599940331	-0.192737361287268	-0.125798975454701	1.29581370433932	1.12366008794663	0.698195653785721	0.39555588734828	-0.508627452403656	-1.41766623280824	0.703444680736318	-1.17856448265542	0.688005067253649	-1.35581656557921	0.655817483152579	0.522773299871735	-1.38327873757616	-0.921437287685188	1.08432728737996	0.94403099387494	-0.713945008925908	1.3078111520163	0.649250474362721	0.174222639542095	-1.1828191371386	0.801475503781312	-1.56146312777964	-2.31523223450047	-3.00412888561862	-1.03815199374144	0.0572797589763286	-1.80808461711052	0.416499850728355	1.21183702765032	-0.133899036348023	1.12188024284839	-0.850434391209393	0.407594824110087	1.02066892824825	-0.83026835301916	0.823622132092584	0.950509144680769	0.825022836631321	-1.61874201547965	1.27604071012269	0.229292867231941	1.0152012091777	0.919977879428717	1.05263839400384	1.08844285106833	0.583022555555481	0.872874640928877	0.904505308829635	0.477066572840179	0.369733119765349	0.931683099707895	1.19252858737695	0.451568472022648	0.423985719813931	0.328401154742223	1.01379207704116	0.257538933624323	1.33442897915988	-0.530269162150477	0.744025877797594	0.679485396893291	0.0726316268281193	-0.0289068374745679	1.26676426286747	0.891568281368175	0.633602646022343
"SLC26A9"	1.26636397895412	-1.10221724339051	0.423488242304663	-0.231469535233076	0.114361859816504	-1.10221724339051	-1.10221724339051	0.411372129439573	-1.10221724339051	1.21600194083977	0.824689644991154	-1.10221724339051	-1.10221724339051	-1.10221724339051	0.214044718364679	1.26877423647555	-1.10221724339051	-1.10221724339051	-1.10221724339051	0.277360371382481	1.2131240996224	0.830799142454541	-0.415499984686533	1.24673909718037	1.24286177087351	0.521117829614569	1.31545235225232	0.790239038958416	0.445614033113267	-1.10221724339051	1.2516428889883	-1.10221724339051	1.33712275326901	1.2767096357741	1.36360416015365	0.364128675399624	-1.10221724339051	1.2711278451832	-1.10221724339051	-0.0180934774037743	-1.10221724339051	1.35241745716411	-1.10221724339051	0.0380100273043538	1.27152136602795	0.77348057208973	0.910354462093776	1.24340415370476	1.27450156642951	1.23516130691638	0.616336247559634	-0.296203826669947	0.665292837428111	-1.10221724339051	0.244870167626735	0.722505241803901	1.23521919288293	0.348803892184893	0.451228584474341	1.36602318644441	0.918554065012034	1.22821449291236	-1.10221724339051	1.42356131400499	1.24991907575321	1.23849146211888	0.502249417807026	1.53233404526471	-0.428986335789383	1.39493321539773	1.31593866491914	-0.688351600811611	-1.10221724339051	-0.0504516104558935	1.23210127505904
"HIPK3"	0.96019855777161	0.927149331244922	-0.115539064124904	0.935591150293425	0.961666983355098	-1.37093621036308	-1.67110331719309	-0.669398045525793	1.09593828913271	-1.50481106989986	1.15922658883212	0.892623991645097	-1.21024731142138	0.574077951702606	-1.52786034569458	0.400721128778711	-1.09034509653366	0.660123951822303	-1.03910139627698	0.406765457709833	0.875480006832923	1.13829122651924	0.904440872812819	0.70856247831201	-0.0144568781323964	1.12265533205345	0.285285864639983	0.0628403783097397	0.340558724914811	0.759997234087125	0.898153579407961	-1.96934165267912	-1.35092495488913	-1.44051940857787	0.782007849006427	1.06089556596114	0.22226515829972	-1.2235232825878	-0.956963868701086	0.838141100541897	0.919800708460179	0.862449546625681	1.02790684226255	-0.607060404029971	1.00130806136616	0.525213685967611	0.969201090750036	0.98266448500951	1.16711163995555	0.833104687246188	0.856164893164689	0.384241154345321	0.816295396220852	1.18151182558213	0.359490957742257	0.953680366061188	0.914126582676844	0.257512005609708	0.219237298677965	0.972424269606119	1.03395316710472	0.950535556666945	-1.93931671611545	0.814261729779648	-0.77590279515955	0.917566403052882	-0.578346881268242	0.809775857413659	0.857078333347675	0.932938120333554	0.852424237730823	0.758401300040412	0.847731541571087	-0.191430453666866	0.878327594906201
"RNF103"	-0.43038920768887	-0.152377489939817	1.14674993342664	1.30804307416603	1.39815766208852	1.91952284715248	-0.113128235310715	1.62560469238297	-0.541509359283172	1.51467597848761	1.0010689679654	-0.562510177131686	-0.271762344768721	-0.343718745682248	1.14757538061312	-0.181855040990087	0.201829784791922	-0.407371688794642	-1.26678592017438	1.09343763688704	1.21218717443129	-0.721192980044097	1.08023319350946	1.04920931382306	1.11746826094262	0.935945008045167	-0.51977816886121	1.19261761530354	0.257186610658858	1.50469423272991	-1.04501968972728	-1.60829050216021	-1.13524112474045	1.23160711279732	1.6237512890644	-0.423789556918895	-0.452678261108236	1.44019494098013	2.01544375840292	1.17050505200019	1.48062533376573	0.0794353832087912	1.4137842768618	-0.252774997827369	1.30926875419888	1.06876931769283	-0.30688712527241	-0.581217938414152	1.0044611668123	1.27984817324685	1.22862584896925	1.13015934038172	1.14273197497872	1.38132290334859	1.26951099050151	0.0802157437117971	1.34624853819146	0.38834114596806	-0.655163924418927	-0.107864052219063	1.09388477416623	-1.31986150957198	0.564151863812508	1.28940689269647	0.0549244681076664	0.424768318787091	1.41920309064361	0.139792017026555	0.545582183186262	1.53815166573638	1.18503235832946	-0.140283480174998	1.18849093611504	-0.212822592300778	-0.16073384069415
"KCNE4"	0.0943552435730399	-0.177537883174447	0.153877118534955	0.720226683028353	-0.242581210232623	1.36940450759304	-0.067195687726373	-0.520751465785672	-0.865100243039225	-1.1765343387467	0.276911494763103	0.203929623000048	-0.680499976995085	-0.458397505025034	0.136064335201395	1.28111371170549	-1.43950884880661	0.654291932892193	1.04273590355406	-0.165377428688314	0.705773722680563	0.210259517920091	-0.00490417239939949	0.674891478189997	-1.02927933133394	0.810698156466534	-0.896104113629629	0.71741677166129	1.13222887124963	-0.28398388541249	-0.999067409272811	-1.65200527228774	1.54678188859448	-0.995196556245059	0.930353344179868	-1.00599004538053	-0.112948557163014	1.09781677243615	1.00161396434403	0.0704470618735877	-0.748513535314559	-1.11045996976615	0.777377244701225	-0.179901991952503	1.25337845730749	1.06568753144975	1.07374660984336	0.780772057929322	0.975777287732255	1.35557206854742	1.37620272166474	0.249419345139259	0.0891726515533704	-0.216366266122669	1.11972735617533	0.251900725988547	0.870198115461996	0.867429523940747	1.07429756643245	0.919257077443242	1.29188297241333	1.14553314530383	-0.785830195534316	-0.77723254628814	1.09772359174177	0.981456864411914	1.07847149156663	-1.00129290926226	1.14020285171518	0.211543845313375	1.28826242602262	0.0856314682656803	1.36719967623532	0.452229554566025	-0.511978903555401
"PREPL"	0.706221087077324	0.0656783473525259	-0.535371973308433	-0.0672903041658927	-1.2541338684928	0.852733241001778	-0.174415002415665	1.47379814572278	-1.19825712564058	1.50951777142058	-1.0769574961895	-0.420550340405246	0.00555791008848846	0.0930048192192135	-0.462647891121467	1.25433735828716	1.54683216739701	1.71246219144258	1.45546071608581	1.27177533750406	0.253063064335316	-0.49590018215577	1.39631361832596	1.21737022078902	1.15674967439191	0.776512267649502	-0.547635620538692	0.0102239509747089	1.29593995466961	-1.07702894323588	0.205343843941206	-1.32380480674661	-0.916559525346836	0.779934290642722	0.3705273211285	1.14030151901255	0.741249021835737	0.317604493782534	-1.22866366090168	1.27539991195459	-1.34932004130037	1.32466887197622	1.34937067787591	-0.51810192363652	-0.0411223233486797	0.0852943832265246	-0.0911933544026169	1.20809263410371	-0.243684965648709	-0.542052734515083	1.21102430999187	1.31540594622984	-0.443828870252961	0.471808347064841	-0.803131455215575	1.26772909001304	0.610491574719309	1.17696499934214	0.00978642350236725	1.00491352667175	0.32342644017067	1.2589227362963	1.24631605421323	1.55625474965775	1.19812640890399	1.21359836785414	0.304109664943629	-0.357600935204333	0.87836302360775	1.28969206902651	1.2582808309084	-0.411450464340722	-0.0133283793145294	0.309587624958058	1.24700377225546
"IFT74"	0.47004801647178	1.22710361522789	0.236485140392423	-0.80860072080512	1.17892298965956	1.35852800174874	-0.21815628479458	0.395972303846314	1.36462924076256	-1.2002828336709	1.14155311250426	1.23093029813652	-0.142753471422984	-0.298187538578429	0.461696129475461	1.19900858773033	0.294989462329584	-1.14322868817216	0.753589976743033	1.13484675873706	1.37185740214272	1.22703962142343	-0.490541046450185	-0.147225585327225	1.10584985560925	0.374512548870471	0.0840660335822827	1.39731445172607	-0.0491498752174359	1.62943948633015	-1.61808345747481	-1.71696531935348	-2.38597486218922	-1.12038821845211	1.07178356975877	-1.27315341822618	-0.821458622893875	0.0936001519409471	1.45349119896021	1.28009941107149	-0.717908544678463	1.12979346820815	1.1922228793461	1.20018825572734	1.27686633517237	0.532826245947437	1.26529226462506	1.21061809819947	0.490726576147619	-0.204505165182043	0.491542234716184	0.486911389094483	0.397104793404905	1.18898562253452	0.630420456276526	0.376230319376336	1.16569557551199	1.28553148530272	0.545222110546296	0.468700822686797	1.18738454627159	-0.0955117568302166	-1.22027869252187	1.27943600319425	1.21815694497308	0.571912846480717	-0.866413838834003	1.05958989191845	0.260504894793167	-1.01065891590593	-0.058313586818514	-0.0948032574781421	1.27034634211245	-0.0913324401347238	1.05402905869901
"EDNRB"	-0.226885688124942	-0.869769399167738	-0.753997711614346	-0.228447828138409	0.189369467645229	1.24340428216926	-1.29357754115869	-0.545401975596896	1.10171429969211	1.17282953031927	0.03704148373979	-1.2099026710081	-1.67113068181327	-1.2233842528497	-1.15408569552468	-0.732927714284819	0.150806746369577	-0.915372168500543	1.24406625571268	0.336531702221343	-0.688571454536655	0.363249034336403	0.475790414864158	0.422058731728542	-0.764063186037568	0.850599367138205	-1.15907616650582	0.524489176445592	-0.0435940354734508	1.19389453332974	1.29006986745954	-1.68586173823223	1.1757493810603	-0.0647458862181122	1.16662956692121	0.388146536668367	1.21241213389168	1.28786219012256	0.403257189558938	1.18953477997426	-1.0787368412816	1.3799958537215	1.09578111102925	0.865875700348322	0.630132818456329	0.609177975277234	0.0470228462368851	0.373700102719182	1.0750348392964	0.322993412283467	0.464230140844739	1.14373867045474	1.13752396129762	1.3868513533873	-1.14500347262993	0.214038406625994	1.20011026911761	1.05342801612578	0.0231417017904295	1.1714439507168	0.314448974378797	-1.26531207361269	-1.35129318676482	1.51034527747965	0.326777668303772	1.17510100538709	0.27752436252359	1.38069988305832	0.656245463216208	1.26990225060059	0.219989436605643	0.728687268799064	-0.262098095491727	1.04650799025363	0.460034826200137
"SLC44A1"	0.385173264465126	-1.3811605702515	0.659090313933532	0.709998786655916	0.624560081380964	0.224854164664484	0.567828056463363	0.114577621096624	0.268791671841659	0.0533411067512476	0.947775264968874	-0.811471570563148	0.484226650526373	-0.862566567821602	0.479376211661467	0.954535164216445	-0.828686267823298	1.09151815912777	-1.14172776488115	-1.28623220051423	-0.121534663970041	-0.574008326129925	1.93210396545737	1.11882554835705	0.703153498746791	-0.360269462687099	0.190763575060582	0.445825012433167	0.422598920637872	-1.0773344782441	-0.843941889542827	0.0576273043509318	0.0492799052019479	-0.703094740500015	0.389622896916827	0.464928440050051	1.23132210532287	0.943034516119684	0.481852698835712	0.480812631405143	-0.785229487118539	0.744726608055256	2.63436369522527	0.456251696232374	0.29202873234254	1.10879996054317	0.0892419159120913	0.458770273100238	0.555241829358858	-1.34450873478829	0.994933580442631	0.901627959284108	1.05316470285833	0.40902966363651	0.0987578678475845	0.0126734429358798	0.266167889026868	0.107540616246883	0.474197540670887	0.175070599454706	0.686018022974015	0.801952750470743	-0.499281016186773	2.0250584494625	0.0769497592422343	0.816770031249114	1.72987986588294	0.459169692673989	-0.207842882120194	0.537785053810713	2.21157975523256	0.0720683127556686	0.258793894687774	0.478828372976872	0.574037846503683
"DAAM1"	0.928577928297683	-0.0676019683602139	-1.10825407437438	-0.567108381425998	1.04746321102414	1.67446439822222	1.02534546097851	-0.966724186432108	1.45487000561296	-0.408949958319247	0.599902465868468	-0.307113314168516	-1.22914596591923	-0.89729731014263	1.12668576677264	-1.2183503313309	1.76014319390112	-1.25882179424102	1.53368874403794	0.329836000757641	1.23114220970559	-0.364461021739813	0.17504908262307	-1.15427103493352	0.877872465425643	0.868082790698415	-0.987754693639289	-0.0781929496597447	-0.0835759294690293	-0.634882019515595	0.46391310498806	1.50572547193234	-1.38649003424791	0.986321978480614	-0.541346930209127	1.48608657129427	-0.801279378193792	1.63298506736555	1.57536751567383	0.243558505726199	-0.352506273854992	1.1424569953073	1.21430624987664	-0.924339351735537	0.879675959952009	1.08129245125644	0.0587019448887613	0.519235979255838	0.312879691543945	-0.363440142127323	-0.0147236159410518	1.22043441619471	-0.939971867928537	1.58586024631575	-0.600389383392711	0.862957710988241	1.5498287075951	0.763422657476595	-0.168265024136039	0.941887569674149	0.932723438988605	-0.33565356220286	0.725161991293568	1.3645113847821	0.735012324609633	-0.0870799985246107	1.67710089595228	0.0537443559840207	1.10241092890924	1.54132847386318	-0.413587469238982	0.95595476271705	-0.328914579981966	1.2761099364079	1.10884254797504
"TRIM3"	0.0402392495668654	1.11029867499784	-0.390974736117408	1.24004846594656	0.688340657105406	0.445874892540034	1.30482105271005	1.10154585908878	1.4149695590431	-1.25726515675702	1.20034041429967	0.222504849845198	-1.06729440312754	-0.931955787813897	-0.0379806368941092	1.39561864552577	1.42844238077407	-0.94511363132376	1.51366362001235	1.2172575763864	0.866161877934645	0.471744872518675	1.08736104153126	-0.40559438487809	1.3807122805656	0.323666775839448	-1.20200942426713	-0.0486552405142885	1.20957151575139	-1.18959634288175	-1.36187583994178	1.53078992613393	1.46842808950847	-1.01647394101308	0.0950455449644241	1.37360760872372	1.037168980299	1.18638194721656	1.33208793288764	0.113303740829007	0.482832185765818	1.13730012220859	1.17181628720724	0.283562263526766	1.1441098200348	-0.82870252327327	0.633686746017675	1.09681064094066	0.623802798862671	0.131243930373591	1.04398371621795	0.528766162490859	1.16054500046196	0.00815838714933577	1.3766637226582	1.15981892632529	-0.24081386608852	0.701422867786009	0.703145017081952	0.277025619839449	0.559819379380584	1.0792043084124	1.33114343009011	0.836291219150696	-0.0565946572597876	0.113127850705914	-0.433842115592222	1.2147302907366	0.123672427396517	0.0986124148328397	1.45730380454661	0.297495859137287	1.44402407978031	-0.0666651826259837	-0.701393549732453
"RALGAPA2"	-0.483507135042966	-0.180291718267453	1.08650334392298	0.261776267462583	0.945201086201168	1.14006322100381	0.997919980031299	-0.591521274313276	0.9725669675887	0.471326541482365	1.08939762073508	1.25189032835615	1.07631535158165	1.14667094567668	0.487043346011643	1.03828094916813	-1.46733300437338	-0.892677416732802	1.19722241353904	0.150819842750044	1.28226868105005	0.358207713383265	0.16261486695078	-0.0676876868992517	0.881888582639953	0.414268945864995	0.645290435089318	0.210103390413644	0.175355361907828	-1.09123125011854	1.17672729534742	-1.57603622161368	1.47490867048953	0.226823596078987	-0.728524095892234	-0.319588768340297	0.61077893366015	-0.777054307364916	0.387913388946634	0.958846838013129	0.231705159100623	0.420895065005826	1.12423718914741	-1.29315145879723	0.999713810523186	-0.74006269920114	1.15224144110637	0.24638666943683	1.24114636056457	1.01169790761532	0.29010146422019	1.01912672248869	1.17514751379556	1.4093494100295	0.968291415012284	0.989931482134275	0.776064854506103	-0.342620911696241	0.430124170845115	1.18172119195606	1.01949744062098	-1.21307812623483	0.748841401380074	1.36521648170971	-0.121927623897959	0.951978163319506	-0.874129895251507	1.51507531323171	1.07692608323821	1.04985806993471	1.08129522275254	-0.294696244529145	1.19832052720812	0.165313294625305	-0.386037828125725
"ARPC1A"	0.829971607114601	-1.0428975996214	0.019152752435647	0.318063687631819	-0.221845938513602	0.268121930451785	-0.886906051862985	1.00850535344786	-0.529930571383042	1.03540544281577	0.237651035368396	1.14799394777938	-1.20174771503557	-1.07556078378472	1.092013420797	0.155487358209978	1.05531859241468	-1.17824212394923	1.19402509182809	0.60682930197547	-1.13455068180436	-0.0829211323555044	1.0724390868184	0.302521811286724	0.982902644105795	0.873108032223923	-1.37604242917015	0.882607117654488	-0.484283020399583	1.63679563922409	-1.08790639108797	-2.21059009209113	0.395240783238984	1.07091815767956	1.29548806902764	-0.992857188765277	1.30778986098534	1.51013349134346	-1.31131765636218	1.18214134046648	1.3500714170517	0.184076225652235	1.116653459041	0.34479706970758	-0.0607046787265334	-0.00968366186649728	-0.0226162770023542	0.576144470678913	-1.07802670986978	1.06369042456925	1.05538317295909	0.650681293560221	0.218740592631251	0.993503215745958	1.08055227373849	-0.912339275956186	0.983771078879639	1.50488810253144	0.113646707491585	1.43307467968581	1.06585908559651	1.06806729129145	1.15939052930166	1.07760346509636	1.01316522112059	-0.0601793746216311	-1.1358766113771	-0.228920223974499	1.07551231600453	1.29327375422647	1.21233042402449	1.32193288048909	1.06290143569367	0.370942270202667	-0.213994914074775
"SEC24A"	1.0755432393071	1.0485067217369	0.739707157984087	0.65017018167448	0.797702280426927	0.829903653615784	0.749937393723939	0.326348133636476	0.832557288165757	-0.975426116315586	0.927570533867123	0.662113446228924	0.244788691141239	0.696933533600815	0.445633449989169	0.65929793662489	0.183262608769118	0.367139843394331	-0.0958632147827111	-1.14472895483926	-0.589140425488984	0.925442517727242	0.346703905961101	0.851084553220337	-1.04889628006511	1.1326076821474	0.662978508453888	0.812212483045692	0.512713232054893	-1.30680884076624	-1.38578442689248	0.909072045873038	-1.55923233777629	0.582614042790105	0.67839247787507	-0.894445394166724	0.539570109603363	0.711257506785068	0.662406456326718	0.56493131861913	0.207370602800463	0.393477076518147	0.597122989748678	0.697009230308281	-1.18760412832931	0.965558640891516	1.09494385948719	-1.03329670439747	0.577081461289773	0.791503988411174	0.887623747501957	0.315125679755092	1.0506794713774	0.680577987197613	0.632817842643993	0.540961791203287	0.628363704687489	1.0816939882408	1.06849395718788	0.720143256239355	0.478586628298295	0.983632459877866	0.20892664775692	1.06525770308668	0.537991954954191	0.604006490573403	0.525995299884137	-1.00358787334682	0.662939059399758	0.787813922815183	0.879181952183826	0.938731242914915	0.764584290068534	0.652459712023387	0.675749858832321
"SPTBN1"	-0.11270965005369	1.29414570549195	1.4508585809123	1.32125386301301	1.55000777757139	-0.0965654804462987	1.24956575794387	-0.200651397517734	1.48143070780349	0.23766421108453	1.40637717945417	0.3237282580856	-0.858424508156877	0.271443181745948	1.65260527871392	-1.55016947515061	-0.595812831456962	-1.41757517096983	1.24805517861119	0.955438759071004	1.43232674983709	-1.34027256169052	-0.642463340330732	-0.219171023409288	-0.234421059287899	1.05462820546895	-0.318564400376535	0.262025194162722	-0.303732432884303	-1.1049478739637	-0.00671833568094831	-0.575099741359178	1.59257049544986	-0.375751897626319	-0.110766828653361	1.38707989484808	-0.17426199710966	-0.856779189404545	-0.863205291123878	1.48833271466171	-0.236184944701666	1.44844016254905	1.89135938922938	-0.560178799605832	1.4413386660984	1.38655020085122	-0.776354999652305	1.49170014128388	-0.154335980382593	1.46762968423257	1.32563379028895	1.53586074748029	-1.30669463306134	1.57704235273998	0.103645038243755	-0.348467320597499	1.27450223314885	-0.850006714519922	-0.62378140570528	1.4339175054869	1.47995285693328	-0.800976722735714	-0.475712131289317	2.11753081699555	-0.937179673859334	1.44644934322503	-0.532808570671078	2.02721726584336	1.69528437048231	1.64660982367184	-0.250821636229338	-0.581581980990502	-2.0931451095995	1.24298601401718	1.39589102484154
"SOWAHC"	-0.393188018212719	-1.19079632829541	0.227846907599641	1.16284452390137	-0.894582005337682	0.178775571152499	0.608800560183573	1.21548343707664	1.08619088232248	-1.23434378898262	-0.117760317620528	0.420939711600802	-1.33733861418607	-1.35635611368943	-1.14771416459243	1.17770034515228	1.07677790663873	-1.00642883553181	1.330186765437	0.777376509052592	1.18985310085859	-0.0157954402424288	0.419562083074057	0.426153826442539	1.26936524245289	1.15871006404975	-1.00357384958657	0.380824440459555	1.29534646670749	1.11875874234019	1.19305237959244	1.28364244228987	1.61477963924697	-0.0733458345037177	1.30836014640334	1.3466835792078	-0.438767036400121	0.759448665761759	-0.146762272513561	1.08056895297229	-0.858660898697564	1.0901018795588	1.2824451062846	-0.162001885498469	1.20637363273261	1.14047595958462	-0.98055583012741	0.40149795638943	1.13584934375875	0.579479984640033	1.25192353869051	0.848335984006451	1.1598403560405	1.34811187983811	-1.06434423246822	-0.841439994870589	0.146611715431417	1.17376180779412	-0.748640484635788	0.196007278146119	1.39311897166478	-0.256503821671166	0.21423554666081	1.27800579703039	0.337839901401977	1.08590713582701	-0.61328148154312	1.14614204137145	1.19999011009909	1.37782070721002	1.22142362570505	0.303431297172791	0.577723258533135	0.602197767870071	0.0783777968594021
"TDRP"	1.15064595845315	-0.706943589013119	-1.02776794438848	1.87057564235439	-0.645945344348197	1.9363294528158	0.113089205090244	-1.00968045272847	1.29338115484092	-1.02710962884098	-0.613815890795044	-0.376248821078133	-1.00550904466723	-0.409949866794571	1.41068730051377	0.167297037304409	-0.946731871516214	-1.11303141039118	-1.10860705618332	1.12969504263014	1.68818029475669	0.214507209565782	-0.27319907155666	-0.881243613655254	1.31922126067126	-0.166916321831124	-0.421133835353211	0.569897603539458	1.26597455709406	-0.629608802938521	-1.0331653402695	-1.23621179991487	1.78241236864439	1.32996429960593	0.143837752976538	1.1850023860437	-1.15786135040873	0.956325561680083	-0.412981305071808	1.42051200823282	-0.427595764445679	1.4073045132606	1.26451486381533	-0.514775564529483	1.38757521792206	0.278273621385781	1.23072905833902	-0.609386079850181	1.17160087391461	1.44131740260724	0.0685463452236174	1.57743155326642	-0.0310637020174878	1.33549711371184	-0.768801601925974	0.28986395123196	1.28381023373287	0.0865154608718277	-0.302742907169529	-0.383429191842394	0.542413328111641	1.20762887643646	-0.0253593959402352	1.36096896604086	1.400701347321	-0.764788210623339	-0.0952146271887844	1.73508318524712	-0.836925974171584	1.03303078370497	1.37061109237168	0.141467320576016	1.11127040858312	1.22632837910039	-0.630866674498136
"CRADD"	-0.881839012554471	1.04119396531293	-1.24698072739318	-1.36959664303666	0.129850831098401	-1.08163263848174	0.0101654006953908	-0.098691232652516	0.109150370679877	1.0222611965626	-0.632377923438948	1.09888930687401	-1.28452435188883	-0.91066282277641	-0.206530655025012	0.461220570368227	-1.35436242504296	-1.2373728148285	1.09260155598055	0.837521025248213	1.06040431788657	1.06135391398589	0.275870531249236	0.336867609430362	-0.450658760060394	0.11918930649462	0.522921368495517	0.231374181936698	1.12575190803111	1.31149470760761	-1.65690887562104	1.29245331764414	1.22871525887787	0.0685035828812982	0.634473120525008	-1.00760443292027	0.717204836605515	1.03122045994536	1.17686244609411	1.02960409140531	-1.04867877507284	0.500003935826377	1.04859774023269	1.02680421779371	0.53139534747796	0.430050079567433	0.28222895258767	1.03406409442467	1.02866455457785	0.371025011720716	1.05217790226385	1.19400835351099	0.284706131465956	0.485789712085999	0.348374080345231	0.400232864571005	1.03378063616404	0.368497336694244	-0.453987266974781	-1.16533178961964	0.381600448018697	0.329832396657441	-0.940813524249294	1.14611408612292	0.353352965019945	1.05744689851283	0.121676907911486	0.965456387920397	0.330255678463484	0.804276207841665	0.991260375327883	0.51936864383024	1.02765202166954	1.00934844952189	1.03135481537002
"SWT1"	0.749956197893825	0.697751853692231	0.789649486278132	0.942286435948596	0.516180824301118	-1.38734289945635	0.910320189618393	0.481235035274403	0.852631223347244	-0.647060180284601	1.05929534140702	0.0266516968490934	-0.0373800991473103	0.273308838697323	-1.37648223587944	0.884594849656081	0.0263041131056496	-0.543885567254068	0.840832049406282	0.878363081792906	0.371966954403876	0.493659000038941	0.890923180690544	0.880644418933282	-0.0976008508704933	0.588743431139893	-0.565017313794402	0.668811641666225	0.917132209953278	0.845373423556227	-0.263154354817665	1.00909966805193	-1.12946660221386	0.955299896404537	0.513621350282452	0.788985418883211	0.856694648250991	0.867095684872982	-1.55038627798505	0.719728833287539	-0.93210949449447	-0.212039266827655	0.845377670040656	-0.616158585634349	0.175734251575009	0.202081848536125	-0.923367834844257	0.690241577552115	0.882814166474126	0.633875583689138	1.02148178723223	0.870408819836349	0.844333408272148	0.845912757554751	0.856447641455908	-0.0563272829319315	1.0006603596806	0.860022929258521	-0.175094991938825	0.579558515696702	1.02036180008081	0.638954855477092	0.924383785659529	1.00270300272963	0.706202826720114	0.949440609480448	-0.696848763541796	0.41740480726482	0.934258493123096	0.486826104886544	1.03662984695264	0.852896779774985	0.977183525195648	0.783537717093459	0.507955227562917
"SPINK5"	1.36544067402658	-0.958276243254301	-0.958276243254301	0.913184792477598	-0.569531286080154	-0.781750241059838	-0.958276243254301	-0.914023954174914	-0.956083150190847	-0.643998757101695	1.34878039015243	-0.958276243254301	-0.947314872241907	-0.678207251741741	-0.826896037562216	1.38377214220279	-0.958276243254301	-0.568029566241247	1.60157685454662	-0.958276243254301	-0.958276243254301	-0.422407619707901	1.33278088820624	-0.365681007895278	1.38545721770983	1.4580089525629	-0.452651494231516	-0.833642462636775	0.231203524944618	-0.597257564004661	-0.958276243254301	-0.942421767853557	-0.958276243254301	0.37971512208473	1.50523162195896	-0.601953200453593	-0.827551655273721	-0.860843265461365	-0.895285908143406	1.47285994431065	-0.917347290624342	2.15104414939293	1.42626864765281	-0.510945389842131	1.46466571705557	1.4085432036547	0.350726324045345	-0.951101487922534	-0.958276243254301	0.275159809829552	1.355308075716	0.0882304069796357	-0.286398370821121	-0.462516327158591	1.69687189008022	-0.845539361269195	1.49311013925536	1.47133007774047	1.35800007075639	-0.958276243254301	0.0586090492887314	-0.544045478819332	-0.535937073451745	1.63568447289987	1.32537469239059	1.37767135267595	1.35189428621654	1.87970942483683	-0.417696843603007	1.72820116109652	-0.946939770243522	-0.286743330870171	1.33595620663768	-0.066613751058397	1.36025980092175
"FAM174B"	0.404900905705006	0.793578347725405	0.318635559593466	1.15079299371923	-1.03094958503694	-0.476253172022666	1.29531034434414	1.40279050964937	1.16447705855996	1.21703443504497	-1.0675978573932	1.34545107137793	-1.05530494654107	-0.906329435212397	-1.18943016709086	-0.782211488072081	1.21894304534566	-1.25468490306702	1.21484167179231	1.15618457848911	1.15103411377314	-0.366479386625688	-0.235035252920351	-0.0523784641508983	0.521318839477432	0.509428428066209	1.06643590104706	1.2426129366025	1.21126547359106	1.45979527988673	-1.76133352464845	-1.69384623426844	-0.766191443140616	0.137205582776575	1.13467837903382	-0.401630057489291	-1.2205793793599	-0.667559297943299	1.10766522093461	0.618108337513412	0.259103594606155	0.678204118955163	1.07262742435515	0.487979836271931	0.584579142216019	1.0576360011302	-0.273755331765078	1.07867326097648	-0.233874344920697	0.563512649135937	-0.0716747826760076	0.528518893565798	-0.0829502212993307	1.01870396062921	1.0536111121463	0.323837440657951	0.927833135842308	0.557725456236423	0.743468872993187	-0.759353988489098	1.09733683017467	-0.941273333694837	-0.901150782983809	1.31037923255802	1.15628446502775	1.03965535242458	0.55610545696248	1.21007794579909	0.326651209929161	1.16616559829167	0.230418301277287	1.16691698337989	1.16062465896013	1.02141746791719	-0.142447619094671
"SESTD1"	1.38724116328586	1.28429998812128	-0.58950464798422	-0.410001592381294	2.0309028647221	-0.741865103636319	-0.721922894856518	-0.711157667676106	1.30053630416102	1.54322735236323	1.04462707449214	-0.83345897495927	1.42127914179288	1.40205272525193	1.37623516771206	-0.489242005941747	-0.587585611802757	-0.792583493934633	-0.691838969536737	-0.102142328407796	-0.587826198097337	-0.846324963392215	-0.726029313696514	-0.230488338704705	0.45975975917881	1.52417146214574	1.31626869949201	-1.09339126685735	1.21534305393608	1.72768443958001	1.24549342751319	-0.915250289598678	1.48904177234224	-0.779718856821367	-0.570769564995683	-1.13744681235206	0.399045494310817	0.195872775269696	-0.578423842747392	1.33694541452344	-0.768967708401087	1.48300844841719	1.53247730776323	-0.893654261747212	1.24186806220172	1.05699449621526	1.29701726542585	0.427618632254859	-0.367830837351406	0.378721198891941	1.19120462104352	0.632404444012111	1.22452747637704	1.41414905253667	-0.958995815306232	1.19279806087069	-0.0821742918947295	-0.199871833555702	0.645796383423749	0.00926848521046202	-0.577297747267638	-0.930740815876638	-0.0569321687639563	2.03295656743312	-0.103565623938392	-0.152602750440412	-0.145611732108264	1.65958490161782	1.53839649456018	0.705194421527278	1.41244921357809	-0.464353193637	1.78525676533457	1.53869930033561	-0.861582236715967
"BAALC"	0.590889224052004	0.783764809208823	0.312321918999325	-0.546049383408621	-0.0865704119624791	0.0351354016884528	0.523761097249562	-0.558746263245903	1.14719628701668	0.949361196282162	0.99331879814962	0.59022117861471	-2.05303976105433	0.895901405926987	-1.04557620521416	-2.05303976105433	-2.05303976105433	0.0707940497041567	-2.05303976105433	0.126713376994921	0.590304244892991	0.0729894496699878	-0.136275513942862	1.01444317387268	0.68431947406464	1.00429949483637	0.910656217091429	0.527064948584203	0.982911935436378	-0.711534304194952	-2.05303976105433	-2.05303976105433	1.11484388562845	-0.449152355891373	1.03758405132879	0.155238284079892	0.364685561448802	-0.90856039202072	-1.97456901680037	0.913751455595113	-1.63418993562035	0.960326387727901	0.971344322280562	0.247802448975265	1.03096870301581	0.924080891885523	0.234617350346817	-0.126556149746707	-0.0393304279449423	0.746629349009886	0.293630401464441	0.893564501926362	0.92450849107539	0.942702057876319	0.568556563949216	0.50307258871967	0.430837392368726	-0.345560716982615	0.894988271629698	1.01592027910357	0.923000239648625	-0.449596635540502	0.979400644662407	1.0081167901507	0.133939256329136	0.34355094021814	0.410270550149065	0.651071731085503	-0.0722427793230066	0.910649688409906	0.91424355388892	0.301710576911793	0.477131574231925	0.548884716900673	0.410256598505635
"NAP1L5"	0.128259284900131	-1.85054651432579	-1.07020745270332	1.08945991597764	-1.06374649244821	1.08496546499259	1.0287372924569	0.790828561488896	1.02484820619533	-1.26238176790961	1.0288107577891	-1.08421201902103	1.04130344175685	0.244854440494212	-0.795421724840338	-0.890672719696489	0.0808934163141829	-0.818734575098556	1.02591690921458	0.907665817386817	0.371266632317816	0.24025079745712	-0.0494125904443794	0.689215577787258	0.199996024031962	0.653537580710909	0.24584928283737	0.740338092219085	1.05774720240855	1.26520695203382	-0.563732833712698	-1.89877982475657	1.07024541185949	1.00257721736575	1.08797849660021	-0.911988334138882	-0.873099506640756	0.944970787630633	-0.622044821955465	0.75113754726556	-1.28256380014544	0.513348548518101	1.02977668592132	0.957718140459556	0.0954542866520583	0.899017555236957	-0.297828302684109	1.01948964729628	0.090764604265507	-0.253055720688492	1.07138898048192	0.368336646402645	1.00078036674082	1.06742585396906	-0.713313743356324	-0.14492103872343	0.803513608891943	1.01454150452899	0.939782099678557	-0.537054247655433	1.03178104761433	0.379141110028062	-1.04687333321561	0.63968968797551	1.00895757376727	0.420332008950261	1.05041788953043	0.465179209885932	0.505668052096953	0.980150212132073	0.0472919687636122	1.03117473574059	1.03668604848368	0.997585775020395	1.04380712482786
"THSD4"	0.387382628486291	0.952043292879307	0.253600900261627	0.624147072287606	0.760208268263596	-0.330562788541865	-0.309650742389826	-0.999850286851684	0.533155776621452	0.965105023302511	0.662478255169051	1.21401233857026	1.33190248880207	-0.0361792605210618	0.97346349466316	0.132733664729732	-1.20849020867126	0.974914059665722	1.0460909004596	-0.167917551200102	1.00299879485268	-0.00114833766469763	-0.140609212743667	0.885880777866197	-0.108952802585385	0.69530547912778	-0.628634127548319	0.951858079135625	1.0037785900555	-1.19017957044956	-1.9935967391473	-1.46355056023024	-2.98113549871853	-0.0818941822073774	1.19301053872204	0.121652957196562	0.114400572445699	0.297693692503369	0.0235111464378955	1.04763367720288	-0.424943282961305	1.03227361905142	1.26692813250547	-0.164418582168813	0.984836283034774	0.980309819162265	-0.597577517880191	-0.382347971539947	0.964322400139393	1.16079283693389	0.348297296017459	0.512885856337659	0.960004115016078	1.09108307889082	0.302700312992173	-0.712022961533476	0.963444394026262	0.973995470054036	-0.13664735926421	0.514292048647177	0.358975439699384	-0.551598582459261	-1.19238503212016	1.30342826187701	-0.201358316835755	1.22074984452324	0.987397297765788	1.25888526490847	0.938198442169681	1.13361578431503	1.21019566313229	-0.611265633181613	1.135664184482	0.96203100580526	0.399482838394184
"RNASE2"	0.0873055717920301	-0.946484235976173	1.58076420850934	1.63293605793807	-0.652550902055051	-0.782630819451842	-0.946484235976173	-0.84410544672457	1.36905666807806	-0.743243496887287	-0.946484235976173	-0.946484235976173	-0.92234085862881	-0.743906555681704	-0.744763631698927	1.14869453732512	-0.946484235976173	-0.670193442895952	-0.946484235976173	0.178111884567667	-0.946484235976173	1.33772951978819	1.18056706747933	-0.750109317952253	-0.797798667795061	-0.946484235976173	-0.791720622869059	-0.811660523693245	-0.946484235976173	-0.621682381977701	-0.946484235976173	-0.920520240807282	2.30856516002524	-0.0655829120711807	1.53791835972688	-0.713687291072434	-0.791385691351317	1.66928392189394	-0.844711623219472	0.0762182006126974	-0.861226137343091	1.41836479814622	0.103830966958987	1.58581092223609	-0.542308762564093	0.12334694118432	0.180267553779845	-0.0475812517404234	-0.0452584044134648	0.144493523560716	1.62863999366333	-0.21541863426468	1.40691040393852	-0.20874217981222	0.131168204684574	1.27651071528633	1.64819018555988	0.0959982672358836	1.49959544508686	-0.946484235976173	-0.31542227276887	-0.478411973274622	-0.478399076684844	0.00670426811626825	1.65090308965909	1.26891793831979	1.18769988857931	-0.209509847387152	-0.608368513955018	-0.946484235976173	1.8904991761084	1.57076468914092	1.58002330592699	1.65405044240817	1.26351990290108
"MBIP"	1.17760009092668	1.25481774666933	-0.460133521877915	-1.08713729382925	1.16854780078845	1.40136238836614	-1.19056777197067	0.557203030012421	1.31388523312595	-1.22915159375262	-0.729108497766169	-1.19524038276959	0.379000707522937	-1.3396038361966	1.30910299543215	-0.361781054757026	0.0262286211819278	-0.506505159206499	1.14948862908535	0.890255385222761	1.09551599597204	0.762962179774942	0.0911919595647245	0.00217612215712057	0.605251461397655	0.0347369079848705	-0.368617558004818	1.08521318106445	-1.13216952333041	1.30302274159302	-1.37705674295753	-1.45803928865842	-1.91192829390598	1.35598535091024	1.15652113545117	-0.0383644869905111	-1.07816848856281	1.21266298289467	-1.16936780817655	0.0616557447402399	1.32540953223177	1.37228735178805	1.1397464424681	-0.110248742399388	0.212783262362114	1.03749388491122	0.592281398914004	0.55678763518985	1.1191183345052	0.590437903936327	0.596841586172428	1.11278859459964	0.564324123752293	0.546349673130331	-0.67083931140871	-0.267119763447473	0.273948206600531	1.1105523338645	-0.835415395611586	-0.436777344752928	1.09985470224044	-0.945582605218361	1.26718662113183	1.39684635713892	1.08392253130044	1.13529753447463	-1.08403195660996	1.58191553511725	0.467777065042191	1.53964218373864	0.156390451493654	0.382472781040632	-0.671381005055141	1.1132497268146	1.21650032923995
"ADGRL1"	-0.385352140463998	-1.23706236087654	-1.05139149682	1.0267087952243	0.227354489133386	0.465834253026713	0.879452680533151	0.212782691346706	1.06199089918808	1.07539339572249	0.985487477736725	-1.77461311728835	0.845223558344935	-1.658043219755	1.13494821721162	-1.64716966376306	1.0534086787591	-1.61913513203287	1.1877297098322	0.379030212046882	1.0386478721026	0.734648582000489	-1.16800409180075	-0.540059015282224	0.586608280952032	0.313963979940295	1.07687430266989	-0.1471753081574	-0.261302959087745	-1.75029077150867	-1.39739090275795	-2.11348209553593	0.975759775511537	1.08415166305747	0.987805839179371	1.04001548684755	-1.64533437549407	1.06563284246838	-1.27588965960945	0.761313198377638	0.324904065403514	0.982684464231472	1.1097981530184	-0.825704508194533	1.06044508646962	0.384652059809861	1.04156431931989	0.0834654613234655	0.471495946371142	0.522631859201818	0.32557540226143	-0.121779919354876	0.411128468885886	0.71966575626948	0.13703367245109	1.05048013429555	0.0656308203603105	0.616935408104261	0.402990596199767	0.224478793419238	1.2031075154016	0.618367401479804	1.05406056282746	1.03088053985667	-0.00171216372965804	1.00367316080272	1.01114423569711	1.02559274890205	0.831434385468214	-0.612739671611869	1.05098919291859	-0.982544587266331	1.06713347156296	0.555038766476079	0.621966994716552
"GREM1"	0.66604168653526	0.792551681253722	1.09660071003327	1.00307484426929	0.292408168820412	0.979580466897772	-0.16538444414376	-1.33772905643694	-1.13214950833643	-1.55400347079813	-0.161209962353422	-0.282913330100143	-1.90694830295672	-1.5490693843884	-0.294755253490982	-0.213068091708778	-0.808274094963048	-1.48913265285852	-0.0275651442374066	0.91994845936254	1.02595655805307	0.713510253787721	-1.28633284310873	0.963495369227436	0.941604494341313	0.503016201221164	-0.501515177305564	0.647869229907118	-0.771786517597453	0.464129549100495	-1.36638344940319	-1.74497303139349	1.17542187334863	-0.938534745561512	0.602083339589222	-0.842562462328597	1.03416038834277	1.09140080786393	1.0650807396884	0.933248103496595	-0.930348280305181	-0.507783572887714	1.0498089507992	0.848997243915643	1.18818771900287	0.777599753134905	1.04295699785298	-0.74720996045645	0.1982189826552	0.97314778612222	0.715579138808935	1.01865049059874	1.23543811659495	1.06887025577505	1.21049981684862	-0.567885441097876	0.573334229198732	1.19098292860417	0.104997342662936	1.11819369202906	0.0521072648115839	0.354703414903275	-0.520928070290315	0.947081659234666	0.460492067081166	1.16874097618621	0.737922671050682	-1.13076963421665	-0.370227280415072	1.11741665667687	1.14884996080115	1.16910408586921	0.956728323340057	0.0709990788996627	-0.525808613691015
"ZNF432"	0.31129731862697	1.12492020608819	0.950712904852269	1.16791839980376	-0.294698991365283	1.32604962912492	1.03442102637126	0.491144134063574	0.162394807636252	-1.51042823019641	1.3722769699685	1.4352569100361	-0.0765302242819497	-1.28358491108379	-0.0128688736526348	1.25108394827638	-0.472278344227336	-1.13772890765795	1.36990248723407	-0.907639956787955	0.508897286609224	1.06322182516403	0.514755210193356	-0.969920042679208	1.26406285922537	0.915678776658385	1.21167194122108	-0.496285132345552	-0.418324669630093	0.1668345708546	1.44671410555832	0.958439461432211	1.59763077953898	1.120383479022	0.532391673049177	1.33357453414784	0.915401082925343	0.0242899424460386	0.50747463789664	-0.104958707741154	-1.04799014494664	0.944040624256735	1.09051393244793	-0.478088284497781	0.513720248248226	0.73040763583232	0.590823630025658	-0.557067511682445	1.03628208579835	0.457718682142384	0.462324846632014	0.335883700920256	-0.146077260045373	0.951336611035064	-0.133868022936884	-0.0556020005089402	1.27911037695932	0.62844241814587	1.01946068344189	1.1492586089996	1.34600409911114	-0.463549615446927	-1.01575384110526	0.242041080727392	0.999643045904091	-0.51335571197516	1.07513257332419	0.274506788806345	1.12000457288223	1.29419997737979	1.27931358175041	0.691437053231854	1.07237388087298	1.1364446575897	-0.240206864450716
"TBCEL"	0.274492849845619	-0.790174282542134	0.367904653791985	-0.896784666660924	1.22623333704183	-0.661097392746235	-1.07866672782363	-1.20088237744427	1.40363051008483	-0.650841796237305	1.36035550455442	1.18335525023468	1.12142569935094	-0.193674226437641	0.142241601293626	1.39022305376569	0.20937304369004	1.31634261425048	-0.333700024127137	1.12221970346151	1.20546122504602	-0.851342786981959	0.249936558207514	1.11082099393322	-0.731043915525089	1.44102965048625	-0.151539329405317	-0.990351098594024	1.50250723894466	0.383242592249885	1.07291495410561	-1.08479835576473	1.50827969434664	0.573822152756742	1.84062308047172	0.582760490731632	1.242526977077	1.80620852646388	1.17774345743548	-0.140402701754343	1.36770578342228	1.12142927628172	1.07754091600109	1.47894755630562	-0.189051646191472	-0.0892873125835507	0.605525519144225	-0.708210144828369	-0.0470472772649854	0.147689107378869	1.00780450500315	1.11301809006798	-0.899653854805319	0.316705408952772	-0.922722161056152	-0.711796886868921	1.52314442427086	1.14151366575425	0.480130782243471	0.856268798091808	0.160253824015511	0.471511000713746	0.0378846732670946	1.2018442858353	0.993796691028359	-0.0255486888041961	0.342393476486859	1.49360918212825	0.0785895693751281	1.07519713587114	0.934244737659707	0.254639542383255	1.36088440975445	1.3564295657718	1.01525486285984
"HOPX"	0.129730554588943	-0.733848560671783	0.310515974064758	-0.0612577934240088	-0.00786666409228558	1.27821104155342	0.183414291896794	-0.798941788593316	1.25189691715046	-1.04760231327074	-1.00481056993009	0.810089626252857	-0.98546460099179	1.22776934031129	1.19098086261938	1.22186316227288	1.20937313643096	0.422812223932235	-1.94631170048383	-0.243811982851636	1.20874994971039	-0.796270657739244	1.23286448399875	1.21588016495229	0.182955808878141	-0.313617387931551	0.368794921081564	0.111806693957459	-0.78132072310884	1.20373372491353	-0.360896252218088	-1.41408564191382	-2.80073428837364	0.336341525319379	1.28715863902905	1.20969566249753	1.24575529638668	1.21815772649714	1.20721515265109	-0.85876702720169	-0.915758339162358	1.27153517260655	1.20828955857351	0.192205959929719	-0.58667324071193	0.111662616087151	1.22136683328273	-0.823541080939334	-0.763353090374115	0.292757803109665	1.23299990566479	1.1888181019769	1.22433565092527	1.21410737078672	1.16804743952357	-0.535854575527289	-0.618686568415697	0.226966438514545	-0.126970662243594	-0.418967123640486	1.2209033973219	-0.118510017827282	1.22450373238037	1.31730385830744	-0.661735246103648	0.447046584088834	1.21477016073699	1.62497067831265	1.18638708714841	1.43211522114569	0.0281291290619138	1.26521977705114	1.20618277273689	0.160464440552804	-0.257243202803918
"BHLHE41"	1.15921696022922	0.703190446585598	0.914898786302858	-0.325642324812839	0.225943464222238	1.47306782200424	-1.11807229110598	-0.0135180456355191	-0.253953893565563	-0.46114697644718	1.25269965974629	-1.00790430937366	-1.47285066910519	0.328934902995943	1.2303613015245	-0.0263764773568302	-0.856872793731332	-1.18736126196894	-1.36551908246896	-0.616790457278315	-1.04729210398361	-0.361302469642387	-0.935810952031222	1.17806679659874	1.05311386707632	1.12434283788885	-0.744481953674374	1.05429026755206	0.470861957133903	-1.13447867462739	-1.51933520351053	-0.247091507064278	0.672411474094099	-1.1701562975358	-0.61609384269499	-0.316465521099258	1.15502898720388	1.26422365852191	0.23703591679549	1.13621530119873	-0.796959519766562	1.37721227576096	1.1385912940602	-0.985833623653935	-1.16756309768701	1.07596441065063	-0.376231730575061	1.16272672669471	0.565647116323133	0.723474923915217	1.16829641318736	0.263661887995164	1.23551494552733	0.00309668862141043	1.03563630440992	0.65147669766062	1.34494065762662	1.03158577829809	-1.00074789348865	0.493978038900715	0.510552099433176	1.28171160983576	-0.808265589177916	1.28912816443968	0.501626441678114	1.23877566804214	1.28212879858309	-0.774200902474689	0.647768649091657	1.04021555933317	0.0489040485454091	0.529709540920077	0.0110744291874053	1.23301131000895	0.181303469193057
"TTC30A"	0.938144572597466	-0.79345977670984	-0.167517792291923	0.484417814199559	-1.04820705923767	-0.226572667220301	0.805848825856335	0.71254690871525	0.901315972669989	1.01575265918159	1.0887785818459	1.03587782976814	-1.61619724699544	-1.1586359285103	-0.370371076071839	-0.596274629014234	0.982911402835568	0.50223232972483	-1.92178256818512	1.05932709280295	1.0089016338133	0.0169622088253794	-0.662429726995679	-1.01781711009142	0.769693097551281	-0.25230995016675	0.190760611292555	0.620695475283988	0.528001528180367	-1.4069017696192	-1.69828213997298	1.03388989999637	-2.48700769391648	0.431253582417389	1.24298093955146	-0.78642962509528	-0.69573938150602	1.11972517406092	1.07599871763224	1.01610038256584	-0.78502157554831	1.14976028934056	1.03809407413735	0.10163139789516	1.04161009065806	0.962757565267012	0.583886408342755	-0.681898895788337	0.873106709311029	0.399385459443521	0.891826569466419	0.324035648676433	0.969828995719962	0.595793355473991	0.909435087888147	-0.404350020502903	0.968733698403007	0.910842033803324	-0.0546784517775479	-0.463986757913204	-0.677662538245509	0.489781699197684	-0.343119393456255	1.13144988316921	1.09276540829976	0.396176917830085	0.195612061161335	1.00255115532784	0.46605260318263	1.15460852916053	0.861061120828652	0.560900438941712	0.399934711575087	0.487536773614544	0.6185714092777
"SMARCA5"	0.523633727940562	0.07324640530215	-0.359352568935918	0.887754705340515	0.881800634908468	-2.01864236380951	-1.38336646216106	1.32076072288982	0.0592404849685753	0.438757991566848	-0.843495022219237	0.338552137257264	-0.580544715854302	-0.698994572469707	0.0805015539486248	0.281035359153328	-1.22686332634109	-0.912984888160899	1.06877065772262	-1.00739287919426	0.137888865844983	-0.0929992735697214	-0.411221316193496	1.00603544663027	0.883932679811637	0.810211577619077	-0.302211196228181	-0.938317754328144	-0.969817617331578	-0.289886878273986	-0.543577858784159	-1.88288495722469	0.198126404247261	-1.56216858083475	0.407552224806614	-0.100085134436619	-0.042362310730749	-0.56203718680909	0.60013982830229	2.36836291686846	0.945816440196651	-1.41512460268789	0.171211129835541	1.21091150971408	1.51761465535472	-0.164660297271793	1.62675379961396	-0.843758447209677	-1.05832050634814	0.686537563544473	1.94434660403975	0.692093305406297	0.340112189462378	0.151126977379045	2.51862535900077	1.37751481021255	-0.210144127007734	0.562770986593496	0.0408021602411365	0.0416101815378602	0.920960262865734	1.36964147504103	-0.284016834990487	0.333192443462777	1.40891933725232	1.14869308319532	0.923405809374119	-0.543636373597817	1.25532515216205	1.13305616302132	0.366329317434963	-0.534196078796711	0.310928849175571	-0.209814106285477	1.13009208998439
"DNAH11"	-0.313725182185971	-0.881370134044476	-0.473748686778757	0.69105341308581	-0.93566591879355	-0.93566591879355	-0.93566591879355	-0.93566591879355	-0.93566591879355	-0.93566591879355	-0.93566591879355	-0.759407206626117	-0.93566591879355	-0.93566591879355	-0.93566591879355	-0.93566591879355	-0.0979351668897557	-0.93566591879355	-0.93566591879355	-0.761213409832727	-0.93566591879355	-0.93566591879355	1.42082217044916	-0.93566591879355	1.35493681989059	0.138894871914987	-0.444599331014441	-0.93566591879355	1.171655298949	-0.93566591879355	-0.93566591879355	-0.93566591879355	-0.93566591879355	-0.325230069597316	1.6133791185366	-0.93566591879355	0.269926201778369	-0.0446018391908379	-0.93566591879355	0.0442222467759988	-0.93566591879355	1.44555241296752	-0.93566591879355	-0.93566591879355	1.49274800617432	1.38209010255683	0.351057575972951	1.34029423045887	-0.93566591879355	0.232394780396882	1.48079775599309	0.435890637101622	1.35132419518513	-0.399497139353989	0.368130363713164	-0.93566591879355	1.34130551145558	1.23670818002589	-0.93566591879355	0.79097320320758	1.36600047084389	0.291032163501676	1.40376804973345	1.69017801140997	1.33598243426788	-0.254572199434057	-0.097341348557348	1.45351386546427	1.33554078143389	1.58047656588156	1.37241447054656	-0.93566591879355	-0.93566591879355	-0.0784460814117935	0.172850372716617
"ATP1B3"	-0.0228260569007058	1.17377548910107	-0.106587706206898	1.54929402994302	-0.0926166717056749	0.536095837984135	-0.128915528161069	1.02170422138153	2.0606344221786	-0.248946816062856	-0.00207263786614675	1.11827917184514	-1.05268293049246	-1.09462298616642	-0.202982056849913	-0.207756865412356	1.04136356756344	-1.00494950905542	-0.018875494736128	-0.116116132116398	-0.245145055542311	-0.202234945881148	-0.777940576748485	-0.273099221847662	-0.701864321258404	-0.0525481325247443	-0.639466770729718	-1.42425905989168	1.02312081658609	-0.607250897660173	0.842030982559492	-1.62548201211713	-1.75421032106286	-0.556736480748778	-0.2280938949868	-0.544746322188661	1.90813880728621	1.03352089009271	-1.02520613667955	-0.454957049367397	-0.25047838720963	-0.175705570318621	-0.175676216318249	1.66320751966261	-0.182660636708073	0.195109489899251	0.929634672227961	-0.776099213770945	-0.291636803242919	1.17506296896095	0.968486878524449	0.578160153497166	2.04468231215092	2.0044387803796	0.280826561609099	0.818804371119074	-0.863369356707906	1.03882740486626	0.932617236138897	0.943116879075208	1.97625658305363	0.357760869376448	-0.0385141212195587	0.356292672484829	0.815422465483966	-0.310352996991608	0.670809434623967	1.34530330418306	-0.989407509354996	0.877505610262367	1.71016258441993	1.48980378900427	-0.51190295813376	0.00579106732764176	-1.01594700839811
"ZMYND11"	-0.685838745575942	1.49904696567126	1.7045711761812	-0.463735006584242	1.66899479025773	0.199530089064267	-1.05304739401797	1.18929696933069	-1.50751650598105	-0.83490668195405	-0.358297272450494	-0.688515566036896	-0.977858989187127	0.34316950141599	1.28116809783108	1.02251075732818	1.44613355047145	-1.09648664480222	0.0911813635576169	1.41849545369377	-0.72822609664467	1.19688081772956	1.41242027330258	-1.03724071345591	1.02529532650134	-0.4641744958828	-1.17910017128714	-0.70009555756679	-1.04649330694729	-1.29769348166488	-1.17155661401209	-1.23327464819229	-1.28970598545662	0.318593505795735	-0.537964218835026	-0.711006663585656	-0.977254947769659	-0.825902119301257	-0.765100234317967	1.11895406269868	-1.21142242615487	0.442272123572394	1.5271015740227	-0.705526986346279	1.45902668354109	-0.684426190302071	-0.512936565200951	-0.834152565034589	1.06021802803618	-0.575287286448855	1.36987198328795	1.08334727727291	0.16157323057558	1.41065518117547	0.0470955000329097	0.570370164313159	0.737367088908404	0.2246691684922	-0.507845781720963	0.619906905618287	1.40431852684595	0.953494223945608	-1.27516617062191	1.41467396438372	-0.662841681294096	1.6011893153866	1.37722367218555	1.03513382180081	1.37451414461055	1.31278669599287	0.416299508503119	-1.12446157066149	0.518155300899642	1.39807549431669	1.20085632480813
"SAR1B"	-0.807989041355015	0.164640686905119	0.781051415609623	-1.33017350093612	0.795647289958653	-0.140848591888909	0.915464261580508	0.706112237143529	-1.85797662365332	-0.791039081127172	0.151907386814812	0.532134590409179	-1.12694883129811	-0.571840528906648	-2.02929750130291	-1.12793883720274	1.08831479791621	-0.610888133781876	-0.991632828463732	-0.463280665388485	0.641674927542277	0.299238376604254	0.198778147613934	1.13564500015416	-0.329457082842262	-0.118292950546121	1.39676488264804	-0.35845871380111	-1.37112691357001	1.36078359068903	-1.27227645492393	-1.16193203505877	0.552616590253845	0.453170916255549	-2.268859759261	-1.87538948665462	0.202547815930887	-0.990195180015324	1.16777225482896	0.371336913470118	-1.63698021885703	-0.384281353770021	2.12735582648172	1.61441957009961	0.661743409899504	-0.706811331995167	1.35993195505121	-0.349862561450195	0.460138250139177	-0.390982431658294	1.56774423974128	0.699382438666821	0.356763496963011	1.339580100731	-0.455067326563254	1.78797586723726	0.107940415604281	-0.15593383509448	1.27959026683681	2.18895613986787	-0.0948794291120544	1.11442525633734	-0.558665695711011	0.261929116863921	1.88579359352383	0.0210093222178605	1.40912871915205	1.64986342680189	-0.376150062773515	-0.47922809265939	-0.18889359130384	-0.656373269719107	-0.153735182363197	-0.0948012353665766	0.984558238575068
"ZBTB34"	0.331185998640806	0.42445395392515	-0.444140637591994	-0.588822969966428	-0.225783069350188	0.82867678115276	-0.62339547659111	0.483797164883211	-0.975971308629186	1.61767747949201	0.503205594511207	0.401717453892108	-1.45162147191946	0.535465541247796	0.136533691110744	0.193590236934155	-1.25180446195265	-0.552762159961359	0.384023822459272	0.612428541682045	-0.648379742923831	-0.380222454818334	0.298276378245145	1.01901305955626	-0.172721394294712	0.773162069465498	0.156214076362697	1.82940559721626	-0.572559258550914	-0.19894860052654	-1.30857111090135	-0.49118671691959	-2.30851546054976	0.593077781071603	-1.07084169642395	-1.06367665841965	-0.705120897468632	-1.19080063051002	0.854315312700994	0.532200455354934	0.362275993280661	0.769934073807754	0.439574375403342	0.182312094439229	1.12083058874277	1.93574940785342	0.625660641978862	0.0643327026081726	1.49121511402956	0.811014180450028	-0.571870858742295	1.1626760267962	1.28242799161259	0.52771323651286	-0.419279982931996	2.29773383043788	0.634887888161665	0.139734029974169	0.22190571488472	0.84470065303567	1.8097372170052	2.33635416429818	-0.770332391072757	0.100651938923053	1.09379478003817	-0.0399740787603773	0.154083211780225	-1.18340272378925	-0.595155772919893	0.15292609140317	2.47976620850658	0.0570855436226756	-0.0273616910820661	-0.989118981730881	-0.409362014214546
"GOLGA5"	0.338343750038158	0.662338104599983	0.549824613664826	0.630191730670796	-0.715807892666897	-1.05758063632786	-0.682420715723659	0.788873197377277	0.878071665948011	0.136386988448041	0.674191394978221	0.726881848392345	0.797374246989615	0.631811680022356	0.878726832231101	-0.504675139157659	0.639359522782083	0.434906606422079	0.66142590927583	0.48085906594485	-0.690924121525266	0.694573857730889	0.752428163982431	0.78966462481137	0.875954910755221	0.731882820505939	0.435853501181273	0.692425797612155	0.803374375254775	-1.62245575422372	-0.491695378573961	-2.7862159477978	-1.97499938388328	0.687057054210291	0.724243597826781	0.779176139022405	-0.399835563462699	0.661707516017659	0.858592007356736	0.717501852097462	-0.650621550967681	0.966171902085802	0.625680380544306	0.540724401714885	0.46581721785478	0.782977344740201	0.837721840740145	0.686261745433664	0.522008721014152	-0.611892748248842	0.732300534287635	0.77744956790912	0.394238363000389	-0.339331741158805	0.683252426475259	0.771181671381707	0.641761483595182	0.716158071210071	0.276357465633831	0.706371847145251	0.496120767816507	0.812010255891876	0.0237227799688278	0.936820407882353	0.582032495582667	0.605349657194631	0.591335351558945	-1.02524259158268	0.617933404538559	0.507385633119105	0.505369978729694	0.762126537083558	0.755474444442771	0.659673618862149	0.699430360773747
"POLR3B"	0.276153934409038	-1.07626260135377	-0.0960554551723107	1.02889385856401	1.05220293518834	-0.0795752155026042	1.18807010801816	-1.07725888591773	1.4314524873709	1.24219417251391	1.1679967401311	-1.1945089768334	-0.995036054373906	0.11261879323867	-0.953741096525583	-0.973982158772489	-0.0561842486056263	-0.596247594364258	-0.156086776877331	0.819677728702726	1.04713970309328	1.21742944557549	1.06628863828523	0.572659352937605	1.14357912392934	0.342526062083794	1.14542876637134	1.12968273452587	1.04433502283609	0.349134259061208	0.50509335442615	-1.73613801490739	-2.2607792780318	0.180836742391031	0.0922504086775177	0.75438861126771	-1.04667208831776	1.05524836965692	-1.18807082196579	1.09819264669219	1.03320409777766	1.00204358622564	1.05096005947346	0.311184217200765	1.14587007403822	-0.939664655534142	1.17401404301819	-0.539959058427686	1.03572457336115	1.06338694015394	0.198151301230961	1.05587682292046	0.413980501127333	0.766354375722476	1.07459447574492	1.1064576768647	0.327099715745556	1.0617373760289	0.305260051540212	1.16723098881468	-0.76126970503536	0.263628106124651	-0.294943854930288	0.589817941446686	0.988144499957629	1.0338432116793	0.491483702128371	1.01181370416579	-0.242085023315683	-0.330140156967993	-0.610943597040797	-0.260933664190893	1.12275312115717	1.05881363814882	0.443745774732311
"UFSP2"	0.831687161065248	0.236262446121162	0.962993844328517	-1.31594179176865	0.728312743664042	1.32904994309626	-1.05148732113648	-0.409497824138868	0.00841237963455771	0.343083309983549	-0.173657870528512	-0.279266039550974	0.308353113024844	-2.06405275872851	0.286783486777023	0.204535183757243	-1.09042934027356	-1.62643993631494	-1.67687330770413	1.47664805493564	-0.745520550688545	-0.576977111881257	0.949562408739519	-0.524215014033647	0.802167871666104	0.884201081565971	1.25302404782333	-0.460475561656805	0.722782628776302	-0.241415510313577	0.210948999689315	0.833861199316917	-2.1231823161287	1.00044999663467	0.528552126458476	-1.23494322587071	1.33251533936942	0.397809705476265	0.912578217402839	1.4890207094127	0.6188348907324	0.411863133841328	1.4094775633072	1.30438922856945	0.758268034490838	0.954190869294953	-0.0202224339274241	-1.17316239170544	0.661164812700853	0.708717509551872	0.543256147203548	0.336950350363069	1.78601676410577	1.01378263986962	-1.80910297412012	1.0982488162323	0.588785567685287	0.701079627971278	0.932474897502414	0.0493333531539007	0.484143621818892	-0.647194483662316	0.515836743940293	0.531608098443568	0.704683680080745	0.566620458894533	0.628676435911606	1.59727491983896	0.401628701579729	0.895750151979692	0.181486398877928	-1.14411074669745	0.550327014426246	1.01864298330224	0.732850876061847
"DHRS7"	0.428415727871795	0.718547863209385	-0.684896903995729	-1.39648447018874	1.14228568971243	-0.855363634369374	-1.44887151681771	-1.10058228638963	-1.27366089887295	-1.56471074679185	1.10722043600623	-1.43829840434828	0.463585926842905	1.27945754047437	0.712091534914663	1.00930224742996	-1.27735007837238	-0.656489382330376	-1.35008038604271	-1.03906707228172	-1.50571650529218	0.205168288583992	-1.28488935843992	1.14182779803365	-0.5691515222661	1.0097925065355	-0.605182616246212	0.630486215488718	0.974743079774417	-1.0321029789394	1.25040520968149	0.635163854216107	-1.6744856125789	-1.44002434762738	0.845104108798457	0.160223776815991	0.73321299394214	1.18164569096879	-1.26118073648006	0.917061698353372	-1.15765605727856	1.12390152553696	0.758857494024476	-0.418870032870666	0.0878814654858157	0.651538194789048	-1.00854352214403	1.06100027071555	1.090655071395	0.931649999921958	1.31544121637201	0.983848210805193	0.808882820044087	0.652507759576166	0.53386569004571	1.06613233021774	-0.420074477467728	0.332656016195992	-1.32920376153199	1.44826252513455	0.786718527336477	1.06778409073978	-0.651082505623006	0.5676751549617	0.995458441122079	-0.285866686245748	1.18762124356697	-0.421470871668523	0.803080994356054	0.883177341216944	-1.16873015432788	1.34529448203175	1.30003352769014	0.109394475128849	0.960109084432115
"ZHX1"	-0.741531623389946	0.454717460613378	-0.754196092235915	-0.54347356772176	0.926840515849288	0.267624372912139	0.0446159387507755	0.743521192291663	-0.0165588412886657	-0.484817667456121	-1.59412652051521	0.378244441224905	0.709132420446389	1.52784158869655	0.0181716494870035	0.764465661449077	0.053655674373097	-0.30070087140457	0.933656418466675	0.755211063830813	0.744150539150332	0.899208618128283	0.0842136019137091	1.25854577759984	0.750404449635657	0.661983752285562	-0.763899867245123	1.39358683498851	0.760007238387886	-0.697768436666881	0.0157657709408088	-1.31211603013948	-0.612177826191878	0.976901900176183	0.588601677312059	0.848659190682359	-0.328052727915955	0.83115711198231	-0.73448520974844	0.947325803926365	-0.0571207318923563	0.271025988098031	0.754291330573094	1.35686473460093	0.38251666211083	0.819237642219844	1.200333367449	0.579984762774499	-0.745560987666379	1.08556500738482	0.475506695465607	1.06024181896007	0.367586986570371	-1.29093439890954	0.451685166291389	0.843352438680714	-0.655214244623184	-0.368537595175158	0.307411057616333	0.762335318957749	1.07471936111763	1.19072049635333	-0.310495745808229	0.224734954839046	0.144128187317751	0.544098641707452	0.940528667553504	-0.832069751179425	0.874185293704382	1.05419330985466	0.776272482367015	0.730957248074747	0.530859451491299	1.18059174070274	1.35489967963362
"MCU"	0.772963855868598	1.06175119165175	-0.524665872869849	0.870967232628436	-0.481920868506371	0.765672862908369	-1.68960397453563	0.363169758427342	0.993039672634859	-0.551039499694671	-1.15879627208977	-0.256339730314569	-1.86205649882706	-1.48834342086343	0.852713625688018	0.646898242478236	1.16705293592346	-0.319402084123153	0.686444880224458	-0.277130306240377	-0.338058529904062	1.00983805717884	1.0275028767762	0.981668289090989	0.38793772730588	0.879454537356232	-0.134442140371592	0.863543516572403	-0.362568212564537	-1.37030567461054	-2.01219176056002	1.06274950675464	0.609417773841602	0.867546163937001	-1.40568173557279	0.866926127809208	-1.59600779164459	0.966992343141472	-1.63329932925237	0.208775612155667	-1.71190730835425	-1.0530931564047	0.64309388482424	0.468641712081044	0.837401144270637	0.146714173967959	0.998011290512878	0.838571431855121	1.00797732687547	-0.349235474635014	0.86444751796984	0.92786244095881	0.250326746445862	0.754027414119241	0.700616166095565	1.06581489175414	-0.482973376624181	0.955779735758818	0.744704358210905	0.752304323253476	0.774800302339096	1.07634561995434	-1.88465353241935	0.859963249704376	0.552208457220879	0.583407740569149	0.779251317684526	0.886457560991885	0.33177617095305	0.871169887842498	0.45169489135773	0.564338698466271	1.020429479818	-0.353610774379234	0.537990708054468
"STAM2"	0.359845181182556	0.909851196587154	1.21656662995078	0.209302849217404	0.446497399281904	1.22833603563184	-0.492619689423569	-0.346722723666181	-1.13488822357466	0.813968995667755	-0.0539438338807919	0.764814551833707	0.752365968301315	-1.6459308158627	-0.484561344343825	-0.507760421628085	0.0959838610505707	-1.27400634612665	0.18484543395703	-0.691019249781918	0.454593831691052	1.13924279704517	1.38194642800795	-0.991725798237696	0.93750148525863	0.374485717520883	-0.713458056033337	0.737392371855965	0.243518575452035	0.915627361323139	-1.70915726072143	-2.80373849747554	1.79632369645573	-0.463054576571978	0.641813577938647	-0.0512406016053906	-0.407425072619321	1.15033972999119	0.155579696374592	0.423267254211931	0.637920696451091	0.398803575632122	1.20665057070926	1.69381894134955	-1.32716265080052	-0.14693091193773	0.777970906337102	0.471891305505973	0.869293590317742	1.14868462355723	0.60063269276809	1.25981710495919	1.33633881919978	0.59530609079676	0.830105447655851	0.889003557452281	0.688114285827631	-0.598539234387068	-0.0701181410807939	0.280128231949505	0.402876601295163	0.533268527982305	-0.0181264690599468	0.274444436621853	0.524499959165141	0.720077022138804	0.545112324315894	0.0808984784985057	0.213637024391474	0.399823385124813	1.13302834487046	1.24601783707602	-0.360919425083209	0.378439833203147	0.0984478090097857
"TLE2"	1.07847239082392	0.131750664591678	1.23806440434446	1.21838853165361	-1.35096701162523	-1.17342382498025	0.653418922323042	-0.358886074477553	-0.971683905378942	0.583516694434596	1.19425238238102	-1.49407960003315	-1.37113839927342	1.07836715566887	-0.448516251674617	-0.909516541365654	-0.600180800228975	1.05466998205865	1.06532672256394	0.275222861695733	1.1568395558941	0.266760826391381	-0.312689580272646	1.05532951669014	0.586565098169393	0.490168111860819	0.581341025946188	-0.724764690254697	0.645569627192278	-1.70847208676854	1.08134609183003	-2.18393697689922	1.44514581897227	-1.29459547768765	1.08987975248591	-0.893830233316361	-0.818592496682159	0.412373696421794	1.18246226102865	0.264440977060449	-0.496642953296217	1.12067996231616	1.27225248305963	0.0258054271933719	1.22953037024387	0.425776197176884	0.904921757607471	0.471746676104566	0.283305185005088	1.14141266215424	-0.293012311224288	-0.217811547580043	1.15218802457339	1.22662125928928	1.05228310280947	0.498874687407631	-0.882842621620815	-0.160886710299316	0.655728816055152	-0.118137804041879	1.12873516628099	-0.689928669203517	1.17842377453341	1.24304425112016	0.632916012337382	0.00847960609948134	1.04222987782182	1.35989659718671	0.50588022018717	1.17495748808199	0.220615433724836	-0.0813197467878635	-0.409382223347788	0.532972785906413	-0.585292414198924
"USP38"	1.25393845253196	0.182594847975055	0.0159245556312444	0.0349928002874621	-0.697193175409583	-0.143013644948279	0.64107906288132	0.342023970920295	0.0525796485216718	0.716560308507216	0.394935179753352	-0.108166084830682	0.594950979428715	0.12468240240165	-0.276645810688829	-0.944688409756401	-0.76979562304671	-1.08860803619737	0.0819951307204843	-0.150612659814285	1.73335927899539	0.684916999478194	0.537207915741193	0.213156290345744	0.731451419931561	1.73124476814716	0.725361602534956	0.526022275508891	0.768247893414805	0.778466167650284	-0.280379338165756	-0.365764218721549	-2.3452306674453	-1.10847053158521	0.0435220954319774	0.395032274009504	-1.01276592386639	0.657801346400308	-0.433384478040206	0.266734659650011	0.928829545686283	1.51079503202591	1.07155042043761	0.212326475488727	-1.03197635198447	0.457197995776026	-1.52248938223184	0.521210387265298	0.674316632538815	0.191894696630482	0.854819801329988	1.04465898352892	-0.0891807286711798	1.49154338891964	1.49839219563141	0.434043969798384	0.703105776538821	0.823564392582209	0.851568461468542	0.826421928183642	0.663826532451327	1.53780717400218	-0.785175371515297	1.29995472912909	1.17865495415532	-0.599252199145839	0.900029721645184	0.928110846790758	0.735959615668894	0.716799038691246	0.0532807456946898	-0.873760994608594	-0.889532971700633	0.147328136557135	1.50195045851889
"RWDD2A"	1.04045976926853	1.10662858503881	1.07037017034142	1.08558902229221	1.1952358323104	1.14082606840188	1.09811608450693	-0.0119181368756491	1.21095891129886	0.497346641530508	-0.904093785927911	-1.01098918631711	0.218955050205978	1.10822062632181	-1.32835026385525	0.41280064076432	-2.22064223654461	-1.05203742596115	-1.97489767835849	1.10623060954629	0.0870157050066065	0.766219128353609	0.206618710423756	1.00588476688905	0.64966607325629	0.980502236809389	1.06531264402407	0.248004517857991	0.337765847501217	1.41903494662825	-1.73422267891786	-1.61113774700919	1.26604278032619	-0.0135403255174648	1.02228842385358	0.699822898076109	1.05319988025578	-0.206642782713278	0.46125182675393	1.03510838143937	-0.808516068002767	1.01136695540803	0.987173099155779	-0.741314549515563	-0.353698588763288	0.156835744191032	1.06021498263842	1.05745739598275	0.661411900420521	1.09447338613397	0.427708404298383	1.01921488432545	-0.337828333734566	-0.704320247710733	0.552637076144271	1.06715283025388	1.04386561075542	0.616756227161365	0.547458005300259	-0.414990888671013	-0.0592730359528443	-0.492152142824815	1.10713233816558	1.08593349246067	1.02988287967063	1.00488181114855	1.10459415156265	0.409264527412806	0.36407506121208	-0.54227650827117	0.61786909914311	0.419262481968719	1.12960923694606	1.03991453757472	0.0425140604575757
"BTG2"	0.128375007794644	0.273780570684082	1.24192956682363	1.29262883052449	0.612326478041335	-0.00544062073406434	1.21810386040476	-0.276453510434736	1.42077416775115	0.19710365316384	1.21570864589219	-0.867018628922729	-0.0630634521221745	0.0761529427446375	-0.568793701838606	-1.08308768226106	-0.943403765835614	-1.26539268329471	-0.270236164521522	0.205735458272724	0.242156503116555	0.697087718513272	1.02244474305973	1.28007507826871	-1.3021142507029	1.25260789154921	0.680936843081748	-0.29894086653577	0.692134651321002	1.21125744327881	-1.17033832624831	-1.5729469498919	-0.130049500134214	-1.20467703097474	0.272681822483517	0.20650481700175	-1.29272373078378	1.33982166752939	0.658737454579158	1.02413332577282	-0.313900701660768	0.281378630798714	1.11955586006658	0.250223224400441	1.23172063190071	-0.166468920127119	-1.62467601999547	-1.0620945358155	-0.271910499616149	1.08565197642865	-1.60972511318409	1.18521064131807	1.27721329497366	1.56151755628052	0.577827585910242	1.06699158991447	1.4127717884574	-0.863443901088738	0.0129880047447767	0.684359090249971	1.12565772435381	0.207451875817464	-1.17305775517226	0.0849699561972621	0.804856030290542	1.13877429235326	1.26138671113015	1.52530987546755	1.06412952962767	1.28227271998778	1.04197306278825	-1.16386133407292	1.32900195185053	1.17334011412036	1.00098825567799
"ZBTB26"	-2.8288220968942	-0.328821046239054	0.827110778610853	0.707446974164567	-1.50730372130208	-1.71286776105891	0.815809765733122	-0.469057321702901	-0.967067122327096	-1.70321652118457	-0.990743853592956	-0.73584665544658	-1.50710903478651	-1.20194963004981	-1.50814270231131	-1.0002580928263	-0.751456973630403	-0.295238881956247	-1.39219788218189	1.74517788025706	0.753591291052357	0.374960113393895	-0.79090857812317	-1.12241985532595	0.201507897927295	0.636555467182246	-1.51367149667875	-0.251659441569043	-0.718896942051235	-0.543687258762568	-1.08272644178458	-0.956659808327459	-0.211286813088457	-1.46064485072068	-1.69448008378946	-1.00651540362699	-1.5587200193146	-1.41537602439398	-0.0934138134866719	-1.16331571468416	-1.32874171760425	0.360944657109508	1.03440812057861	0.446271287475954	1.08613430158614	-0.582944445403872	2.02126571337464	0.847233720433443	1.02867886365101	-0.145785255613637	0.188427493807361	-0.116629283643985	-0.300004195839857	0.375340837586682	-0.730835248492876	1.20729558640041	-0.393063242957497	1.30873818967555	0.876247020760441	1.71806508374074	1.5885936406079	-0.406939237532306	-0.681249050209127	0.389154841982292	-0.621598111678502	0.827784767291059	-0.902156338602951	0.543622960153762	1.66382042335097	0.244401425457701	0.48408727493465	-0.0801317469875231	0.793899935748506	2.17253035530739	0.572172414632984
"MRPL33"	1.0024607629785	0.389283390520555	1.10477807135837	-0.183828160478279	0.402770159439303	0.825278834757889	-1.3051296446459	1.03773914437534	-1.31481883408803	-0.405904763053217	-0.321913424191348	-1.0830998827311	-1.03930104014914	-1.30101284115702	0.376584035425664	-1.03870298367428	1.21934019170422	-1.02761200767985	-1.31749636210688	-1.10554523915162	-0.972237608251482	0.509263824084749	0.985501451136955	0.816503087593562	-0.308212426613199	1.17145284905896	0.8065075319521	0.0468334395595191	0.207524367387648	-1.37756226036402	-1.57666376990902	-1.62721994364798	1.40479826937525	-0.538842460497287	-1.05552698769124	1.04585743092685	-0.177821115829925	-0.615075898813016	1.042305629243	-0.169150917773189	-0.849911520794652	0.563342708903903	1.28095253658689	0.485625629761587	-0.960413245159604	0.748466902808054	0.961864101342902	0.680355689956275	1.20874143335605	-1.05999473518558	1.1700831442592	-0.280101266425393	1.10434734428013	1.21168510156933	0.735225934827655	1.11609395651509	1.15907421035158	1.18007481672678	1.13102337950059	0.447039562066505	-0.654025960920064	-1.15181416267282	-1.3327635962291	1.30211605629227	1.31693803401196	0.0944870039928064	0.154804811156446	-0.78641718509577	0.475818024248083	1.1087503057402	1.0429415814636	1.05951482131916	1.13238450346727	0.101367794412399	0.0204807589490663
"VCP"	1.03756685477876	-2.00714500577257	1.06332601432493	-1.79702028072676	-0.1462533570138	0.630590748401207	-0.529861370345971	-0.675542381196715	-1.90052982394456	-0.153398817289379	-1.26731988195482	-0.879408384651702	-1.10123097690607	-1.81175647797291	0.538336983887855	-0.454587632923242	1.25651333593402	-1.59170310892841	0.581754477047032	1.62783500375033	-0.0499641016861476	0.669888854002555	1.44824879336606	-0.977602385500755	0.476906363323605	1.62434533844041	-0.220292558190687	0.727381126868538	1.09038453439864	0.90607601361111	-0.9294590879536	-2.02521035867308	-0.648655332600524	-0.583390740644058	-0.665485895600681	0.506641061271545	1.64149865973342	0.326902076917459	-1.42841296462941	1.31244502895718	0.484105709130336	0.421691555507008	0.811185885795015	-0.26244649345101	0.663495950756704	0.318721764815685	0.762490514359555	0.0732837397929667	-0.827261590938006	0.539295496727805	1.01548820967368	0.630392565909791	0.531320325201893	0.888725459625759	1.36673060799258	-0.634330423342874	0.925010570996818	0.882205435910971	-0.0429755555588348	1.36246615080764	1.03693296381543	1.08845979262708	0.803147138993369	1.39738164579711	0.654993593132808	0.513896439002099	1.38705366945447	-0.98293240198497	0.723457319863882	0.784701080519919	0.287168570039341	-0.957764257249746	0.408630165484036	0.636534290026715	-0.473584309444554
"RBM44"	1.06819651663493	0.986959123490039	0.597530858193549	0.639402544112873	1.28294945824291	-1.20598067500851	1.4065753667228	1.12198414979513	1.27555334696355	-0.962202738745181	1.06867074996414	-1.05729521570333	1.39364130307045	-1.03695899986466	-0.838993989449319	-0.272288334726214	-0.49573438905741	1.05797791713369	-1.15406335556127	0.562296336027586	-1.21172010312438	-0.01851173629925	1.17846585441725	-0.395958077322779	0.85363548698479	1.03437885295524	-0.862097496088434	1.05666671853583	-0.178660442079907	1.25884082192543	0.260815042059461	-1.6079054613306	1.25649566240647	1.12248261993238	1.35678172836026	-0.557093183897841	0.2576396559157	-0.130636425320321	0.724616850928377	0.938701544008319	0.963948617860083	-0.0228191337407474	0.726754918587549	-0.620281651164106	0.510715028587135	0.977872148627507	-0.336720211590884	1.22359803820245	0.677783047780747	0.212181514236216	1.2466410694522	0.478297226653405	0.510317914603695	0.895037819576057	0.383179976698216	1.0840893249694	1.10693205928617	0.514137801161919	0.674663348380768	1.08146185485945	0.0850223505877386	0.620025794507016	1.2903255716975	1.0725437606767	1.16101450147039	-0.771476539288922	0.28327244780943	0.641459212838154	1.06241979088732	-1.12710576553766	0.606254430473259	-0.914707303060807	1.11557907688542	0.0184848206961288	0.135181113078481
"FNDC3A"	0.949604550688831	0.764847324588133	0.536605362929886	0.679866399348466	0.306447418181269	0.654243847554644	0.755412290639783	0.511839841961871	0.226020524867452	0.459968849734002	0.360478674796524	0.718228612685114	-0.182340478535819	0.839817253192731	1.05444510128171	0.475817491655094	-0.300686864711405	0.662253364592257	0.330474718705796	0.921982596081461	0.913852366945966	0.235583807297718	0.786737627432148	0.954562051884149	1.23632303530888	0.528360041181061	0.184769405140101	0.711248284545316	0.170247853390228	-0.88526156267357	-2.02056059834884	-0.76880971679721	-1.35338783552955	0.721096695469995	0.765869713460027	0.729417961920987	1.12252179270017	0.294769212235444	0.736968053137455	0.302894617079476	0.608770648811862	0.727922354565257	0.752430052686853	0.859747435594131	1.05929215776575	0.490306138471707	0.80662912742716	-0.521935589585376	0.977574226484764	0.397395293970681	0.649020539081496	0.675604882143906	-0.404968487041038	0.621972317129907	0.865789895420423	0.752267599881312	0.535646288660814	0.874399907616033	1.0423385298059	0.898323588301005	0.627999529973499	-0.581283328723618	-1.59769094289962	0.273378529326766	0.542994423116263	0.522792057107935	0.452402865598233	0.616318527594711	0.753042721863248	0.380315405046118	0.480224347132985	0.0699802361952436	0.543168997880269	0.501728126246414	0.85086733065828
"RWDD1"	-0.296763983889874	1.36212528796774	0.295521341122493	1.06758995625807	-0.16638391325026	1.15383963049986	-1.55186397751012	-0.493343206382328	1.60202528377653	-1.74610368744498	-0.631928857484268	1.4756547862473	1.32092311278925	-1.64255153748022	0.479430176388339	1.28003060293752	1.64605764784718	1.59405577260908	-0.64049895679305	1.11781480327013	-0.115001931133534	0.733049019297544	1.21595421605632	-0.110413546842273	-0.445567832175706	-0.740565110987796	-0.815214551536437	0.941812313152139	1.24372104124839	1.08656963041528	-0.684287405767081	-1.14175500078248	1.14199305283693	1.03037402828997	0.662308805875044	0.297782472500351	1.6134038487217	1.25967976648229	-0.993585646644214	-0.0790380429848535	-0.924469792792929	1.34386907659952	1.59527661515589	1.07026408231212	-0.831279635924469	-0.670471645617338	0.101784889568593	1.21724223072753	1.30129077056415	0.451977725823923	1.37859025346224	1.16672920902291	-0.814749404961016	1.17421048862667	0.830739553447895	-0.848825592937847	1.29448730258222	1.21563339936764	-1.02643860274925	0.758162178194999	0.14958774099922	1.18322204723431	-0.947580434669394	0.573181443953052	1.5968705263391	-0.307833495250686	0.476213799032246	-1.44475295746889	1.21986812933058	0.45871891828408	1.11222397564008	-0.0743619139347661	0.0692839031942217	1.1533479151003	0.43179191295284
"MOSPD1"	-0.931801057713707	1.02222120604668	0.0103234493559495	-0.780889579114359	0.765281319633127	-0.70571010330962	1.13825298523453	-1.02140694444558	1.41363676191547	-0.887731836626946	1.27667237371212	0.0553259201227441	0.352838035138949	-0.929951862326263	1.19399896333709	0.593628135360967	-1.19592567667723	1.22958114401676	-1.84671828369597	-0.78361394511617	-1.1892422042086	0.421318953145992	-0.593063422186704	-0.783351377240539	0.42197320486191	0.931648424188257	0.483086238820711	0.897428224914665	1.24437755512658	1.11368420575684	0.286270563242663	-1.5887424274497	1.09223411033279	-0.674389159114973	1.06950570709898	1.32111015318864	1.0214201534728	0.395471938839427	-0.203961492685004	-0.6382602585751	0.120507388259658	0.661904720822026	0.284695430949043	1.23072712613331	0.597842667022929	0.321305315502608	1.17438764538207	-0.0764479196850165	1.29760087533728	0.351407760726541	-0.179980428256467	1.0030614459385	1.00438417212038	0.715265862048004	0.963313268267705	0.221942213618976	1.1572190923291	1.01242693668765	-0.639455096568463	0.36281826486911	-0.838140976140595	1.04618024562671	0.113738043108395	-0.667644480959715	1.22116461653954	0.381126904211655	0.229225014517906	1.21520475931224	-0.129884119604678	-0.347207469817294	0.0435652409216585	0.965586464876448	1.24734547766745	0.0760933950389475	0.239661928251403
"CENPB"	1.02739246212075	-0.519599330442506	1.69833866235602	1.0355346063161	0.356665736317071	1.07776546722484	-0.703682695566949	1.73851385570409	0.971908588475754	1.13615637463042	0.965134263835906	1.36754234862236	0.76143911155647	0.795783786444743	-0.0503957150469423	0.319087587557972	0.008645886725667	-0.580078256297325	0.053443608885868	-0.170224190304145	1.67233617990742	0.411859933004967	-0.897338823924358	0.40549617686782	0.942657682402564	1.00308549448881	0.770322037411109	1.03323391334063	-0.479977573472655	-2.19978658906527	0.636644816533403	0.277071976366767	-0.614030960261784	-0.272250631576895	-0.336040795684904	-0.921116341636936	-1.12830270864077	-0.286585120763191	0.24999402799425	-0.79118798760474	-0.407002221572273	1.20737333090973	-1.96099903639551	-0.301637163426943	2.07372285248641	1.21036359958705	0.145506694647073	0.602379611774129	0.822971073429832	0.118251226539044	0.319612692082339	-0.928732970632764	1.11177712018333	0.829994185750654	-0.455198095613251	-0.367101373239254	0.2307518486191	0.409330156788079	1.69739469750827	0.808604951318923	0.607859609219282	-0.471115268929311	0.186452163024575	0.0743232580511661	0.558464110084265	1.40313255828492	1.28090673758555	-0.56122382784594	1.57049513275422	0.982147137361293	-0.29685882896628	0.379253689070081	1.17771706271669	1.94459520192701	-0.218641479255643
"MS4A14"	-0.0961597678979739	0.699597663727829	1.37550418838788	1.20589703219109	-1.25852052428003	-1.06820045950321	-1.21743560907775	0.170825572006992	-0.406407885027821	-0.221467345456349	0.289000120927001	1.52573163596382	0.069337885190786	-0.00816638590239035	1.17806470016388	-1.1838987247954	1.25968119541962	-1.15563776430986	1.53800513676125	-1.02128792492643	-1.29026016372414	-0.246310980967795	1.37200605171129	-0.328629473556492	-0.658641312228236	0.240555670656888	0.676422469133	0.608298013358272	1.15149934237004	-1.32202278449339	1.2404822155326	1.63101120125775	1.35070348478969	-0.969212561560056	0.321928795367529	0.457948207648981	1.23908854811588	1.3378703412786	1.20426444518129	0.193742270096437	0.810782299372087	0.621942542075701	-0.414129059388004	0.075156556414607	0.0473946127448023	0.31769541422013	1.19167074092079	-0.0005662662482022	1.17576013883089	0.557204280813264	1.17553357160383	0.129008295318946	-1.1960551151472	-1.27137857383947	1.38970121389668	0.0341186297900177	-0.525276528067813	1.1668715641313	0.202733628402241	-1.25982568732036	1.23645506632658	1.14324217609723	0.636542655220952	1.37221902634293	0.169302255190943	-0.150545980590316	1.23056550634804	0.00514436533264514	1.16556751816745	1.16287727274945	1.41103157978681	1.37009007750158	1.31284396777983	-0.0865980611435218	0.78442928840333
"KLRC1"	1.13076512888027	-0.685312276088594	1.40505108637374	1.42355810621482	0.295292691351155	1.41035915109895	-0.905582671145698	-1.19196921384134	1.36327419604669	-1.29673954494278	1.44059299743649	0.0605168794139238	1.18850128936803	1.00562899300334	0.725910435218141	-1.54315316383361	1.50522447159132	-1.12164100519927	-1.3365878154923	0.154165039193523	0.608529205360932	1.20088993933779	-0.0897523774272818	0.0171252403687105	-0.686898505973664	1.14393353338837	0.216373920611427	1.14472003119433	1.35503473225191	1.13317703056113	-1.31490587854772	-1.31446136784476	-1.59944108563398	0.206882604044157	1.15835780343087	1.20321102316152	1.16799693685595	0.253942942929873	-0.867584111994852	1.16503937609978	0.438597972344296	0.340317250096192	0.846714404895099	-0.944804154586165	1.18806260337499	1.18057815031626	0.0883725883355703	-0.984048826634241	1.10476555409241	0.678761236743615	1.33294318827562	1.1284652453711	0.8990761430451	0.34623257246443	0.440099263789875	-0.875396563952744	1.16129978416389	0.182886987173071	-1.00118784044553	0.632789330689675	-1.18415706965436	0.254915410994802	1.22289570575088	0.365744896109917	-0.870998987197985	0.819281652586374	1.17843549972923	0.678664912909434	0.156803749681221	1.22252017277951	1.44336779640455	-0.162172263381582	1.28262417207193	0.864622523934351	1.14249994620235
"ANP32E"	0.425591827040734	0.891095072352691	0.0740946803299792	-0.798359014710053	0.232568644759782	0.222624295442717	-0.0924673191029217	-2.20104905293611	-1.97788977025146	-1.06836159287916	-1.3686464372679	0.47247452624812	0.364662842425409	-0.73696995611496	-1.62761899387707	-0.686498642295212	0.03409567526783	-0.915705392227149	-1.09640816424293	0.506513573703909	0.858349315628498	0.628264305661187	0.335908891338332	0.148673721054363	0.938847246885223	0.556106793948872	0.720322546081428	-0.186069759396874	0.440522993780413	0.0870569205535704	-0.179835215276717	-1.36954041907447	0.633609990347596	-0.0981523168234955	0.892904335601652	0.650818464671498	0.0711192336368053	0.644288431457565	0.507063818796484	0.904891539328237	-0.84534454117103	0.382082556274971	-0.134223749899045	0.826870047594149	1.17472796727105	-0.126526973167226	0.511963713199578	0.408739638809947	0.828920642354867	0.0644858614974716	0.286122614693694	0.706728317211645	0.528053824466844	0.957683093548987	0.846850672129458	-0.444018040716466	1.47711261092347	-2.51518632336124	0.962352341162983	0.211002143319902	0.167853784289914	0.664998757728448	0.648348281702839	0.517426971792359	-0.466692054861088	0.353318074177696	0.121443411763944	-0.226142911626786	0.694979596225774	0.760810789532445	0.774777469893042	1.48143448340705	0.46877270438347	1.60531914159575	1.48102133922925
"KLHDC2"	1.18002447553934	-1.70081538550703	-0.177220463753514	0.00863077141605964	0.148868674788714	0.876741301785838	0.497277829199917	-0.94193948116495	0.998582668287275	-1.09672169724859	-1.33494009027153	-1.31602745204058	0.967986308225062	-0.593127316742451	-1.01787582267106	0.453412805735957	0.103004183340433	1.02724214075061	1.01806395999531	-0.0245809920129261	0.5843908216259	0.809814262863625	0.0674195357903087	0.943352935828983	-0.0686096285369628	0.137317554851092	0.77366919366077	0.796937208276607	1.06512610682841	0.924251214975119	0.246145511739372	0.652714309852734	1.74867220627743	0.941687121347688	0.238180894006589	0.882850020238625	0.100398128597288	0.786456747469189	0.953483173041138	0.868212288955849	1.22698425770241	1.09546159391954	1.17766084949547	1.1307827641863	0.5978320541114	0.775696108613766	0.930416889944648	0.601547523219924	0.0639076715237134	0.381674427854005	1.02400052548727	1.09693150590639	-0.615074656264292	-0.883783992998223	0.0601093561664684	-0.048738513760629	0.830033568325563	0.537994507766145	0.591144593890782	0.323232823746733	0.350951513058886	0.967181106314061	-1.17481545288766	0.0216829255672294	0.806895717422246	0.284252227926923	0.703245608709591	0.953296673711284	1.27134221397892	0.633937015195569	-1.29889181755807	0.468136630425858	1.08010350117879	0.291301400821893	0.932655358986346
"TMEM170B"	-0.0831051439348873	-1.20649055144226	0.518265261269454	1.15625586059943	1.23726115574846	1.16451047428831	-1.45661222996217	0.526956382601768	1.05957974752523	1.29229235207497	1.23459460850325	-0.308621712036206	-1.35872477991842	1.22036994739015	-0.0579455902241312	0.232822130465932	-1.18457403789077	1.19805660368907	1.25077636601309	-0.313869217113682	1.18312471360878	0.408189737820945	1.10636525646373	0.563568906398821	0.243060944195438	-0.0576853449281955	-0.842881774459005	0.466107905379116	1.29307531626118	1.33267578172883	-0.12939725559604	-1.73950352580672	-1.96289547274195	1.32269091133523	1.14389273660309	1.12380961651904	1.16915186314343	1.12082359057185	1.07513222512316	0.0253573682791789	0.0426835757643735	1.02683764264696	1.26562713885695	-1.04311857375854	-0.0652720209683124	0.350771073814706	0.192192514012614	0.495153240863644	0.469877014920322	0.198173310942579	1.10767415268919	1.12477593620182	1.23399699241464	1.45646473217563	1.01611441116847	-0.00284598428061913	-0.115045775581939	1.15488621904737	-1.14651544738897	0.521268676719528	0.305894052482773	-0.250137802776477	-0.208131363447368	1.43832938442827	1.18544246878433	0.613161471571836	0.218734343909682	-0.310640684079139	-0.239161881890289	1.32746023328139	1.16278429568423	1.15798570989079	0.299465627704965	-0.458128334501148	0.465190264695387
"PPP1R14B"	-0.327532077946562	-1.3524259915885	-0.308952931585091	-0.982290778597762	-0.25646986628386	-1.58067711393936	1.21662865841052	-1.6605370545134	1.37104989434109	-1.01161161264762	1.14407817571998	1.51635781006351	-1.29187362290071	-0.631025217449921	0.35759985251997	-0.285450669839185	1.25768848725546	0.293687230458037	0.163045236947938	-0.0104266627220464	1.21215113261594	0.92665273366873	0.195736104053417	0.924271577767042	1.06207829927271	0.204098180011504	0.280170395260476	0.0411389379304563	-1.48309409529057	1.27313365921333	-1.18220999566796	1.43873609312893	1.7520768040884	-0.466276673889246	-1.21010031456621	-1.2741767456182	1.18769674394812	-1.46856989252487	1.23694420699577	-1.02019659137336	1.16830363934166	-0.141886720591321	1.21903282292454	1.16453975498699	-0.109070582444813	-0.15113790158815	1.30960866395385	1.22663145357922	-0.486184137839384	1.18406379155703	1.08601607305276	0.000449682090338193	0.944490477954432	0.660645993101318	1.14285579107685	1.28338070475345	-0.748115484302964	1.15498995525308	1.04129203100164	0.967342898119001	-0.0971875862743156	1.65122457365836	0.385017786903483	-0.909072438650354	0.774652288198871	1.0631319720411	0.830111147455624	-1.06056255245144	0.00191095020385822	-1.25173588585233	1.15107272431658	0.945044059978079	-0.0987637326349816	0.117495272472101	-0.354120580390308
"ENTPD1"	0.432044887073042	-1.81079271043214	-1.80995351091531	-1.23048043438674	-1.02437909786336	0.327134364451694	0.445472492716594	-1.10385615668168	-1.38014180629406	-1.00507378489123	-2.16187341995218	0.668185962395278	-1.12906519984398	-1.84525144929308	-0.0235796363885428	0.385427167701444	0.883472974650062	0.784368339320151	-1.9016537104674	0.782892720294247	1.00803334233276	0.840304445535242	0.799829195024769	0.14318299235573	0.585974358039362	0.607039279234367	1.04572463821537	0.786905180927725	-2.48880567994944	-2.12858715353279	0.223586848401601	-2.55395160003956	-1.75733545894665	0.424539682534634	0.10851828938227	-1.00704311295381	-1.65865955971167	-1.76432565003449	1.15491881669277	1.25019280355935	0.242212343690167	0.559487721468638	0.990264209126052	0.532247373501956	-0.0663885337562382	1.07865030519557	0.705849257671021	0.388854941198502	-0.019633921694932	1.23889719216203	0.296205981155953	-1.11257915602	0.602053526148225	0.689545017322098	0.20849713978995	0.659059182140136	-0.323803872486965	0.475389712438889	0.736914771897975	-0.265859280090129	-0.223892808257407	0.546399879186138	0.334126789720963	0.158151564955444	1.14101211384143	0.470455583035669	1.21419098799729	1.00820744150597	0.955761483246945	0.624609232027528	0.462071707576199	1.00339916902082	-0.391743431889107	0.75971704617866	0.439500703052555
"ATAD3A"	0.554371438349735	0.268653328018846	1.1937906478645	1.23146950821303	1.12640764710311	-0.87554702707732	1.27958025556335	-0.833444169479544	-1.33078963381364	-0.891841780454156	1.1208989006207	-0.518824391723943	1.07289799419639	-1.1869325829213	0.114417790386867	-0.94739219500044	-1.42936201000839	-0.694954709598971	-0.225606234814177	0.545257511860575	1.11254441563051	1.2355279318213	-0.320068585483408	0.0995857229223006	0.519814477523761	0.351328279777173	1.13813269423797	-0.300762373214955	-1.56045248149826	-1.61353675193645	0.0153462756582937	-1.64484592601408	1.54935295947583	-0.785594306273866	-1.13109459035844	-1.40249357523858	-1.32959038569268	-0.371509394201752	-1.5299395652024	0.607484612662682	-0.876123770096951	1.06003254406966	0.565275594679553	1.11881401745841	0.773564749947572	-0.696847256911705	0.563710496644954	1.12470110920089	1.17836766746128	1.13270630169896	-0.359331053204135	0.212240313913871	0.185573261539356	0.609317218045553	1.23061350226038	0.0422875779563737	0.0624048241297043	1.08395611703029	1.1438431660978	0.137114703219683	1.06936946742263	1.13478969782691	1.23246671163288	-1.40216742776356	0.335197969352807	1.159083516761	1.121564456147	1.08982060361059	0.177048488590116	-0.779607798149036	-0.910662802841042	-0.15093156387528	0.37229884194127	0.322644879966455	-0.0916176906825106
"CNKSR1"	1.09138237167617	0.1326880815162	1.18339979442847	1.17492816295574	-0.0496768369975825	0.45359952020236	1.17057944783348	-0.117250800874134	0.498358239492435	-0.862648149285672	1.04463381976867	-2.96282859669346	0.476167510791867	-0.23796593188646	-1.044537470487	-2.96282859669346	-2.96282859669346	-0.928437756660273	1.05730165138784	0.214178807141802	1.03461903467851	0.366516713723074	-0.316323582340875	1.06684219068031	0.0890648239654428	-0.0261300903013283	0.00550289771860935	0.394978181440159	0.173674076132009	-0.225814472318096	-1.37723909868615	1.37210904115295	-2.44890652964381	0.346724359782392	1.11502730497198	-0.862347625280655	-0.616921101996335	1.15250177776481	1.11332642930693	0.182194654277861	1.14062542239961	1.08569288019812	1.05419718646256	0.184456558316307	0.00348983068936401	0.272298610387168	-0.612664190603547	1.06166499507767	-0.316787703859625	0.339424100885364	0.311809318326714	1.02808541574051	-0.293531046262017	0.29720713936488	1.03218059367549	0.547902449737408	1.03666698744212	0.298590676788053	1.05237631249578	-0.552367143223348	-0.669567185605879	1.04534146417044	-0.842444575879688	1.10992494614912	0.619066207269943	1.05715263625834	1.04572598688824	1.09576987257022	1.02969811492991	1.02869498551155	-0.182147625063381	0.0164373719379026	1.05996239630961	-0.489091895779918	1.07719717224684
"UEVLD"	-1.00076426656317	-0.350825192177561	-1.02301561147197	-0.88332984833856	1.35677049897826	1.45240944854525	-1.12995577579164	1.37789156544487	-0.706024405022472	-1.15366836618533	-0.432152969383111	1.43503333627418	-1.21411766985116	-0.903582978741147	1.33654379449738	1.2538828560947	1.41353758609172	-1.19927866203323	-1.32851328089664	0.438851406269334	-0.205952594788078	0.071580956438806	-0.900750541010846	-0.791815203506583	-0.0270958475291737	0.0498969832946432	-1.0603627424921	1.32240914901126	1.43809386010149	1.56520978360439	-0.983269538561156	1.60743970261423	1.42146997759085	-0.112936013077284	1.23806615224752	1.32411314627557	1.4280462050782	1.36856531362657	1.33131880159554	0.229723071619828	0.32555929876886	0.575365155898	0.302293596560699	1.27142714506702	-1.15240708019364	0.243775066082415	1.27257183612432	1.34606008640085	1.14280468075155	-0.520896485294057	0.8763922357831	1.36975534110218	1.29841030771644	0.289154357668142	-0.00266265263627428	0.406589078264768	1.2192995867136	1.26613896920992	0.293566074514445	0.331404483848492	-0.0647540922592311	0.115725762188661	-0.00639639469948504	0.559506953624162	-0.0320025183274707	0.0597247827846292	1.39175039968288	-0.335384541534059	-0.549418376610898	1.36638602060417	1.29559411992375	1.22065406973217	-0.501638606185661	-0.235348354078591	-0.350514195869727
"DIRC3"	0.596371803584649	-1.13794757652383	0.231009260795597	1.3203729147088	-1.01563225449478	-0.583211938141668	-0.0545747543178944	-0.476430961529723	-0.387689017287096	1.25002078310492	-0.656986871081929	-0.98537431542473	0.279425679361799	-1.03441554875397	-0.998626303014529	1.31627468017814	-1.13507242918486	1.257344603076	1.15070062950386	0.280753129717572	1.26725917023489	0.342036815694337	0.533463394387215	1.14684942526722	-0.176869617099636	-0.550414326945276	-0.2005069550583	-0.281999090050578	-0.0307527837216287	1.37881828597887	1.27949145735195	-1.50110446471567	1.61306617111029	-0.191687615241416	1.33961552398954	-0.365996686903805	-0.529643966355644	0.287706091794202	0.481261386313294	1.17704142030489	1.27454187385413	0.20345152546655	0.653363386762241	1.20327708356231	-0.0977483383018374	-0.59753089032295	1.15278818673128	1.2187821352404	1.18478026549625	-0.157475000617224	-0.278951445143735	-0.0710436331712408	1.15768615256378	-0.0999375931582599	0.499345529166921	1.20553540226392	-0.0453371797236206	1.31726753981452	1.15248649835246	1.18728796924922	0.0823299184933574	1.27431205548129	1.18536788290716	-1.03279210019433	1.17033516879125	-0.579256419559025	0.593682637909838	-0.881326216422213	-0.0510982555009886	0.474110586657836	0.41544313345399	0.487916882460896	1.20898567311726	-0.108596369394879	0.597484013471041
"IGSF10"	-0.735856265394632	-0.579140568539773	0.496331384834227	-0.412281898046695	0.826853759825544	1.20494622174571	0.367771526556201	-0.452898773082437	1.12522470907181	-0.531032248460949	1.13620787471994	-1.74102316664381	-1.54379379100467	-1.4271388446889	1.12205389876532	-0.845446842187894	-1.75008205818558	1.07803343670801	1.33218087203471	1.17138669685888	1.22210563676619	0.145096066650925	1.1364722359227	0.331130774679509	1.18542846238754	1.12797488639587	-0.696611935795117	1.28846484796086	1.07926663193794	-0.164534020537728	0.304955120155704	1.26995819351226	1.10342894907247	0.252171987111872	1.26876006678198	0.622289713176554	-1.52757573678516	0.867091209497238	-1.02100224473232	1.19648997342782	0.247475420783799	1.37577731738118	1.46368731012611	-0.575692404940889	1.1379285786796	0.642225637968909	-0.190117168709199	0.141619860353514	0.477822248212066	1.01339366315084	1.3687351367077	1.19353869344123	-0.795684402567227	1.24722005106961	-1.10047806314583	0.353314276037748	1.00340467928824	1.1605588201327	0.155472561875546	-0.207307651426678	0.0683725708076273	-0.042143838066169	-1.14044873642022	1.46963603057524	0.0596678339566008	1.20429523995711	0.388314675103927	1.09502885329136	1.11469653493676	1.50388013652605	-0.843481582551379	-0.558532972956806	-0.0930739432575138	1.09363867049377	0.42024312917712
"KIZ"	0.0262670831006333	1.26107242413272	-1.54700972436755	-0.626116204872706	-0.740881460992597	-0.327695166236516	-0.194425337544466	1.49610533259254	1.32758467393887	-1.18558655318197	1.72860003534355	-0.957574418600321	-0.957376481286624	1.00401840117298	-0.575013846640132	-0.61827208848987	-1.4083905426705	-0.346043072589346	1.33581383832338	-0.0953324137861214	1.66603807055558	0.975136294978248	0.556827167646033	-0.572074166219259	1.31280902591368	1.18487612109837	-0.138763662510857	-0.0509241439225409	1.29356191257409	1.84097739662512	1.46502492210168	-1.0462875233969	-1.08511724829816	-0.948931807715605	0.718265210465603	-0.505995346674449	-0.784150185727345	-0.8369420895402	0.297266737243319	1.43796287784651	1.31193478525453	-0.236397913441636	1.37792776405886	0.00434728886900897	1.14944953714227	1.61254997318456	1.27778586981036	1.00866423609158	-0.459266764090964	1.12248348321288	0.0825041077855697	1.42423509377873	-0.297957144241322	-0.298888542082706	-0.327347523517464	1.03247542772866	0.559350181226725	1.2012718385888	0.390158305482633	-0.345656607983411	1.50682745890671	1.32663061499533	1.54462207465073	-0.48928337778634	0.372018236697465	1.25126248385546	-0.287939303225608	1.03432599614858	1.11488533738193	0.0704611180756013	-1.14734621203159	-1.42265942947608	1.12475208173459	-0.400161697195162	-0.272089349560658
"RBPJ"	0.166474639472078	1.26851618336752	-0.651715116873097	1.37994994585139	1.23450116328394	-1.17956111125348	-0.432386642420918	-0.708182086063497	1.39013627731931	-1.40809885141717	-1.09432825016904	0.399422092024826	1.18345017767809	0.136720346909298	-1.22028794517088	0.191552321087545	0.349723812590719	-0.534766683586386	1.31984505054709	-1.16017373830498	-0.626610791890152	0.167157405296699	1.36740464585137	-1.3183525465118	0.449915778862655	-0.539917792461318	-0.717030776641761	-0.549303873920294	0.416772358182165	1.31652696821103	-0.327294599056735	-0.0902671146660711	1.4506585726248	0.323032363087522	1.51063246743828	-1.14207524244602	-0.45073517465583	0.19119938896403	1.40453505398956	-0.112086647892976	0.406614513927575	-0.454782276381526	-0.495539752550461	1.15779859377142	0.523427950071663	-0.231023464769937	1.22596078676222	0.166175310590773	1.22461322748778	0.355976521353479	1.37277644554427	0.453439346382879	1.33367960644985	-1.44288419773091	1.22223112360606	0.144673513298744	0.157630693972735	1.21465649732486	1.31946000824598	1.17325604039754	0.53937473948936	1.1992178465136	0.572512950463195	1.21363431385096	1.19562105832065	-0.391122407446072	-0.317300299292434	-1.60412769422901	-0.503321809531198	0.343505862394502	1.46799299906289	1.31470780477423	0.12152150901949	-0.506746167488588	0.449137573533479
"STRAP"	0.740069111772777	0.856396372640382	1.08669698259295	1.21867282216468	0.981541408901441	1.10651263766945	-1.46647349498955	0.952981307705151	0.7280683941989	0.0339494555513881	1.0944324740143	-0.27148318512238	-1.91841940833115	0.551040410061661	-0.0108938229446514	0.278664860765584	1.06139357412136	0.181237817208414	0.826999301197054	0.547211372130884	-1.55472612568456	-0.43533331191878	0.452452741877797	1.12732355466255	-0.246216076175453	-0.0784458432863	0.140544540396515	1.44005963249074	0.888950394177479	1.35028395171137	1.04439373581535	-2.30147585700288	0.565452600006755	-0.00195396915535289	-1.45448629286715	0.119833012353995	0.940296538194711	-0.0398404051949169	-1.98116704877841	-1.4611504413183	-1.07024136345589	0.582593238360153	1.49114221823499	0.775498655919802	-0.238730711598167	0.595622039734438	0.283915445745631	1.03420895436	1.1259975886325	-0.851584837758903	0.925271426063792	1.30207234424367	1.20676394423491	1.01123484261185	0.458346213360531	0.0991109156775623	0.243540256418905	1.35357770246324	-0.13090246717022	1.09151617587027	0.728031504619212	1.01591199675602	-1.11640463498994	0.960078338752402	0.749539222827778	-0.365571039267788	1.30154714086099	-1.88150227428779	-1.20236159610226	0.242753921401222	0.810918732339017	-0.203380957832535	0.906041894891882	0.0253653951304066	1.11088799179014
"CHST10"	-0.408840864805721	-0.971754465434665	1.05164404064974	0.420585100121319	1.06201417774786	-0.598020779063095	0.528534204049172	0.463041357110057	-2.24981372772238	1.09907943473665	-0.755807720464427	-0.880460237429718	0.508241185298099	1.03713054468381	1.05148528503161	0.565377995170155	-2.24981372772238	1.11192135059021	0.332053141879427	1.0396671052077	1.03830372902217	1.05655609812018	0.32734397745679	-0.179704315877619	1.0638458612342	0.321737390232154	1.04022989303489	0.108155817998384	-0.901751845016396	-1.05147750125898	-2.24981372772238	-1.6791173250581	1.32048043208596	0.143733319258347	1.0576583390119	-0.39050752275671	-0.471556558029946	-0.749926348438252	1.08325165974778	1.04848186307873	1.10002879776918	0.222511170223762	-0.022819320996425	1.04551618856234	-0.0799815733087396	-0.0254683214169338	0.358004049205355	0.299568228791631	1.06202396342152	0.253251187724973	1.0379486464086	-0.379149951695062	-0.252116229079133	0.234793986890864	1.05034993264834	0.282540895371491	0.125563038820855	0.29012043790459	1.03514299674895	1.04640184167067	1.03891183760223	-0.403034189937812	-0.999089322368648	1.05537261523782	1.04685379410919	-0.285472040919647	0.4624810678271	1.04521163930374	0.272430161330551	1.07943208311408	0.654545247127509	1.04415611800399	0.563555028336811	1.03186037002067	0.217122485705999
"ID2"	0.830330129332321	0.321185473352252	0.17655065064528	-1.50567300191808	1.01902776103822	0.378260064743785	0.318802348094977	0.424776924962879	1.04342006354041	-0.21068724485841	-0.263591174244782	0.875853609749237	-1.48408155381533	1.4342826683385	-1.16432082527964	0.572052294422211	-0.431487265451754	-1.16401604591657	1.2614999027656	1.16982744895553	1.04303945135304	0.291749441567885	0.206499558763996	1.11578557862886	-1.06505985098801	1.62461980562197	-0.325489796191425	0.244829333132647	1.26955083694984	-1.36769671783762	0.888445739687777	-0.471560354033721	0.40713648759037	0.839959531488812	0.0142671558779673	1.02524387104824	-0.0604281509214614	-0.510323126509437	0.746040283761638	0.165242786906731	0.364091390596938	-0.380220814369456	-0.0481424052567456	-0.207574965032314	-1.26921869144838	0.668108502644592	0.176337122250602	-0.720899899014459	1.02497660395551	0.801748558494812	0.35660583818741	0.637331074657098	1.3906920112846	0.724183679862493	0.415101032787304	1.20418804442275	0.131044667284777	-0.5673986203376	1.36107350930883	1.50295824183232	-0.338004179990803	0.300828833525055	0.770713206325613	1.12877679316537	0.986326240164296	1.62083065050516	0.49191599034799	-1.07151176096677	0.257908146286569	-0.239773160632902	1.25081941803887	1.11059533020768	1.23438667156455	-0.487343335938085	1.16117382740816
"LMLN"	-0.644778775202509	1.33400010144897	1.24546839004092	1.33169100491988	-0.253751133169074	-0.896601740883006	1.33562958487436	1.44185737023618	1.19781750463308	1.66319694505854	-0.348200866204613	-0.879673098080386	-0.89139764754428	-1.16501819924948	1.39240613086838	1.47266986280116	-1.33900499740787	-1.3202627974224	-1.21065500801763	-0.102985989236058	-0.864972434777689	-0.0426595057130262	0.0466717977239117	0.00213233916290905	1.54617510287977	-0.224702428253736	-0.668808012515496	-0.385052687084273	-0.295843090888705	-1.39813501956672	1.31346666398725	-1.12066181591168	2.21730978142651	1.19933176016691	1.36016350845315	1.40829812322229	-0.0128439422809782	1.33068518193535	-0.881573418799284	1.22616347400214	-1.20443783616128	-0.441294610749448	1.32801831551293	0.634399904666155	0.557270505895109	-0.727447492517421	0.110571393327246	0.20612320532334	-0.187091118511187	1.33962214408234	0.0859201978501537	-0.038474508643053	-0.236219233657768	-1.16970059884095	-0.857995247714353	-0.373585529759239	0.526853344111356	1.40324370742336	-0.795526581189673	1.50153159845817	0.448730121082007	1.36604838079493	1.31749568659132	1.37605431168752	1.25551078369209	-1.06323478483258	1.34928613957415	1.34588425711303	1.32315117522167	1.56719364956603	1.36093978662785	0.0523876917249266	-0.413038938205924	1.34452976924185	-0.155348946239031
"MOB1A"	-2.26890143739877	1.35510786453617	-1.58272170211377	1.28357672537416	-0.964902475589192	-2.13413226638884	0.913899799191867	0.255797027315287	-0.425812971149203	0.263768276196242	0.855246123891464	-1.31265726070697	1.08587962128509	-0.0531572154149303	-0.975480814647837	-0.146772303299363	-2.0902827776029	-0.0198831305779293	-0.290131475723076	0.513793454038972	0.950516995672711	1.44256430084107	0.301352898161284	-0.415073893534223	-0.440636117101476	-0.945611009367814	-0.185015485142385	-0.332507152299841	-0.710254648889345	-0.210417383664674	1.24730391980474	-0.184908191711627	0.399121210669124	-0.244816770314684	-0.635474403083227	1.41191954835433	-2.73999866629151	-1.62716524281068	-1.15061818466093	1.30296043103018	-0.558539693197233	1.62411966778324	0.609440192843384	0.793292198170315	-0.153203060799223	-1.71458428480498	-0.273898733889625	2.38055626333256	0.158622024695921	0.914212147172274	1.64826970941267	0.474890079923366	2.6032809074545	0.162247495046411	0.0214831652849342	1.25071893360575	-1.12896924770777	1.29019453146386	-0.60698574169248	0.869236854618209	-0.666509834533375	1.85870392926772	1.97163101027855	-0.0707719931723937	-0.930131675568236	-0.163741175183149	1.61187400361324	-0.463865615822605	0.172135791267945	0.378762302511164	-1.7093202179024	-0.147102979391418	0.773652769344975	1.40898439451649	0.370152410924207
"ST6GALNAC2"	0.675492404725926	-1.12734313113195	1.05450615286807	1.41959955006481	-0.324108460492954	-1.12734313113195	1.15076970851185	-1.12734313113195	1.28772663759259	-0.587338795295714	1.22294105931345	-1.12734313113195	-1.12734313113195	-0.673634329574553	-1.12734313113195	1.24386902824554	-1.12734313113195	-0.551522212023551	-1.12734313113195	-1.12734313113195	1.04756689208552	-1.12734313113195	0.578027544251029	-1.12381056678404	1.1801256906727	0.0254333889091953	0.0337764853230829	-1.12734313113195	-1.12734313113195	-0.668337852508474	-1.12734313113195	-1.12734313113195	-1.12734313113195	-1.12734313113195	1.21596418435864	1.15274759283992	0.80552397532161	-1.12734313113195	-1.12734313113195	1.1803960400041	1.30455199119904	1.24424785153253	1.19570512730132	-0.13588406444404	1.17268947375738	0.605225728023393	1.1928357407997	1.13794550135615	-1.12734313113195	0.292335710196503	0.017843034744917	-1.12734313113195	0.95255443454773	1.28313400594136	0.82273981298114	-0.0130867688327292	-0.240698283254119	0.0421443200784954	0.111309814251715	0.887265497950041	1.22875908964222	-0.326823205746333	-0.458647708008537	1.37793072788172	-1.12734313113195	0.729164813991606	-1.12734313113195	1.34541775458292	0.306040867561834	1.28797674601162	1.25885599146965	1.14628706594587	1.24285590752051	-1.12734313113195	1.14865149660358
"PSMA4"	0.275303722817314	-1.88277127530338	0.0641748563097012	1.01799846025653	0.825890538346966	1.21457648125325	0.948910855272262	-1.44396764101087	0.469643907918012	0.429315346586382	-1.91158825902386	1.01054215782058	0.984151320430735	1.36710928795334	0.226500361908358	1.68970593769685	1.74069941524957	0.30119109678903	0.296335867408073	0.0675548441400277	-1.15772305774037	-0.0265650416835599	-1.12197385534924	-0.353873146676626	0.814803088934965	0.141760716984343	1.24157959604316	-0.664943151949955	0.690989684009171	-0.984379301314761	-1.55952264046849	-0.611587224471174	0.975522523034255	0.440657490398338	0.993112316232171	0.814994846581795	-0.587119397024657	-0.556644649383769	-0.0834926226744051	-0.342617630387268	1.24572977660545	1.45857628849902	-1.30641836698943	0.808034618290553	-0.526036840325949	2.04247655456072	1.23305692578312	1.50430091367636	0.00156848600861658	0.606660042037878	0.239001193885297	0.200856965786902	-1.44458150960706	-1.38677531990591	1.05313388899586	0.175943560311093	-0.271454773516068	2.00952829721886	1.13156929482599	1.25570749486655	-0.452075213177393	1.68242112275071	1.20244602323633	0.442011998474904	0.629972464738828	1.13083661655281	-0.168006819770424	-0.374270587548031	0.17888156393747	-0.562340373517104	-0.710907242660867	0.933425104594291	1.04591775600893	0.887062946227289	0.540520982376573
"JMY"	-0.163348538593542	0.843568625420528	-0.494620231877081	1.43204825528995	1.4196777437005	-0.551050756015895	0.22249637429689	1.39813703186018	-0.532595424429466	1.45570881678612	1.59445897262824	-0.0812364882296712	-0.0112615432094451	1.06837750517161	-2.01586618879795	-0.367026372932733	-0.37081381814057	1.27678149388039	0.453267473328676	1.30208189456946	-0.698576436154798	1.03052105073775	0.6416357864108	0.160724439957411	0.930779645822184	-0.123748188294771	-0.436034911542858	0.903624949561768	0.120832934440748	-0.248311784492952	1.29555283404796	-1.76429668401228	-1.07599919302883	1.1095702651413	1.45452704200376	1.1229389529773	0.118225160930909	1.45188811633656	0.978308404744987	1.00613748794093	1.05375794393817	0.374125647396954	1.15957427673168	-0.513199641837934	-0.584901974933219	0.343086508362758	-0.442761888981085	-0.145480139966436	0.650878752034857	0.937712803525102	1.02775180211792	1.04698936452615	-0.237694259195368	1.40561218852398	-0.355444923471329	-0.187161717017005	1.52152505428523	1.07939132575317	-0.421726300278448	1.2281156078194	1.35673382295223	1.17319741046664	1.06178490964003	-0.620140562413231	0.32946638127765	0.976037471221665	1.10523097465515	-0.906808224013929	0.0674387859905068	0.291288792850959	-0.364340198890193	1.07236813280303	1.3120464978608	-0.464508714927542	0.873829334337681
"CACNA2D2"	1.47289686934577	-0.919784730145083	1.61188053723761	-0.92130991722633	1.56389659299745	-0.819372602121476	1.54169396735399	1.43821275661115	1.58189873516683	-0.261286337898314	1.46169202317428	-0.940842006928787	-0.118763575878383	-0.592055430942276	1.46840967159541	-0.941267853436919	1.52528615815008	-0.801745154109699	-0.925627799083093	-0.688633338029516	1.42393600383701	-0.383526080461965	-0.708115637012438	-0.666475002891827	-0.356423385824774	-0.673549073742577	-0.432787696502731	-0.61069130548777	-0.596622276707944	-0.796952974487502	1.46203620376053	-0.903351771316885	1.63070381996714	1.45242758559698	1.51772535208273	-0.649545207394035	1.60767737939908	-0.835972116824106	-0.869230818726888	-0.719300380450445	-0.868964448199241	1.7087378706563	-0.770391181298709	0.840130537814086	1.47610827348588	1.41350706490721	-0.44045375709976	-0.907105398653568	-0.0368793688914313	0.610552058284036	1.41160888504881	1.43240828938948	-0.329106077131325	1.42576638035702	-0.368398324032384	-0.766226161314482	-0.332269587266577	-0.555931599738542	-0.499011026818362	-0.664506268774074	1.41393301954534	-0.72671735978564	1.4519208050199	2.18390823918821	-0.548628394951505	-0.219783900922587	1.45924908826989	2.58178132342968	1.44450049287621	2.03010076501232	-0.74950808324431	-0.118017405696965	-0.532793420588732	1.50228459806247	-0.699290185027697
"RAB12"	0.0566479147671107	1.66212397880207	0.407329487603997	0.986012786965794	0.832704692946473	0.70192905420309	0.49157459500556	1.38114043057404	1.20893549448296	0.918401675316245	0.631141761747759	-1.23455000935371	1.1143760435416	0.961595784558531	1.29112838513543	0.797427664592422	1.34878213001434	0.201950202024627	-1.15252910931279	-0.319912093660092	-1.46201586883745	0.075574337429465	1.02961412145377	0.67611352011161	0.651490050610367	-0.00192687512188478	0.232971105608735	0.00353911695815349	0.777558900249295	-1.23591525832244	-1.23387599350864	0.818188060217158	-1.81845862217665	0.226579944599937	0.529805177869677	-1.59733024271905	0.82071993504242	-1.29676458956119	0.460454958368369	0.80471729664315	1.31306065172025	0.842191537921388	0.910630867083181	1.1379971814664	1.27981295314557	1.62590085324425	-0.947948082103457	0.576384731543871	0.870405260688883	0.956951168764387	0.755324880394035	0.740132198164763	0.317747900190723	-0.0941155735858627	-0.378166030973929	-0.528284666599157	0.965512759142184	0.591918662471063	0.295474160252002	0.839561104077861	0.0712098621629977	-0.20598542180462	1.00213353745384	1.11867275813503	0.811246738129573	1.00363062762772	-0.360009623357038	0.693258593279299	-0.309970609508575	-1.48211337889068	-0.0456737493511512	0.673195783298426	-0.449898730545901	0.948142960247645	0.865995314699994
"SMARCD3"	-0.528010454912922	-0.993852282423839	1.36026602854689	-0.978228509208642	1.26184041873705	1.34699996291	-0.346694514523219	-0.975809296121144	1.67165825330257	1.40733947545764	-0.753217607438769	-1.33892547282347	-0.753930464486714	0.0492370370806763	-0.285368444611947	-0.180961375471531	1.46033274413838	1.47992677664086	-0.966229144296588	-0.594703472547561	1.28850220116016	0.409350010290456	1.40567112402131	-0.53225112121902	1.32556653411555	-0.933791655006381	-0.929383458424703	-0.735038580897382	-0.510027566274533	-0.434587464252822	-1.24343094910479	-0.744930485234452	1.98014984822212	0.520196070210528	1.64878225491017	1.55924599852797	-0.357939914065714	-0.266054605134126	-0.975724488791436	-0.490439959111249	-0.281772858548087	-0.974129364837036	1.49197724186135	0.510910721132958	1.36155750562216	-0.330283980834032	1.3255893395906	1.52617658447273	1.32567881968003	1.32150638798587	0.704455354416574	-0.551420440523425	0.296588882420016	1.56672283614184	-0.975236373741887	0.443906580060114	-0.323338334238592	-0.523696110328558	0.746923068613403	-0.84286319797714	1.35040015119453	-0.794392931974809	1.31924271440169	1.57548840898254	0.599856747632388	0.0875574942257222	1.33000963094193	1.60168518103977	1.30766393245268	0.478925784124184	-0.514731241728663	-0.525859935092495	1.35015139278409	-0.388989610964219	-1.8049421392317
"CLASP2"	0.609846954502695	0.149132567099282	2.28190374547642	-0.859841579601872	1.65663222039567	-0.14779749345203	-1.29376536403076	2.21280414876551	-0.599934331778974	0.0223721675971211	-0.594564342339096	-0.779706650419624	0.0983367439165312	-0.695519374572377	0.910152614830545	-0.239994455533215	-0.512788356647937	-0.34815676851243	-1.72276929236437	-0.744909544448083	-0.93104451457038	2.01472132164579	-0.125259997535817	-0.418708550729879	-0.571493213314623	0.401499819701306	-0.431832484325944	-0.0988895542385463	-0.11587123504185	0.726948637275202	0.808902962649847	-1.52858958375946	-0.820884299209382	-0.292533282011128	1.62482872776937	-0.126183575062329	-0.288544189315837	0.82959299281404	1.49770071020955	-0.201831934701071	-0.625098594200751	0.783189256609574	0.0586858829322972	0.00936678673872522	0.171876686022147	-0.00616826874555339	1.05332422580466	0.846513356428557	-0.496970118370356	-0.545974718285072	0.714039872468254	-1.05168279386685	0.480531176953732	1.83265978561613	0.517506889698955	1.43411341366056	-0.629940586913967	2.20720927553057	0.996194080329626	0.812451957068193	0.979536551464373	1.63097383789982	0.122315903347223	-0.113499862395916	0.503064034833357	1.17127130209103	-0.24232627213227	-0.16821890128987	0.40042843762316	0.372666414701151	0.123430814392984	0.252218092644138	-0.588869338727779	0.00151856534236949	1.43175086408774
"ZNF664"	-0.178981084183552	0.969631970176079	0.124539005212726	-0.643710725565603	0.438833993217167	0.694663726163828	-1.76742554677797	-0.0245465707893215	1.27959756677556	-0.688187610137092	-0.272867919368226	0.480912413173899	1.15031745488725	1.00554250267379	-0.110555228614813	0.194084537908727	-0.00462686883197642	0.255425782048605	-0.871254353070131	-0.335679226340025	0.580028542786373	-0.0694132432919026	0.0549095183987377	0.898504101455158	0.710167997215277	0.998774788247713	-1.97759856992513	1.47441643813947	-0.457311382862374	0.885043977159344	0.784010456832305	0.51035785109436	-0.839701031860107	-0.210932397692804	0.592491199582593	0.840556634684688	-0.237728845584983	0.090538138303521	1.43877822585181	0.196593829638201	0.647943273423862	0.323068709445331	-0.313771409019378	1.34854514878284	0.334182265897584	0.428735496234569	-0.277351606336305	0.674867098206058	0.7590585801938	1.63722865247496	1.53301117323684	1.06209413975679	-1.11094648909648	1.35674040312737	1.82801982595596	0.615148482109561	1.03570281976467	0.969033546376008	0.456514889073058	0.0211135715625626	0.21591358704389	0.91724268028287	-0.14998166192804	-1.13261072926074	0.772012542693638	0.781422808284404	0.821250001777571	0.43460457524763	-1.34978021644836	-0.413196016501781	0.83781660927168	0.931324474873822	-0.233668995136228	-1.78358923442914	1.68225884639593
"RFK"	1.11439683160476	1.20886834842748	-0.542727624647956	0.574635416436245	1.36736944761564	1.13574200871449	-1.29175180313099	1.09926926497457	-0.168494961677808	0.0344097536990095	-0.952739417975908	1.24933292407855	-1.20747389644689	-1.14897230247182	1.18905129006348	1.02398855519169	1.15902446735818	-1.11888706557878	-0.248853924308644	1.17835036575534	-1.37052953808078	0.549494803338711	-0.77521599442327	-0.323507010574333	0.199277151800942	0.360610938197711	0.31241781256019	1.07612666126102	1.09022225356616	-1.27478440103069	-1.22564750612237	-1.63449514257413	1.46598737643759	1.22529731806292	1.13540003054191	0.46558567572234	1.34600886282163	0.232182139447626	1.18233693796554	-0.238412378793084	-1.18338704986012	1.19658686717468	0.550409367877733	-1.19923223850666	-0.204258961244101	1.02404755907435	1.29638432894499	1.026458188647	-1.09089977328184	0.368678660443726	1.30709942702605	-0.0347082756567093	0.641866309054027	1.04536120219765	1.25639881529917	1.10861318517394	-0.294331893346037	0.341179369342801	-0.41381867937338	0.459679196224424	0.270231273895495	0.0662955297602753	1.08264953763593	0.623660479617023	0.406381150998442	1.25422153134218	-0.510243671640926	0.00124434979809357	0.549012636321899	0.149298221421379	1.28660955136646	0.404060179880121	-0.276639441839697	0.996029363139474	0.262278085923358
"ANKDD1B"	0.202129470465833	1.42335730159398	-1.46115712118075	0.0938446295840641	-0.306805423700543	-0.949523642505297	-1.57575187354931	0.648247067984949	-1.34582278284659	0.489698180634286	-0.478116055803636	-1.69591908420329	1.49447892770929	-0.848814533344348	0.732393741715626	0.384642208986401	1.44447431818527	0.738396179567715	0.390598321993214	1.15997685607188	1.14180410416348	1.29711000363866	-0.731343003002304	0.470098364149506	1.0738693422311	0.567201732873985	-0.0673773127833153	1.10394428847155	-1.53583334957363	1.35013357301007	1.25453799827662	-1.26539480289295	-1.66848228469462	1.08916304042636	1.26278840559123	-0.82443674134793	-0.352534256840127	0.615487189320173	-1.12988530603838	-0.631550821266908	1.04066412581421	1.05388390819632	1.15422819670314	-0.558695069142117	-0.062126059637207	1.16178268380785	1.27818793976701	-1.2698120717228	-0.0415560308922385	1.06548027299323	-0.445687891681204	1.05687106756881	-0.528052137435999	-0.0650887241384894	0.113021118242893	0.399441938535601	1.12361312879618	0.576262438620349	1.07202501217548	-0.519654107132437	-0.0356245440831457	-0.869208831104406	0.385982680035052	1.1815911621121	0.877947904565041	1.18720235670796	1.06517289436259	1.51430775960991	0.541304550183815	1.37363628865602	-0.258828282887737	-0.292117314428564	1.23907441834448	1.11649912023639	-0.709553309492446
"CDK12"	1.29730066014094	1.12920067720036	-0.861583792536711	-0.556355403790274	-0.235173561694171	0.0299101568569273	-0.814036837847147	0.262604882462433	-0.727807778458104	0.787520945233954	-0.257748302395105	-0.738038912029642	-0.454662167169184	-0.696235417144844	-0.677588099182815	0.753015006285744	-0.376252530541606	-0.137132833834387	2.05138254656921	-0.143308976617036	1.79764253750952	-1.08596928911646	-0.888185183285999	1.02739071762756	-0.722225917291837	1.3567848787721	0.530857570608052	-0.0817841933048483	-0.928970912542897	-1.04881200583442	1.54146125963036	-0.875638073302101	-0.72346662106425	-0.0798502823130718	-0.338759461756807	0.336830345766783	0.832800578588343	-1.28482086436599	0.956745274761438	0.966201689016991	-0.639297802679416	0.211327672001424	1.13243128575314	-0.0673714047198302	0.279593079014213	0.705330460206889	-0.316852925990074	2.04402330191699	1.40873802120408	-1.34963235074739	-0.272200516121908	0.664517439527878	-0.472881947621886	-1.26167737241167	0.978960680581196	1.30780130741978	-0.328532760099742	-0.443286077362551	1.12280915807087	0.954817855348275	-0.163385682314059	0.22900533817766	-0.819505067057752	1.78612050273591	-0.269445317258741	-0.143050761515386	1.6313409195617	-0.343214652629602	2.06860897048322	0.846544591824163	2.01532819417455	1.51356582501074	-0.876398055004922	0.869300046930194	0.238097465613689
"MACROD2"	0.577024769480731	-0.525291572462023	0.978925860478934	0.206075160035623	1.09735013104195	1.12779061756	0.837193620425471	0.986235851505556	-1.34543372020605	1.0515091053876	1.13433104337755	1.06696708863978	0.909397764155916	-0.893309093427435	1.08375125605565	0.530324907711345	-0.772916439096769	-1.48701086471334	1.06584482465703	0.90886608076214	-0.567333876217494	0.633165919329574	0.91552320378166	0.501222092963628	0.173288138948338	0.523256167524489	0.717816610765703	-0.689110972485618	1.09736949467676	-1.17457066994168	-1.26454382459319	-2.03907501093477	1.06199239967316	1.02210161399999	1.07215673253274	-0.202698341072462	0.539303171014753	0.388339266071048	-1.82604329105338	1.12160117453145	1.01125558549921	1.03750186655236	1.02958950872776	-0.742533452923803	0.604339112362088	-0.32731294345923	-0.432429945380228	-0.480301122896651	0.553514600669477	0.650097901529156	0.779715263842814	-0.27515512162396	0.0288652473757629	1.01835618024329	1.05285044182731	0.666481613206409	-0.118364432043645	0.479869588878116	-0.569979274524288	0.603313099548585	0.532320733992088	-0.749215058414105	0.615892030058426	1.0681783687317	1.0036104922394	1.01406358911428	-1.46824004071292	1.07429388605477	0.809417961508084	1.07134479291901	0.700092993470094	1.05577729976041	1.02456529966312	1.05613560278115	0.432874806227114
"HID1"	0.315564689370049	-0.0201392848826441	0.863202610672608	0.117214958094901	1.05209331474389	1.10749399665573	1.10048457209332	-0.381865231668664	1.37100089960469	-0.908228602382484	1.30214791478917	-2.12752189681838	-1.70351443079052	0.643311367285834	0.195281898085065	-0.807980207799071	-0.801510665486269	-0.786212093600277	-1.89681307553795	0.539400081357104	0.940830904320325	0.400189665761477	1.24113873329831	1.17672375658003	-0.850400680723052	1.0998706607232	-0.70885199466901	0.32262157842368	1.14553223632802	-1.06164571625572	-1.85765073795083	-1.50508042824705	1.34748467256199	-0.141094362258549	1.11689627122903	1.2489146029872	-0.860218713929876	0.0171291082253561	0.431213241331702	1.04510965275845	0.241844714687067	1.07357536202681	1.24839730145304	0.0942589262608035	0.333217595866336	0.961251052421393	0.426523240814379	-0.728364968286116	0.958287734255429	-0.0757014985327592	1.01108399966751	1.16660691919333	-0.176925005768277	0.513540146027001	0.281087182651192	0.30357164195235	1.07882232903687	-0.0636865217058961	0.854774773436248	-0.500545530780853	0.35511477386138	-0.852177427018768	-0.95495657138892	1.22288876397631	0.981541949516844	1.04559648020588	0.996004496565537	1.29164152731866	0.44230066793679	1.09631378725931	0.229600993377992	-0.762546855390232	1.12398242607223	0.474371699135901	-0.699153133596271
"SNX30"	1.02257166404672	1.01546995594456	-0.810496941659579	0.167048640323759	-0.961085043551366	1.51474922850032	-1.30234722898073	-0.0680727555198147	1.50466609422264	1.05286814876597	-0.729764022350451	1.32617951018576	1.32307284878809	-0.744713154997911	1.40298411875282	-0.362098624483711	-1.34055897863974	1.43549949506281	1.41249872954233	0.71790475917964	1.22787992514809	-0.91931159772346	0.397877099241189	-1.27057665274392	0.563841256774009	1.07099581310672	-0.879004020630842	1.07826646839992	0.0653023166769845	-0.449159886166825	-1.27439836268196	1.19655560643278	-1.48014661787527	-0.812239704342571	1.21064860797114	-0.335286850217518	-0.557619866290418	0.155779388711982	1.49400968141097	1.32967529567414	1.06491988685247	1.21497840177931	1.36966132473819	-0.204955106364773	-1.18910248479452	1.06481081020012	0.597168637868289	0.425416669851963	-0.582519987458782	0.125378315099524	1.34157166055821	1.13334132197037	0.146281991678795	-1.09005315130439	-0.121367463114893	0.997358156150962	-0.573728914822213	1.21043134179128	0.564186995689978	-1.2411751085739	1.07956095111245	0.480188401568365	1.3555885508069	1.51862252983706	-0.388877904502762	1.04679804314659	0.303615467516247	1.66701569764543	-1.09312828275748	1.57660850800983	1.30274422192949	-0.337629313797016	0.480976887986193	1.03362080845879	-0.480085055839146
"FAM131A"	-1.39919664911927	-1.55521053052676	-1.26303966507611	1.00843057068604	-1.12909197203082	1.00180432081828	0.976599876125047	0.338839653412519	0.981022075420334	0.987020888709186	1.10831478737444	-1.63046906918699	1.13130099931949	0.736033016756853	-0.0826204565401483	-1.01953165352584	0.537092835797499	1.18522565568933	0.626218296731122	0.446465985698232	0.732034655465365	0.840859431423474	1.08623525973896	0.0699630997866433	0.979844819830813	0.443345954319927	0.941667816958192	0.491012881322102	-0.338878812881327	-0.436807763801785	1.01633545550059	-1.60000682245451	0.642808818555328	-0.216885155008589	1.02489327439047	1.03320784818652	0.255421218470461	0.289837533878318	0.92136152114561	0.765641210997018	1.12749643266426	0.269121954519907	0.911677732988476	0.845793245631422	1.02922206412529	-0.0209527721234648	0.835631073602754	-1.02506788633031	0.533697362597053	0.925457521386527	0.526599892638086	0.351614286366583	-0.914730223506754	1.14395439934921	0.540126749888192	0.860606273757573	0.558364466027082	0.554648884945481	1.14763569165228	0.954614744500224	0.852826879690159	0.673365798286292	1.04116566544707	1.03659657586372	-1.42749928351787	-1.78275358424026	0.0230615198679343	0.706269688614762	0.0950103441945342	0.822964388743049	0.870736336883266	1.06090244396884	0.904963066078467	0.749028691093816	-0.959387730146097
"LNX2"	-0.037859439235416	-0.825141523371927	-0.281006099283752	0.62689055355093	-0.608977315000994	-1.11257435364245	0.560617822911496	0.0835727342652428	-0.128906733552049	1.29746720341642	-0.235186790703953	1.85821294724996	0.404253215882595	-0.416078694668849	0.814159562045675	0.486143181565612	0.919470857202185	-0.22846023447738	-0.224045754051883	0.539197517293269	0.22363126396854	0.668929990956565	1.01418151137244	1.20742764372331	-0.610829376378183	0.299884357112227	-0.4426505261937	0.00822477024105037	0.622738133638566	1.35962161092235	-1.17667505517979	-2.15195576750988	-2.36446837213017	-0.419574045461036	1.42247960443206	0.945229426746572	0.736761450009478	0.674794356373125	-0.475741777099119	0.68045480533964	1.45655284855518	0.561171658193533	0.708716294384833	-1.08816650480874	1.4240109238605	0.804329892866152	-0.276653605808062	-0.121942270959985	0.131950106935491	0.312312992947216	1.14905139515258	1.33420986616056	-0.185313427821065	0.244340204862307	0.24566722702958	-0.333953839145085	0.932144643005692	-0.797344333037716	0.161550355642743	-0.776676589869497	0.0512085906335113	0.0761010767656885	-0.741172830221706	2.16352320664926	1.02491268416758	0.880636742487233	0.512119523840079	2.67061954866902	-0.0449506913053214	2.75863196040618	-0.25635789339384	-0.118347681309039	0.675618085419292	0.0312055875942619	0.534841843048832
"DNAJC5"	-1.53793629962225	-0.980154520986317	0.0267258882826344	0.812843795848771	-0.621290999005737	-1.16401247840892	-0.53897677531428	-0.864421573878264	-0.745853802399425	-0.30038831689228	-0.124199097803169	-1.47387494825409	-0.775212790474683	0.366301787272444	0.80835459305275	-0.341029293088077	0.772198960012801	-0.928905731451873	-0.405982185249844	1.22494554329867	-0.214419893907707	-0.0665250783436183	-0.960659212053085	-0.225985107722759	-2.09257813493271	0.787976542699651	-0.666059440907924	1.32713807344837	-0.209071638671255	0.453981322976189	0.147880221854215	0.85186410574985	-2.46952499225057	1.00433368023587	0.263384063983712	0.0840739430648199	-0.123205769849412	-0.37872424142732	-2.13283330599319	0.542006096925671	0.529286932889768	1.00896159026236	1.0398877550904	0.595073077554675	0.674546024531088	-0.0177429868970502	0.440379709028584	0.746177957801123	-0.0805973833246741	0.470776551539664	1.43929217095483	-0.811188854528383	0.253362930261383	0.851861319769984	0.731493328514736	0.150331499793131	1.31112489552609	-0.155992998014152	0.541340376954179	-0.131692709104711	0.755434459575154	-1.63131425563522	1.20118135711234	0.602753366307865	-0.211277566116043	0.816467760612938	1.56259087745635	0.597743982965465	1.21427005546767	1.50284276908609	-0.404344304958519	-0.421752483996254	0.0982399788935103	-1.15678243629497	1.06137652101063
"ZSCAN5A"	0.0990716611051025	-0.688795807650358	0.781553575465418	-0.90659349308758	-0.624886530276551	1.1295183001386	-1.02863755185577	0.221266090108027	1.01041746101711	1.04275027844117	-1.15062282856224	-1.28159830738355	-1.27570180521747	1.27454369519911	1.2805797837406	-0.953672355103207	-0.614570778809198	-1.32980190709243	0.498117180333721	0.901894219936537	0.796282705037506	0.485107117661713	1.12586353487106	0.87639841079831	0.92343461003093	0.533075360600036	-0.994781258436679	0.438962785085659	0.908213552583347	0.917475603252632	-1.93311936211044	-1.80044019932756	1.31851443140108	0.982453240413955	1.1571561470714	1.14231843918071	0.615802324146665	1.07589370296256	1.05090033658683	0.371311070227056	0.985783500658146	0.614609357078853	0.185563383847628	0.999240231880086	-1.31080287407132	0.0367551374968269	1.11240255562319	0.354549619918021	-0.0404449116158201	0.746191331888821	0.305266019406954	1.04635973289928	0.0171895387027726	-1.36965627189706	0.979345535827507	1.16297077136495	1.06198863306783	0.917529814328284	0.167336681333978	1.00590930737263	-0.944305277817176	0.538004197442566	-0.635785119654298	-0.276503608890092	0.927046787062166	0.677518884978316	0.466337651531532	0.29217442498428	0.673837853084319	0.844463082558398	1.02348207603556	0.542017967678484	1.08518449122802	0.864330964907107	0.535119849374823
"ACBD3"	-0.927653556706416	1.02422849517917	0.999622785750798	1.30634256317021	1.36059304636938	1.81239610771525	0.263819396378142	-0.84021310615834	-0.823248041617157	-0.889288811103263	-0.204044958271522	1.05384385074814	0.12668073992305	-0.955203083110028	-1.00476990728577	-0.687870509695491	1.35357269595464	-0.706211035343149	-0.768319105453442	-0.550639301803097	-0.830639986438598	-1.33980171395027	-0.925457268856972	-0.556324669639157	-1.02734036174572	1.04816286040796	1.29239156558008	0.122996979616479	0.117679622289078	-0.851682342028612	-1.45475973611061	-0.656095617651214	-0.793839201776264	-0.526958310670986	-1.36360411344529	-0.971401610557942	1.16562606554825	-0.763076010316812	-1.15667393836776	1.58779349856913	-1.30270634527756	1.38593292856382	1.84400146775961	-0.749028107054875	-0.687724298548994	0.0624390851971079	0.149473340432435	-0.945927785390281	1.28940647425548	-0.837341728705295	1.58567674771593	1.06177949487963	0.287612888666952	0.566683185950044	-0.378424013805844	-0.448619096089726	1.23740582060821	-0.422277538693514	-0.378418453488563	0.401580681905205	-0.288651198557349	-0.545973878257238	0.671412694821389	1.51333763750437	1.40706737748453	1.06097473149618	-0.151876851109602	-0.99232652901661	0.610178050221637	0.538859471630218	1.81448941677453	1.60199188230659	-0.537108984924482	1.60348334944111	1.21585621078629
"RBM15B"	1.50529696261932	-1.95577845781522	1.25803067855687	-1.2029146013632	-0.801568436359385	-0.50777272416457	-0.298257459651286	1.12118051269876	2.683709267529	-0.200729612124104	-1.51495648924383	-1.9190549101645	1.41359105256257	1.22814351937819	-0.398737477913777	0.478657511201475	-1.4467897165656	0.720368998993356	-0.278440284845849	-0.405934885543829	-0.380963301450848	0.159012436926111	-0.588747228149464	1.38562174924218	0.591419240014607	0.0228995534243101	-0.325915077685622	0.0234463690751982	-0.103031061611505	-1.93132579112778	0.0220280753761415	-2.1948586532386	1.37167366315901	-0.289761346947715	0.116631790404843	0.616457593884835	-0.176752730125076	0.353590798257332	-0.376177611185716	0.884152243550184	0.96068252353238	0.81027491393235	1.16328128216271	0.439105716592421	-0.766754481927946	-0.16114612167536	0.168876071982435	0.664220599413092	-0.350005688601246	0.0673604448098964	-0.771902130676523	1.50579281770237	-0.259158066066664	0.901887561207827	1.74951942446976	1.19645798303557	1.59354518630638	1.53177267079202	0.542550827992425	0.842889663393739	-0.328891556500937	0.59552840010239	-0.0448663664845341	-0.0970787311334651	-0.617448517311913	1.22011295130732	-0.0998875031324186	-0.633076004961429	0.504647420183059	0.949523236050634	1.18963174980158	-0.231935378706645	1.2780056330652	0.868117400494529	-1.01738489174372
"C14orf28"	0.142492691374256	-0.825206207952951	-1.2667851546195	-0.935589437848635	1.04164971259192	0.0787576573321279	-0.203945094208691	1.27461582064167	1.01084733113447	-1.06223948017499	0.309762968199643	-1.39786578588732	-1.7591318592145	-1.45527380312427	1.13628485944596	1.04509952834975	-1.26279775374966	1.04178228467335	0.342838352981538	0.0806642830772749	1.33945152336339	1.09664281065071	-0.423897446164678	1.10575636069015	0.489297990613521	1.13596096193567	0.247574865996712	0.194113554777055	1.30034341859685	-1.32255947881083	1.47743034936933	1.19026943639152	1.43724148427509	0.12071194396649	1.14265040875169	1.12046072924918	0.561696317298321	-0.189642338903754	1.13685368174362	-0.493965804716567	-1.34071844263774	1.06031392935754	1.11930137079058	0.782537210775479	0.432149060012465	-0.46257423314568	0.533315333288848	0.492636139394125	1.06584141189714	0.102123554076338	1.12687760910998	0.29398883100487	-1.03099936852281	0.150064738791267	0.0168665566519129	0.568929070875256	1.01478963407873	-0.150753859219762	-1.26586265975753	1.02176220272757	-0.523886862063491	1.09872137435562	1.32734225098011	1.13523333274998	0.895235244082405	-0.72130025826906	-0.508501876632391	0.176899754542346	1.10569349202301	1.21493023888551	1.09983594595868	1.13921094497901	-0.253987522338677	-0.299623773762478	0.608395738748269
"SFTPA2"	-0.648766379610477	-0.648766379610477	-0.648766379610477	-0.648766379610477	-0.597480623837775	-0.639938310981283	-0.648766379610477	-0.648766379610477	-0.648766379610477	-0.623349728099806	-0.648766379610477	-0.648766379610477	-0.648766379610477	-0.630369949595069	-0.646117177458085	-0.648766379610477	-0.648766379610477	-0.616472390721105	-0.648766379610477	-0.648766379610477	-0.648766379610477	-0.648766379610477	-0.648766379610477	-0.635348456376828	1.56972230335972	1.56964196771443	-0.642192203646504	1.56961827645813	-0.648766379610477	-0.616230865132172	-0.648766379610477	-0.648766379610477	-0.648766379610477	1.56997098574685	1.57025314866636	1.56965370324335	-0.644822970804009	-0.64765347776982	-0.648766379610477	-0.648766379610477	-0.648766379610477	1.58400375802284	-0.648766379610477	1.56958857088035	-0.537811866198261	1.569643601829	-0.648766379610477	-0.648766379610477	-0.648766379610477	-0.648712042429401	-0.648766379610477	-0.648766379610477	1.57068903122649	1.56976118799803	-0.63890279146855	1.56956566638687	-0.480060592110844	1.569570872428	-0.648766379610477	1.56958554109325	-0.648766379610477	1.56961710971861	-0.58065344295922	1.73531378932239	1.56973502002797	1.56957061866561	-0.645042776573018	1.86331964985929	1.56958433438695	1.62117121541982	-0.648766379610477	-0.648766379610477	1.56970646587641	-0.648624734295174	-0.613975646926207
"MTMR14"	-0.0858567803510104	0.14059491071153	-2.7737087418562	0.534425824402483	-1.27230120229714	0.436948976559393	-0.19735401124634	0.527628007741365	0.4433050181661	-2.39580909832625	-2.2770449628655	-0.782975522278956	0.324630489897336	0.650962410879952	0.188354714437888	-0.137612860130947	0.411232202743022	-0.640834812823679	-3.13977339741907	0.58130895554086	0.170952387910728	-0.550593953079114	0.227564989560161	0.277773227313117	-1.00126096822825	0.816130665190118	0.416104427872895	-0.127957850436564	-2.21140013846653	-0.00253165989626268	-0.351748455775981	0.338109390166693	-2.29187055233104	0.761701536155279	0.302591929080763	0.129639944150096	-1.87424887969819	0.702977541514548	-3.13864371326394	-0.181797126011252	0.511614893162522	-0.0269602638334046	0.760302047940301	0.723066893853287	0.612993887855103	-0.375003470048505	0.450260960176447	0.753678223048492	-1.51738983142738	0.229974365526886	0.441899749965155	-0.0189166236773709	0.993300032792335	0.893657869457992	0.0662011368449192	-0.53460531641194	0.907224191067833	1.01912157481913	-0.0888186063546444	-0.1849862944059	0.582006312404868	0.625696406430041	1.14629088119153	0.751240089103219	0.182467476926667	-0.306793137440954	1.0049341788305	1.18505642983621	0.69203275102461	0.619248958687159	0.144978862523819	0.195912078514845	0.521816896951125	0.968341685860937	0.90783186267017
"XRCC5"	1.97092598649698	-0.15108987787999	-1.16702814207837	0.578239007147913	-0.898671049975307	1.82526014842501	0.937961446372325	-0.470822431193494	0.346252025748721	-0.089441849805512	1.51565886365403	-0.576187813080563	-1.8651255014943	0.973217954190021	0.322706426212759	-0.678757622772458	0.431429797274458	-0.641173226107239	-0.270725145512472	0.183472514034873	0.270461531515277	1.74908841981737	-0.884034349943383	0.574927251286171	-0.911363275839831	-0.698819210523863	1.17024327140931	-1.15221056540703	-0.149510401249521	-1.27124301143372	-0.721450489231209	-1.09746032200912	1.21638585208056	0.725643574931382	0.164166033129867	0.25670105129987	0.134800888727479	0.0457667320889555	1.14135628390889	1.05340593748242	-0.993300411101447	1.38722794914772	-0.0139532666625862	0.532319720337538	-0.800934575384287	0.0165118927411335	0.179675712709369	0.430331765876874	-1.36438104501945	1.54510425158348	0.129765296794118	1.06387128004837	0.66826287550938	0.396402248421651	0.217897812498019	1.65500532561732	2.53628347963088	-0.684594718171221	0.345264127230641	-0.658007574144542	-0.241624865851163	1.16387830130169	-0.105530714583215	0.823621631643969	0.720330143320054	-0.819567808592449	-0.937957742723792	-0.425757119090998	1.38970262115238	0.326048218843524	0.795664492200564	0.242880914215015	1.81601757988541	2.15668213831839	-0.169533836640279
"DNAJC13"	1.17274550339016	0.260517363880071	0.0974189177262922	-0.394270247390009	-0.216175819070938	-0.142424371341153	0.625921162846088	-0.214791758760503	0.122929683317701	0.0950465396223633	0.210779679161544	-0.0752712777508518	0.228405655309251	0.302346958804701	1.98191319458583	0.994324769666105	0.236772994780648	-0.0978881674224479	-0.258648838683111	0.974088567713099	0.053372326892917	1.36899672919743	2.08342788982784	-0.918398401086206	1.49722893350526	0.865876995183179	-0.278679849880449	0.381750600402877	0.324849817764485	-1.44706609555855	1.30197959540683	-1.37106134467179	0.254481428330232	1.66452452089513	1.53770454635622	0.92276358151328	0.0431616457719825	-0.248989669293904	0.164233692006565	1.59556705528531	0.151471442025802	0.673485529760727	1.19993170749208	-0.216998600756132	1.16019861385376	0.787589472374282	1.63339840366991	1.75232022546449	1.68147905762505	-0.136735346440776	-0.0777018768891461	0.588679693850742	0.0056601832620851	-1.53351925028874	1.49871763276292	-0.126948552135854	0.835979755841932	1.65792731008875	0.960957562944693	1.0939972950925	0.940348505064219	1.2910843882335	-0.130185019394424	1.00222938969611	-0.162312410695478	0.301208994228253	-0.52391737095091	-1.65629964439436	-0.84715042940615	1.11461255359275	0.00566569885444691	0.205208262177028	-0.320920324243927	0.248859385132562	-0.682706917046439
"ANKRD36C"	0.309589381229522	-0.594406730870581	1.37970601329514	-0.352670377481549	0.968703568091592	0.660625665278915	0.563620001189888	2.58751169357325	-0.967832091672268	0.134949064799631	0.422594158443	1.08719026707833	-0.372352228057621	0.52228518566008	0.57240258135909	0.207604771533413	0.674463057430974	0.470253736360842	-0.327328870016696	-0.918813503267398	-0.420070106623359	-0.401322246581139	-0.295822655707215	0.167969909384086	0.0207635470782469	-1.51150133479128	-0.422145124508812	-1.62631914092914	-0.133941000621519	1.43600151130619	2.20700876780347	1.19178708821809	0.0203115350344077	-1.09112099602979	0.514151760233397	1.24426630797285	-0.225998894657906	3.25306109187772	-0.535912787958076	0.0681796517208898	0.872459413205924	0.854704243612399	-0.263118784964609	-0.232957972699258	-0.131048660062818	0.636710000252762	-1.07304062493746	0.779900559688844	0.131370469922069	0.873532731983704	-0.122273450502647	-0.0408961010364244	-0.700589543199554	-0.906649760755675	0.650701456257693	0.987479655747558	2.51754190858416	-0.582024553755273	-0.052386951230188	1.05652829109492	-0.958724293182635	-0.116972165937301	1.34497728001019	3.24343609845456	1.19567374317614	0.0590841721709784	-0.0213449545387078	-0.147812225788388	0.399151815772174	1.62661700796258	-0.68140742902016	-0.287263976200872	3.66493885963093	-0.620074217538707	1.11628315557716
"AKAP2"	0.285165340247863	0.470061529680648	1.09514954133974	-0.243978773902598	0.190594883393909	-1.50272580114225	1.24193868663639	0.992442237042251	1.06799303926773	0.195140876887475	-1.29872990878965	1.18077291180737	0.314137200672017	-1.22918284770098	0.192046042245022	-1.00284326555832	-1.38640599404174	0.136253737756837	0.459857114560276	0.431437081580435	-0.0366988452742927	-1.050524411549	0.247379786585593	1.12096483214404	-0.601877132094874	0.739035979834511	1.20677717125178	0.598204507654989	1.08620123976548	1.01345751189923	-1.68597002541844	1.49346413555627	-0.263614441236257	-1.06931619654132	-0.698115287773561	-0.015394343772152	-0.623461494907497	1.15237793620679	-1.31537021091991	0.444115718141125	-1.26084367158943	1.14090850454681	0.325788160249419	1.14960426792961	0.711873655663233	1.12189762823842	-0.263972628809728	-1.3076459066563	1.09014349806271	0.203357238153046	0.186958296663303	0.393953182944853	0.24889926507061	1.07208374710612	1.15301710287258	0.322566186720436	1.11890656312771	-1.47519888928511	0.0162829130462422	0.432619128173698	0.882565888582173	-0.775690983829862	-0.848510532963395	1.16376019750077	-0.0892519680762743	0.97758699252657	0.227186249236159	1.13022289667504	1.12256979298928	1.13497514840137	1.20688126055538	0.0658887298824681	-1.03716723183008	1.1222966941094	0.193629015220833
"SSR1"	0.170659666945642	1.69994481954502	0.721910452159911	0.704564170358342	-0.205835088759592	0.668928657171741	1.03746391614708	0.546339782968161	0.636361866718869	-0.265863078065544	-0.339640848494976	1.14305099282809	-0.533506439925022	-0.722983729246749	-0.0450618748031326	0.47076065019915	-0.387663934702343	0.0893581558230891	0.0549073379709689	-0.479329637877911	-0.773404655883295	0.525700907518258	-0.119699517237785	0.26166002825631	-0.149776635555975	0.750472229078406	-0.525214590543531	0.907910455248416	0.276059049791226	0.800368877398346	-0.998656832395569	-3.20000006955417	1.65650580549034	0.509920216193449	-1.27542105835743	0.132463864987495	0.42668754445646	1.10869539832125	-0.0841863457360779	1.09006190628612	0.0464372319341169	0.320092445080687	0.350633910408826	0.0880508573834951	-0.579834891025431	0.189025882025503	-0.483004638096565	0.16504091013319	0.918272434325598	0.180931845549211	1.04697733442001	0.838973262842333	0.967450774977568	-0.637017561937001	0.114317532716385	1.19047333544641	0.0410239703830719	-0.625613510218185	1.64211051545888	-0.164197421384259	2.11286729101208	0.371015719749752	1.42140465182479	0.32794693726416	-0.0481912049816469	-0.201661539655562	0.432445202259503	-1.13407379448693	2.3253607780144	0.171099754269977	0.242134354820515	0.599007736188936	0.353662526113476	0.313461778224617	1.26730155126925
"KCTD1"	1.05217693779371	1.15027257469162	1.040381564111	-0.409363391512533	1.06615045472645	1.11908854677575	-1.67314212934338	0.590930219644937	1.24606141235859	-1.22737721753309	-1.11174869357994	1.23589710784313	-1.06690187764917	-0.863666075140701	0.0787682207566139	-2.10287963994394	-0.358525951397974	-0.558066935190593	1.19836830663346	-0.444429733869783	0.195353585491268	0.427751284075829	0.0667182112931428	-0.855460383526158	0.538967451190482	0.752938766119267	0.721706091931624	1.00095381594812	1.19442599541699	-1.24237872186405	-1.58792001466942	-1.60326060669999	-1.9991590517058	0.0409344274297701	1.16631749864567	0.0677775989311248	-1.10212445478045	0.80250360998434	0.813445237410375	0.0271898094231986	-1.25747712494678	-0.139104957140781	1.07576491699884	0.0717256959990237	0.788656882848596	0.335478926068181	1.05877825390415	0.795810732728272	-0.254575522412929	0.166143021387512	1.13121391795629	1.04297136067334	-0.338868117793668	0.107259820392674	0.881251667359923	-0.697818648601062	-0.78224641097823	0.578786201236392	0.296436067544145	1.02532012140896	0.970933667835985	0.210944540253203	-1.23894848758947	1.02404286969533	1.1690181275646	1.05724282809023	1.01854199024937	-0.918498353632278	-0.0336813922565513	1.22414904764948	-0.552748632230447	0.245820743412632	1.11621252304173	1.05094266923882	0.558892926791544
"PAM"	-0.919266476696686	2.05717257939905	1.37979745245852	0.220404134993348	-0.422436258768748	1.27915770685649	0.312898749749042	0.374180490526144	1.01887176231265	-0.379909742284839	0.49179305410566	-0.660810219204683	1.21460451864974	1.5457276760893	1.67358550881216	0.819366031161048	1.59717280470831	-0.978619606461224	-0.343987170364332	-0.9702887510418	-0.941334421013436	0.850385675199228	0.821461450768556	-0.65300267014275	1.30679921362978	-0.0817914787233549	-0.525145510259032	-0.246652731644621	2.55569160136062	0.365165786896977	-0.572146199365765	-1.24444715965452	0.864199719706851	-1.15741182151713	1.51834858291861	1.00716328341361	-0.199041713168641	1.0446673801315	0.288969342651402	1.29264222376909	0.525446768710173	1.42216364051878	1.15065795340302	0.538124779151654	0.622223919678305	-0.011594027367956	2.04464011025338	2.6396211235166	-0.509981032452242	-0.66512107385247	1.87588791666581	0.772735289987707	0.442723833956311	1.46537876866504	-0.0430357159201483	-1.13063628038308	0.599785012310942	0.470882981519235	-0.953861608783562	0.0508855657247671	-0.136652851389612	-0.287782330949296	0.8684572128241	1.30679567850614	-0.454450638049021	-1.01112486245343	0.420710712048281	1.86692435089174	-0.552711511635739	0.133623189150957	1.89171045102245	0.0285774697018921	0.0723391779801816	-0.909403885225936	0.0187612451750737
"RGS1"	0.735587933527009	0.368639036381986	-0.402439540756116	-0.758403062520101	-0.49763590522773	1.51258112069625	0.880083534287935	-0.324641934190119	1.37393388398589	0.271984957081872	-0.894905747325689	-0.528496465808471	-0.731409506310652	-1.25033333440875	-0.862256379661094	0.683089140612627	-0.69528235192675	-1.19353773622328	1.1258031336126	1.46240568941385	1.08142175967539	-1.007290971478	-0.354832323662943	0.711222649605446	-0.476326277499369	1.49157714558951	-0.894016524688422	1.60629101969345	1.75537347677169	-0.0916088948885411	1.11022880759132	0.225779016629339	1.14257872864513	1.38689398547865	0.793807964629831	0.999814984319641	0.160291741583368	1.78815199841605	-0.889932536067767	-0.960820192931036	-0.851573887972936	-0.324454820016652	-1.09473880210541	0.966718723988755	0.829426934240066	1.51132031710879	-0.512241802299965	-1.06113428202588	1.16491296914726	1.0330239122159	-0.432701559247461	1.28858627397772	1.64643933723139	-0.667261997927166	0.902168381369304	-0.529233789676573	1.50831582616747	-0.876468029171961	-0.496513264692237	1.35472801827538	0.618334666548885	1.06718545375433	1.7189468755804	-0.86718256226561	0.687287240184653	1.0028614805859	1.41923226277726	-0.667734919318717	0.938815379054749	1.55029876313427	1.31108207093778	-0.388921470178349	-0.162796947962528	-0.163577844675729	-0.252559685228524
"ZFP91"	-0.586004409303082	-0.396675101866916	-0.876840522604002	1.41566824413945	0.190847415217879	0.218145713460512	-0.205776832466722	0.0276922884288662	-1.0080948401134	-1.43435800929237	0.143566722487201	0.0770524134345815	-2.78956213480635	0.558932152057813	-0.0576648364275451	0.421586236223274	-0.791300486250962	-0.747926925346341	-0.446244097627181	2.3569570330871	0.621012658449264	0.230360067492523	1.69085658300675	-0.00773324984486465	-1.09804882821885	-1.08976845947109	0.20673316095998	-0.540507856484338	0.0076550436688807	-0.149964911144842	0.675720026805722	-0.43505963374452	-0.62733122759268	-1.06432947593756	0.564343535478245	-0.12376889494008	-1.80479362520982	-0.564607140359671	-0.184488039695916	0.995075366694999	-0.348096652798431	0.953129927198542	1.15739069205676	-0.342333487782576	0.42872135064843	-0.166318063365654	0.734710986496797	-0.89697015236295	0.484168029456028	1.07319689933686	0.159379316664184	-0.897794441736275	0.96095644852558	-0.0978877081888464	0.120844041460633	2.13074902506882	0.642207975704947	1.10584325367608	0.455225486549109	1.70298800711762	1.41702246199497	0.404318050315489	0.214222896517346	-0.193120857155437	1.41226372080678	-0.431224269567151	-0.447404486028561	-1.7377907078004	-0.431720950943075	0.469158660646073	0.740254079909327	-0.35809835480718	1.30801452594865	1.06147722551037	0.873148946162785
"PDXDC1"	0.207903503969056	0.0519734654418154	-1.23237947892634	2.4295019028584	-1.00020498828471	-1.0625269251608	1.14209443517841	-0.695284959839448	-0.490157199248906	0.978742745432394	-0.779710852272875	-1.50157467683539	-1.23184170630823	-0.107507764879661	-0.465233484986144	0.136868215680396	-1.13721228998643	-0.23076760084634	0.393962833347498	-1.01716635264542	-0.323983387282663	-0.344225947563392	0.901983111993593	-0.371137677569802	-0.807605945676862	-1.17119986122869	1.41024700690413	-0.0474078140103316	0.857252689547747	-1.51756232644284	-0.590917099645875	-1.44187878962861	1.55673075461346	1.1691968596289	0.72564501346874	1.56765081038922	-0.54656536823637	1.72242602820356	-0.892056571963283	-0.239902797762453	-0.851507352907827	1.09443889039335	0.705603973083168	0.642790587213655	0.0513236232230094	0.195029256344292	1.1427585805587	0.943569887756681	-0.422367934454366	0.87374794639122	-0.372518999773069	0.95138629078818	-1.17924967823622	-0.527156028215315	2.00909429140086	0.063430279022107	0.705037301342113	2.20502492861144	1.05341241798579	-0.191291426020691	-0.986187277088872	0.0968550061954677	-0.863296767944697	-0.510458615891918	1.02189702046799	-1.25069159539111	1.45327512893122	-0.356124664548277	-0.552088632190275	0.389465574354479	1.31271967386186	0.487292282552306	1.66718127299589	0.898010447556122	1.23475143799214
"ITPRIP"	-0.696296558192434	-0.280504133208142	-0.962067897151966	-1.15256942032838	-0.385647903551259	-1.26251330634858	1.08327961764289	-1.34308882645197	-0.0860508362246423	1.47657988825709	-0.492447031746191	-0.138310154614981	-1.1003271484786	-0.779023610931318	-0.961857603540148	0.198916033895556	-0.97027501599565	1.13110804031804	1.21620224746386	-0.594740586236804	0.0449529267521559	0.830001665727758	0.648942982357203	-0.82080951871236	1.31182001474887	0.0940510316990704	-0.243043699813094	-0.636106986505686	-0.414603043333981	-1.27415134815439	1.46795400162322	1.94892200452437	1.74907541330808	-1.35381427718115	0.457335703187108	-0.885739504727623	-0.873105881891678	1.08953802152525	0.318182446687968	0.345029986968731	-1.0245440267267	-0.65679676840347	-0.28508605040398	-0.572636454700856	1.13797238979854	-0.882515379340856	1.22809091103596	-0.446983732405015	1.35364088114792	1.12374911611081	0.863842077309799	-0.389084630611812	1.77127527962927	1.75595784359631	1.24697166938849	1.27293162707108	-0.541120923816897	-0.902228565323896	0.625479737648	1.13026772791355	1.62291595235116	-0.747117273825761	-0.707161915462139	-0.27847860974805	-0.799406183146217	-0.0933889147087556	1.13596494050915	1.75090932340036	0.247810346377059	1.27497744374166	1.19761260872539	0.820629238573659	1.78922887351941	-1.07353743341185	-1.00670611224491
"POLN"	0.0442754763441741	-0.927304986516773	-0.722042278631215	1.29164412266212	1.27784809671311	-0.856998125201092	-1.06116883759896	-0.914887618397047	1.11040051654807	1.29049019584748	1.33166823033158	0.359690146767164	1.33640667097863	-0.949295456621415	-1.04517309111445	1.21282589216384	0.120474146398453	0.058736055084454	1.26711275492798	0.34033402729878	1.19868515807603	1.21134351412095	1.27690128669124	-0.459786643867851	1.18370073355156	-0.279707247496187	-0.919180419538144	-1.10998440525569	1.23868472937237	-0.115009498490659	-1.02112430369693	-1.60509492606846	0.936438629097268	0.14530240542172	1.15160064935942	-1.05266665739973	1.23863913842312	1.56305627670597	-0.828988648921377	1.20901911111235	0.159617035886964	0.38907234957765	1.28862619938805	1.3625355654493	0.166707859972646	1.30007543809968	-0.76716099077403	1.27034294130157	0.143928170393233	0.201296776719933	1.19391032789521	-0.00627202109842195	1.15484159883851	-0.904431807908834	1.4255077111601	-0.0252076759950157	-0.211902215906949	0.335968066978647	1.19457130646227	-0.922169605596463	-0.201531316552006	1.3665327896925	1.39492272826037	1.05476016605168	0.070539141130032	-0.0976285585339509	-0.354409184017095	0.669335747994601	0.192164080662328	-0.727172683234582	0.0825501547533068	0.350500620979314	1.44790725401681	-0.220716501371828	0.0757695232738552
"POT1"	0.157081254060556	1.32352041271143	1.40932717280675	0.212135749714035	1.17655844950395	-1.28480515527354	1.16173119834255	0.821157726876123	-1.59102223914218	1.20902778119909	1.06875163475013	-0.555620485234196	1.10930393965376	-0.274894347876596	1.42741635060977	0.938147745073899	0.204057814109413	1.11165167340016	0.212845718293599	1.17946629429659	-0.891379044051063	-0.56505456144701	0.135886679153388	-0.361018571889273	0.434217184733549	0.437126286842978	0.0201261271815907	-0.672531637627674	1.09469958586881	1.29028609442872	0.250999002029141	-1.91020261794646	1.53266647632494	1.24777298137118	-1.19259067709874	-0.755611345093567	1.3325759517307	1.1999164561121	1.72873341382052	0.0228646576259774	0.0107122467315049	1.11846347795334	1.26089051938664	-0.139827453684989	0.0426137801845857	1.25989748816845	1.21162342361651	1.11927404015913	-1.25762223354839	1.1650843145533	-1.17382786731273	1.1913806238421	1.32916397485626	-0.99591631875018	0.818221980706087	0.521590121424214	1.07765878289833	0.746370146587155	0.248426739450683	-0.47212837138564	0.120842490680947	1.40478346992158	0.512385627499386	1.23278582119214	1.11077763778017	-0.103102653825491	-0.396691046270763	-0.985230843619143	-0.288042366189096	-0.281197844821458	-0.228217826478848	-0.135362979132912	0.466469321944224	1.21727152567374	0.95741805481707
"FKBP11"	0.907169302466868	0.494902127066018	0.468772188317333	0.994950994268529	0.511454490654699	-1.59422411414704	-0.837066991332862	0.703132043719773	1.02114130948466	-0.932257552451777	0.793397903135125	0.334576215474242	-1.23612134005259	-1.12842226734596	-1.22395079111348	-1.16750169405272	-0.93843177960918	0.493908940625203	-1.43959950112193	-0.260020981406634	-0.817080151208452	-0.0927757033476361	0.00201327721970101	0.87842892544164	0.0755975467049172	0.495938698306538	0.668821398010981	-0.710985132228336	0.892879433715822	0.654023221506654	0.566827444273174	-2.20500241015539	1.06465982494178	-1.23306829247884	0.857653638675067	0.548876167332129	-0.76480377671653	1.07923068305082	0.554632709548814	0.512073935209734	0.137010633915461	0.939655691270891	0.653709427806973	0.0235177632829811	-0.120591793421048	0.911115925335837	-0.793074722706139	-0.909553054005535	0.361493510306086	0.63420459258169	0.126345019986573	0.376637764132388	0.413986690247267	0.61147609324621	0.811757043281244	0.14938648396856	1.00386482417812	0.698277192048803	0.896904891692217	0.928506313871733	0.658902606687938	0.900498338389285	-1.36255873786852	0.138522824903411	1.00821893460703	1.03305803305443	1.01957753000948	-1.13256224692242	0.880707516611961	-0.131866901107324	0.949546109878114	0.629346269316551	1.03782244832505	0.994047909670474	-0.6839005784907
"EPB41L4A"	0.0590705584217015	-0.788736862809976	1.35053344592956	-0.00401101547319704	1.21569373343676	1.03782765100416	1.48376156780747	-0.962338245994931	1.598889884293	1.23374511992911	0.064970021311694	0.617105906874905	-1.61058974591013	1.34777267557705	-1.33987854232303	0.439966479523904	0.320033196094118	0.0577893892743899	0.930959338140526	1.02070374470056	-0.995804179491235	0.0517338628242393	1.11357985869717	-0.971080516742924	0.17817445160975	1.20570604609699	1.17267334196696	-0.436546431914829	1.22571166187022	-1.7849830995855	1.18534959600464	-1.54803644030962	1.4963631804314	-0.150976767638911	0.996959186170657	1.0282029340256	-0.393808103560863	1.25247874345035	1.49082035256042	0.598615420686431	-1.20113588667251	1.05685554158038	1.29932584541489	-0.63979325952637	0.116523905584802	1.0272012580683	1.1086529619296	1.19241783846941	0.613143532395594	1.17098884133234	0.024000364803857	1.13606529395108	1.04944958361084	1.15509148900298	-0.757805748414825	-0.00706612904814863	1.29743792726448	0.0960514346281251	-0.870962683878028	0.576052326417528	-0.228098457081169	1.06627669012979	1.06375241265372	1.40989473251306	0.388440936806851	0.314910664035512	-0.201431866217006	1.20588026492003	-0.28636842433161	0.269101257657344	-0.367728205980916	-1.25434091505305	0.406670671795034	0.215501495742901	-1.00395762693291
"CCDC122"	-1.05884744814382	1.67528169982381	1.29173965466129	-1.0235535137406	1.42807190663156	1.41550610325905	0.281853496515867	0.379082158641877	1.17683290760745	-1.4555607447146	1.4268067365036	-0.844862492829441	0.558384976228118	-1.26696285727582	1.13670095953111	-1.02052427132437	1.24231807090073	1.3353203940288	-1.48767533200348	0.165055472977415	1.3682347597374	1.50197694776799	1.3233598428079	1.08520091127806	1.07065691379777	0.533245204510132	-0.884001586502861	0.700919886519325	-0.98953092298842	-0.191066667681264	-1.15247193393653	-1.47942346453558	-1.37607536839585	1.35379924032609	0.332471013058017	1.15505357947098	1.24202873372065	1.34450533128508	-1.24472232429929	1.18782681627901	-0.463827625884291	0.207007527014332	1.18910333708033	-1.00200496220995	0.269550499541113	-0.24619292537791	-0.977938784818713	1.02667437033561	1.39885893220065	0.113266678226311	1.18224891558993	1.29388835186177	-1.13478243024065	-1.03323124406337	0.117020446795369	0.546621020994525	1.30898951383028	-0.106628558120592	-0.31190145759074	1.36924655032606	-0.0214518293180993	-0.299716834940371	-0.00977296660195686	1.34514193363091	0.978470499483067	0.110412043162854	1.62958329212823	0.215460819051011	1.26049049486743	0.846996564230634	1.34641766942433	-0.506711597046335	-0.0402913416815261	0.397748726295936	1.13165221948713
"DENR"	-1.60402905017198	0.713458074456225	-0.233999270848457	0.538156568237658	1.03068628237515	0.56846911712122	0.300154750982629	1.13197158107827	-1.40847771515404	-0.271852511444899	0.191683260030583	-0.481413180697668	0.829760863663265	0.106089298629975	-1.59667369931421	0.790987071183805	-1.78967035919579	-1.30341955925598	-1.03464080905535	0.632673411089148	0.646752922785037	0.564141462749351	0.630565496749316	-0.210970938832641	0.0145012726472872	0.880279370946848	0.931210968898513	-0.194993074774073	-1.67480814644187	-1.91471659161332	-1.45475065310249	-0.480303606886495	-0.381652709376541	0.109853200588156	-0.671699901549002	-1.72307663902728	-0.651113437088128	-0.0113951890623104	-1.02654554227705	0.620953061053497	-1.26988954313885	0.904787970263287	0.762620208364718	0.874371707154868	0.332813704799051	-0.942233734642662	0.915546239252616	0.966676352200166	0.901225018152606	0.148847857798552	0.544137363104586	0.216459693026334	0.15721582364769	0.46454804304974	0.739847977367896	0.832752464016083	-0.226792092018798	0.786744945200818	0.293403794453162	0.744425434847396	-0.0109907600856333	0.58064091292455	0.159473259770072	0.24038494454124	1.26845501967544	-0.159773858602734	0.37052814941791	-0.0521550319022581	0.121876350476811	0.00621218990560412	0.867760071650107	-0.631913041586782	0.412238122297266	-0.0891666029255444	1.04223048839877
"CPD"	-0.894515087788812	1.41642579044258	0.185625197201989	-1.11271176162852	0.024502642491626	-0.969833946666158	0.565357502039168	-0.886655562451125	-1.04091900326935	0.049227293927327	0.0666979512307983	1.39369538960962	1.39819261235307	0.0952664751920445	-1.01345635642617	1.42927488612715	1.57449919870461	0.575245049108792	1.27865568911057	0.250931160861194	-1.24253210625129	1.04260760049193	0.632069077369207	-1.04670806661936	-1.13904951096402	-0.0120395128296779	-1.18886533403222	-1.26645334675925	0.455406703144863	-1.12885835735412	0.48240263841192	1.28096316937798	-0.79338248885258	-0.0917783457484119	1.5092753833533	-0.927160069174355	-1.07236843602224	0.165047483378431	-0.681346447398403	0.317123871080341	0.0495474012658775	1.2259310291475	0.035495843420632	1.25406138075918	-0.291153892549068	0.581724439842095	-0.432420494026916	-1.03453474772076	-1.11476118851326	0.963929046306454	1.40446036395016	-1.18006648247253	0.973343082865444	1.43485068892617	-0.628183633205611	0.707312367274766	-0.483932894962958	0.416847144917565	0.502331472097974	-0.0982629948194729	1.29895513245529	-1.18662732584968	-1.33181422836357	1.45964885820897	1.19110550017323	1.33948506976085	1.14688490513702	0.344173161419535	1.16459972219166	1.20895054042957	1.03201479658195	1.33493133249771	-1.27348595417217	0.432804395249713	1.06893428501799
"MED31"	-0.400293744802325	1.15688514697172	1.17436081817197	0.544175983836333	1.20960829195784	-1.17664538800555	1.20749357124193	1.25100334839545	-1.08739879846035	0.407194155768364	-0.462159407365008	-0.462725289268757	-1.19760707595455	1.32959480545299	1.18106469499143	-1.04425965343753	-2.07199340726278	1.11943529287556	1.43166529885145	1.09854363830532	0.275317401518144	0.674734420503512	1.07880782443718	0.505126202839805	0.536621409568965	1.09707533314764	1.08426076083099	1.0396372952162	1.14011153926477	-1.28561082039605	-0.738044350511306	-1.68816204856854	1.25018207491341	1.03463380381158	1.03963346343999	-0.288217472022211	0.0633505831111844	1.06460546235362	-0.805445012977573	0.485201514060364	-1.08471127858974	-0.0232975159315963	0.218569742441735	0.71285182793903	0.476272412285396	1.10008436756319	0.0725328858709071	-1.33217837540328	-0.00689419160599366	1.0761712023757	1.14106217253753	1.06448100995734	0.306383132105246	1.02721223545798	0.463366314466629	-0.136388155214112	1.01457713906623	1.0479995187593	0.57679910711081	0.0168294594717012	1.04763320302838	-0.799820726700371	-0.0467191057423955	-0.353318058150599	0.508234550573911	-0.282683082257545	1.15479416279571	1.15010066102371	-1.03398397077578	0.7713628414569	0.321355926983021	-0.797157159372513	1.26627879539966	0.685305845704865	1.01758997133367
"CPNE8"	-1.47783826092556	1.01365972344792	-1.29856018470061	0.361376712764988	1.23901418935892	-0.0626059184681097	-0.529194806721806	-1.27813544137905	1.59423053465775	1.15271441691681	1.14835594784577	1.5472900255848	1.37640670204163	0.871498808164265	1.11167042349783	-0.822880470205167	-0.748513899553762	-0.919252404372139	-0.0555498114006136	-0.273651848214803	-0.067570541021898	-0.508036658723863	0.270492795587023	-0.199996018014771	0.174700044313974	1.20743502454706	-0.795227028846708	-0.797658800410242	1.40635313115634	1.58344815458674	-0.00783858085369332	1.63892035648924	-1.20174887330238	-0.24896246402926	0.234958281904957	1.19545350497537	1.56600600858028	1.09502377258645	1.07896756347138	-0.72710482945191	0.549944667620698	0.368211548860025	0.408393091301388	0.199896372218761	0.28585312179469	-0.386727691202747	1.0781985129129	-0.74975556486803	1.1357896764377	-0.185449819977795	0.978758274843375	0.671570176562464	0.704604475299441	1.45338330204236	0.870052270034655	1.06102818094518	-0.462345881488504	0.895749595577399	1.04144193954674	0.988212011644369	0.374793088093285	0.9809267362084	1.39919466568115	0.288866685478194	-0.456050808586974	0.217141064626761	-1.02247373049313	0.530841448947176	-0.315326921241155	-0.176893482204601	0.360861254159591	1.22038688983773	0.926792595644149	-1.06482906335094	-0.220146078252624
"ANAPC16"	0.556564399997858	1.96736421780437	0.197583725364207	1.4374731447937	1.02006466389825	0.307864866219388	-1.39691614142409	0.450803387401207	0.0632756854511184	0.257324678862708	-0.728081587034559	0.300198255155077	1.21821811990528	-0.764685844926865	-0.0568844777410907	0.56566357520352	-0.108300496315381	-0.0357553466877373	-0.0853969035507088	-0.187143792258503	-0.828390665199339	-0.506906523234666	1.4158884574186	0.769782968052901	-0.329795255951861	0.403455141620784	1.47969483468227	-0.0598075022161348	1.11990320793032	1.35403524748357	1.38443083677933	-1.13948622822873	-1.98542946668001	-0.259249161327113	0.184098269663093	-0.214432163502818	0.632807952645564	0.359321819824511	0.248691886607332	-0.150355210730169	-0.489122398847066	1.351887424527	1.87074852443092	-0.760101616268754	0.314547650880771	-0.111093784417346	-0.447365578781668	0.445608842785902	-0.167899452177809	1.6623898490197	-0.224609122021715	-0.179517444112237	-0.287372713004069	0.765481530439686	0.482110782783432	1.57185721658676	-0.191554658011453	1.21396997042667	-0.142911007776955	1.72251718740449	0.338863047567866	-1.60835809984455	0.808905878686593	0.895741610331545	-0.578032948202151	1.80132942888387	0.49357147707481	-1.61143454359205	1.36398648733505	-0.184455877283809	0.263773452971339	0.939401831616604	-0.276344902757889	1.93370051434839	-0.102730363500719
"BAG5"	0.28491652078821	-0.211460366834673	0.547320407789716	-0.87830003360672	0.347604661944928	-0.317034098673085	-1.17046334430868	0.0304349039290198	-1.73068267641519	-1.26290173768016	-1.03184908605615	0.0364631711958369	-0.167508860173801	1.13756723845214	1.2086388030135	-0.185274842296312	-0.158065462278488	-0.418235781722529	-1.29129946918066	1.13131903020215	-0.058565001670865	1.76570438254757	1.30877813737212	0.533406229499073	0.853740554183904	-1.23428352459117	-0.149375497298511	-0.180407527505867	-0.224863059322323	-0.389203932162382	-1.95976618417119	-0.86673476899447	-0.689343417175002	0.273606501642622	0.43493813065635	-0.481112888395585	-0.0984349676167858	-3.92061244685781	0.623195988375828	-0.767831930195986	-0.66309627519932	-0.114645860733273	-1.74506598822191	0.216901061488404	2.32931657577515	-0.780781256336756	0.601922889253021	0.658691725319822	1.42769749905135	0.55075914465559	-0.0836386685887699	0.0979774161519533	0.419471162415832	0.434609127764751	0.501554111333262	0.292730855287594	1.38482354200754	-1.00032355428992	0.126832648350415	1.14381949007284	-0.484135915291638	0.600099376004331	0.107229260659773	0.324653711004226	0.563834830921943	0.577710080209482	0.365676605754164	0.578002277326911	-0.628512064585022	1.69206486893726	0.543631424783851	1.33628159157451	0.775584125615647	1.13030428016215	-0.622449513577705
"DHX29"	0.880848966658115	0.869400828489274	1.14623869504422	0.616350965022723	-0.0451012304037287	0.490471614008831	1.30401356793493	-1.76145335810387	0.602340542574331	-0.982699175698414	-0.153072468912121	-1.1804509577954	-1.87176777974847	-0.972000573593014	-0.0241699904274252	0.0942195469690227	0.271299653604024	-2.1164929485668	-0.0464609866651621	0.187869760765135	-0.709063010747898	0.133381670398242	0.5085454907901	0.0122236167576315	0.24286776362829	-0.0548549665959228	-0.261652953911926	0.825767163074364	1.37703502405423	-0.745846394734119	-1.51792504575661	-0.817644015534922	-2.27629614013354	0.178796583662893	0.683975381558201	0.894276518995394	-0.195861126940727	0.103755490951643	-1.14233259032086	-0.144376349130224	-1.53269610451591	0.0364423300208208	1.5337453066605	-0.521971840625317	0.533375617149306	0.573131974019611	-1.50115338596958	0.592675683716434	-0.0707572195440824	0.529766193733273	1.26583736417833	0.449420665937908	1.65716021185476	-1.34109854016366	2.13409829249969	0.785344579911381	-0.253566164656505	1.40509627341208	1.44839753718766	0.0936025407837024	-0.930474017178047	0.889987134046116	1.05372295839748	1.23487729505114	-0.483269582095173	1.59041207768828	0.576097831576095	-1.21374212131603	0.0714429404120169	-0.0967687112017328	0.231603484610101	0.962356845723047	0.557266171437989	-0.305771294935829	-0.171496035731759
"GFPT1"	1.20765671880986	-0.324576588957195	1.98671205939849	-0.301465294950995	-1.16718421202725	0.795959379424408	1.1918879235664	1.47296259406282	-0.00365000107374409	-0.525709805700485	-0.492581309256982	0.89502051085107	-0.125688088662955	-0.259674955448803	-0.714339515410645	-0.0387746512677848	0.96291616543785	-0.372083662933164	1.42078904182809	0.597504277032145	0.313966585120723	-0.0610329462297446	-0.683267533113612	1.60213905887607	-0.461627630888635	-0.212307619102808	-0.883196043844517	-0.286210537063266	1.23222464785158	-1.07734429826992	-0.786369618765514	-1.21089899895031	-0.245083440902059	0.188422070754056	0.226766963924178	0.544223439295724	0.729466080173265	1.85517126241358	1.53171514486901	-0.632395503674073	-0.500649106233674	1.00057040157698	-0.327645301829909	1.67392718486151	-0.890370922531636	1.09994904808929	0.949264240581183	1.16575879116039	1.06140624130588	-0.00170024128069731	0.760843342476409	0.837619980563473	0.85188300816188	-0.754137411436708	1.72780824003681	-0.298072879644692	0.91134952334987	0.0729447560933497	0.966549741033301	-0.155929674172987	-0.669414723735765	0.851418284751599	-0.950111046056284	0.828769063050472	1.25146246529973	0.433427853204924	1.79854190367221	-1.05543918855365	-0.867676734458882	0.341941283625893	0.855142867449797	-0.212970194565487	0.799403379647939	-0.222886597075453	-0.571238756153768
"ZDHHC20"	-0.677321535388619	0.232442422923906	0.741985292313983	0.253527608464616	-1.21810267360746	1.02867051133288	1.25212241650705	-0.351963214702818	0.218858820297748	0.141676136632288	0.293402607070097	-0.345814303082933	0.0780999955975373	0.212148522849872	-0.135072871054507	1.02754065318389	-0.535195826649972	-0.427007131976613	0.0547139428045433	-0.56520846935614	-1.37682447952799	-0.112845034922156	-1.73275260834855	-0.0806820253425868	0.958340032311587	1.66484769647989	0.11658351958308	0.388392159750468	-0.265364702527555	-0.720361197506556	0.191288281695383	-0.0822935043672693	-1.54008038736971	-0.231265054131293	-0.698002776161125	-1.26893397093101	0.0213553934723963	-0.609037474255048	0.59943424398068	1.46483052310034	-0.248581483518135	1.31782943057215	0.039010235064538	-1.94335856552593	0.376654781815084	2.25264665854594	0.522395650000896	0.681425222319232	0.999487058455905	0.325227103849721	1.24099049929814	1.33211298469873	1.38222052156401	-1.47167618353245	1.06974676659236	-1.17913872408118	1.40160870749787	1.23067492533723	1.11745250995129	0.238751462806849	-1.63204413636696	0.741185276284269	0.599679472756821	2.12171704233808	0.799443694692536	-1.58486189543588	-0.180011165911071	-1.13747182192691	-1.04366061985596	1.23034880682442	0.526023217585915	1.68227262639384	-0.20727746812901	-0.317279719149327	0.702236284693288
"GGCX"	-0.30587156720596	-1.17528306827043	-0.397297008493313	-0.42126116692238	0.633977649075911	-1.68485362743228	-0.375766054406621	0.454520568584363	-1.84312373602891	-0.716800252677159	-1.52206934512785	1.10117888016378	-1.49437100050551	-0.762578293462477	0.13502046145297	-1.38630012927851	-1.42994988107772	-0.549185939273645	-1.60894977312305	0.947784450636677	0.954281194357887	0.193416236041924	0.980773862423418	0.651165060274154	0.833352233339071	-0.0547660344851527	1.25370154957166	0.211816408560142	0.714999244053394	1.19501376241184	0.770043356361306	1.31703209674332	0.713261524083625	0.512786994565279	1.20253234228193	1.00893040388002	1.21071438030127	1.03410879368366	1.26473797521475	1.02844960504124	0.000648653732974457	1.01678972470726	0.629305980162374	0.726083671889263	0.72964900930242	-0.447405558749145	0.858583410086015	-0.53675119749221	0.85527124202144	1.48181347975908	-0.693100706397605	1.13971589945451	0.799591439325818	0.258381409452137	0.951442488310132	1.00453965404126	0.896041780951994	0.788207118438166	0.369212993186001	0.399050037965161	1.2439654829486	-1.24864952626997	-0.922370590060584	1.0827331314412	0.0866855095716053	0.327672508206159	-0.483023019703999	-0.70181297182521	-1.06679936535932	0.870020712903041	0.800333866153507	1.02734382682164	1.10968793999785	-0.285234261410887	0.158474492981147
"HSPA13"	0.262505979487683	0.574233691746046	0.622592517483621	0.703926593384918	0.521578168527539	0.588912159653626	0.408734611258882	0.383232607540235	0.602031822104315	-0.65466045219859	0.454514855535428	0.552633303923434	-1.05628890111016	0.374988257894643	0.0223281975903248	0.529504011444227	0.417892705207377	0.428842582179038	0.636112584359629	0.487663054713015	0.160722550543343	0.473026661008736	0.513897859440437	0.403140728253422	0.325243949862979	0.404201732918365	-0.419674744427773	0.508993283938231	0.525096473837771	-0.342683017463946	-0.716164834816115	-3.58645088697458	-5.0768998906537	0.442863704176076	0.521444872078777	-0.284469400418432	0.51145386785088	0.653366026331051	0.535637727653852	0.435047110305498	0.0384591796252281	0.408110502398421	0.489261697206044	0.439567308440162	-0.304269116478507	0.560753967938469	-0.00780833584780371	0.443004876490134	0.531503071816274	0.511324625195327	0.522660748311654	0.536203250700005	0.518254823638038	0.569553603422327	0.507470117201919	0.396934869038541	0.590848185366575	0.574555988203264	0.33802531989384	0.385720563147047	0.431251621798345	0.421395662250249	0.0770670970936539	0.464672882005915	0.513700594312602	0.590793860469579	0.648802885814938	-0.592889955222827	0.231464111843958	0.161920835752944	0.497731176185496	0.373818511474951	0.514964244201538	0.457977807443522	0.40538983852669
"MCEE"	0.282372525880376	0.456800434775865	0.439253919524419	0.706327053987832	1.05852455818074	-1.61539503228423	-1.07143133732867	0.88617903960261	0.975050230312894	1.17025709492266	1.02979685601569	-0.28244930209284	-0.451677075247663	1.08992171969423	-0.79263344177277	-0.973365710223715	-0.19933758578051	-0.931183351300351	-1.31237626631123	0.652189261943226	-0.971568233770989	0.531933400273693	0.838182318039919	0.982805239110974	-0.0793993572684719	0.133838849973327	0.411233791130512	0.823203580756687	0.349191177769153	0.180175482123541	1.03615684968535	-1.99605131592311	-0.76214473260722	-1.18177329878008	0.993651357401042	0.872627788869685	0.637816859205448	1.03181335586769	-1.32863602842657	0.949045979959835	1.11252648073329	-0.446347370507828	1.05649377413288	1.059762252255	0.0423059293342863	-1.03483591316795	-0.284627060750083	0.79301232991763	0.960375645908177	0.56020765540954	0.79062648239392	0.963944269945902	-0.132668531913538	-0.997650867314218	1.05002052647649	0.621116902796721	1.10534620509083	0.776612870820266	0.297698382796707	-0.887712670495157	0.235077319322795	0.875266650454393	1.10520021976209	0.707159224010025	1.08901986696863	0.523181903565553	0.455333532630034	-1.29867473340105	0.878917318777342	0.0151062228100963	1.06945571155727	-0.890752171207948	0.982782280149341	1.015328041931	0.148846174100922
"ARMCX5"	-0.76584215253687	-1.20264870120154	-0.154013026981812	1.23378548690246	-0.0475969696360507	-0.0795342619020596	0.360392384299455	-1.06007051320811	1.32535821510369	-0.925755143022613	1.3157660471655	-1.18844363096523	1.29958691067312	1.21021821936638	1.39373450495421	-1.169330328469	-0.963205801413722	1.14984981669935	-1.63589957137255	1.04949483327313	1.04923961932686	0.545773107308004	1.19711350996611	-0.754397406832018	1.18883265093528	0.126525907550325	1.06519351265457	-0.125741015037668	0.61311218603809	-1.53487728726976	1.51025329079826	1.42303829215834	1.57450407306385	1.08522198315519	1.15840920802938	1.16132770619829	-1.11179743619386	0.109159060275574	1.31287679171753	0.632598992815006	-0.865605134983525	1.03703645731682	0.457553528107795	-1.40900414060181	1.20709891635216	-0.174636033722562	-0.749408854618699	1.20063620171539	1.22182303714709	1.03831701071008	0.250121779738673	1.25695642811879	-1.38707370932191	-0.405407901127962	0.277510502426004	0.343619227779209	0.490694077090341	0.495639879155057	-1.13388580546901	0.651390243012637	0.218210345157268	-0.0120793150390933	0.480756512273964	1.14967754561892	-0.295815919821897	0.65893271678916	-1.07680208450634	1.01547914049839	-0.095088031261337	1.20443292854831	1.12878216989361	1.17233868781558	1.3585729474238	1.13551542021254	0.46684397713581
"IFI27L1"	-0.662927226746597	1.29432907351435	1.17592673739687	1.17170371749354	-0.550938906819117	-0.820741543590054	1.30029970219666	1.24791704062126	-0.992196472309229	-1.22757705188926	-0.215601763902273	-0.380369388932749	1.23550422566461	1.15981045285326	0.00338499156612923	0.442303034983301	1.24544465634562	-0.73510628330012	0.0987482252307956	0.261840843005437	1.12311111618208	1.20688990090837	1.16853112321104	-0.0284690808313819	1.18271384325801	1.09808995650814	0.778918833291762	1.0474531060913	1.15396684949187	-1.12947972999892	-1.65450214570436	1.49272209447518	-2.08473510801533	1.1438266163985	1.21265783949828	0.442526907785704	-0.342535357996297	0.256650823301328	-0.471284870353046	0.103644013824793	-0.834798707845187	1.21464828865573	1.19925224795586	1.09486918906495	-0.69231946801082	0.341545045785717	1.1525493119431	0.643910457368904	-0.383016782442143	-0.101309400048674	0.561761983402502	0.126022098753891	0.207679379829814	-0.746994537224297	0.300521853692638	0.186871283212582	-0.187149368651365	0.385266324903858	0.734024633141428	1.19619446531118	0.550114630899679	0.689294754808092	-0.860956575262524	0.137066178013224	-0.483885799935427	1.06353885697552	1.06362525773511	0.261951813133525	0.429079853732057	-0.109068263832805	-0.643098143350797	1.07763454172045	1.13539200101826	1.06971397640768	0.525933826559527
"INPP1"	-1.19244065716055	1.3115226849565	-0.340804637453778	1.2179293597954	1.36524125060368	-0.605036807629831	1.24303894808151	0.214892585359567	1.25997105077482	-1.24390844495866	0.162483211391241	1.27221051399072	0.995229778972774	-1.10334819578311	-1.09134947884853	1.17429649738615	1.39481775199212	-1.2734474476803	-0.297452093433059	-1.02022391883778	-0.401729805074993	1.1349177234378	0.991851721209028	1.01316863057073	1.2371716830558	-0.372469888532346	0.993939378853228	-1.09585153948412	1.06495470242424	1.35977266692304	1.56301417649045	-1.66271551678592	-0.268580678981127	-1.18180590963068	0.0988655927716117	0.860201934414124	-0.0726073898108987	0.593919531336705	0.699835671045396	0.254036787609962	1.03430404991037	1.09009748607841	1.18928728634031	1.05658077322625	-0.325392630112139	0.0251616102062004	0.73909977173252	-1.09178567952716	-0.343314718068278	0.265161498267581	0.683156380381725	0.68369261334311	0.23757713069521	1.42792834859861	0.984266000368185	0.548169076244164	0.0101080334639985	-0.205475500774022	0.463195559422682	1.18107538928316	0.422682091360492	0.455442500066116	1.03545305220356	1.10646536091861	1.20759428645028	-0.820122773782195	-0.503107195787296	1.3055498879074	-1.25323355435624	1.04937115302241	-1.06994180571122	0.509517701101325	1.15253042972543	0.565317734802122	-0.709845869171919
"EIF2B4"	-0.651522395229639	-1.48915002920536	1.4804151503313	0.0392335938023785	-1.13975209827164	0.510176721457236	0.807040654136858	0.325416543738994	-0.127963396036306	1.02336096031594	1.55819034133202	-1.33423421261849	-0.270931251598661	-1.96372712369604	0.536759235739077	0.604750869250454	1.47064559819603	-1.85558889368076	-0.606107648507069	0.433776317364152	-1.58364698444593	0.793143491251541	-1.02935198618343	1.1278236986707	1.5765186757021	1.43461507576678	-2.07034978482468	0.745284063386142	0.438003943794563	-1.8743010007873	0.548517624680775	0.927314712576717	-1.82255705240004	-0.196810513006766	-0.732425951544878	0.710600764327739	0.495447283467706	-2.13438809509629	0.255416224984672	-0.763903042069724	0.418401380593972	-0.00185991069826304	1.05312517388668	1.73628442990815	-1.84958237580062	1.0492478404657	-0.358685589767048	1.71108044864092	0.729494075310961	-0.211003335285942	0.982766880187052	1.29936771366969	1.24756375891441	0.766266347763234	-0.26402437209978	-0.0609285732449518	-0.162901659499996	1.82284465398802	0.573654775130943	0.769429885735723	-0.201657013970947	0.124293172982259	-1.67361624670725	0.874576135571333	0.892793750256158	0.415232880785614	0.409012091029424	-0.159390657299037	0.302463557669209	-0.191776583846661	1.20938568747513	0.332850455560429	-0.286762745976551	-0.816301249902313	0.946822182719015
"DUSP11"	0.824473077005202	0.0146240644891452	1.63917157842772	0.81463974506905	0.425075900599643	0.163125840271755	-0.255773697083576	0.967560044846633	0.936173470328791	-1.51208840503137	-1.21086929467113	-0.0815644187189851	0.334589768254746	0.45320463392321	-0.525892426684792	0.127275792953847	0.100983213479402	-0.292125758635551	-0.27650672955254	1.7659645784723	1.47532876277046	0.454615503468061	1.07847118708324	1.27306927796229	-0.460684269089266	-0.513734717151335	-0.0798650911140727	0.401159878384237	-0.636593341660353	0.826722265236036	-0.234034285362493	-2.97023986361135	0.721371283116769	-0.136565031201804	0.135930138123908	-0.0274826288089956	1.13407884455261	0.0172000531636994	0.633771430456118	1.02620178141226	0.313994820418463	1.96852460134211	0.618222806236757	0.827989931519886	0.69628640703119	0.505165817232031	1.5532719802642	-0.67180285363722	1.59406659591422	1.44032062080064	1.08116417680897	-0.744086062652789	0.495199080194889	-0.286382977948479	-1.16156388909952	-1.4163703349042	0.472355296704722	1.20014313793042	-1.49751232477442	-2.72474152411725	0.115508311242561	0.397427301987837	-0.568127043880029	2.29111135526039	-0.0161526663998409	-0.0572096524935962	-0.488214261979531	0.517515485495988	1.79789457573647	1.18743687431744	1.7676505590372	0.206770306569251	-0.176242889372878	0.409543735378077	1.54439591986644
"DERL3"	0.974357710650502	-0.998599417132298	1.16565922607724	1.33318621305509	1.2505246461953	-0.637773536570651	-0.118573430741456	0.922950564143444	1.37614012412453	-1.22903756408465	1.20737590022475	0.06059512825633	0.951733428321185	0.0270172518405863	-0.132583124856326	0.256243621087143	0.66884307155944	-1.31194599415618	-0.198084602037133	-0.939474667605909	0.931334004243117	-0.90062077606448	1.02202310854262	1.23223690999518	-0.991074775488121	1.1417322069005	0.494046482505785	0.809192369725511	0.743230371748775	0.940006150799011	-1.07428817499357	-1.52977424547871	-1.80106885634236	-0.869617809017066	0.809261394277918	-0.0852835582690709	-1.14724530988944	1.32266121157385	1.21842012266039	0.105336880213383	0.443595303104385	1.0622434003062	0.656685338851699	1.09575173436052	-1.17390685846915	1.10730120571986	-1.02860651163038	-1.1821372372661	0.14304645821719	1.02659768686749	0.0868173022390235	1.1307976858115	-0.591561279272975	-0.275144162634068	1.05467323266258	0.726982651025713	1.31359626685027	0.262500653523205	0.494468049192453	0.156119252306516	0.0833820741231412	0.131857067315167	-1.02814990482214	0.62495129428289	1.21739792632625	1.23536682804346	1.25914745609249	-0.905150904799567	1.12382371295405	0.518658981088557	1.0118272394999	-1.25143150880701	1.23755194353664	1.26872702197745	0.243565311425763
"TARBP1"	-0.626842730364401	-0.686234652470942	0.416530543872458	1.00186826622965	-0.0132323294008292	0.524541963492031	-1.95093749129665	0.910561627611094	-0.68299419768521	0.703263134404254	0.911180954728278	1.61579106761551	-0.709321415940242	-1.41887557238524	1.31733169284358	0.623238087216986	-1.1725446434827	1.17937098467366	-0.658585677579317	-1.81290947872737	0.0482345900903086	0.95876158396333	0.555255252800456	1.28528332855116	-1.6521965190355	-0.334444012477482	0.66363833796437	1.96220469104905	-1.64191269104106	-0.584436607123077	-1.25460668050644	-0.374278988768944	-0.981137157951135	-0.544854369749397	-0.167386608063816	-2.70179253489866	-0.0231254415775288	-1.16213064852077	0.701818884084653	0.996669444385668	-0.805584620031469	-1.33080509558039	0.0773940614803993	-0.832373070478492	-0.460184854644174	0.797870159049222	-0.705065368058294	0.565748416046954	1.08312279088472	-1.10400844633343	2.28461773308141	-0.254265521817317	0.547417987822586	-0.55525408729189	-1.09393790441889	-0.107135377277093	-0.113968124777595	0.715456976682795	-0.975984647886957	1.35326621476026	0.139274909984521	-0.459737480244111	0.464315948002059	1.0926210269377	0.114983505912799	1.93599848813218	1.76851892941262	0.609299298181802	0.716584448427744	1.05692098857305	1.85585427493102	1.01958207274719	-0.359685502360293	0.964848642880543	1.94073423408639
"STARD5"	-0.338719954343555	0.501031038678226	0.996088737424692	1.04298259137223	1.10395702631446	-1.38700156378025	-0.949404499319916	0.280917952648646	1.09796692703892	-1.44623654186321	1.00586431999977	-1.11720878920865	-1.15787323793476	-1.22110683335009	-1.59870999907673	-1.0494836807269	-2.75766379319973	-1.18370709201581	0.442233532519052	0.196067784688929	0.189392290283132	1.02673840447767	1.11530691321753	1.09846880261482	1.01366601367412	1.11833629083023	0.539963901408863	0.502013068016063	1.13257994387872	1.19591749543841	-1.91503493983442	-1.7308361945346	1.13335360675633	0.417446929522203	1.07393203169685	0.49388505122743	0.43959577724335	1.07396945566469	1.06837091295761	0.791776008156984	-0.31728295649576	0.164596044252505	1.11510735763466	0.970346430940495	-0.228775634841757	0.508219414503242	-1.25050226039396	-1.27409808205892	0.924736539071521	1.01404899137878	0.204960994773247	1.08294327892556	-0.970605864814294	-1.28814268083462	1.05908367701896	0.907646224860717	1.24267725553555	0.301808306162669	0.436031697402567	1.05709099253042	0.251926372259015	0.337910488773988	-1.42159271805927	0.194459109353171	1.04463796329072	1.09065059005125	1.18683586720723	-0.204016910240194	1.14099081954705	0.220146401482712	1.04580262108481	-0.0784002308472783	1.09846141583051	0.34056016489494	0.376470866783737
"RANBP9"	0.238374232132282	-1.23162706011128	-1.12267593779949	1.47646901791352	-1.32251513638579	1.4954170390289	-1.17887505667812	1.48171795079657	1.94512622050895	0.755264666052062	1.04079427035771	-1.66562457697135	-0.913792589751532	0.668900797628004	-0.357494077884387	1.71260582528993	1.72128938192428	-0.851952530241	-0.399089735409372	1.17313785620405	-0.545993245124949	-1.43257143088284	0.79237627431292	-0.887498433466523	1.37341467657845	-0.414405025231133	1.24231729758687	0.937805798972845	-0.819562533832122	-1.2366166312137	-0.722019907126238	-1.15322623170636	1.52043226774543	1.08766356144141	0.355477918162729	0.943688268998538	1.66198168848256	0.493504566440943	1.52799939075299	0.746632140861322	-1.16010701613898	-0.105087692152908	0.0561241349034943	0.372618239632965	-0.890547685393666	1.82479621072232	-0.0377706313465963	0.472019544619003	-1.8907250879621	-0.464768526002401	0.941296285332768	1.46840853860474	0.201833450507119	0.919672381975022	-0.212292392620218	1.07805973907615	0.493878654450333	0.938047901591344	0.667788980112553	1.14370750364335	0.829916902494651	0.455546042109412	1.54249269658007	1.31495614881028	-0.0791776636992492	1.29274095314263	1.53254373802693	-1.1569863757747	-0.178683498642316	-1.5287599165794	1.27439186763902	-1.16732135700908	1.26341404379488	0.224760538795265	-0.0147122252172349
"RCBTB1"	0.234391687481698	0.315808856988893	0.179186827824756	1.6250134730232	-0.951176905819564	1.7366799097536	-0.831543146304811	0.112969784519029	2.14672720636173	0.62586109193354	-0.202695468025064	-0.827444076917686	0.397046915380641	1.37422526871233	0.588917443986653	-1.36901708054159	1.14062865279288	-0.898951471382347	-1.10649601640754	-1.05753524090188	-0.237236666429793	1.2197727762598	0.222471261404873	-0.227422364001067	-0.545395513828859	-0.166910402502157	-0.0258260040236509	0.98602291074113	1.8329755684177	1.14107427610227	-1.66566960650271	-1.88697261732565	0.306963279079802	0.17157283268968	-0.91021253950991	1.42604046063745	1.13484945301636	1.11589374843732	1.06751372715287	0.956134310475693	1.02490802632857	-1.16628673988442	0.0939510308397456	0.794312625174909	0.0429581553240614	0.29389835576236	1.12608863796982	-0.898574864139677	-0.160034613386108	1.89571058480988	-0.117266042313468	0.806877573353022	0.941691232627013	-1.19192088365737	0.89051744380488	1.03432858174413	0.89417368733063	1.07688910082423	0.131958313096941	1.26541087163484	1.01057756471549	0.984635378865655	-0.309156481121995	0.242238862840456	-0.940696776637312	0.301301909520638	-0.88006226177325	0.249213484041633	0.744574588367688	1.93513660231063	-0.197407633759526	1.2144164637758	1.29695196815311	-0.718622018591775	-0.17526981412314
"ALCAM"	0.750601561423137	0.763056055813202	-1.02038088123674	0.844526478671782	0.628806893474139	0.425614696063711	0.343376629499422	0.485946471981753	0.783175294628807	0.85390299426041	0.890640724140705	0.938441755501299	-1.09074552630407	0.114213923299939	0.974327839361804	0.414464359477822	-0.932961256127263	0.529668715714327	0.845958632545539	-0.767523360490986	0.24423733843343	-0.0702668831712894	0.0113151294916034	0.671842583700479	0.965074866904425	0.909217985381347	0.288857864851487	0.353555695972501	0.860510833692981	-1.28422969893669	-0.818387281305994	-4.28174897727417	0.467845249706147	0.901802978744177	1.01518012494983	-0.613546398839032	0.93482394625191	0.600448317968514	0.614306551056838	0.458137293046404	0.853476274141135	1.0950597061231	0.456076668824213	0.610970087940707	-0.0323742692731878	-0.624123927770832	0.250973291120586	0.77721842586086	0.547283771441374	0.00955747990243169	0.512867794556302	0.64509878911469	0.509412723943326	-0.459395963129623	0.837915905308067	0.536561594758822	0.855751497554395	0.375103270070299	-0.440635831501272	0.514342488218756	0.886999212802189	0.350303028332586	-1.61244149964309	1.12211496768741	-1.36338021801278	-0.0800530475096639	0.440055378574523	1.07751693904111	0.817880515833756	0.972035304465271	0.459254989059294	0.405908105928966	0.571937896605779	0.942552678344506	0.542919635318949
"GLRX2"	0.791844386822643	0.0303802307829279	-0.0305297069766024	0.929290140324437	-1.62019952804373	1.05278138060948	-1.28547260322828	1.18478650604639	0.83306993885271	1.02608005930131	-1.3334588481214	-1.16327111099478	-0.942698549175267	0.834175631242262	1.06861224902877	-1.61649616532805	0.856211897745153	-1.54852006996642	-0.508343687655136	0.404885809917521	-0.854081899294618	0.939985618515759	0.983605334311055	1.14394147187819	1.27052500726679	0.863620564938411	-0.442751676710204	1.12517232908926	0.408036657455267	-1.46888524149338	-1.49688593649784	0.881966204898635	0.946845706456981	-1.24875218124701	0.942743254553572	0.826216921533161	1.0066421707661	-0.81193654935844	-1.07664535983981	0.602920758139631	0.76633035112915	-1.0741494381416	0.0961634253914781	0.565466531554963	-0.942148881823828	1.18172930272031	1.22969910634143	0.365945479453664	1.01118559750455	-1.15393974382464	1.04783244236427	0.991725569070838	1.06494381133597	0.455658995150369	0.921747006167208	0.900878929434439	0.979720579012509	1.05485620521949	1.07871396146352	0.0759638105483589	-0.0748858745528437	-0.178149113587337	-1.42032038378645	1.01122232374176	0.884136320954558	1.07182057865301	0.718800102108359	-0.287384944297205	-0.0272910532605825	-1.3794145914796	1.0075287076305	1.09877519748055	-1.19358675821394	0.874974695031	0.423503020512947
"STARD3NL"	-0.709602176818843	1.27998712735668	1.9204232178655	-0.913894289270176	-0.0913785139776252	1.63575067783345	-0.804859318456433	1.2970750557448	0.964855597154353	-0.642055735229803	1.59013949339537	1.41768426270378	-0.820469240408737	1.1527152417348	-0.915186822128387	0.379326947834212	1.92519030119407	1.21775260531659	1.05989614172236	-1.26160366230308	-1.01407591923081	-0.877245790171209	-0.7299508285678	-0.280851730053208	-0.134340718818453	-0.725380512611201	-1.03960612197437	0.347262301053592	0.0371049334458383	-0.701410238791701	1.52907959394992	-0.894971654736157	2.39278144830962	-0.563025188686418	-0.290560821713677	0.305986495054348	1.60271517465877	-0.899819889918685	-0.108953892716111	-0.364332746205926	1.46261727242531	1.74455923563326	1.42975539931719	-0.897383971004469	1.59937775940112	0.952897522782272	0.859444100583942	-0.561785829970873	-0.869511297625103	0.231704885433381	0.214867976133058	0.440263022796218	1.52763125704683	1.38999461255418	-0.416345934685232	-0.178914176553166	-0.809258570979832	0.200930873237367	0.461456090600206	1.34358984224471	-0.242488136899811	1.27969571626125	-0.241682911922304	1.50461389595234	-0.629149276207774	-0.981223391687383	-0.183912929624534	-0.377034727659229	-0.933270764503274	1.01690605044628	1.69077502180355	0.504985170706771	1.34941687624919	-1.0640534819478	0.978389473963327
"DOCK9"	1.31044960445477	-0.46960115565775	-0.446706886980087	1.32898298933114	1.56522032465985	-1.23103981603734	-0.242750453721691	-0.698235223975827	-0.364458286195012	0.232559692069891	-1.24257201330831	1.44451300838716	1.42893179880538	1.51636370202945	1.37664167421899	1.61789621097312	-0.658606616264455	0.00448762945691421	-0.00851120621647068	1.4769553090021	-0.841471490865568	-0.515482842336488	-0.51052346432395	-0.886435306383835	0.183676250526541	1.35712026024638	-1.12356026023838	-0.621066992226669	-0.440258248419138	1.56620013813141	0.345720778880827	2.15439797221331	0.248542272920532	0.262115207642365	-0.742877980130585	1.38655566343096	-0.684376834819692	-0.986261375834628	0.264403117052233	1.40510112438501	1.35969288030275	-0.214705769147227	1.51924439686568	1.49312379789144	1.26491085848188	1.39465364741385	-0.612897126799198	1.43715258997254	-0.890264448530532	0.181757427287769	1.40153981754076	1.34598415170377	-0.367860371055303	1.57381685841515	-0.589514193724724	-0.944688727192585	-0.544645883674843	-0.705542025347893	0.289011774271789	-0.0289457220994693	1.38284281120333	-0.579422705590716	-0.696032810210694	1.45292041307622	-0.893189796439028	-0.198675788672072	-0.076433880743453	1.71882630279221	1.30696976960579	1.49100678801852	0.0659408655521428	-0.793336461412784	-0.868887450054642	1.40226706671169	0.597828781364995
"MFN2"	-1.29092778725116	0.132453833469417	0.331390378293209	-1.05965091330132	1.64978832019696	-0.241317745749961	-0.543521020544868	-0.397308691071009	1.34772724401983	1.40728249359439	1.31238316014077	1.46824960848302	1.39211655217283	1.39229851589392	0.321124215197526	-1.23750936750513	-0.258003400067696	-0.42032877487022	-0.981219303975849	-0.937211187567342	1.36703066446541	1.35582683726011	-0.927013738794509	-1.08376556213841	0.004720520674608	-0.657724171623918	1.24309724274719	-0.636363577538955	-0.812095779816372	-0.20546238144563	-0.174585401735076	2.00200302193169	-1.14831838355414	-1.29360138923949	0.707476162616409	0.457339927192878	1.2323499323536	-1.25047466924243	0.293908199408303	-0.121232627412862	0.203166902610609	1.20840880319692	-0.356493835133278	1.24223277811842	1.29071383077683	1.26097085590184	0.257899932261475	0.361981766218447	1.24098242836459	0.170337735243211	1.26682318369922	-0.0788279677875738	-0.368220759566368	1.25082012538573	-0.266745802875215	-0.177770854852948	-0.464215774296099	1.38913320592206	0.235674645791884	-0.537594377881211	0.271787723078336	1.30516710218437	0.534827405598672	1.48624936560931	-0.634839833886442	-0.296774751815108	-0.666294822881649	-0.816020738815064	-1.03624379343926	0.0209484734843125	1.49153904849112	1.39978381850138	0.124436721228188	1.22321914566516	-1.02778816571024
"ACCS"	0.475270768549219	-1.61962799342966	0.86819100110441	-1.25915356008743	0.355663613296018	0.568749893061416	0.465416217853894	1.0610883505408	0.761719306338469	-0.378776738742104	1.11034406650101	0.0853295297276393	1.03157656544842	-1.16189222611672	0.224522247205559	1.06581401067469	1.07763371943577	1.05002836469468	-1.10414436594933	0.930477912643105	0.681180818346001	-1.60255775417012	1.05703956937712	0.128742939810859	1.19045427842395	0.444356944794054	0.342922457082925	0.645165198652025	0.961177536142753	0.999357137378467	-1.5902350612975	1.31365068260138	-2.2315689149971	1.09206451929578	-0.120167502435857	1.06940182804663	-1.3867439029873	1.07204666584831	0.623511512781874	0.575532324606417	1.0175826763728	1.11976632179837	0.934398712618823	0.0630968571321831	0.372064846160788	0.503316131079929	-0.209016397905199	0.194127136441673	0.418025745678573	0.268899204844819	-1.36437119811143	0.459707254920202	0.33277950914069	-1.25738581139515	-0.0946004526264557	1.04931366486044	1.11606806944365	-0.351634034269758	0.306919555345811	0.200761586562237	1.07487503896868	0.215528334509743	1.30055642307193	1.13437466152229	-0.0981735043626074	0.971799115343262	-0.114311198334587	1.25373930552558	-0.234574629033558	1.03042868236397	1.04107122923567	-0.202746829369342	1.13156563227715	-1.25445295406981	0.993814495554536
"DTD2"	1.04358513256185	-0.539367466016126	0.126389154917784	0.910346815691745	-1.31471486631779	0.888616905891138	0.367462010993788	-0.65624921264579	-1.45614597871628	0.780226346381023	0.985555669192282	-1.1947480241408	-0.565835640986925	0.784790231215295	-1.07894381190579	-0.721627323560158	0.670928512982747	-0.663384788167326	0.290369024220378	0.55467246004158	-0.495236477466324	1.04967272412325	1.04732471732673	0.588342543139161	0.695746700155389	0.576277170998826	0.430996301127277	0.943370715953872	1.01746308284786	-1.86113094936248	-1.54896959713897	-1.25303033464574	-2.71657677682923	0.388053684676942	0.883481947846755	0.50000948139776	-0.962439314359183	0.84232554896889	0.955727935125996	1.06045512711197	-0.490317522455588	1.03384324345134	0.502601780487785	0.847439688875955	-0.558047337686064	1.05594013251199	-0.88476673138348	-0.9335644212395	-1.28850231642683	-0.518848006660136	1.05039910024104	0.567078827918536	1.17235553543624	-0.615526028328265	0.0653021567606166	0.706302969546008	0.952569639347167	0.798119057146985	0.442327510838445	0.764366997227079	-1.03811603847839	0.96145274248518	0.23941179742102	0.35980383510104	-0.24987377146681	0.948614419459993	0.535004649616306	-0.744256377436153	1.1478990117498	1.02648240240228	0.819857356416881	1.16512094950446	0.928897287989744	0.226882624000628	0.667127778188407
"CCL24"	0.0649218484445315	0.803842155942109	-2.26348164607524	1.07001407488759	1.06261599107317	-1.11416744688077	0.233198064500185	0.646882216721899	1.03074889819134	-0.834351027759926	0.937199234584506	0.954896750902557	-2.26348164607524	0.534808540881778	0.665474103282059	1.10775221610646	-2.26348164607524	-0.760246550483816	0.471895396600896	0.269592834111153	0.205637804241337	0.951103541270472	1.01918402629937	-0.518218503200315	-1.1863586190637	0.388167425828915	0.920167495670451	-0.243817638177458	0.304954793567389	0.643382312080817	0.959363794781815	-1.68401910877006	1.01349268329809	-0.31627614834906	0.173800135977687	0.721208469067824	-1.16002240120234	0.264354999823195	0.810548765093697	0.283413218949623	0.88822472916215	-0.0474039728165765	0.318629505258372	0.854061241798634	0.392390213771645	0.105788924285305	1.02300068976342	-0.542095512550576	0.894604282404298	0.689298186923385	0.495125857668183	0.0672695460485875	-0.424167655341668	-0.255448315972832	1.04032340151173	0.911614369168629	0.716761922743275	0.906067523972272	0.944474752582376	0.950046942371887	0.620235383805531	0.876990807001046	0.349088861463814	-0.0261602474628807	0.834270209558679	0.127078064325671	-0.111416965820394	-0.723162265031613	0.895490988944571	-2.26348164607524	1.0105910616115	0.34188622182469	0.563238885892172	-0.396773186166798	0.896825919306416
"TAF9B"	1.14643730210826	1.11521582917162	-0.266863278171834	-0.443903520003274	1.58748811119344	-0.539365000812979	-0.708645877652919	-0.469665699763238	-1.5194349908297	0.688889681553018	1.10596780039951	0.920213913876014	-1.4088643731714	-0.550602322757962	1.1443131072955	0.408376100394078	1.60719498242825	1.28635882021282	-1.40969028835235	0.778975389431175	1.09575053469988	-0.400396956796888	1.15298767705175	0.997436918545076	0.947650101970091	-0.758778055594967	-1.14716416823952	1.0855629561938	0.178943094065637	1.00870927530247	-0.893403194083071	1.65960514989125	1.45351853233738	0.856914485790294	1.01025380248931	-1.02512830937792	0.598933066892512	0.93165659444495	-0.736512931265758	-0.085241835341935	-1.43618587850643	0.0851157545118962	0.744963785595749	0.822834434130917	-1.40541825628856	1.23646906120798	0.277041064349036	0.332863672560949	0.964546052851966	-0.396102812112603	0.95705615394322	0.734425302933731	-0.654955190587666	1.28367575143697	0.398814336312275	-0.590069490461955	0.850064150134393	1.39149336535131	0.81904199790669	0.311214221064929	-0.801218878560729	0.355174555963969	-1.17346311479853	0.981895207205609	1.0807351132173	0.662848599795079	0.671216749286663	-1.68462303838355	0.648242728307369	1.03426444158614	0.732997357468735	1.04267142068147	-1.09051116606159	0.690638859053674	0.66042219864759
"C15orf38.AP3S2"	0.976537371873844	-1.39711269870488	0.206737088130996	-0.286269055525702	-0.545093588810766	1.00574523395439	-1.92317066689823	-1.17988205089174	0.993652521948945	1.01763031225549	0.96515690978158	-0.301193116405061	-1.18140755304905	0.9814769062299	-0.851634491301108	1.00016569985513	0.960280613965739	-0.64228279093222	0.981891389831039	-0.549554495228385	0.978385600768769	0.944367761398559	0.242741672803661	0.343932390558236	0.106377979459517	-0.447725021808651	0.351970561460866	0.562703753584912	0.985173579207117	-0.609741395385604	-1.270128945868	1.13232499086456	1.21841918024591	-0.345527244124619	0.562995205779064	0.427735540120922	0.0895242896478782	0.781308088769892	-0.895423294631991	0.0811415048894719	0.946993405166695	0.654182627453322	1.02230565603684	0.432582736556054	0.144418982948906	-0.127426717221289	-0.0780200790256949	-0.152496685487573	0.294908810454301	0.940102804416603	-0.457707401942877	0.336588908344125	0.162647506512068	0.933608378819945	-0.174752729903714	0.97126158526136	0.231481008197766	0.39191918358692	0.968565794346151	-0.0524328079332325	0.978410966643263	0.164634885620585	0.419900607869901	-0.00170480307136601	-0.849283952932611	0.976692592920004	0.0839251708802102	0.966396002699809	-0.172412957755786	0.236525655982153	0.952158706654755	0.127227920191444	0.0783756018820491	0.597798518438549	0.934584386686505
"BEND3"	-0.950138863118732	0.0148036203029004	1.14520214084568	1.06623383820122	1.22933546349539	1.10651651661404	-0.0378933619203909	-0.486107679064429	-1.64844711920166	-1.12916710855104	0.0410384255004633	0.465215210107027	-0.643643562335468	-1.25633660625874	-1.13500509012713	-1.15592494471711	-1.23350656563558	0.676865222441872	-0.200742789266644	0.191094808540228	0.166210375901458	1.11833572197799	-1.11796653712792	1.15780267288804	1.12870267841833	0.362298689682837	1.12481339666435	0.21821167139852	-0.975785864437112	-1.33803356447762	-1.7093873483784	1.70747729865417	-2.18568724638562	1.15518564997196	1.38802507601215	-1.14043582785058	0.144079204598026	0.414713708559713	0.664835872564848	0.209846073749324	1.07424717897376	0.134866466483823	0.894696088456992	0.185809067768981	0.207097205395673	-0.93776741178684	-0.4718600496794	1.11835241967258	0.207194515052107	0.245530923056601	0.1121402151906	1.09980098944283	-0.0596939647879039	0.30716931178799	-0.861337328119445	1.090859559609	0.485893812078139	0.677339042858196	-1.02242232264137	1.09339110698592	0.842960004023259	0.0632711999336369	-1.20298246271583	1.16316370089095	1.10347920080299	1.09000094889451	-0.517010088841849	1.14686193458943	0.404137590344329	0.54974717387556	-0.954976888234048	1.08170055778851	1.13032477036539	1.06592488101483	0.388462928757436
"TLR5"	1.27866008924884	-1.1610862815726	1.17610643892745	0.812185604624849	0.385497050705112	-1.2225674297349	-0.231124561822676	1.22569535843214	1.46567638399169	-1.28027948868616	1.11297193472961	-0.107184208369022	-1.69703771087396	0.392560609490221	0.791397485200728	-0.54235850574711	-0.47587744189953	-1.34925007166176	1.31241003090318	-0.417355058782115	-0.365459628166062	1.37824302312884	0.688632172060787	0.435258436977426	1.11285391547143	-0.0540270071071294	-0.683772023832398	-0.0166677555912294	1.34413450589827	1.42958799944791	-1.25054339253291	-1.58096669472198	1.62418971412914	-0.129517258285061	0.144488808678082	1.21133223909409	-0.778107674770167	-0.188610162941995	1.09088938579447	0.173824630442615	-0.318969200697646	0.676188503719137	1.15277397238769	1.26840908647368	1.19742842186737	0.0322981145125453	1.09305711942729	0.289682855637877	-0.00905216095567837	-0.187268575963657	1.09999493701479	0.835264152256784	-0.300886783438888	-0.215325958829073	0.732515866488032	-1.06977736788741	-0.695682321041404	1.10538076802366	-0.579457647128299	0.0510351147695927	-0.102977629656149	-0.0982145494498394	1.20994406109557	1.08761286088602	-0.352075671972945	0.16147953624796	0.531865608276599	-0.977735092888305	0.414960740776651	1.4427289697214	1.31983888375613	1.1795616723685	1.08887933952593	-1.0012000168762	-0.826694645857505
"PELO"	-0.117649972156045	-1.3129342952495	1.13755913916293	1.40959853297198	1.22361319983396	1.25408958456409	0.0739165753116055	1.21060781266525	1.16863174618957	-0.511038162180894	1.17811830255939	-0.121532821998512	1.56367100273124	0.82122474374741	1.36331066134574	1.15219198011644	1.36566629653067	1.20785842173902	-0.391458260294217	-0.899392336618913	-0.972918059256031	1.21258621281702	-0.438509300140763	-0.40401071048051	1.29859910295685	1.20004133998911	-0.908628442992487	-0.298753178346705	-0.6290655047894	1.42774494621191	-0.75472169980538	0.597355953733366	1.38528099364437	-1.1371248949357	-1.24463367823953	-0.951659666387724	-1.2993283421243	-0.987580017637958	1.13779319247415	0.121593459469683	1.42902649159252	1.23738535015972	1.44350759338147	-0.0332600878859089	0.5284432569339	-0.95986010062597	1.10860160993788	1.1773392560717	0.787815142455034	0.369163193492809	0.060523864323692	-0.273134805639311	0.469764775033545	1.40732553969953	0.526234158555206	0.438685083353233	-0.0890178371441798	-1.00841351251531	0.485554632064905	-0.566593434740453	0.120844379601872	-0.295510679029627	0.189359288920554	1.47260642578307	-0.745429607765663	0.0775133414967886	0.106327803804633	1.49898423515387	1.13648442753026	1.25665311625451	0.558680819246873	-0.00330711320237289	-0.822948610793009	-0.168740570675419	-0.126279233335664
"EXOC6B"	1.47954469880692	0.402758610589531	0.459105353211592	-1.03328099259303	1.10342791256739	0.128186872993127	-0.44110004717297	-0.3234184607617	-1.40664472246607	-0.535039840701408	-0.578516007645112	-0.11684104419413	1.16352429664745	1.68378710053817	-0.482978570030022	1.00357569124872	0.703737666894745	-2.24941140367968	0.557360779148349	-0.886089679723125	0.757918088816789	-1.73324142473202	0.8532392323334	0.185832100333521	1.12901902478919	-1.25237080264057	0.047027320064932	-0.18495759012242	1.33054641777658	0.48969713583575	-1.58356711922331	3.9593978944932	0.997178124864556	0.309760552809175	0.831663059965042	0.863459583904057	-0.0439741981216734	-0.723328166711274	-0.939053187471246	1.00789752139608	-0.323059544283304	1.19358484701479	1.43911354184144	-0.154831351316473	1.26000229044965	0.0144947796717933	-1.78473941873614	0.908907458843308	-1.74600745015641	1.33972630697064	1.04614021587154	1.26946543175795	-1.42611439179851	2.14886784247348	1.10960902793384	-1.29555246974968	0.935206157913474	-0.291787165611099	1.34851907726013	-0.542052668554144	1.01921596923221	-1.87004028786431	1.01865958800128	1.48812693608342	-1.22022691134966	-0.203162573609359	1.05862993156373	2.09004924879951	1.39005166907061	1.03831732048345	-0.582255450467679	-0.40536842545849	-0.604172278534381	-0.916077890034729	1.28403617111759
"PDK1"	1.13261760693463	-0.132170630631761	1.07589362223108	1.07266147911387	1.02474713535924	0.776582605632063	0.511092379785982	0.31735916016291	1.09240157177094	0.307624112864888	1.00136648568784	-1.46609161425991	-0.62564518395906	0.992026079836162	1.06842201373452	-1.75450789645685	-1.25379570035106	0.00688921823116445	1.02656501432869	0.306598538582788	0.879611474071136	-0.10950007255165	0.845246398269831	0.999486140676674	-1.32795693772669	1.03369056582747	0.821950434153244	0.668456344823385	1.00927370258741	1.01965577494864	-1.33247218485738	-0.836920390232747	1.11799827525289	-0.30290074796112	1.04552656556081	-1.0067311451343	0.585352334504661	1.01471032661975	-0.951855310813013	0.0610268368475031	0.383840622484013	1.08288886412336	0.0563104641727259	0.745935593313663	1.106770611666	0.873553178503179	0.204742123021867	0.787344650083193	-1.21539037933487	1.07718411270365	0.24945801139056	0.695963631745313	0.402661925483726	-1.04806711962225	1.06732704861389	1.03326325560778	0.983139592867128	0.656226243132371	-0.0224904895068488	0.310155821571757	1.3674040022318e-05	-0.87523210156224	-1.26165952577621	-1.37933385903201	1.1562741759175	1.02821058498555	1.10992031299855	-0.932333420923119	1.10771333028297	-1.57912218025337	1.02764891780167	0.436480684643295	0.971567715249178	1.07985472689036	0.341767174194362
"TNNI3K"	-0.949468439829176	1.43333745963002	-0.949468439829176	-0.949468439829176	0.318649993005482	1.42735438456389	-0.949468439829176	1.55213437522282	1.58051558858769	0.267696211225938	1.48808696812046	-0.949468439829176	-0.949468439829176	0.132779736396402	-0.949468439829176	1.5283778511256	-0.949468439829176	0.240015810557265	-0.949468439829176	-0.949468439829176	-0.949468439829176	1.30163018993625	-0.949468439829176	-0.147293905733272	-0.949468439829176	1.25842243357387	-0.469033930754934	-0.949468439829176	1.32760911246713	0.289065225949027	-0.949468439829176	-0.949468439829176	-0.949468439829176	-0.949468439829176	1.5050453680493	1.26784635309637	1.37996008923328	1.23885289770181	-0.949468439829176	1.20899837625819	-0.949468439829176	1.33247952222269	-0.949468439829176	1.27659546736797	1.31103210857048	1.30800171338042	-0.949468439829176	1.26258300546494	1.20575643083426	-0.949468439829176	1.39732905351695	-0.949468439829176	-0.949468439829176	0.9870183277733	1.35293660635706	-0.949468439829176	1.22306793316863	0.659136496481696	-0.949468439829176	-0.949468439829176	1.09335690515372	0.452786501071664	0.429345142762783	1.21324201233835	-0.949468439829176	-0.949468439829176	1.29265714395236	1.38259230506313	1.22720984544269	1.50907710853561	-0.949468439829176	-0.949468439829176	-0.949468439829176	1.36975610045294	0.326191727745362
"SRSF10"	-0.656220094962948	-1.14417478717922	1.07416396419024	-0.881215199602819	0.275404361482952	-0.571799738173565	-0.699617955699137	-0.714028632504605	-0.330510040584951	-0.240942433539967	0.758008188797444	1.25747855476228	0.570671254301972	-1.40672690766517	-1.37647293801556	0.141359776945805	-0.608596806934384	1.42269235108199	-1.05106151945174	-0.647663445801428	-0.429011512338404	-1.46094747741484	0.446746458064565	-0.817034080929612	0.763354616981249	-0.102401636491709	-0.99536939675658	1.72783558057721	-1.33107452400744	-0.845593234395881	0.627554701626172	-1.22042271509972	0.59353761697454	-0.839248635285219	-0.383839736301831	0.160999735621499	-0.958596904743605	-1.20784765899617	0.388472543063527	-0.310100350826176	-1.23127879279198	0.744876863912115	1.30867817793181	-0.709180171676577	0.0706557185781393	-0.0487220344689323	-0.368371475850427	2.04619394329136	-1.5612385009644	0.874207003682928	-0.740158602644205	0.96847970152606	1.83106305434436	-0.757664020734179	1.1617616835774	0.45936765845457	-0.373872173040968	1.48578739026722	1.05324564647305	1.74748577498418	0.424094351053244	-0.36779956690617	0.729727940427834	1.99838999384657	-0.737860425927269	0.254066582711955	-0.399031688606392	-1.13301787702076	-0.547803006794278	0.598009891030489	0.749376954063791	-1.23696769977214	0.658662898996262	0.74743866107355	0.135856710354766
"IGLL5"	0.616229843427838	0.422054645555023	1.16433585979806	1.25256725635433	1.08104726689054	0.711222674024497	0.854784805774215	0.370810014305399	1.1268473660558	-0.915569487653865	1.13072199193774	0.100673196286772	-0.0289948712483124	0.172625743990154	-0.549762785162263	-0.545690572132284	-0.961132555890672	-0.0793901453325767	0.540738350584805	-0.641661145257217	0.349776439417947	-0.659162390629011	-0.112784958139893	1.17067715402775	-1.50472071626252	1.10343952934779	0.39462540384352	0.549786200893993	1.02810555357336	-0.916916790368416	0.346580204562632	0.894407644390066	1.24750679596507	-0.527203627452077	1.18371327750032	-1.40990450029498	-0.723442938604094	1.14283814500366	0.455208736899821	0.203552393933536	-0.041021723998367	1.0059372711384	0.780736010721405	0.636271741439876	-0.851419089328713	0.548218239604861	-1.36234898202899	-1.67363829344174	-0.467873629916375	-0.293855576307376	-0.407614447867637	1.13619935841528	0.453121664745305	0.256358230943914	1.0801694369164	-0.204448819995045	1.34292245501605	1.03144451839425	0.304664630061167	0.255659319373114	-0.0928268982817343	0.769493531847851	-1.08774813383245	0.448472501759754	1.2507367516224	1.31535151821522	1.21960421770106	-1.26614320616097	1.26858265931458	1.2893884946043	1.16314776942789	-1.37283154299047	1.13104995218763	1.12040170737591	0.327645703008032
"WEE1"	-0.330353569117215	-1.1862411805997	-0.581740652929894	-1.23087355707559	0.87427237934736	1.49096598347627	1.30210600649488	1.35687182930502	-0.605331880712686	0.623452340224666	-1.37990209015914	1.3589011622349	1.22244493443779	1.16795311688469	0.999759537163587	-1.27248002373579	-0.0766948629855356	-1.05127926437541	1.40376025497293	-1.19791004101067	0.0608247056108088	-0.399773512985735	-0.914125250323401	1.19336476607952	-0.582706462874232	1.10418887366792	-0.997189186320841	1.06893925625972	1.23219612796174	-0.118238412978733	1.12911672419863	-1.2083463828386	1.37665345388867	0.862977486574249	-0.00965890859394031	-0.508105919885532	1.12526890329304	1.13639484975293	-1.23399901089272	0.0624036805271747	1.17672798205813	0.526549635148093	-0.701619662313372	-1.02301845927399	0.07009447117216	0.310663229811639	-1.17745942371659	-1.13243940577129	1.41559588963699	1.40767204896434	1.01283168462069	-0.476826613730591	1.15113211271879	1.61791616586967	-0.115476382957927	0.637784278266308	1.23423914283607	-0.26790997879889	-0.0800628396231186	0.0535859424166444	1.79195446050352	-1.03137205720657	1.3473165720519	-0.863099188380804	-0.0867669435398434	0.750374679290302	-0.275840201813233	0.980975105745787	0.941738281643705	1.55478769766115	0.931630296801935	1.08773003256355	-0.869097049178443	0.868578246155263	-0.700365767773769
"KCTD20"	1.20423246366577	1.59582595093855	-0.580996486379902	1.67887910287744	-0.40735865646993	1.07492462508213	-0.27615089240963	-0.761406076074285	-0.20215786623081	-0.57304700290282	1.02339421474239	1.08152238069898	-1.20095937189164	-0.821824638829117	1.69129667742035	1.82324772756949	1.01125006570533	0.569641441099782	0.882004859340626	-0.167169027927239	-0.544361270838951	-0.84129040784806	0.984352844391132	0.573183801663064	0.708865292226617	-0.452165454169295	-1.27154852784074	0.960926461597983	-0.447571898138437	-0.399744509380269	-0.831017917402502	1.84143223311586	0.232373965910785	-0.253006148639051	-0.930883428458949	0.612186034309561	0.948012618595045	1.56240188857415	-0.801811792302434	0.1799324317773	-0.16083944980867	0.981458961545352	1.10641406177398	1.09459754318107	1.05882377635964	-0.751071956205034	1.6492798561141	-1.33409533132515	0.22035226072182	0.359541050540719	-0.118855068055668	-0.511764841489108	1.35301982964681	1.65749569499411	0.514897659233713	-0.533706039219235	0.433294923610719	1.00905250564728	-1.6489253215148	-1.5409689743655	1.55094448543218	-0.487970442497392	-0.404667272764503	0.928231636922128	0.743599920326951	-0.857772280662545	0.543175682536613	-0.87073777794365	0.936900455156893	1.11921414773578	1.2562518184901	-0.159143758921953	1.72791023753764	-0.927233484321969	0.754146682709951
"LFNG"	0.0534637995838405	-0.25409715434057	-0.454060669829818	-0.259037979708466	-1.18598819656769	-0.622254982070351	0.883416784403932	-0.793081163892589	1.23679011691317	-1.20839057416828	0.221456695385372	-0.790102280193809	0.920078406363887	-0.644826061967715	1.4266271117884	0.105505686917939	-0.725879030471227	-1.35910306048706	0.226173561387303	1.22200629297092	0.280886573134803	1.09111738636802	1.26221508716207	-0.0480942304639214	1.39434926944705	0.225953019185244	1.30800005599991	0.0367311607216831	0.0167001740219732	-0.0502319476377606	-1.14685038084402	1.79665458230964	1.85717798755902	-0.774999594169396	-1.63728519041936	1.18838894207664	-0.79788811714855	0.00344398801532924	1.12354433642436	-0.0662938890479504	1.36753788725419	1.14628999526334	1.33030861181038	0.0182277899909901	0.275575243975361	0.224046430019162	0.240098145594542	0.191725894526445	0.297968529320005	1.06316731967743	0.435208828927168	1.15970240689845	-0.0134067655230744	-0.168146524753387	1.14252147214963	1.25746130559922	-0.916123779061098	-0.770186170179303	0.100436722955691	1.22524637548388	-0.691624850675507	1.30845899152624	1.37919009756915	-0.739595559539168	-0.801407350303171	1.20971075962383	0.176547567648706	-0.98841483473905	1.1013065337658	-1.0732852170603	-0.0748832911694839	-0.680473391317885	1.30963460209194	0.654115892219965	0.471537345881069
"MIXL1"	1.30305716019692	1.38604585480392	1.37789802372879	1.39996600469208	1.38089052625898	1.41756639616991	-1.05961488098134	1.29282845578525	-1.05961488098134	-0.381547929915404	-1.05961488098134	-1.05961488098134	-1.05961488098134	1.39989383907857	1.37495900309436	-1.05961488098134	-1.05961488098134	-0.176355244413555	-1.05961488098134	-1.05961488098134	-1.05961488098134	0.823268646036289	1.30372040305561	1.33869676024299	-0.957077686325157	1.28265240677181	1.29006917139633	0.763114499104007	0.537258450614406	-0.145792216978181	-1.05961488098134	1.60715682984593	-1.05961488098134	-1.05961488098134	1.36018291324346	-0.184915735503838	1.35951280076568	0.435034906485942	1.29858236391237	0.10179412011291	-1.05961488098134	1.3179842935614	-1.05961488098134	1.34285742994149	0.680733102524148	1.3237741884817	-1.05961488098134	-1.05961488098134	-1.05961488098134	1.31844372695854	-1.05961488098134	1.2977329626605	0.178274148909874	-1.05961488098134	1.33935941166147	0.308992242158703	1.38487118284574	0.0654198806726539	-1.05961488098134	1.31873126110913	-1.05961488098134	-0.165882258335962	-0.136345540106286	1.31855555255105	1.31250266324359	1.35408101070377	1.30545450473731	0.046758933462889	1.29053753694815	0.700114465129648	-1.05961488098134	-1.05961488098134	1.34501456213978	0.610999321501381	0.444073299292319
"RAB7B"	-0.349761736353286	-0.94112122880983	1.62919297949478	-0.753742594592495	1.37294232327698	-1.022447285781	1.26214960765484	0.281992585278364	1.2473487671422	-0.19620778376221	1.21102492040101	1.41513456985735	-1.36195820230336	-0.853087604961015	1.35066758048086	-1.3840996240005	1.65648400324538	1.32679714315588	1.28570369926885	-1.24225035003029	-0.1884760222752	1.32148988595039	0.228580300807219	-0.564112923201043	-0.429917455164149	1.16473086458152	1.22200630054811	1.23178728777199	1.34851643445202	-1.282742379198	-1.30154606775453	2.03844049474536	0.0378462121108884	-0.166717314345438	-0.513038857529335	1.24243397859432	1.49242482244206	-0.646119864276724	-1.04559406147925	-0.32697677904451	-0.32260618166716	0.651717386514435	1.52072156709695	-0.277572314757144	-0.199412723529475	1.19914894792264	-1.10520534065915	1.19985763392794	-0.920869921651906	1.27296621294725	1.35782839203186	0.392052620822895	0.13914024197663	-0.585146072692338	1.26997162873019	-0.455445579284773	0.136223759673587	-0.323848868164786	-0.470043964292128	-1.1200058921691	0.75441423355695	0.872505827449999	1.20637875666029	0.715780433782182	0.208563850948542	1.23940689417198	0.31254549899283	-0.230175977017855	1.30476010238822	0.563649142456271	-0.789062251988321	-1.27082964733569	1.76892978319261	1.20602684653001	-0.937275570460184
"FZD3"	-0.401917713369292	0.958065892635721	-1.21663165397635	1.11781685397823	-1.10993766138108	-0.259778185641831	1.32621958367335	0.0901754360347709	-1.41233786416452	1.33937859113105	-0.0968181194387258	-1.12338354618817	-1.49170127498576	-0.0795231387691456	0.564533233904941	-1.04517045784283	-0.816802741186014	1.20026434335831	0.498406972505557	-0.987027625673435	1.1077302478217	-0.49232873169041	1.05805876836291	-0.068556935161922	0.434780700820968	1.26884247706517	1.17484907598536	-0.771891265873351	-0.162499714922382	-1.50038264082052	-1.16908908264806	-1.66672851718926	0.267891511114603	0.204805273608405	1.09100938286633	1.13920766267996	1.40582996356582	1.08252133357894	-0.372924901630435	-0.449292146506956	-1.24570899250105	-0.327956367136262	1.21081902930012	-0.0470535672219517	1.0805604771421	-0.787866612756745	0.628382732472336	1.1936577538738	-1.44952920422633	1.19017146720827	0.210559925018107	1.0145049591937	-1.07500606300213	-0.393893368417264	-0.739394324418096	1.08895756440209	1.20169096281849	0.564417419296553	-0.939498652132771	1.20509473758263	-0.341910425028047	1.15395584080953	1.17770208910506	-0.566827879259676	0.34985081793937	1.06572591786028	1.21326435702366	1.18673773698437	-0.918550033218451	-0.623891943005338	-0.313042717495598	-0.965820722013064	1.16493842878156	1.10518403682026	1.0639042024894
"GFRA2"	-0.142303431506829	-1.70705113587459	0.190184036684089	1.31211643453516	1.34843283204227	-0.932488250789104	-0.729885521560011	-0.799369698656335	1.24706135376401	-0.653142999098021	1.21234689338159	1.30543394445211	-1.62089283473752	0.55919814128198	-0.540721342571786	1.24723848842731	-2.159587652109	-0.797537191332451	1.38022910880812	-0.86168191495453	1.14033415639629	0.343643456615652	1.1088562554975	0.740733501921838	-0.18276084534534	1.10195656914996	-0.538315759535169	0.0455427698198178	1.12081298327274	0.303094043638829	0.518861333604214	-1.61561508946367	1.43096843117723	1.12437932344821	0.0952750499130247	1.21427206446317	-0.312571053659374	0.702442255216536	-0.241439260399264	0.232105371655279	0.855723862347453	0.140507316429202	1.20070756231964	-0.696354069703857	-0.665523131236142	0.43031617359966	0.392173545125832	0.339145971770148	0.342407152717724	1.2051138564958	1.11228181348693	0.483927564104975	-0.766201705670953	0.0122464571755401	0.229984238650163	0.386347333150387	0.501320183547081	1.10351744041514	1.17845882480848	1.16048062435628	-0.153034545840038	0.506423970770283	-0.988053802561423	-0.479979989099834	0.360965254410331	1.13528780048142	-0.0980978597812635	-0.348475188698791	0.713532100776862	-0.42694520186538	1.24967634194707	-0.176345274709215	1.14282046677836	0.159245336322695	-0.112002896918927
"AARSD1"	0.233256378550789	0.420053773323046	-0.714645108614249	1.36696463419491	1.32259973986773	-0.973287310687756	1.22973011558222	1.2612107148256	-1.65192884085954	-0.910734284065333	-0.184039764665333	0.721893681455709	-0.0695257245257907	-0.762347214200715	0.973944867788027	1.32808638882265	1.16422468811795	1.2609194966053	1.26908531575978	0.0939257664999131	1.35933806690628	0.170969011264286	-1.02241953040723	1.37433531544021	0.251880237168263	1.15938634866294	1.15020633840671	0.123941214756353	0.0965990786078731	-0.711302083654407	0.483236941457642	1.6926124295142	-1.55534144229998	-0.59234679556328	-0.979370217113302	-0.642359469555862	0.548036425935974	1.05699243527486	-1.75224399692491	1.03521870228854	-0.863013415904095	0.201751333967456	0.256317699162154	-1.14986731053415	-0.786097754834125	0.420291917882083	0.872262750595406	0.176411637498177	1.02970015345845	1.01803567973273	-0.730057118012789	0.175917175370295	-1.10437916939249	-0.147130743585465	0.13996145552905	0.662076660036127	0.00494716799614624	0.223387619491583	0.488668340858138	-0.251290346712173	0.937173438985979	1.02307687391147	0.682371360968144	-0.769695298938502	1.1388255924501	0.722914244019741	-0.105192892098366	1.3638198065851	-0.082022402437813	0.158082751358285	0.535951764341581	0.390056219716388	1.46394768100305	1.32375213461573	0.179279077988635
"ITFG1"	-0.159705310377834	-0.161839822466319	-0.157428633445238	0.184986049332696	-0.174179232934461	0.943992842282181	0.355585684306199	1.31109121086523	1.87237906389139	-0.902123583830759	-0.625172910586291	-0.935878264999293	-0.851764170671796	-0.988817156853416	-0.290140072822332	-0.84775017743014	1.57145669263828	0.0261657291531066	-0.149842657495931	-0.236336624874338	-0.678638772412686	1.13578433620002	-0.104254758147148	-0.714438249453596	0.0564290928619379	0.983656130736862	0.147941395110764	0.201655801143737	1.32376954208658	1.81417981560155	1.48550361809097	-3.53710346369049	-1.71013163558138	1.01329685049683	1.60033355308118	1.181058861439	1.28843757262345	1.68986553734852	-0.360460090853136	1.29088625372221	-0.803429402269334	0.748024183478337	1.38170586085056	-0.637598420518137	-0.82730239324419	0.820370391656319	-0.805985014544412	-0.716232143996232	-0.0613566247629538	0.090383253841531	0.148107824151129	0.672211933640929	0.716202712232325	0.130168914532099	-0.305698022799857	-0.531647669022511	1.23108806793879	0.928796753749373	0.160392241229005	1.01568627180309	0.361020338782926	-1.04765105940043	-0.737216708271129	1.57141063937491	1.45400138784524	0.124144947620348	-0.0983670474493238	-0.991574950966538	0.878917989135887	0.553668636531508	1.46998463800822	0.902856631798377	1.13766748290877	0.268199485848168	0.434050240128693
"LRPPRC"	0.226215566818182	0.475358633560087	1.31334952930156	0.0576600094017315	3.14710375390478	-0.192622698784222	0.50735474092385	-1.03608933153487	-0.37583377585308	0.855725507157984	0.607879433341679	1.4137874645169	0.93363538301499	0.452680752976559	-0.683206581312006	0.500557312322363	-0.000387110045127709	-0.132349432652504	-1.22592410662962	-0.474931006413832	-0.241723140329083	-0.115454083817354	0.0928861672355778	-0.813137203939057	-0.536929331367072	-1.14991759073327	0.718179969670407	-0.34400364035161	1.55614326430998	-1.06184462523608	1.09429723453402	-0.679476592741738	-0.154521241923427	1.02178905170827	0.842260525658133	0.236538049939093	-1.23414371127392	0.0447035395627135	-1.25516656548007	-0.908797603030583	0.441091240070272	-0.695974525410921	1.11123791302116	-0.599263023814071	0.460693754689995	-0.429141976012525	0.385581713473219	0.336270916403391	-0.189793306350115	1.54290697247762	0.89540251010279	2.33563811586891	-0.652462413846773	0.999365051641004	1.54999232174091	-0.700688362736326	-0.809003254622597	-0.619173466488412	-0.260267978095603	1.28098803752199	-0.450029699696561	0.359507828891009	0.884498732998768	-0.769829558317914	-0.12340939706965	0.0937619827726176	0.74597189625959	-0.437030987355881	-0.341822031772239	0.945087716611551	-0.136433371638193	0.404511231093752	3.05963333382122	0.794070083334407	-0.63492538351763
"DNAJC7"	1.17060016275584	0.191134562550509	-0.164097975546079	-1.97753931195295	-0.820511532410234	-0.853386294704699	1.81691434902886	1.13374921014609	-1.06311872296405	-1.28687818896223	-0.998460192763132	0.437458451712418	0.135807213243776	-0.726336541822102	-0.166326617084803	1.71662828020096	-1.7578700263882	0.676900320951707	-0.288676595073639	0.716232686783791	-1.25988430317515	-0.0391573880243799	0.644801308717318	-0.547491259821574	0.631040392685539	-0.421868246221229	-0.228149486046412	1.07194584049893	0.105336698065757	-1.31430058734138	0.682842321376377	-1.05448084443795	-1.54515764352615	-0.928571626112112	0.613879840338691	2.28111342983437	-1.30705357356284	-1.53574561596329	-0.526402511426979	-0.227394834182359	-0.436572919805806	-1.19687417584506	0.978936896085854	1.3621707513434	-1.20302687508979	0.80242005410256	-0.538326083970228	-0.759853543625531	0.457048775557549	0.931867329388478	-0.51744558451873	-0.441673753679224	-1.13155556747946	0.913565884547454	0.74793740978222	-0.54290495557979	1.6153794120441	1.16663819582126	1.50004918322175	-0.00954612627735746	-0.342653788823265	1.28561677147513	0.776961221963684	0.152298858165179	0.628917916510123	-0.178945100507821	1.88809608809259	-0.502972597872534	0.331269784881387	0.501306358765146	-0.241885926768642	0.505547396982225	-0.346973325914896	1.33628018346665	0.370302896442879
"ARL5B"	-0.597686395980306	-0.0395861590378901	-0.123477372505903	1.44310697898116	0.676317922026717	-1.18220710894863	1.65467257848462	0.154536046472855	-1.48981189449886	-1.2159411319858	-0.723592145211386	0.812832412794117	0.557989975609223	1.10812151390151	0.36986010656346	0.00181773720343143	0.163049668752252	1.41678525532077	-0.832543687151883	0.164232269042051	1.02764223493552	0.296300555566825	0.730319255189831	1.49453700291611	0.0984990249140867	0.288609845344273	0.999532659415975	0.313252622156512	-0.869402646353584	-1.7886101076717	0.260357927516358	0.346084483337372	1.48575389223557	-1.0595783397948	1.87272348482536	-0.771679824074556	-1.1132372261788	-1.755418356367	-1.87769105584319	-0.54845479646806	0.51048544931488	0.153250193328819	-0.139670435237399	1.4266906154084	0.118133324075135	0.46075225534947	0.836042140116725	1.85460023811556	-0.19858886226913	0.00700558506557316	-0.217310992835809	-0.618561489463489	1.87385315770625	-0.0243088311622655	-0.536928884254915	-0.741773763022935	1.32061945355269	-0.892956217467619	1.12833225421895	-0.395577299917413	0.478222421864272	-0.0974530779561176	0.838297038821016	-0.215814960030848	-0.812900018512641	0.85986494641316	1.30918262927885	0.162531075719268	0.055005367517276	-0.0218982120880176	0.617203423559731	0.305773154167401	-0.0228549523196775	0.684923633767514	0.545177628454759
"HNRNPC"	0.504354985528322	-1.63384222806611	-0.471787342068104	-0.616082849347321	-1.91618718186345	-1.74022470896222	-2.06764017393568	-2.01143635837411	0.210865792895766	0.468143118360563	-0.319482632808905	0.893366269592693	-1.9012263499219	-1.94387368389163	-1.85421216350252	0.117645018381366	-0.593877900900777	2.19834001507487	-0.226884384773882	-0.0957686927794265	0.295200926617065	1.04117060727087	0.778930656958287	-1.5227172172257	0.729430548417533	0.583379007346002	0.973101949950946	1.72912231948593	2.03905807601025	0.528287494752807	-0.742044627640349	0.432235037966707	1.06290049525157	0.832042117055063	0.596764404770606	0.068061497762568	1.2370522990783	0.146992550669807	0.727719664433773	-1.39292116226641	0.00706654987885472	0.458943724343602	0.184820783038276	0.784226138669541	0.967024950895987	0.451476760016845	0.86966523403243	0.073444414271214	0.325027781084392	0.244869945710039	1.09889623216125	0.247442010296495	0.479403137223167	0.667351596281483	0.764909737534869	-0.641466096796076	1.9220970297587	0.0600576560962939	-0.991886276569029	1.19074823235667	0.359683024003969	1.19495859554766	0.675856732294745	0.184133987189133	0.185611430665043	-0.847472375919704	0.979999685899941	-0.376758798492134	0.371694286250579	-0.493647062734024	-0.595296954440652	-0.106710299022475	1.96690094348187	-1.51529148788158	-1.16453089914202
"MED4"	-0.403647009758412	1.85809750147869	-0.128158891166928	0.306602141615163	-0.362756545160368	1.54620370615987	-1.19492542965573	-0.58323595004191	-0.712312567513828	-0.0288719274285584	-0.20446051713271	0.887281508852097	1.32895357785989	-0.382175946278792	0.989136545314222	-0.551987197418578	1.89587567305023	1.5957322963074	0.826520277325841	1.05986517247407	-1.05011353910842	-0.550488368434267	-0.72813654969419	0.850550056577634	0.937429061468399	0.971413026559236	-1.20402958756595	1.16854887010299	0.868294142918694	0.832580177259917	0.128820080364079	1.43918527227012	-1.29579465581306	1.07252680146962	0.0536695608978268	-1.03819339534314	1.47914919297494	0.555548918839699	-1.15419322783372	-1.22828059081692	1.09857265061964	0.946268797438185	0.813734472719008	0.0587897354931353	-1.07017748947464	0.0728539018196022	-0.65347482452888	-0.38061466413252	0.119557132390802	-1.08009834649055	1.40148075826191	1.13195383939519	-0.337724588378237	1.06056677114904	0.928079437254746	-0.493694788162995	0.846252529171216	1.06611682965334	-0.734594641248892	0.149838248284674	-0.234655414647506	-0.287957345067595	0.970813232688457	1.13910444057384	0.181722663654533	-0.605190317379638	0.918983094304324	-1.29723770533845	-0.103203564023052	0.974017508165624	1.6520951336758	0.922648912098571	-0.199709871876088	1.0746814793562	0.984388843335218
"CCDC117"	0.949273040527767	-0.935642311266496	-1.79144404094768	0.357854648923432	-1.86268915937465	-1.43619774135607	-0.149477602586162	-0.471183969389688	-3.25522380229546	-1.39912514405631	-1.55706145731613	-1.11596841580493	-1.47510536211094	-2.37427491772653	-1.38167683461251	-1.40140984498145	-0.986240778846734	0.447555572500989	-0.779631365789621	0.884227346322447	0.42957152900629	0.665606256916704	0.305080056548724	1.25350125555786	0.256517191207622	0.561170222992712	0.0676003118823383	0.921686037168762	0.794796663704463	-0.946215691602153	1.00023661228467	1.10608801242146	0.872786930982612	0.985967927584987	1.23960644705302	1.29371507912602	0.880228404674309	-1.25591021011335	1.04782093025522	1.25344629702818	0.741314431839843	0.69933107482872	0.485981247320961	-0.790710028258473	0.793501782807199	0.650768054127174	1.31268411899862	0.765251049032661	-0.699303495766148	0.570458684731646	0.639163541196684	0.859953531715807	0.912158692554251	0.973139513623843	1.10346707705775	0.831696575702292	-0.586848164474605	-0.682416854835079	-1.09109986453993	0.195004157743301	0.41438176976411	0.152514002445928	1.14050998081324	0.614827764098839	0.155629805887331	-1.24456940644381	0.988826205406765	0.170871493128833	1.38835291198971	0.928298869664465	0.595847079867319	-1.15405820977127	0.355480088083461	-0.915732543050169	-0.598467655115242
"EML5"	-0.0343924277889608	0.124127413356866	-0.485918464124114	1.53485337613568	1.38060702491067	-1.24157613512037	1.20755880362325	1.45723992717153	-0.732853941772253	1.28613279275654	1.12115456203475	-0.80646948427968	-0.795645629857372	-0.708256066426103	0.276636840350507	-0.947364912927259	-0.324230219611511	-0.55141350026195	-0.200378890511853	0.245397963403773	0.518620535724895	1.16152686684879	-0.863083483489203	0.674110689139504	-0.42110874807611	1.12122245111342	-0.922667075212624	0.112811749570749	1.12777075172275	1.53631365679816	1.17809410861638	-1.54633482185174	1.17655194392663	0.426364992381135	0.670670981731315	-0.00468352600250529	0.212428581943822	1.4151038111022	-1.44241446837414	-0.283544471123883	0.868715903181619	1.31838933281747	0.0778154215189623	1.20536230889019	-0.126239459101799	0.0272906991031032	0.363878134649477	1.35972618466067	-0.196228673557641	-0.0270023862631371	-0.353225071073049	1.13273325575057	-1.02888479896749	-1.14287153429119	-1.13080521743989	-0.163437157062989	-0.390849135767169	0.181010203574737	1.13150893660676	0.926590380670107	-0.879930841271432	-0.940799856450976	0.41667533855152	0.403521761669313	-0.0711717867421177	1.12164289926649	0.896543824590553	0.135987949850644	0.420843387597818	1.19352670793979	1.1674874950347	1.12337849363283	-0.161885432914769	1.09986596620465	0.617467852565225
"WTAP"	-2.2414566828078	-1.11465946836755	0.461071538888354	-0.664794529983116	0.094603611962354	0.574474920749618	0.150370873447135	-0.22909356205828	-2.01153001554768	-0.511841254262911	-0.76400114951674	-0.695438003113442	0.00901969195570997	0.219186798340528	0.107902596891735	0.754006012848862	0.762008661940068	0.821806172325781	-0.551778164653628	-0.554968161397613	-1.11412884275422	0.515013947445615	-0.281603944204202	1.29587458751197	1.23199135843929	1.49666640948778	-2.062532219519	-0.733050592440207	1.73700043820009	1.30160343814858	-1.29971903294062	1.61692313242592	-0.609749546747091	0.748853515890236	-0.971098773726815	0.204708167624257	1.02411253357005	2.02230683658183	-0.0801990876265166	-0.578102447839893	1.43334236004462	-0.51934420121605	-0.146900822147422	0.736996026924447	-0.395023318286552	0.921209473301311	-0.792119461855252	-0.487417750382711	1.81421603078231	1.00849066166631	-0.429180803541216	-0.305063957113637	1.20331451101839	1.12306997218551	0.329468615435859	1.1620185205392	0.91762936338924	0.961975707651317	0.76851009329608	-0.995357547708997	1.39764564802529	1.06487640982324	1.30834531747275	0.0780788114092082	-1.35546406150713	-0.30666915579963	1.028122368312	-1.62054421576934	-1.37673760698668	1.76111804816715	1.32290368471889	-0.739532211060877	1.25464238302294	-0.459155801449602	-0.863456260064135
"ERCC6L2"	1.33173263187657	0.214891588030773	0.0290723769987272	-0.456418487679249	0.285705792060591	-0.189735933049394	-0.644720646498039	-0.324412690804599	-0.889252365558276	0.645004264734859	0.222454638343105	-0.342162988576044	-0.326638966857816	-1.92383887357398	-1.87210968415959	-0.330295762346631	-0.608829144497582	-1.59984021416411	0.311415863647376	-0.47465197007795	-0.283679013971662	-0.322591896827008	0.848054428243264	0.83688459053303	-0.0245040277648305	0.154619892082731	1.23933397150246	-0.0440894429593833	-0.391164740161605	-0.942574511095726	-1.02478169389856	0.198464137489328	1.41527335994672	0.866181013107776	-1.53380149791294	-1.46613512438698	2.19546548916358	-0.11587497082448	0.484462200305671	-0.166616473575805	0.585071993345858	0.00562894842865609	-0.610968509604946	0.513839963034466	-0.27817254668247	0.649983540930005	-0.526671842813214	0.683192980846913	0.760920530607951	0.878416513803196	1.76942851390751	-0.696737090559166	-1.46884804630639	0.0641777687125939	1.06784694552144	0.949932366426437	-0.853331038833682	1.74946007970721	0.607387387665331	0.758427895353226	-1.1329523140475	-0.448922849823675	0.633111795274369	0.72669327034369	-1.11784242040962	1.88676840822281	-0.971127506404248	1.02149896839579	0.167872560895287	-0.91515567117471	1.02878934253568	-0.793666759436448	1.50098399319702	1.54352692273147	0.191296517747454
"ANAPC5"	-1.19106819667145	-0.914568815313777	0.667204467153075	-0.0672585040389959	-1.19227677801131	-0.359695348599274	0.0907141154117485	-0.484463861600366	0.952317468859573	-0.783463965404447	-0.472652779849028	-1.31021768065294	1.13339295304045	-0.477744556606156	-0.0470939244479304	-0.704036208061721	0.915825841090719	-0.137083534222862	1.36170329000154	-0.991600117899949	-1.3400576146852	-1.49702259815648	-0.446478208875977	-0.725129388192783	0.592774673025507	-0.0377254574481925	-0.405548214243524	-0.441754021500664	1.33229986612458	-1.30207532703757	-1.29376881122922	-1.09115424205271	-0.318204962141764	1.68980286670471	0.370087756092907	-1.09155634323505	-1.01851539305675	-0.609049966513136	-1.15106894624169	-1.08454095422784	-0.51094253831506	0.942206684441983	0.570987128977437	0.262781195015491	-1.36053212448319	0.574513450664575	1.599137787706	-0.561362339165354	0.0211697279616451	-0.768339113210964	0.705950869866717	-0.900393544278812	-1.66034306857104	-0.924988384154725	0.707394933706776	-1.29559534919831	0.226065827248887	-0.35255716263312	1.09885773651492	0.145347951790772	0.339283360982154	2.73952662745116	2.24468019186477	-0.463575253490526	0.752584701695337	0.195094409724524	-0.103470680874908	-1.14381449131991	1.1536427594356	-0.17840883373332	2.46825971478512	1.35190539114224	0.599388552188329	-0.661859100952638	1.00917583567446
"ZNF37A"	1.05327068465138	1.81664395849623	-0.816152070226192	-1.36737189144273	0.847491397808854	0.815895774670519	-2.15029987847826	1.66064028815748	-1.76989822107601	-1.59395956748435	-1.76758766248746	-0.69713426651482	-1.41494967022252	0.60666907089839	0.142358042851968	-1.25963938448114	0.241925787488599	1.83589152412514	-1.72998164343914	0.237702801849184	-0.512592121540191	-0.808222859912521	0.517827920103627	-0.394566003796069	-0.922712990488136	0.558263641361203	0.413603692029551	0.391194416556621	-0.819836409557762	0.5274019088463	-1.54307640700629	0.984210298381718	1.05580584754783	-0.272285342487317	-2.48021039379564	0.826937799480069	-0.343915071156712	-0.713735606836331	2.23698371110217	-0.0214622767008422	-2.38100596054435	-0.239796342390694	0.361656873546046	1.51917756701073	0.709328755368119	0.57726725168808	-0.361817623645137	1.1889644441918	0.642000851977358	-0.224719752616813	-1.17642247679099	-0.176318545451778	-0.776715709009665	1.5662948355435	-0.394915804678701	1.59924467158058	-1.83133031218178	1.80307060004235	0.655209988827895	1.09939370662331	1.40313953642205	-1.01829231058624	0.288325888789154	0.5022667898009	1.10898385582394	-0.113810586434447	0.082772758034186	1.29704506958015	0.992091941276557	0.0861047806224991	0.136247644290575	-0.0978862045089907	-0.580577684435417	-1.63498527359468	-0.00233544575674555
"PIEZO1"	0.975005037733831	-0.701695942501246	0.786262116077665	-1.01755564711335	-0.182739771390208	-1.82441512406428	-0.202688250197689	0.702799236811769	-0.293875429201557	-0.932979786354337	1.21489794360369	1.20909585332372	-0.662195731440726	-0.228365330766797	0.229217307612052	1.36272841904844	-1.03141815440769	-0.903132051533234	-0.810461908657084	0.513268686388042	-0.326246684213538	-1.0723653271262	-0.938724613967021	1.8732651438512	-0.796951852267362	1.2641412278163	-0.114132627117219	0.70459437277746	-1.6448364307666	0.267068073265831	2.28879422732619	1.07469088439975	-0.280180410528296	-0.232944773448945	-1.15731314061495	-0.194658816510393	-1.67929925538554	0.880174526758312	0.845462759283023	-0.0554737261934044	0.623300674395567	2.17612304195985	0.243583606487558	0.0174078761386173	-0.707103790391027	1.12261562154022	1.10939864028301	1.52719877800156	-0.678662258607865	-0.131467744931926	-0.0270820984182652	2.67925340175074	-0.404776114841042	-1.13096398792581	-0.190751057883959	-0.664346589685593	0.0771593649609265	0.0587359477019487	-0.806513057162643	0.849356549962309	1.28312464716671	-0.206142451623468	-1.08871587702924	2.1222148904183	-0.999903045615981	-0.116819066997315	-0.133332750079821	0.652579724120742	0.0591782016641264	1.005025003535	-0.0329096242515361	0.532357083364181	0.502543531285485	-0.0262331871451939	0.240473455790248
"NUMB"	-0.485287050032546	0.698117860162405	-0.318867642633837	0.276419348567916	1.72614573109193	-0.0216212333681388	-1.12842661813314	1.38329477926419	-0.61482807413464	1.50391242427745	-1.19271028517451	0.4077819622321	-0.469151634281768	-0.406023738589835	-1.19003837901521	-0.975293366278333	1.93736617947769	-0.0779038821437238	0.961376232659295	-0.41480782110866	1.14308175894066	0.662102518692941	1.0630652045784	-0.229817595650432	1.26949044095258	-0.838637850573745	1.06710498221058	-0.575838584884395	-0.497014214820665	1.62307926576497	-0.970975443683428	-2.10922918221092	2.06635606155044	-1.51988343077504	-0.593869854764357	1.38304252890813	1.52430239267895	-0.375483814087339	1.442501306269	-0.490682641699129	-0.476165315707008	-1.00172853706463	-0.178621176159742	-1.21154935705414	1.16859744446136	-0.612276861450898	1.17406790503339	0.16387019664468	1.07145930814877	-1.29927945170941	0.0499557254265998	1.26557530287822	-0.293232384859551	1.18460845650333	1.14060530799399	-0.885580747760234	0.360806673344211	-0.20538765793157	0.35838388872108	1.1345824128582	-0.0640260488615997	1.16741768793296	1.18466309006342	1.84654782533142	0.251382490865713	-0.250025960472748	-0.624731427667562	1.04495946476255	-0.739799443685955	-0.8041760870389	1.74607347175807	0.501604301240998	1.65180128945163	-0.899665339929945	-0.613427952474381
"CDV3"	0.887366731792738	0.0644831021272217	-0.625844177719314	-0.931244082213921	0.00514673956773202	-1.03809600953309	-0.628126842159508	-0.609141821583608	0.167146022144619	-1.21066058253773	-0.499016462494777	-0.994120047404689	-1.2838701341466	-0.442499794954467	0.315398596864209	0.0596800133099666	0.909570366307314	-0.508160870403188	0.802711651650259	0.651212905610868	0.382703466429739	0.295126578427278	0.420888464950318	-0.119715536131896	-0.339540957151619	0.0944316275081851	-0.453229003919743	0.0833985152392814	0.241089971536002	-0.889389879174458	0.63683533246762	-0.215819199596244	1.07944135417291	-0.605961365533716	0.148927995005354	0.96044805705517	-2.12285035864473	-0.93039854645122	-0.155580833465543	-0.0776754098661078	-0.345642676686083	0.0206288059081167	0.818559403193782	-1.65130598154413	0.527641044639499	-0.187602610712321	0.578375821792052	-0.0406409128137241	0.547464753642606	0.138727758747458	0.191887745539752	0.493611425673532	0.915904772599225	0.740326589790532	0.377557043427565	-0.00308279594635767	0.431020523172435	0.193522904040116	0.499947396062836	0.0462397694271262	0.665410328851122	-0.163296659705904	0.461314037542383	0.236407637388764	0.41275794810739	0.217889232428997	-0.158152417708519	1.17531463996632	-0.129834133696606	0.738554052354376	0.170799798955898	0.25030050203975	0.395316433794018	-0.898243501039491	0.275385031710834
"EIF1AY"	-1.65490204966861	0.961136028998623	0.737937625168243	0.402374746341284	0.991889565257802	1.05374349090532	0.987581429910433	1.01128878638096	1.02182854588973	0.949360104854684	0.978487094632421	1.04207004375188	0.40693031747184	-0.0886755699207004	0.864733573405667	0.83660093860839	-1.65490204966861	0.501725950040625	1.0540896756242	0.980531677535466	-1.65490204966861	-1.65490204966861	-1.59348725738664	0.950755255474831	-0.595695133290227	-1.65490204966861	0.851480721589953	-0.530011605941595	0.980246121199365	0.701624524126926	0.767713915912783	0.198770316008958	1.05747077684096	-1.65265117727159	-1.65490204966861	1.0030152412484	0.630270824927689	0.519931323640073	-1.14041740988299	-1.64703778549301	-1.16151132172458	0.939880578196769	0.642510549173875	0.0533600773664242	0.775540860222912	0.136529631353105	0.546865502350962	0.238009077424883	0.300336236919998	-0.870568798762266	0.969980299475783	0.918207124682386	-1.65490204966861	0.979421118782229	0.0718536587956981	0.589128974124338	0.969611777786029	0.141869220484016	-1.65490204966861	-1.65287426812197	0.0974549754590363	0.643877247095918	0.334184667305595	0.693089178500014	-0.477907138943893	0.780460797216149	0.892346467672444	0.780664128219107	-0.00905693201237399	0.540457390012491	1.00145407685397	0.866043883937879	0.361744947265418	-0.790618094560624	0.00313509608560383
"GLRX"	0.170106367073861	1.08567250954535	1.14077063246201	1.13850294848344	-1.33393971415585	0.937592191510886	0.932151211005862	-1.20602657410358	0.918375395430405	1.10634004654562	0.968322419211831	1.33585256445305	-2.34195085079226	0.576803629504084	0.976692674739163	1.00043365817555	0.757691050504167	-0.784145501994259	0.822820170190675	-1.2430104027305	-1.01711070216338	1.32535925870534	1.12611643237902	0.246248025463832	0.867935882036793	0.421811173543307	0.13868947940818	-1.43558738106484	0.276530440115002	-1.2687674526523	0.799408189480552	-1.33278835709512	-1.1555846451851	-1.76454576178804	1.20737855306334	0.539732425352887	0.923381606843387	1.12390608320255	-1.34222000248156	0.0356767469143004	0.0901243386264262	0.932994224445392	-1.34347594548986	0.891006398587735	0.140902946134795	1.18757869159081	-0.893767908459243	-0.0729223974260559	-1.6357588880957	0.140727008384591	0.0702037761996188	0.924965677402172	0.610582657444304	-0.504538331889138	0.901570078466299	-1.02411039283064	1.07310041361242	0.365345177736688	0.520229070834125	0.912794281040157	0.651968000684394	-1.60722063527233	0.577126162178082	0.93019048435863	-0.751233541251901	1.03503302729177	-0.0197969179832761	0.192614530924301	0.544142150263639	0.00697524520132401	1.07383730362637	1.32776095442401	0.774057559217024	1.08213492187221	-0.963696778555869
"N4BP2L2"	2.24127789339858	-0.911836251169967	-1.01066559525633	0.443378944450497	-1.01033807425334	-1.01298770501048	1.72663648836748	0.424004625225307	-1.01944810364138	-1.35911741008097	-1.57170301742843	-0.607870478010925	-0.121558134968507	-0.998412213712374	-0.177682865299668	-1.88269413262758	-0.149421666138083	1.08837405660051	0.165942723469508	-0.688397339543975	-0.0765510313675514	1.16844602020513	-0.875115629481657	0.283277582232564	1.0981157637385	1.92370782140665	1.12670542874325	-1.64639381383461	0.14441476238083	-1.1821672886755	-0.226530982465073	0.224133328743908	-0.899868455114682	-0.335425877975671	-0.436189029513496	0.640453652003071	0.181064426009124	-0.551890528002687	1.11678069879209	-0.697232984826347	0.211333724588202	-0.279157229892173	1.23811495413245	1.22058143078768	1.12130414134671	-0.656773471525036	0.357753839496193	2.05922561174049	1.48416632706685	2.04224515108035	0.670114352959595	-0.81272562738845	-0.23377770584559	0.909121478310433	-2.33270721934309	1.6611284012069	0.221574645313757	-1.42550950748692	1.3184186223277	0.0969614951350191	-0.366386712814107	-2.23134940669697	0.834612993975093	0.378395955902593	0.0599837159730958	0.333963603092473	2.02286660354264	-0.592295824613607	0.63071551665329	0.939290883837226	0.543542984779302	-2.51416070978247	-0.578284454864478	-0.248294214414741	0.0845005483122803
"BNIP2"	-1.4372019498847	0.0181265798397856	3.38541729044565	0.235252352744831	-0.985948339320395	-0.0715903990374739	0.329433719994696	-1.28616021050135	0.361455892015007	-0.302291538175738	0.069340724334241	0.489489503053611	-0.960183733739571	0.864685431360286	-0.144450670233094	0.235243550896773	1.10763482530755	0.322544925976997	-0.153949470102792	0.0609973465839789	0.399448442635444	-0.132103360262568	-0.115212140336634	0.291314597276117	-1.06080969305216	0.703120089100513	0.542210120451093	-1.89785753703473	0.662916249498627	-1.5282302575262	0.0964603124864672	-1.21118527691154	-2.11566622399761	-1.0165614058557	-0.385721821616226	0.768268735905252	-0.438601728302094	0.765174861410316	0.336875727137499	0.626196749257694	-1.24596867055565	-0.00467512467277368	0.5629672963191	0.0473423068090437	-1.61235806317799	0.87742285469621	-0.481768496958793	0.237457388972517	-1.1788760322263	-0.0713724600941226	0.479476452493531	-0.323511272745606	1.07048323873078	-0.565481157902595	1.49217920211237	-0.337261118635297	0.40458435071649	0.528165619224823	0.04224772215667	0.0916130582479139	1.75272539623787	1.26901541793758	-1.86557671520132	0.243308597011723	-1.67480633413897	0.496371386834263	0.401028751389813	0.209966105695751	0.420417910086993	0.70840874678055	0.589081398222407	0.957539134854755	1.31303764760821	0.789453640340595	0.96995539099325
"ZNF275"	0.837270116550862	-1.17526331189098	-0.890897584574739	-0.691397411255555	0.78899648030751	-0.489162778745499	0.255420942380312	-0.686729457161924	-0.491840948783135	0.756691037512056	-0.0848698800797572	-0.685882115590482	-1.04565250781223	0.8041641483234	1.17063488935239	1.57407824491644	-0.789892742873246	-0.827957318403163	0.822397948027502	1.44344986237135	-0.960663587805542	1.39783675092406	1.34679815701169	1.4215595406149	0.367142297759449	0.42979015401201	-0.213983839862771	1.25833610796161	2.33134720612996	-1.65094800105723	-0.736167152632039	-1.43144740287685	2.29717720186063	1.15559898974428	-0.305284907359182	-0.683994880256485	-0.959326365075986	2.51014237772544	-0.850923285295933	-0.0309299557008798	-0.638320768191939	-0.624568391851351	0.750252474675979	-1.03483060189156	-0.77610137607666	1.07008958321699	-0.810196507232764	-0.0611094648750621	0.853242880449256	1.32713923981546	0.323930584851603	0.237595560827386	-0.88251552520388	0.748710118348559	1.22162030077818	0.322592107708258	1.06102469573459	-0.762873086458707	-1.12126541884773	-0.525334763386291	0.927531117556424	0.940645044855498	-0.106458322247865	-0.899077874118928	1.25526908209941	2.5160543151778	0.364585132735964	-1.403846622386	0.857326771052796	-0.361284660702552	-0.491231991872296	-0.511650415186221	2.10101629058761	0.100227844091472	1.05653680769346
"KATNAL1"	-0.317661001623803	-0.343769886080122	-1.24311187205231	-0.762732554280625	-0.46590233590308	1.20052460990133	0.901895235560488	-1.07915545736262	1.36957406727543	-1.13120778182035	1.23660351252784	1.29068817822242	-1.35771903844015	-1.29381754425503	-1.1061050827255	-0.0567862542183532	1.44183693765904	-1.18213154745531	0.179999410976202	-0.301161849348418	-0.350562695060734	-0.375167309555551	0.900954632936483	1.14013250486629	1.17520204595093	-1.21157226592497	0.152663575934445	-0.457595506961369	-0.80019501000131	-1.11693720684271	1.89778607667549	1.96542273415084	2.9508817805055	1.22531494013005	1.34856859206612	-0.970179377985045	-1.21111137348018	1.1448485733639	0.292373534641737	1.05968999579186	-1.24282307250695	1.28077519505846	1.12278370248091	-0.62588831365857	0.184115290138795	2.51980646600441	-1.22056966496111	0.902437563153054	0.364833526871781	1.31811517222259	-0.509390166924267	1.23159706550269	-0.967611455490729	-0.0364526996328733	0.15648884565133	0.136890399757215	0.283036010854188	-0.303652824643235	-1.15803974210136	-0.466783382723147	-0.604391484669594	0.313887401125085	1.37525001866006	1.75471995708684	-1.46004060211319	-0.0240696381430231	-1.20601394233726	-0.394805587108745	0.960374476042137	-0.36524577546488	-0.735015012152419	0.843222416190438	0.925897505048033	1.04445916239191	0.747217950463509
"KIF20B"	0.992764934258248	-1.58130875256664	0.492253408277558	-1.26848740453471	-0.031196051141547	0.0062462535821612	0.18199241507656	-0.875415960559447	1.3257426139093	-1.59432423836277	1.41684761578522	-0.345419456666628	-2.49723952348273	0.265557476652556	-0.567304689974068	0.636107114994615	-0.278480884265362	-0.603061149113751	0.780891850926255	-0.0673273612144464	0.531088879628127	0.250676162444678	0.936915620176585	-0.283052865765659	-0.0569668326844746	1.98100264300659	1.62884396595412	1.15032099077873	0.168005689505862	0.0513521773001628	1.0085896191543	-3.18663858669892	-0.469729618340784	-0.979282272927423	0.59826459836697	1.03086400445244	0.892439767346312	1.79171158121736	-1.18983038554477	2.10279322370541	0.338400138741257	0.496548282547369	0.102507207494875	0.339692874921377	0.863668216271351	0.995582412265119	-0.697781248697035	0.247141431981665	0.27181604416358	1.11913039346674	-0.335679184218325	-1.21154856321723	0.0788554318652549	-0.0380644527570531	1.52877737715058	1.9423146854385	0.368839552002133	-0.0756835720545994	0.33163637973255	0.238587132059564	1.23608197562483	1.08907503746045	-0.311487822412636	0.367279563777214	-0.977012901769716	-1.65208113062097	0.162307137605194	0.00363579490436021	0.362743059468036	0.00599011614994614	0.81448265570951	-0.478148218868503	0.0558691644522532	-0.906261980117992	1.04379628202694
"PREB"	0.600191849647731	-1.38911115423901	-0.14077843892922	1.18109793849289	0.573930653341053	0.105476339790348	-1.1135259366983	-0.560115297255344	-0.382182269979208	0.0805067765414728	1.24486630975997	-0.531231945942015	-0.667544250217921	0.920085174976537	-2.06885735973177	0.88354957734605	-0.444646780738004	-0.7198068543612	1.1766849156494	-0.904319115602757	1.33350998240316	1.07374386835152	1.06859296727634	1.04522285909849	1.22610918094377	0.16442535362671	-0.0152905396278898	-0.191779734277573	0.353768861559561	1.39002312359904	-0.711570449506938	-1.71969207030486	1.2201487737199	-0.363698513609766	-1.03212062964113	-1.24753246343651	0.453758975567546	0.682999727229238	1.35480162916165	0.0177253622511788	1.02705262656768	-0.859464915650512	-0.388992155448631	-0.219872868499177	1.0961460331403	-0.589888334666353	1.11249132592492	1.3014213811406	1.2103543935494	0.971176683470276	-0.44168660570423	0.445986057123071	-0.316497368060677	-1.35160056126301	1.08708150496665	1.16090951899886	0.683039295950314	0.0820577109097012	-0.129660665576048	1.12126591337438	-0.371682624391266	-0.848321092352943	-0.80112798580319	-0.87544984134096	-0.111702131660972	1.18658248351086	0.922847734328166	-0.00254574142824071	-0.223346295287655	-0.769625970044576	1.30703116200392	-0.0567595954217624	1.12175324759064	0.183582506329356	0.383350093268701
"CCDC191"	-0.00234160613960593	1.0088422742975	-1.25831671072856	-2.07687214337536	1.0356135809296	0.577659482567833	1.22323107030043	-0.606954288863566	-1.18247650874047	1.04955712189081	0.98822285962584	-1.87170903287869	1.1787336737312	-0.533112846489984	-0.0775465244658345	-1.77355657803106	0.921111841782473	0.976898816116127	1.25271917345482	0.378821245325707	-0.609575385291562	-0.407259482412811	1.15989873814218	-1.36603281756314	0.979207590879785	0.443251541506154	1.01150680390266	0.224113947792422	0.511208038842376	1.28621934473272	-1.50562198871431	1.59425714247092	0.977549714424074	0.0601413077704115	-0.406001739220301	0.52926539509125	-0.596207977068423	1.07961445157855	-1.29846458699378	0.830018885630919	1.05325220455905	-0.738691209006556	1.22366041489878	-1.11604680697566	0.813049264218814	-0.392471808359343	-0.951363267208438	-0.583811720525838	0.944839444791112	1.04500861191091	-0.321250027164055	0.163036215139953	-0.973728882201729	-0.138873838734507	-0.888864529501232	0.838508980147165	1.12652225344937	1.0914493982047	0.521987087697134	0.386703872465313	-0.0855271387223807	-0.851512639799217	1.02021126773616	1.23159837595957	-0.640385700442471	-0.00604491000702308	0.651314635422374	1.17184138706577	0.920654415354901	-0.96615177795673	0.538948536471558	0.13649145674463	1.05816229345399	1.18855481093293	-0.941816329848176
"UBQLN4"	-0.384336862052672	0.158175850425616	-0.964787807333703	-1.44437762489671	-0.339990938421248	-1.29770564345761	-1.20442222344989	-0.10616366289966	1.22832822197304	-0.638349265636761	-0.790272596265364	1.38675720234972	-0.993678864905438	1.65508552416178	1.42721295732386	-0.967180975835517	-1.41623544186683	-0.850806403002886	1.21150356946673	-0.727836089792446	-0.465910284692991	-0.699140749610765	-0.122671541365993	1.3077131098611	-0.269603999826416	-0.778363901254753	-0.0480721432305849	-0.763964192598329	-0.930245643714287	1.37034013102438	1.48945468480919	2.21140645965649	1.39197974265784	-0.350910900139297	1.35034703766534	-0.573440261339893	-0.92323682439173	1.44259387522168	0.577046343667614	-0.264391722128224	1.60177717502045	1.25725515306818	-0.212618659632692	1.34214663171484	1.3958581671443	-1.23893529053572	-0.0961964728555917	1.29390182704559	-0.393436364582172	1.36641730628259	1.31787273283534	-0.0392478100750743	0.586796886084071	-0.762009578284296	-0.101613891379426	-0.328495943597139	-1.25035775377639	0.324215142469075	1.17738914943042	-0.234546702203531	0.366244332160349	-0.0041007277979651	1.45042259846438	-0.251149396654575	0.258960494485159	0.325116446522783	-0.326810181705149	-0.578960276408588	-0.483799600155351	-0.808632155480835	1.49613045034102	-0.707091163812732	-0.856038323467631	1.24963891063585	-0.640767932463967
"TRAM1"	0.215345529452692	-0.273922689822144	0.282273027878669	-0.0177704927397085	-1.10170759334392	-0.690267928147993	-1.14980983991486	1.27983000631799	-0.64404612910353	1.35508878341969	1.14844680983386	1.30999529631101	-1.12608321576423	-0.793325915570525	-1.21544898619407	-1.04420129417657	1.38722458816596	1.40485145504406	-0.0963085662429697	-0.409967349043807	-0.973019450881324	-0.360776088759015	0.0943833624551343	1.35665369556108	-1.27689589037548	0.0938450788907375	-0.149765328447075	-0.114994864100994	1.40711105204558	-0.524698373299309	-1.10038021674427	-0.304624837388922	2.31900837269163	1.26047211563699	0.506637780388067	-0.858774370598362	1.45654983953378	1.40747234974051	1.39254484036902	-0.371054885385729	-0.941943800416864	-0.104956845981937	0.331203773731339	1.33005561895797	-1.40524597048284	1.40350028468147	0.198800329091208	-0.0943534385659095	-0.639853793589885	-0.388070081469125	1.24798809985318	0.18055651301177	0.372405244962487	-0.15651611397357	-0.279183608270707	-0.201535235702554	1.23656155953795	-0.106764114348778	-0.268740368590089	0.385649858113125	-0.205048773137452	-0.434836542102751	-0.993488627669187	1.47125140745795	1.35635336570064	1.45553124400656	1.63976822422441	-1.46505578298061	-0.816112592753237	1.62551258267861	0.193808820105337	-0.146684849511197	-0.306545553358032	-0.0675806000875635	-0.455489430812767
"CEP89"	-1.21550377846633	-0.281522642814292	-1.40243358863277	-0.506744366283949	1.1809114861576	-0.837515617152269	-1.23756341368144	1.74606688452373	-1.05778287597765	1.35853188965404	1.09976637311671	-0.538928895107362	1.99312179591832	-0.589252049864315	-0.120479625311623	-0.33933511126014	1.71020965075283	0.98723240327526	1.66201862049868	-2.27188498648488	0.642060980446018	-2.27138402861093	-0.189588670654622	-1.15768367350319	1.3227659186341	-0.645693990616447	1.19095660618462	-0.609445478429156	-0.0342495492719202	-0.648171242583533	-1.02496759626988	1.98820750014934	-0.494667208756477	0.316040152923939	1.12008149241742	0.856407491961754	-0.684155711755151	-0.257461277093302	-0.519295496021338	1.192019424483	-0.720802698208401	1.2097210968056	-0.326903071657572	-0.906697833081217	0.422504308775726	-0.877444708555859	1.94900570561805	1.15359714765618	1.28890041149005	0.00457621136873719	-0.830786818062213	-0.640026784231172	-1.65177978905293	-0.517976345476555	-0.210727140523326	1.0502425150068	-0.662653932485684	1.3916604561004	1.1106893722686	-0.735870046954118	-0.926508068745431	1.04588038794302	1.20420192974431	-1.07945066406224	-1.55405384052434	0.0958687734659971	-0.378746750612916	-0.254857245283076	1.29432024736532	0.944088946274169	1.0950514779489	1.13627035126466	1.20434278816132	0.930173674934918	-1.0961584858805
"CSNK1D"	1.47307858824096	-0.803069502887351	-0.393071988618991	-1.08298474969707	-0.61567938900328	-0.806432298890959	-0.846908104127619	-1.98285691611934	1.53397382448517	1.68741694926949	-1.24187681942191	-0.704391918383599	1.46671379984431	-0.378252462778096	-0.799716548323421	1.24309327122843	-0.624567423622943	-0.311541440014884	-0.105362637308788	1.5973940658608	1.53419607593554	1.6159811282019	1.80189788503769	-0.49846976845523	1.49415902992008	-0.264762325296792	1.4317986048051	-0.580252827149938	-0.645107509800757	-0.931581700754149	-0.567603349915118	1.42238570472566	2.45586123056242	-0.758617503029086	-0.0351513150264153	-0.498431367479307	-0.716083458166637	-0.816162984014452	-0.0826211449572421	0.130360209351388	1.64031245930345	-0.987301037254348	-0.727439658435457	-0.650231459072857	1.58897273798634	-0.838695218182961	1.47397109547396	-0.2080330732967	1.4825948363472	1.56396670598187	-0.585180207283811	-0.0796062780893574	-0.411470658890575	1.43959239546175	-0.653374507334129	1.72082046502643	-1.29014996895417	-0.439751193459449	1.56939971830833	-0.668202801571732	1.23034811381986	1.33103231391719	-0.184490675686213	1.45618120391487	-0.916498648687478	-0.238929007669018	1.4766996117138	1.79195945819557	-0.997492214750482	-0.658323388068335	-0.530211223487013	1.71712266044843	0.143276722430513	-1.41967262729989	-1.62259931761967
"RPS6KB1"	0.390246677766904	1.30174741711941	-0.766265295433417	-0.168412962469212	-0.283745856817578	-1.69873300380764	0.39628604900167	-1.24450748062975	1.07050456243948	1.24594759651473	-1.25099235795732	1.27044968777015	-1.72008138299933	-0.663556003168141	1.41108754364057	0.997900754911705	0.89235964555296	0.629034800237712	-0.102960937046895	0.850657531947803	-0.819049437939108	1.01062042238164	-1.19542295095019	0.113404974621578	1.04311584740263	1.45964238312303	0.641717878879862	-0.0735943505004864	0.796771610336468	1.20629597385898	0.840264416663702	-1.76489820545724	-1.35705429893261	0.387780653166166	-0.494517223037552	-0.677540436529361	0.985836545535862	1.13866144632099	-1.56778420046958	0.716304751000847	-0.0901839890713784	0.549597521997844	-1.29808287479587	-0.20349567074979	-0.729426580664777	-0.829080106996407	-0.889901645601021	-1.54294034423047	0.310587439561011	1.25180310919037	-0.708661490881994	0.831114754572868	-1.33067711049735	0.699335741900511	0.983599004560478	0.866790703434009	-1.00645178816178	1.22662359044839	1.17490817228541	-1.30716912095321	0.479948334566621	0.470341912700266	1.2275993907795	1.07830228601991	0.603928473248079	0.182861532605765	0.399812726087067	-0.441335877151018	0.481695889372393	1.00534436513444	-0.140024080320593	1.12982593864268	0.581893606796802	1.41897860972167	-0.712647085028582
"TEF"	-0.308311043889672	-1.12438232070975	1.38274232157476	1.36926943987892	-1.01907629080074	1.50280800672302	1.35036758388223	-0.739934652905558	-0.523759657117123	0.032340809305217	-1.05597921546364	-0.0580011921236636	-1.08694886310779	-0.978335169847134	1.38740953687656	-1.15671137252082	-0.898941883343528	1.42835175006907	-0.253543258306421	-0.419304272841154	0.540292041491335	-0.327416851089002	-0.946067357954945	-0.906230491803534	0.103579296097412	1.41729922460309	-0.577092736294169	1.42034192146845	-0.473294622424625	1.42410351362337	-1.00682281712406	-1.32988707101261	2.04630680584942	0.0136366352382607	0.250375054776058	-0.153779681352773	-0.920644838088931	0.301227036651462	1.64135448872415	0.610790543098991	-0.308171591946232	1.41469093405337	1.4508787131872	-1.07570864595405	-0.811019815171666	1.37902424805277	1.39059588623842	-0.336249149154534	1.38459555560409	-1.08900376594559	-0.906217826701117	-0.453358393037294	-1.05945796431328	1.35257556014243	-1.04712338607111	0.265431126643421	-0.215319508321473	0.407580816300486	-0.305973684447464	-0.265761074700598	-0.823792276614671	0.195959728189262	-0.989323631183311	1.40411274414914	-0.148294182501056	-0.0489454934819281	0.299691433393079	1.39401668406121	0.0664267423441714	1.35476778305398	0.147568014001691	-0.485617896711671	-0.584654473103864	0.239410216374309	1.39771149110125
"NARS"	0.442161764875749	0.640514439015163	1.18764403787697	1.93968075799982	-0.290259429102888	-0.0526883452008332	0.478879458001081	-0.278487538929643	1.09127739485417	-0.467006728719209	-1.43221661774607	-2.35803618025629	0.81746893176266	-0.759004718447258	-0.746655593693657	0.322300348370345	-0.133898658855497	1.11449173887064	-0.382707843290834	0.390521942498234	1.78756216064231	-0.446154589499305	-0.450609075347251	1.49514189043013	0.697942440226132	0.749097886157012	-0.691004107197404	0.0766385154292858	-0.6496835381869	-0.18414749107145	0.345749506521279	-1.31769221291797	-0.959304975100636	-0.652448382151935	1.27801270390915	0.501525092035465	-1.43984560683687	-0.0381604015034612	-1.42699293761546	-0.436256642849249	1.35279931130922	1.327418244918	0.070596128989649	0.465626981277775	-0.290422139786909	-0.688959899449761	-0.469167810829815	0.0427533144648471	-0.670753231062261	-0.152378453566577	-1.28623190700428	0.299708552555988	1.22202695488408	-0.24730143878056	0.825456948078736	1.78375519836143	-0.0664433060467155	-0.868663421467562	-0.260764997316972	0.77011963476158	1.22486093435122	-0.927078207417856	0.596587439676557	1.20131600054679	1.74188645357616	0.262423281922986	-0.884370690095294	-0.05673663594779	-0.152628181961612	1.22202530169521	0.356872114381948	-0.470901777959744	0.187179241384323	-0.348477531403028	-1.622852161475
"GSPT1"	0.216552558950817	1.28533531164166	-0.814839053829995	-1.30384072454381	-1.49232197929686	-0.150864867479747	2.53163754165937	0.472007602451813	-1.3014448237044	0.417687959348031	0.349509643769008	-2.52002567728114	-0.669241318424068	0.518806427295298	0.849796663966275	-0.35468075226772	-0.963292974183288	0.135146689744579	0.0721702152912216	-0.886048610899628	-0.167654282693247	-1.35662139221845	-0.578943114755791	1.27888224270536	1.95270621489803	1.21015508663638	-1.68268818167214	2.42030393214779	-0.386487583048909	-1.73629123919851	-0.170513021849678	0.983785346358834	0.0916670982163189	0.702002300015828	0.648089040238409	1.39579755989912	-0.354934703796137	-0.0944141048649914	-1.18011890971085	0.559375502506129	1.87103732694901	0.050880709637832	-0.154357408186664	-1.11824931755321	-0.809821184179411	0.22682610908284	0.426607998968348	-0.937988653149041	0.693561662530496	-1.35490553632067	-0.643926835481911	-0.810437962295802	0.745480805287895	0.0694194173444536	-0.0735015222053261	1.40800596712568	-1.0285937048052	1.34781234436694	0.978799315157874	-1.46045005792827	0.045430164955204	0.47264662001121	-0.345302238753065	0.770891015613557	2.09191119037578	0.930154274001472	1.78896304016488	0.927241073685374	-1.62693502829084	-0.805038437705275	0.0962570333900969	0.15680498716938	-0.118078685078151	0.627975952100593	0.349138978319802
