NAME	B_preGC	HRS	T_CD8	B_Memory	Plasma	DC_Conventional	T_gd	T_Treg	B_GC	T_MKI67	NK	T_CD4	DC_Plasmacytoid	Macrophage	ILC	CAF
A4GALT	14.53321541691035002	3.13593441280251994	1.94332898802176457	18.13362445848845894	19.97701436417488097	2.75282324882032903	7.36408555444898294	1.00000000000000000	563.54973343377946549	3.32575844281906186	12.00807340008428703	1.00000000000000000	15.04078543058207451	2.04974340345744466	67.00966545448203249	422.65835418756211084
ABCB9	14.24524618684350052	8.81719003678135316	9.71029325652208541	11.36982598777464304	80.84733586151247664	8.86761928188189685	32.30576459993586269	21.37012858088248990	16.20653163637335936	17.87359106167991740	11.14238051982825795	24.99719307246682476	3.29801513782547273	8.23207239140419844	9.47192610499585896	178.49428480476362324
ABCC9	1.00000000000000000	1.00000000000000000	1.00000000000000000	1.00000000000000000	1.00000000000000000	1.00000000000000000	1.00000000000000000	1.00000000000000000	1.00000000000000000	1.00000000000000000	1.00000000000000000	1.00000000000000000	1.36953892727496163	1.00000000000000000	1.00000000000000000	65.37852069693722967
ABCD2	8.62903088758730163	64.15288043466412660	239.29794084839664947	25.95109181626257921	27.77256858448194876	48.55070248675902889	63.87948842931767501	214.27026485023208124	4.24385565181210200	108.20320802589549203	14.42318365480871378	179.98922467757532218	76.60674582380380571	3.73424645682691780	7.69327053845272957	34.83759094405362333
ABHD17C	7.48341570088521202	270.81827927809212042	96.43336441114081481	5.71265130359554441	4.74989573452930003	52.06127534048115990	35.52357039548509476	13.29262931961362781	5.94428874369310822	60.25394362193949149	8.32436992268827147	13.48300148439315471	25.03821994971354314	30.15240383393618373	11.61546417725606339	245.27299305926280226
ABI3BP	2.76598344242133454	3.79156310241494765	1.52233668068446715	2.78126423161546610	11.04037179992608664	5.90856026317270810	1.00000000000000000	1.00000000000000000	1.14999132611623334	2.70593471142625219	3.35433547825371647	1.79942041059252378	4.67581650552210437	7.39434913447897557	1.00000000000000000	3639.80558640496883527
ABTB2	4.33731857569731449	14.39199224549948930	2.35682497169075145	3.63309603948776871	8.75688240392872075	26.05325237008893424	9.67010323580069375	5.76691679206546848	22.36382652965186324	4.34528090294679092	5.43442888319638318	6.06330618251622777	38.53585841450231442	1.47795818985710992	57.57402306095476519	210.26159988615063412
AC002454.1	1.74628086140691074	243.98713110017527583	3.17813942173370867	1.00000000000000000	1.12497246246690086	3.81901032917813676	1.00000000000000000	1.00000000000000000	1.00000000000000000	1.32333900140609462	1.00000000000000000	1.43316654678937860	8.20312882903595408	1.34594818200026944	1.00000000000000000	1.00000000000000000
AC003092.1	2.30677177394280752	315.28891648745047860	1.00000000000000000	1.00000000000000000	1.52514157344394663	3.55827796141363617	1.00000000000000000	1.00000000000000000	13.04815823292768151	1.27050163665323668	1.00000000000000000	1.00000000000000000	1.00000000000000000	1.00000000000000000	1.00000000000000000	1.00000000000000000
AC004160.1	1.00000000000000000	377.91334485751468719	1.00000000000000000	1.00000000000000000	1.00000000000000000	1.00000000000000000	1.00000000000000000	1.00000000000000000	1.42671756484028833	1.30712054388828980	1.00000000000000000	1.00000000000000000	1.47733039762603058	1.00000000000000000	1.00000000000000000	1.00000000000000000
AC004540.2	6.88875129909845896	15.62489718937734651	1.00000000000000000	3.11900020172099790	1.31672218308320521	2.68882774865138341	1.00000000000000000	1.72465961646733779	5.69798614252268099	1.00000000000000000	1.00000000000000000	1.56819638841080966	1.97167414050030931	5.84962205842722582	40.85650632236012569	1.00000000000000000
AC004585.1	321.16528420913056152	75.20137213653846686	278.71283910716829268	100.89602405729367263	4.24104481550507284	1.00000000000000000	180.52973976608416251	178.11714949947059949	19.52844223214594876	365.25478892525171659	209.60076708832571057	770.38962445941240276	1.00000000000000000	1.00000000000000000	129.66948012326358253	1.00000000000000000
AC004816.2	1.00000000000000000	84.88205130203277804	2.16499470982375586	3.28618592090571715	1.40195842010400540	1.86025038803318665	1.00000000000000000	1.67551171772006668	2.05204795117807270	1.91107732404530739	4.38681452284345674	1.74911417363201815	1.00000000000000000	6.56484107122267524	1.00000000000000000	1.00000000000000000
AC005381.1	1.00000000000000000	1.00000000000000000	1.00000000000000000	1.00000000000000000	1.00000000000000000	1.00000000000000000	1.00000000000000000	3.79361724127393085	1.00000000000000000	2.05057548678617119	1.00000000000000000	1.00000000000000000	36.53521339093734355	1.00000000000000000	1.00000000000000000	1.00000000000000000
AC007381.1	254.55727300542676517	1.00000000000000000	1.52519578471863215	149.96409218557474219	4.74370543056469085	5.26267230738537073	10.73941780041425886	1.00000000000000000	73.24336707576480876	1.45488813424569186	5.20109378289014490	1.62283187011158758	1070.47973581641326746	1.39933659975562930	7.43834023443198689	1.00000000000000000
AC007402.2	1.00000000000000000	8.99069151987274573	1.00000000000000000	1.00000000000000000	1.00000000000000000	1.00000000000000000	1.00000000000000000	1.00000000000000000	1.00000000000000000	1.00000000000000000	1.00000000000000000	1.00000000000000000	1.00000000000000000	1.00000000000000000	1.00000000000000000	1.00000000000000000
AC007569.1	172.29230254420212987	1.68727507333021798	19.18581107712140010	155.60514534621273697	252.20672722228559337	5.93261006015352077	7.75390489589144583	5.47681755769564216	11.51402306007872056	3.82295840083462224	17.61543748923437747	2.42920176004779353	259.75612428007764265	4.73168756417772407	10.29256119075007270	1.00000000000000000
AC007686.4	1.00000000000000000	8.69989185901427931	1.00000000000000000	1.00000000000000000	1.00000000000000000	1.00000000000000000	1.00000000000000000	1.00000000000000000	1.00000000000000000	1.33536019453609933	1.84423880569125775	1.00000000000000000	1.00000000000000000	1.70870679325050667	1.00000000000000000	1.00000000000000000
AC007785.3	1.34508105207982309	4.19110954092559496	2.00265635774086270	2.91774292054081963	3.34056016367303021	1.54790696486182089	1.00000000000000000	2.68858745107821218	12.06103316246964852	1.22434545583023890	1.00000000000000000	1.94985108878427615	2.14566773727233873	1.97558579083306518	1.00000000000000000	1.00000000000000000
AC007952.4	680.03913741990231756	937.80384416351694199	641.18122206072757763	823.93709980468133836	885.32717720422249386	638.79981716914141998	647.46956477893400006	1348.44618337217616499	327.42653440794015296	525.50907299394134498	1074.47325575020181532	688.88682624748003036	2232.48268546844292359	714.77117953577544540	1902.29212685558786688	1.00000000000000000
AC008083.2	2.26484745235036478	1.00000000000000000	1.00000000000000000	5.88492583352081855	22.20155581284526392	1.00000000000000000	1.00000000000000000	1.00000000000000000	61.07668606796138988	1.00000000000000000	1.00000000000000000	5.49605767585013982	1.00000000000000000	1.00000000000000000	12.26510907671470818	1.00000000000000000
AC009522.1	159.73657331309340179	8.36648323885072820	1.66392322607881815	118.13088719687213768	108.41703063784346739	3.78685297613158323	1.00000000000000000	1.65067904725379844	76.67569549521509487	1.00000000000000000	1.00000000000000000	1.00000000000000000	1.00000000000000000	1.00000000000000000	11.11430106617264180	1.00000000000000000
AC009570.2	1.00000000000000000	1.00000000000000000	1.00000000000000000	3.29009989696115879	30.32601800922385138	1.11971536545044015	1.00000000000000000	1.00000000000000000	10.68871801214850947	1.00000000000000000	1.00000000000000000	1.00000000000000000	47.44010880689693010	1.00000000000000000	1.00000000000000000	1.00000000000000000
AC009975.1	1.00000000000000000	113.80608550969884618	1.00000000000000000	1.00000000000000000	1.00000000000000000	1.00000000000000000	1.00000000000000000	1.00000000000000000	1.00000000000000000	1.00000000000000000	1.00000000000000000	1.00000000000000000	1.00000000000000000	1.00000000000000000	1.00000000000000000	1.00000000000000000
AC010424.3	1.00000000000000000	1.00000000000000000	7.27071778751970754	1.00000000000000000	1.00000000000000000	1.00000000000000000	1.00000000000000000	1.00000000000000000	1.00000000000000000	1.00000000000000000	1.00000000000000000	1.00000000000000000	1.00000000000000000	1.00000000000000000	1.00000000000000000	1.00000000000000000
AC010624.5	1.00000000000000000	27.94572938490231806	2.18965933190091722	1.00000000000000000	1.38101854745140229	1.71517336471605675	5.63831672757212665	1.00000000000000000	1.00000000000000000	1.41827948907987667	2.87146263831954229	1.00000000000000000	1.82008948573991969	4.55770064995740398	1.00000000000000000	1.00000000000000000
AC010727.1	3.36885910715130121	1.00000000000000000	1.00000000000000000	1.00000000000000000	5.53071619048335794	1.00000000000000000	1.00000000000000000	1.00000000000000000	5.86391288709434733	1.49393270395621536	1.00000000000000000	1.27942312832126759	1.00000000000000000	1.00000000000000000	1.00000000000000000	1.00000000000000000
AC010967.1	1.00000000000000000	67.67915857240163291	1.00000000000000000	1.00000000000000000	1.00000000000000000	1.00000000000000000	1.00000000000000000	1.00000000000000000	1.00000000000000000	1.00000000000000000	1.00000000000000000	1.00000000000000000	1.00000000000000000	1.00000000000000000	1.00000000000000000	1.00000000000000000
AC011603.2	164.81099053049339886	274.32340116607048230	82.65744864881392573	127.95219687372761541	53.64439524620519251	210.70212634949930930	129.16393959657079904	44.20766500875542704	201.66354697590395517	457.86006700729416252	102.77194383859600180	117.80785694961328147	161.63008005406351231	125.44671554002924552	170.16728961389611641	1.00000000000000000
AC011893.1	1.00000000000000000	1.00000000000000000	11.57117168757030967	1.41697403548213341	1.00000000000000000	1.62391316314984091	1.00000000000000000	7.63618156667515890	1.15510321380046710	29.36929356629964261	1.83416819828592725	14.61838320366103261	484.96894764678984302	1.07901248700704810	1.00000000000000000	1.00000000000000000
AC011990.1	1.00000000000000000	326.66951663839870434	1.00000000000000000	1.00000000000000000	1.00000000000000000	1.00000000000000000	1.00000000000000000	1.00000000000000000	1.00000000000000000	1.00000000000000000	1.00000000000000000	1.00000000000000000	1.00000000000000000	4.73473607364640259	1.00000000000000000	1.00000000000000000
AC012236.1	162.54044844557913052	1.82090680559477036	3.93476322920318955	154.30165152987157740	1188.94503057701990656	2.83164531346840675	6.41899270557395596	1.00000000000000000	339.56086835945262692	1.71974577944272489	3.72781144282120902	2.22329381790441305	4.23635242844361137	1.45251356539161236	9.16813824285685719	1.00000000000000000
AC015871.1	100.24096612591895905	760.29561641012878681	95.96916784449092575	144.67546630888122650	17.23320458876262862	112.92767536764577585	90.58233139544492474	116.98339244410388460	219.46305919976668974	114.25029608197665709	135.23530052604604634	97.96260786102330087	40.45265802188799142	196.63288970251892351	135.67530389108117106	63.49310210367891472
AC017002.3	1.42204336429561140	15.57884484715628837	79.75330164830505453	2.24408579423703358	4.66540243238814689	17.84440452817861811	10.48062183713578044	1011.08642965386786727	2.24420773205536950	247.40622605157562930	1.00000000000000000	161.37157269921510760	3.51324307969654104	12.39388630072455655	1.00000000000000000	1.00000000000000000
AC019117.1	1.24334790922708383	96.69734329831885589	1.00000000000000000	8.14245882634479479	1.00000000000000000	1.00000000000000000	1.00000000000000000	1.66935519332083615	1.69576039247059684	1.67829930979760045	1.00000000000000000	2.27939831965749384	1.52058138463842374	1.00000000000000000	6.88041815175838423	1.00000000000000000
AC020655.1	2.03055481468090626	1.00000000000000000	1.85065257779786041	1.76204715056846961	1.00000000000000000	6.70425278416654091	1.00000000000000000	1.90486493315074679	2.79125156809915431	1.66870205534018323	1.00000000000000000	1.60538171398035900	1.00000000000000000	2.18479607759276373	3.96044824986474264	1.00000000000000000
AC020656.1	5.11324591091170699	21.01680677117277085	3.47071177689345944	5.24129613579358722	1.40644990959588068	681.22908734412510512	1.00000000000000000	2.39095460847434804	1.20174173002629270	1.30382066775572025	6.78219253000470079	3.38154014650217638	4.07780035644784977	414.32699189350591951	1.00000000000000000	1.00000000000000000
AC020916.1	197.46040963287984482	138.91966009726419884	463.19881907866880510	508.50045026027402173	169.59752331842670969	592.32635639257296134	621.24476828859826583	213.45764043504419760	46.87826884146107176	149.57237957458690403	1258.91520802003174140	267.27286417114106598	482.55914121696304164	791.79190384624962462	1912.00476576395817574	1.00000000000000000
AC023590.1	9.38885894074057603	3.34148742779113883	3.34155137177519501	24.26580366577734793	38.14620767928170864	7.77712374241748616	1.00000000000000000	1.00000000000000000	921.40709876917378551	1.52593054998439204	4.33548936851676192	2.57549954014007909	450.59157364602879170	5.30085953155893463	1.00000000000000000	1.00000000000000000
AC026369.3	1.00000000000000000	540.96373138648289114	1.00000000000000000	1.00000000000000000	2.58467140375991367	15.59185927511135006	1.00000000000000000	1.00000000000000000	1.00000000000000000	1.00000000000000000	1.00000000000000000	1.00000000000000000	52.95769224979760992	43.79118285605179750	1.00000000000000000	1.00000000000000000
AC064805.1	1.00000000000000000	7.81744792743195571	1.00000000000000000	1.59686667673875382	1.00000000000000000	105.13061417364713179	1.00000000000000000	1.00000000000000000	1.00000000000000000	1.00000000000000000	1.00000000000000000	1.00000000000000000	1.00000000000000000	90.69412045462357241	1.00000000000000000	1.00000000000000000
AC067773.1	1.00000000000000000	98.02541198846418524	1.00000000000000000	1.00000000000000000	1.00000000000000000	1.00000000000000000	1.00000000000000000	1.00000000000000000	1.00000000000000000	1.00000000000000000	1.00000000000000000	1.00000000000000000	1.00000000000000000	1.00000000000000000	1.00000000000000000	1.00000000000000000
AC068196.1	1.00000000000000000	1.00000000000000000	53.51733037134639659	1.00000000000000000	1.00000000000000000	1.00000000000000000	1.00000000000000000	1.00000000000000000	1.00000000000000000	4.71121385109640656	1.00000000000000000	1.00000000000000000	1.00000000000000000	1.00000000000000000	1.00000000000000000	1.00000000000000000
AC068993.2	1.00000000000000000	165.24239651058113054	1.00000000000000000	1.00000000000000000	1.00000000000000000	2.04513634307091419	1.00000000000000000	1.00000000000000000	1.00000000000000000	1.00000000000000000	1.00000000000000000	1.00000000000000000	1.00000000000000000	1.00000000000000000	1.00000000000000000	1.00000000000000000
AC087516.2	1.00000000000000000	98.36241700541992827	1.00000000000000000	1.00000000000000000	1.00000000000000000	1.00000000000000000	1.00000000000000000	1.00000000000000000	1.00000000000000000	1.00000000000000000	1.00000000000000000	1.00000000000000000	1.00000000000000000	1.00000000000000000	1.00000000000000000	1.00000000000000000
AC090136.3	1.00000000000000000	37.89046774457501954	1.00000000000000000	1.00000000000000000	1.00000000000000000	1.00000000000000000	1.00000000000000000	1.00000000000000000	1.00000000000000000	1.00000000000000000	1.00000000000000000	1.00000000000000000	1.00000000000000000	1.00000000000000000	1.00000000000000000	1.00000000000000000
AC090617.10	1.51962787511365427	1.00000000000000000	4.20307437320671440	1.50260525103329723	1.00000000000000000	16.41330897324914773	1.00000000000000000	2.82433974505642160	1.30700900165774692	1.53377651894613720	1.87662433867999412	5.10616660662369171	2.00950174234125623	11.46361580014381687	16.16093318134476675	1.00000000000000000
AC091057.6	9.42920262117276131	42.10476606868632388	12.73993640304662200	9.34122068146176865	8.31396135382146539	46.35011661169873065	1.00000000000000000	8.91236414660888876	30.08418181916410461	77.31259333602133665	8.98498532016475693	7.93787896774626223	19.17645047053423824	8.79381364321642245	6.89377878333973282	46.09244227958770068
AC092718.6	1.00000000000000000	1.00000000000000000	4.42486090298698365	1.47974402022043972	1.00000000000000000	12.71722136726466168	1.00000000000000000	1.00000000000000000	1.99091251556837201	1.00000000000000000	2.83192712236789923	1.51221692805137753	1.00000000000000000	1.00000000000000000	7.01698723639988753	1.00000000000000000
AC092809.2	1.00000000000000000	1.68011729268760956	1.00000000000000000	1.00000000000000000	1.00000000000000000	50.22163967884375779	1.00000000000000000	1.00000000000000000	1.00000000000000000	1.00000000000000000	1.00000000000000000	1.00000000000000000	1.71094374270624927	1.00000000000000000	1.00000000000000000	1.00000000000000000
AC092848.2	2.17913711738647020	231.12369290213669615	1.00000000000000000	1.00000000000000000	1.00000000000000000	1.00000000000000000	1.00000000000000000	1.00000000000000000	1.00000000000000000	1.00000000000000000	1.00000000000000000	1.00000000000000000	1.00000000000000000	1.00000000000000000	1.00000000000000000	1.00000000000000000
AC092943.2	1.00000000000000000	29.06934547997138196	1.00000000000000000	1.00000000000000000	1.00000000000000000	1.00000000000000000	1.00000000000000000	1.00000000000000000	1.00000000000000000	1.00000000000000000	1.00000000000000000	1.00000000000000000	1.00000000000000000	1.00000000000000000	1.00000000000000000	1.00000000000000000
AC093459.1	1.19461884580691535	188.03784248498837428	1.00000000000000000	1.00000000000000000	1.00000000000000000	1.00000000000000000	1.00000000000000000	1.00000000000000000	1.00000000000000000	1.00000000000000000	1.00000000000000000	2.49147206124653575	1.00000000000000000	1.00000000000000000	1.00000000000000000	1.00000000000000000
AC096631.1	1.00000000000000000	1.00000000000000000	1.00000000000000000	1.00000000000000000	1.00000000000000000	4.46070504907717691	1.00000000000000000	1.00000000000000000	1.20174173002629270	1.00000000000000000	1.00000000000000000	1.00000000000000000	1.00000000000000000	1.00000000000000000	1.00000000000000000	1.00000000000000000
AC097375.1	1.41156065733939529	104.05501097661027643	1.00000000000000000	1.00000000000000000	1.00000000000000000	2.59806835430964256	1.00000000000000000	1.00000000000000000	1.00000000000000000	1.14325745934706369	1.00000000000000000	1.70659968086459246	859.69471116549539147	1.10180073106563126	1.00000000000000000	1.00000000000000000
AC099560.1	4.25806660613255250	5.47961831791751663	1.00000000000000000	3.27887380660174843	1.00000000000000000	16.70046869158606029	1.00000000000000000	1.00000000000000000	1.00000000000000000	1.00000000000000000	1.00000000000000000	1.00000000000000000	1.00000000000000000	1.00000000000000000	1.00000000000000000	1.00000000000000000
AC104699.1	23.43665190507723040	21.29242848774317309	1.77390638242242060	342.70048991419741924	268.39731070410590519	1.00000000000000000	1.00000000000000000	2.28140634214742732	79.92683064009045779	1.00000000000000000	1.00000000000000000	1.00000000000000000	2.66653095027234954	1.40471688305536846	5.53442428977063550	1.00000000000000000
AC105460.2	1.00000000000000000	180.30779440203531294	1.00000000000000000	1.00000000000000000	1.00000000000000000	1.00000000000000000	1.00000000000000000	2.12359757300403951	1.00000000000000000	1.00000000000000000	1.00000000000000000	1.11328336424237273	1.00000000000000000	1.00000000000000000	1.00000000000000000	1.00000000000000000
AC106882.1	2.66979040615544472	1.00000000000000000	1.00000000000000000	11.49850798751834979	71.03499344936311388	1.00000000000000000	1.00000000000000000	2.16610194958397173	58.36481325101787121	1.23365607061941418	1.00000000000000000	1.00000000000000000	1.45314214154382393	1.00000000000000000	1.00000000000000000	1.00000000000000000
AC108105.1	1.00000000000000000	107.57193291643510236	1.00000000000000000	1.00000000000000000	1.00000000000000000	1.00000000000000000	6.45039061989474050	1.00000000000000000	1.00000000000000000	1.00000000000000000	1.00000000000000000	1.20510311482674792	1.00000000000000000	1.91681701517976588	1.00000000000000000	1.00000000000000000
AC112196.1	3.14824651434616865	1.00000000000000000	1.00000000000000000	3.81709682813710005	9.05918212563587133	1.00000000000000000	1.00000000000000000	1.00000000000000000	25.52615132341897208	1.00000000000000000	1.00000000000000000	1.00000000000000000	1.00000000000000000	1.00000000000000000	1.00000000000000000	1.00000000000000000
AC114977.1	1.00000000000000000	24.05780121918347447	1.00000000000000000	1.00000000000000000	1.00000000000000000	9.42898610188256292	1.00000000000000000	1.00000000000000000	1.00000000000000000	2.18769751875671936	1.00000000000000000	1.00000000000000000	1.41990049993176903	2.08219071556946123	2.90627694072224063	1.00000000000000000
AC116337.4	1.00000000000000000	1.00000000000000000	1.00000000000000000	1.00000000000000000	1.00000000000000000	1.00000000000000000	1.00000000000000000	1.00000000000000000	1.00000000000000000	1.38478052953695596	7.00355117467903110	1.00000000000000000	1.00000000000000000	1.00000000000000000	1.00000000000000000	1.00000000000000000
AC123777.1	1.89308118031548522	1.00000000000000000	1.00000000000000000	2.57783303808733466	1.73253955938076221	8.49531966154597740	1.00000000000000000	1.00000000000000000	2.26213191848345163	1.00000000000000000	1.00000000000000000	1.93762237395979353	1.00000000000000000	4.94913565829916990	1.00000000000000000	1.00000000000000000
AC125603.2	1.00000000000000000	1.00000000000000000	1.00000000000000000	1.00000000000000000	1.00000000000000000	1.00000000000000000	1.00000000000000000	1.00000000000000000	1.00000000000000000	1.00000000000000000	1.00000000000000000	1.00000000000000000	1.00000000000000000	1.00000000000000000	17.93723067093910828	1.00000000000000000
AC134312.5	1.00000000000000000	1.00000000000000000	1.00000000000000000	1.00000000000000000	1.00000000000000000	50.66996950687513390	1.00000000000000000	1.00000000000000000	1.00000000000000000	1.00000000000000000	1.00000000000000000	1.00000000000000000	1.00000000000000000	1.18734341350923200	1.00000000000000000	1.00000000000000000
AC135068.2	1.85346208542883684	1.00000000000000000	1.00000000000000000	1.00000000000000000	11.10346541176319235	1.00000000000000000	1.00000000000000000	1.00000000000000000	3.40754525038097000	1.00000000000000000	1.00000000000000000	1.00000000000000000	1.00000000000000000	1.00000000000000000	1.00000000000000000	1.00000000000000000
AC136616.2	1.00000000000000000	1.00000000000000000	1.00000000000000000	5.71651050680600559	6.84684655240504192	1.00000000000000000	1.00000000000000000	1.00000000000000000	1.73982695740637405	1.00000000000000000	1.00000000000000000	1.00000000000000000	1.00000000000000000	1.00000000000000000	1.00000000000000000	1.00000000000000000
AC136616.3	1.00000000000000000	1.00000000000000000	1.00000000000000000	1.00000000000000000	13.47393807521376097	1.00000000000000000	1.00000000000000000	1.00000000000000000	1.00000000000000000	1.00000000000000000	1.00000000000000000	1.00000000000000000	1.00000000000000000	1.00000000000000000	1.00000000000000000	1.00000000000000000
AC138305.1	1.00000000000000000	1.00000000000000000	1.00000000000000000	1.00000000000000000	1.00000000000000000	1.00000000000000000	1.00000000000000000	1.00000000000000000	1.00000000000000000	1.00000000000000000	3.16990330917691709	1.00000000000000000	1.00000000000000000	1.00000000000000000	42.63571139588660941	1.00000000000000000
AC140912.1	1.00000000000000000	71.87373373715089997	1.00000000000000000	1.00000000000000000	1.00000000000000000	1.00000000000000000	1.00000000000000000	1.00000000000000000	1.00000000000000000	1.00000000000000000	1.00000000000000000	1.00000000000000000	1.00000000000000000	1.00000000000000000	1.00000000000000000	1.00000000000000000
AC141272.1	8.26187961732351894	1.00000000000000000	1.00000000000000000	8.02637634487382634	92.60605036066850460	1.00000000000000000	1.00000000000000000	1.00000000000000000	2.50601181237120807	1.00000000000000000	1.00000000000000000	1.00000000000000000	1.00000000000000000	1.00000000000000000	1.00000000000000000	1.00000000000000000
AC233755.1	603.38644338394794886	1.00000000000000000	14.02858147624839091	413.08917608303903535	3312.58196043241923689	3.25108431633559158	6.52292675189071147	2.30848082245832575	78.50695600175242816	2.19332432959002510	9.21134001716699125	5.84262650898042057	3.17989843588947974	2.45659491381135231	3.11511890427517635	1.00000000000000000
AC233755.2	509.44451349319172095	4.47767085115139096	12.62448687211151821	422.57866743912734364	2559.09931386561856925	3.78269285350762141	16.05843341284406378	1.00000000000000000	133.46269161543841619	1.00000000000000000	7.00699048562353610	3.16484329413793875	8.43734931804830879	5.71850160715008293	25.75183764965742483	1.00000000000000000
AC239799.2	58.04778268676495401	161.97296902634801086	52.77422970073160258	70.96249398913178652	158.80839469117927365	75.43718896880346847	90.79165619099310902	32.11593133956916546	31.37210358020567824	35.65879792594657260	97.51133975446245472	37.13529020424539340	685.17321036480745988	63.71607764712076971	283.33147424972497674	1.00000000000000000
AC244502.1	7.11413764590197495	25.66108941382688968	24.31537594273873282	24.06618927759424054	3.36592000740905206	2.05424453411530372	111.43451453592035705	21.35844336181504488	55.84053851043017147	6.74785711289212564	182.26593133448810136	15.81873436414540812	5.53758978692186776	1.81805331253649682	941.50314003843618593	1.00000000000000000
AC245014.3	445.94635155703235796	677.32962131402791783	235.42956846238158164	494.97940626229063810	258.73644125889785528	346.26188965088556415	566.88741878612756864	139.72082114623859184	75.93639461644707467	101.74274784564758534	898.58871194913569980	163.04886597661669612	1624.21492842938255308	301.47885443005174011	1710.40504058867895765	1.00000000000000000
AC253572.2	466.80838174987843558	440.92897544923886244	248.80653120636887365	442.58623366857074188	137.04862389229609221	361.54601741251184421	392.21814291048366385	224.61017811489293194	114.67925296391767631	93.72871964820838286	641.70529829439169589	160.92460258946016438	1318.20457147017737043	311.90455954431473629	1202.75932451095536635	1.00000000000000000
ACE	1.12466775142697784	15.14011533299031598	13.02011658152590634	18.12659509876369412	3.58593461290541482	70.56779599259304803	11.19069016783551973	1.52102469969907306	1.89404225402311188	4.41197641032505583	3.13034704970332367	13.22233150532708201	2.56404379129268900	77.29096283707386306	6.65066058193862908	40.60930533436044243
ACHE	1.26702505162271883	11.89987229336344576	4.64824511657562489	1.00000000000000000	1.88482614874469179	114.67325048767523299	1.00000000000000000	1.62630445056613770	1.00000000000000000	1.00000000000000000	1.00000000000000000	1.00000000000000000	5.12934749357715258	16.01578094904585470	1.00000000000000000	647.92442387159519512
ACKR1	1.64435623536884945	1.00000000000000000	1.60291488849062769	1.00000000000000000	1.00000000000000000	2.67179163188666990	1.00000000000000000	1.00000000000000000	1.00000000000000000	1.14854301792569036	1.00000000000000000	1.00000000000000000	1.00000000000000000	10.01290077016737001	1.00000000000000000	99.22444496698408045
ACKR3	11.27409382824254713	150.59989899386022216	8.43225820206573040	24.70044827406978172	2.55800687055794951	45.18999599249839605	17.63033451785179651	22.59515176987522977	11.39605945996561864	7.21072343446733122	28.63634574715434056	16.83799639185192376	1.00000000000000000	8.06099507172360319	25.99945887993388638	164.47456381244538193
ACOD1	1.00000000000000000	3.67120981622101539	1.00000000000000000	1.00000000000000000	1.00000000000000000	1.00000000000000000	1.00000000000000000	1.00000000000000000	1.00000000000000000	1.00000000000000000	1.00000000000000000	1.00000000000000000	1.00000000000000000	34.95635721546258878	1.00000000000000000	1.00000000000000000
ACOT4	3.46852961466574650	66.04494625052838330	54.33413340579764395	19.55459883298201262	4.40313341583402540	4.43923817558724032	82.30281264943245390	17.80264756907601864	9.82566794305463809	46.13487026340006025	38.58646964819013903	33.37257877679062545	2.33626848829516831	2.64466899849630677	41.16235772115874880	6.30497824568295950
ACP5	1704.62116636591417773	154.56589201218665153	810.00173089102713675	2501.30889101658340223	121.99292622471381264	362.19190129293502878	317.71768810590390331	710.04480458194666426	342.08507142819001956	278.27652978678128193	170.06573900167103375	484.93370788408941507	292.35636115355504216	270.31614104481099048	57.20855730991100785	192.31858848069575174
ACVR1C	1.49720763510550170	1.00000000000000000	3.25638984468524129	3.00926282649221877	2.95669834070076654	8.35505000528060826	1.00000000000000000	2.35574769540555451	1.00000000000000000	2.38763538754048499	2.14769022505335538	43.12096581636808423	1.00000000000000000	1.00000000000000000	1.00000000000000000	7.93239020326381095
ACY3	11.11552037631103218	2.18093476893619576	3.60449593040035943	15.26873152562181168	119.67050529074161602	7.61013830560320059	1.00000000000000000	1.00000000000000000	730.87404979457278387	2.81563402542002672	9.83646705968351753	2.25465009194589072	43.96724903825904818	2.96523265376378031	180.48536480480206023	8.34755685707590978
ADAMDEC1	8.28037136525002992	43.99267191906518093	1.00000000000000000	34.25138842502956749	3.17625279572418773	86.34662643816912464	5.40557824667751063	1.00000000000000000	1.94487300699843768	4.12445184373152607	2.60334340038028822	1.00000000000000000	12.31169950808849656	317.40414082594332967	1.00000000000000000	1378.63353440703576780
ADAMTS4	2.88483013617891082	1.00000000000000000	7.86984971521834442	2.04412268988939783	2.12406815780920599	2.56854840055076306	1.00000000000000000	7.16372872611099254	1.60361322391983752	1.00000000000000000	1.00000000000000000	4.73384083668733702	82.37047686295792914	1.00000000000000000	1.00000000000000000	207.63608261614169237
ADAMTS9	1.00000000000000000	1.73175718666697476	1.00000000000000000	1.00000000000000000	1.00000000000000000	2.79174274723215810	1.00000000000000000	1.00000000000000000	1.00000000000000000	1.00000000000000000	1.00000000000000000	1.00000000000000000	1.00000000000000000	1.00000000000000000	1.00000000000000000	76.95050045450105358
ADGB	1.00000000000000000	602.66501240272475570	1.00000000000000000	1.00000000000000000	1.00000000000000000	2.74151037714483659	1.00000000000000000	1.00000000000000000	1.00000000000000000	1.00000000000000000	1.00000000000000000	1.00000000000000000	1.00000000000000000	1.44295533879595239	1.00000000000000000	1.00000000000000000
ADGRB1	5.47956787432905745	6.82214281274516221	4.19577728267082062	10.74472677504012985	1.23107143600762226	33.01711368866384078	1.00000000000000000	4.35244164206964701	1.89051369790587898	2.42478666257997233	1.00000000000000000	5.97440210870226363	2.47807319640611023	4.30006939427006873	1.00000000000000000	64.61456579896238850
ADGRD1	6.73577686657184316	1.00000000000000000	2.58267141273616163	1.00000000000000000	1.12953539693661953	6.49710737526385618	1.00000000000000000	2.30753996108336068	3.69125465351374338	3.60842085021115322	8.84515268156494550	1.90115685208781904	2.60373200966355034	4.26478747956288196	123.44381829769365311	23.63316108240506708
ADGRE1	1.32852395600453455	663.80353732592345750	33.63101468224376589	1.00000000000000000	1.00000000000000000	11.93197527279742154	1.00000000000000000	62.42152090867026004	2.12491363215806661	58.71083379034534033	10.02794298141097862	102.59573745248994214	3.15371630157165672	344.50051743838361062	27.16981519339359252	11.69660561299622259
ADGRE2	7.82400617675205989	43.43702977181946068	6.67031182174668302	19.26813036306916516	2.23001701016332099	404.01781049287097858	7.58590463076449861	1.86348321662048777	1.24800792015975448	4.42936284705791561	18.29202426334298082	3.19074022051898076	147.26287220005846734	1153.81668931647345744	20.29706936327047373	178.59355576201562599
ADGRE3	2.18085115987932809	1.00000000000000000	1.79032388907660756	1.00000000000000000	1.00000000000000000	29.26532523432229027	1.00000000000000000	1.00000000000000000	1.78333250564609336	1.34664956293471061	3.28424494413102819	1.88135211416561221	1.00000000000000000	25.79842242415334042	1.00000000000000000	1.00000000000000000
ADGRF5	1.00000000000000000	1.00000000000000000	1.00000000000000000	1.00000000000000000	1.00000000000000000	1.00000000000000000	1.00000000000000000	1.00000000000000000	1.00000000000000000	1.50980502067330402	1.00000000000000000	1.00000000000000000	1.00000000000000000	1.00000000000000000	1.00000000000000000	9.14230787783232834
ADGRG1	1.62562631587904272	12.52818010487487221	348.69216645616245387	1.00000000000000000	1.24472802819939199	1.68809844679740517	969.66078802402728343	60.25865416046849532	1.00000000000000000	48.35872311316445149	210.30007630066162960	52.78530912582277068	3.50957315265186187	2.03615377337570136	1.00000000000000000	3.96600879479390844
ADGRG2	2.26706180283901926	265.29167948817917022	1.53421339149911340	1.00000000000000000	1.00000000000000000	2.53290098453407042	1.00000000000000000	1.00000000000000000	1.55293247778553400	1.25491766373360392	1.00000000000000000	1.00000000000000000	1.57627023823886625	1.80376605566471548	1.00000000000000000	626.08249791663979522
ADGRL2	1.00000000000000000	6.00985197592775311	1.00000000000000000	1.00000000000000000	1.00000000000000000	4.10027725924993813	1.00000000000000000	1.50826273721354642	1.00000000000000000	1.00000000000000000	1.00000000000000000	1.00000000000000000	1.00000000000000000	1.95380614136629349	27.41294157464281156	809.09798917377202088
ADIRF	1.39758156647809506	36.16816111205186246	1.00000000000000000	3.18472995539288517	1.00000000000000000	1.00000000000000000	1.00000000000000000	1.00000000000000000	1.00000000000000000	1.40974000489942286	1.00000000000000000	2.58306738772720701	1.54529580710135894	1.90097587572204363	1.00000000000000000	47.90193994343480455
ADORA2A	296.79086490142401544	5.96327596641909086	337.28828754227509990	147.20452543688060132	105.63387063004984157	113.55120660981286562	95.79811281642349741	615.50263205417718382	327.44570325790476772	219.43495641616257785	33.41917092708761317	305.90867129134528568	10.95537574701164374	23.73027492306481889	19.48929179210047025	82.43353207027757890
ADRA1A	1.00000000000000000	1.00000000000000000	1.00000000000000000	1.00000000000000000	1.00000000000000000	1.00000000000000000	1.00000000000000000	1.00000000000000000	1.00000000000000000	1.00000000000000000	1.00000000000000000	1.00000000000000000	1.00000000000000000	1.94550445337949629	1.00000000000000000	108.83490278734477386
ADRA1B	1.09765683041474182	2.61061947901080060	1.00000000000000000	3.89125251199665678	1.46499224351474155	1.68558505062910702	1.00000000000000000	1.00000000000000000	1.00000000000000000	1.00000000000000000	1.00000000000000000	1.00000000000000000	1.00000000000000000	1.00000000000000000	1.00000000000000000	215.67063921737477017
ADRB2	92.45811651293580269	266.75642424456145818	188.51214702392258005	141.66532328166715615	14.12976120861694262	56.73355917652665426	291.08946387500998298	2.53564427895699085	35.28841261771700033	7.07023960119087924	194.28249657201672562	18.21343949940425944	113.36814758201471420	57.24134203609667537	46.06248353937916562	50.09707080930443368
ADTRP	5.11357878785317688	23.18812901450316843	186.37330547900518241	4.19986032594053516	22.76285041374010021	23.16246942939066145	2.82042754186511990	136.63134034153372909	1.00000000000000000	82.85204919109354194	2.21875620082812697	214.94411638009259491	25.14685341928070628	4.41661482097132119	3.88557684339636156	79.91626256754851454
AFDN	58.62731653235454843	787.95832568252239980	14.67515890669044687	180.31629592468635792	23.04248666902785203	330.54187960114637690	31.26809474146304169	10.84746740450896851	64.10713995972218981	25.15232471230378763	22.89083499680993938	19.24704906754974942	17.46707091446043592	123.41766620610617622	20.80991333817741662	345.79043349408931363
AFF2	22.76242983853637014	7.72353655339051581	6.78677442473344694	23.73800017536389007	56.13335478096868769	2.57517661734365344	1.00000000000000000	31.74646985474880267	688.41611295804477777	53.69756039862046038	11.19656716897931226	43.70335683601003041	1.00000000000000000	5.30682922091184128	19.19157068737990457	9.38576087507282963
AFF3	2768.46199173843388053	28.03487450694775518	80.13743961304921015	1449.53852538244791504	22.32019624723341522	254.21143626736397891	50.94239954389912128	35.76441754134647510	1319.47314363632290224	197.76340474502117672	395.95041575485032581	238.77976749292491832	946.65908900969918705	14.59557548022361040	1229.19510494906216991	260.56682231148977280
AGMO	1.00000000000000000	211.16049241758719290	1.00000000000000000	1.00000000000000000	1.00000000000000000	1.00000000000000000	1.00000000000000000	1.00000000000000000	1.00000000000000000	1.00000000000000000	1.00000000000000000	1.00000000000000000	1.00000000000000000	1.00000000000000000	1.00000000000000000	31.74116886359135137
AICDA	3.66048627184048492	1.00000000000000000	2.37525756953345279	50.95379929328267110	6.03530974263684694	3.38483605261487241	4.95018997403796934	1.93970334458761795	805.96826095960022940	4.21869238859534246	2.65420796756881927	2.63639671830799527	1.00000000000000000	1.19749771371610247	1.00000000000000000	1.00000000000000000
AIF1	44.39178207029289069	552.12508055097271153	349.75495982713363219	102.80207399367039045	11.13709880953804010	3310.90377603041224575	32.62282943091898346	65.61660712654523309	212.41158066398008941	244.59139985721500921	21.16448810928537227	495.57928499119282151	598.71461942433973036	8957.68653046955296304	98.78739514970530422	346.80260570536148634
AIM2	81.80310411962955186	288.53369124036169069	81.79454492485707817	1397.56885200325268670	126.86960960322636538	241.48838012357978755	21.91725050636125616	80.16098607079662486	689.55941079853062092	84.52902652393048299	3.54563233707839531	19.66978978030395808	8.47696107084462014	96.74748058023899944	1.00000000000000000	85.61353279965864260
AIRE	9.37364474056380459	1.00000000000000000	2.62900804810429367	6.23439209794377724	1.00000000000000000	28.51924178701580104	1.00000000000000000	1.00000000000000000	1.00000000000000000	2.06716997594324070	1.00000000000000000	1.74799400578807429	2.57759733906936761	1.00000000000000000	11.30276875854820950	1.00000000000000000
AK4	9.27636323760549786	127.03916567502069768	5.94584114114373641	2.20381148836938401	3.78401419401704109	41.15764453266729106	6.31256356652119965	3.24880739094219706	7.27740836314531681	23.50427677597486920	1.00000000000000000	5.29945838417446513	5.65050439172070629	78.22855467472471958	1.00000000000000000	126.00593573346728249
AL021155.5	93.86797993392231376	238.67856683576971477	172.20277650056837615	102.06562066792065480	130.68723066103214592	118.56623223358104724	146.57059977073265600	347.31967439806618358	40.39077560694115476	85.61407169482265545	176.97533256433308679	162.80706417679348874	407.50382277256090902	102.16836900267020383	383.76227140267275217	1.00000000000000000
AL021978.1	3.39835668806935676	3.93736981843335698	3.19124094435777206	1.00000000000000000	1.00000000000000000	82.12040456270219124	1.00000000000000000	1.96536096750387523	1.71887092156720378	1.00000000000000000	1.00000000000000000	1.00000000000000000	1.93809898951283688	109.73147134770385946	1.00000000000000000	1.00000000000000000
AL024495.1	1.00000000000000000	71.79048469531279864	1.00000000000000000	1.00000000000000000	1.00000000000000000	1.00000000000000000	1.00000000000000000	1.00000000000000000	1.00000000000000000	1.00000000000000000	1.00000000000000000	1.00000000000000000	1.00000000000000000	1.00000000000000000	1.00000000000000000	1.00000000000000000
AL117329.1	1.29115187446052104	1.00000000000000000	1.00000000000000000	1.00000000000000000	14.25919784229213505	1.60646836863518017	1.00000000000000000	3.04396457698034917	1.17185250052162204	1.65443767806648490	1.00000000000000000	1.00000000000000000	2.14211282325228014	1.00000000000000000	1.00000000000000000	1.00000000000000000
AL122017.1	1.00000000000000000	151.18725403479746205	1.00000000000000000	1.00000000000000000	1.00000000000000000	3.40514380652227988	1.00000000000000000	1.00000000000000000	1.00000000000000000	1.00000000000000000	1.00000000000000000	1.00000000000000000	2.34155049309928831	1.40382452659118129	3.20722569219406672	1.00000000000000000
AL133415.1	127.74565085766639072	613.12278838654071933	345.94066958431898229	271.83663902263174350	66.05981966139414396	745.05475321669121058	545.13701855277497543	6.78185083364177377	24.74188784545979303	164.66753622707520321	215.83140149930216012	313.40492840823566212	384.48683915834368463	357.56611746532377083	461.99866878026233508	1.00000000000000000
AL133467.1	49.88174190890600812	5.63646435513907385	7.31182674106572428	102.70760761723521171	253.88571841997293177	7.28697359255073174	1.00000000000000000	5.12766584318883734	281.10276532669371363	3.15271000727235995	4.05369695130834096	5.01261884343564557	4.77978981328973518	8.44294403826989281	1.00000000000000000	1.00000000000000000
AL136987.1	2.35522656504322025	1.00000000000000000	26.85777402055684604	7.24875912738314110	29.61144685427957768	11.29804624656918755	8.02677411187812417	5.65823528180559432	4.40970219723742307	3.94428405863110765	9.59162765106224846	5.47179890689714199	85.46810073893244919	1.56895683476405523	9.10146332229042976	1.00000000000000000
AL138899.1	10.59340764495404130	47.59302181668148535	1.00000000000000000	3.89194763376808428	1.78509291690847682	116.40949332579327802	1.00000000000000000	1.00000000000000000	1.47188142169127834	1.00000000000000000	1.00000000000000000	1.00000000000000000	1.60121486207110886	5.40391628325848306	1.00000000000000000	1.00000000000000000
AL138916.1	1.00000000000000000	324.50496500648398523	1.00000000000000000	1.00000000000000000	1.00000000000000000	1.00000000000000000	1.00000000000000000	1.00000000000000000	1.00000000000000000	1.00000000000000000	1.00000000000000000	1.00000000000000000	1.00000000000000000	1.00000000000000000	1.00000000000000000	1.00000000000000000
AL139020.1	811.27633543155695861	2.38718597917609188	2.38741705710658270	23.95548782779629704	6.77113374984367322	2.68859611475480786	1.00000000000000000	1.00000000000000000	354.69901854080717385	2.32391341588700628	1.00000000000000000	1.44827024359720324	38.53134755790771493	1.31795765202050963	1.00000000000000000	1.00000000000000000
AL354707.1	90.68446649766916323	420.18189833270736244	7.39291222032083617	43.38797104316217457	49.65765307387791694	7.63827689318515901	8.30558766693596517	15.26873862347620658	76.04658623827366171	27.23507125871797641	8.36918167519755407	15.50556988056053243	3.68340889881466715	2.97097450693734721	5.96101870361970221	1.00000000000000000
AL355075.4	55.15130326229643032	47.73630520496028140	135.76765058906872241	65.72528037502486598	19.58959014602961446	152.19139409319697620	15.80265547155169337	78.16681992265039014	9.73370228659094572	44.42908027343463573	89.19904834845252140	76.35337665049392797	765.85386048547786686	81.37058612536358737	122.33815683564802157	1.00000000000000000
AL355881.1	1.00000000000000000	1.00000000000000000	1.00000000000000000	2.89978142858501542	1.69738252944347634	34.61840304977670257	1.00000000000000000	1.00000000000000000	1.00000000000000000	1.54455023408719372	8.42464551907495540	1.56543321600485341	1.00000000000000000	11.54423860144534331	30.53497248239265005	1.00000000000000000
AL359834.1	1.31781862154060647	17.67805529658201280	31.94207375745343569	2.03167387784287623	3.81226336244786346	1.00000000000000000	1.00000000000000000	562.09651816891039289	1.00000000000000000	206.66275122659286012	1.00000000000000000	300.24026483482464300	1.00000000000000000	1.00000000000000000	1.00000000000000000	1.00000000000000000
AL390755.1	1.00000000000000000	4.12202632077145292	1.00000000000000000	1.00000000000000000	1.00000000000000000	1.00000000000000000	1.00000000000000000	1.00000000000000000	1.00000000000000000	1.00000000000000000	1.00000000000000000	1.00000000000000000	1.00000000000000000	1.00000000000000000	21.79789878375490986	1.00000000000000000
AL450992.3	1.00000000000000000	1.44512592818451679	1.00000000000000000	1.91282887336826946	3.96169187038661486	1.00000000000000000	1.00000000000000000	1.00000000000000000	26.92756924193710688	1.39242302980910204	1.00000000000000000	1.00000000000000000	1.00000000000000000	2.16974183971738377	1.00000000000000000	1.00000000000000000
AL590550.1	1.22228595435750953	678.93111246195371677	14.31627005307605494	25.09064580964055935	1.00000000000000000	1.00000000000000000	4.46287782497018881	1.00000000000000000	1.65498029685453196	1.35264398856549373	1.00000000000000000	1.21832070409057569	1.39771564689599503	2.56462826723604831	1.00000000000000000	1.00000000000000000
AL590705.1	16.66615210332831865	67.36715003410215274	15.55850079458788215	26.38494050805555347	7.73712555037896266	3.18617172151343109	1.00000000000000000	15.45696936848802316	2.69693773358578248	14.22854054126005430	28.32639417044689978	33.50975082949359063	2.97741331803932852	1.00000000000000000	16.38200721941308657	1.00000000000000000
AL591115.1	1.42265132365181679	1.98084267896674393	1.00000000000000000	1.00000000000000000	1.00000000000000000	25.49087356947249106	1.00000000000000000	1.00000000000000000	1.00000000000000000	1.00000000000000000	1.00000000000000000	2.07507609981868146	184.65175051988524046	1.07901248700704833	1.00000000000000000	1.00000000000000000
AL603756.1	7.80292896764528265	110.38970061376940635	23.33693640056387508	16.44683047646158514	3.28612147935356935	4.39124708138367126	15.39340179751749282	50.09547473795652905	4.86162066623303435	12.43497248564799307	7.95354416769985040	23.42775831904100770	7.30957080736927356	6.88340309745651879	1.00000000000000000	1.00000000000000000
AL627171.2	510.53961574462329054	272.96948764430317169	561.93543425526581814	567.49878455012151335	239.30522815806807557	266.50030102317634828	752.18609842496653073	764.40174152686233811	104.05025005265454752	329.79500032001783438	974.07760210034155079	1076.06559101077391460	746.71868888636413431	394.56458114075650201	1215.93039206386174556	1.00000000000000000
AL662797.1	26.83234072185980779	92.83970959284079072	22.01669263551027811	28.86816062638146363	11.60870605188866556	30.70922265518555250	17.84796759342985695	4.72620353341033717	37.65819301437596778	81.01254897390568033	18.38355790624316555	15.97356898848621576	36.17903120697012298	17.46525889342219529	24.30074851487719201	1.00000000000000000
ALDH1L2	1.90151581607987774	4.16117484339043120	1.00000000000000000	1.85658132355008587	118.22530547726903194	3.77630267066768255	1.00000000000000000	3.29597301887743521	1.90708408414268726	3.62537119507452221	3.85391894052486439	3.47994170386489765	4.49608108293904607	2.34023688655933437	1.00000000000000000	42.01925533616400088
ALKAL2	3.04839637154486098	249.66629340722940356	1.00000000000000000	17.72399732095133373	1.00000000000000000	1.00000000000000000	26.11491637884028094	1.00000000000000000	1.00000000000000000	1.00000000000000000	47.55527993280191623	1.00000000000000000	1.00000000000000000	1.00000000000000000	1.00000000000000000	1.91271549395595564
ALOX15	19.13000435922577225	10.94452926379547719	2.75859259186758532	31.90878707309867579	4.89139327951970948	631.12967876205811990	4.21237471581611800	11.08968927895768353	25.73738955399039696	2.84429236678277286	4.66526849631011853	15.14908710515660673	13.15724639523473627	91.87650713169257699	1.00000000000000000	1.52162113696218149
ALOX5AP	1653.97683200764231515	847.22443408458536851	1477.71866631011266691	1796.04313228272621927	79.11110061801787197	193.92723813523375043	1505.49086986836323376	6089.37651769400144985	1686.92736696001043128	2128.35273934013639519	564.38414859999284090	2913.57321956620307901	5871.30917610969936504	78.74858185667885380	337.49511343145644560	113.92753219611846305
ALPK2	5.65589916076337218	532.02516790419008430	9.40666600283833354	6.11523428880890041	3.31044557427236530	28.56493121800988177	1.00000000000000000	4.13149526895658337	1.00000000000000000	4.71383013773812465	1.00000000000000000	1.60953432145152497	30.40353809859220391	3.68339287395567538	6.35833565152567726	955.62743650933532535
ALS2CL	1.00000000000000000	1.00000000000000000	1.62805201085521545	1.00000000000000000	1.00000000000000000	41.85648894987655666	1.00000000000000000	5.33166437612463628	1.00000000000000000	4.93674427283849226	3.47394979058155418	61.43219228879627281	1.00000000000000000	6.04336642481665276	13.27226832712729632	241.07256685170452215
ANGPTL1	5.49277584326014345	1.00000000000000000	1.00000000000000000	12.69589528738284478	5.34146020034900104	1.00000000000000000	1.00000000000000000	1.00000000000000000	2.25972112788695645	1.00000000000000000	1.00000000000000000	1.00000000000000000	2.93902605677522466	1.48316363994441036	1.00000000000000000	64.56548720361601568
ANKRD22	2.98201289590168717	45.76112562766140002	4.23760927138284593	1.00000000000000000	1.00000000000000000	224.85407312411084035	3.35738584372321913	1.00000000000000000	1.00000000000000000	4.25707480860184351	9.84151984024902760	6.22746289727701541	4.23993937597932113	685.64063671143060219	1.00000000000000000	65.56245626006494831
ANKRD33B	154.81449565512662048	316.66248247881594580	61.29609443295946392	200.58593803887043805	28.60508687817766571	131.62139605052371394	30.50252185573406649	53.07767618040304569	220.72375851583169037	69.07940466865022699	12.19730545257501220	35.96262190333896314	15.98730150040546150	9.75794644993329285	15.18588680031126081	207.56224289359408886
ANKRD65	2.68235019913977446	4.61442884038763612	1.00000000000000000	2.37015223337446290	1.70899458587289632	18.74673457850009584	1.00000000000000000	1.00000000000000000	2.94046965276542061	1.00000000000000000	1.00000000000000000	1.00000000000000000	30.07032393681024729	1.26926461093657039	1.00000000000000000	138.69310616531345204
ANLN	4.37901339176708326	75.09778321635833720	6.63627469611092557	2.22102757962791131	27.96809362248945163	2.71022267855656285	1.00000000000000000	5.93305658459211216	178.35667658227237098	266.89383374465467114	1.00000000000000000	3.81844436110590379	4.15569680722809220	1.00000000000000000	1.00000000000000000	10.74016740003849790
AOAH	16.16455030136684812	27.30484713030006461	876.88691072759877443	18.50114068571283354	11.85035649885198161	1225.77032542073629884	1046.28605821932092113	280.08761233998643547	3.75986662014909800	55.61726611257689967	997.27705148221718900	259.28587155150944454	14.90813653391809979	1000.03412022843178875	86.41133389913521512	191.31680955623832574
AOC1	1.00000000000000000	1.00000000000000000	1.00000000000000000	1.00000000000000000	1.00000000000000000	100.31354772027150091	1.00000000000000000	1.00000000000000000	1.00000000000000000	1.00000000000000000	2.08618805842041555	1.00000000000000000	1.37312873048323114	1.62895667944203471	11.84208474780601072	1.70175103515574433
AP000696.2	1.41106003744377140	101.45286448333183671	1.00000000000000000	1.00000000000000000	16.45492206543915259	1.00000000000000000	1.00000000000000000	1.93157729776003206	1.00000000000000000	1.43618745437183959	1.00000000000000000	1.00000000000000000	1.00000000000000000	1.00000000000000000	1.00000000000000000	1.00000000000000000
AP001783.1	1.00000000000000000	89.68914069287757229	1.00000000000000000	1.00000000000000000	1.31731945585087340	1.00000000000000000	1.00000000000000000	1.00000000000000000	1.00000000000000000	1.00000000000000000	1.00000000000000000	1.00000000000000000	2.24231257377926108	1.00000000000000000	1.00000000000000000	1.00000000000000000
AP003472.1	2.28552581735069893	594.85954785934541178	4.62381112911006742	2.55160007304555769	1.94406365452222407	1.00000000000000000	1.00000000000000000	3.61123226534208763	3.55633534714930244	8.38520557983635939	1.00000000000000000	1.64260803814650957	1.00000000000000000	2.00778033514269882	1.00000000000000000	1.00000000000000000
AP003557.1	1.82757944877164258	1.00000000000000000	3.78980893461315160	3.99041822301834559	1.49078167438432496	1.17219892091208977	1.00000000000000000	1.00000000000000000	1.63447246476200259	8.50302122573586949	2.13790769502576516	1.74726972579582274	1.41264488270704014	1.00000000000000000	1.00000000000000000	1.00000000000000000
AP1S3	88.83625511256023799	52.91237045509643622	15.26006995261931287	146.66136117939515771	23.84627360640000049	129.60748545535588505	31.59869596772407974	14.82967403013714325	146.69447643592675945	23.82268554685312623	32.34719204201799414	8.68141657994215876	148.75019744964191659	16.78378394313977751	7.99575769851053586	76.34878168856960201
APOBEC3A	1.00000000000000000	67.08214712600633334	2.52145336129840025	1.00000000000000000	1.00000000000000000	84.73794894189187232	5.24564551267350154	1.35442027716324653	1.00000000000000000	1.00000000000000000	1.00000000000000000	2.60455355897019114	4.40899675037887118	925.36964177662480324	1.00000000000000000	9.29047581170909709
APOBEC3H	7.09788551129082901	8.26058956868075001	182.19186133834253383	9.23394490660457912	5.16846521148052318	23.05302728833271075	123.16507643783748449	3.55753239604186522	4.95572690138478400	29.72229557118678756	136.49192779813483867	9.02254685290487402	1.00000000000000000	4.11943303370536640	128.72739392400771408	7.42970679460702410
APOBR	15.18258954182371312	9.44048959933649456	122.57893303474821778	5.60588101912461045	2.07590708185662676	599.51252420395985610	345.29361412786272467	2.23034347962216728	11.83632502171516521	18.13099070370595456	400.07724027688146862	30.12553910701466009	48.12282964033565236	239.49747612340982528	433.47980773384796294	56.06415084021521977
AQP11	3.33246444368943751	89.85483339129372382	1.00000000000000000	4.52836962950438338	2.10292627854548853	1.86121017863363836	5.65148293793183409	1.00000000000000000	1.66615904145735705	3.09993764702338659	4.87672450270450231	2.15572430626917111	1.82662177812474980	1.72489173901337067	15.78803847254774340	2.72231284179100452
AQP9	1.00000000000000000	77.14293415992065661	1.00000000000000000	1.00000000000000000	1.00000000000000000	6.35651741366739120	1.00000000000000000	1.00000000000000000	1.00000000000000000	1.13525052940264870	1.00000000000000000	1.00000000000000000	3.31435737721606705	514.53412647923209988	1.00000000000000000	8.54137198865535474
ARHGAP11A	14.47769953153817468	66.47380759840837072	56.99997800917788027	23.80231534460932963	41.17270689456860566	19.67923111283587545	24.67367647874555203	39.86787032157957356	215.75415617965825277	337.02756113985924458	18.00351800753994524	33.17880964966349211	33.50044179461551863	12.80421750044353502	1.91056413931091695	41.32376742810610892
ARHGAP22	58.45924809716160553	3.46378290005235590	2.63275422236687140	39.89077992751982293	2.16576226917698644	382.97274322469104391	1.00000000000000000	1.00000000000000000	3.51255510366097790	1.35825354233475015	1.00000000000000000	2.16080668059720660	3.50099660150568637	61.74248539047346185	4.57702422652137031	29.21453818009529257
ARHGAP31	33.88933284060085782	155.64977616450420328	28.05885530057409483	166.30098967328538606	33.34645746493170293	502.44274994620553798	72.63166750550801964	50.01919809472348533	16.04929694598934731	25.97134579199922300	204.53323224946157666	46.52413234355358185	481.61444469053031980	258.67092344103019741	224.90937844183429206	172.46919602076442857
ARHGEF28	1.00000000000000000	61.07829962541126889	1.64185773331874763	1.00000000000000000	2.77905955386122372	1.33825698068403698	3.46662261282259188	5.92289933149719161	1.27263517233076562	12.68184732670516013	2.46645050466207660	5.12489924927817153	1.00000000000000000	1.00000000000000000	1.00000000000000000	6.97591374014018761
ARHGEF33	2.25842649898726755	39.92802354646695306	1.00000000000000000	1.00000000000000000	1.00000000000000000	1.00000000000000000	1.00000000000000000	1.00000000000000000	1.29381363773188363	3.31317932332723863	1.00000000000000000	2.04666744250581445	1.00000000000000000	1.46261384068324252	1.00000000000000000	12.07095642316628492
ARHGEF39	16.65632741826437169	73.36496605007859273	8.58959261237506055	8.72710582946908353	18.23594478885976855	9.81678120233611118	19.00582728977089531	6.93750799806095841	153.41104912141486238	143.67610163586590488	37.14853096887686945	6.84870456832406749	9.71897421916976789	3.72210864131368480	77.96179663445084884	7.74882149206701953
ARID3A	45.14080306475438675	148.75710461643643612	48.21029327859767477	286.93141497239315640	262.74488304333510769	65.22661208997681115	52.46455580488078141	53.75300083178785826	27.85390341710086659	39.67130909475564948	62.46826773642594333	27.19834835949146523	784.44499371492554474	191.20664248537426033	142.24922625065903503	30.52338474648928823
ARL14EPL	1.77982033679863894	172.75529243030723592	1.00000000000000000	1.00000000000000000	1.00000000000000000	1.00000000000000000	1.00000000000000000	1.00000000000000000	6.73673323373173272	1.00000000000000000	1.00000000000000000	1.00000000000000000	1.00000000000000000	2.06437651379719700	1.00000000000000000	1.00000000000000000
ARRDC4	43.80313188655413370	5.76426241572418263	3.54292655805454881	17.53025695467192335	1.29224955354233262	74.42606112892121928	7.65609071301856225	2.34216518095166348	10.98286535747935311	2.28118081909424308	35.09832737766384270	20.04104179355760351	15.69001889416893825	129.77852633060717835	51.55146068371978885	289.66625739082627433
ASB2	6.19563273279042903	9.72364379526766243	255.78115700829437174	51.06274208827026229	62.64977939722305678	127.08110072983433270	22.04653689928921168	1934.75942273889972967	231.17626554691668161	474.58152308965617294	18.03247074988626864	391.00375021231411665	3.25507044199946050	5.15804484305002298	12.96497921457692293	23.39443731437746976
ASGR2	1.00000000000000000	12.98733202015026045	1.00000000000000000	1.00000000000000000	1.00000000000000000	267.23151892557558540	1.00000000000000000	1.00000000000000000	1.00000000000000000	2.46491321056343171	3.59969406697344363	1.00000000000000000	2.17815817776314802	303.01887939625561330	3.66039026912593579	10.63220571003190074
ASIP	7.72101317439639789	1.00000000000000000	1.00000000000000000	2.12423564797191489	1.00000000000000000	2.25033715788537325	1.00000000000000000	9.31147719751209912	1.00000000000000000	2.28365104740315994	2.40655696834590671	1.85738809852697884	472.57231409380682408	3.15184619172631164	1.00000000000000000	1.00000000000000000
ASTN2	14.16086704803651308	18.99041183615913297	20.10959272654384478	10.56841712486697027	21.70997058316084249	9.08002796164993065	10.56394263238209774	103.78899250721828196	11.29539356169288311	36.99013210852125155	10.39133032824073766	40.60800156395214344	6.73455062650975567	1.65465466655927029	1.00000000000000000	50.29669141908234309
ATF5	78.95621635294239127	637.05247294457933549	86.90883276587470618	169.77321788166597116	155.81658730566863369	1023.01247808752623314	64.63397123114131659	170.55777011066007276	282.24806046573218055	96.40180057668477787	155.63165193476675086	196.91706517604703208	946.54258348592327366	803.06917387446890189	296.24492378104207546	122.14543905027969117
ATP1A4	1.00000000000000000	15.18146170307073817	1.00000000000000000	1.00000000000000000	1.00000000000000000	8.27846122983986454	1.00000000000000000	1.76319286353046678	1.00000000000000000	2.11633729056412712	5.43419784564250907	1.64547800698995417	1.00000000000000000	3.18356122251831852	30.95259523732002904	166.21038357421687692
ATP8B3	4.68483459100041877	35.06010611760891038	19.33405559885402525	4.28402852507454135	4.07306845062293377	11.76970636549395621	17.27302068442608274	12.24991033600108103	26.35063772946160654	47.63900877429728808	14.20006726988756895	14.22481548641277804	6.10613378497229231	18.07865539613997896	9.61433572570021511	2.13874526048759117
B3GNT5	1.22478962125120172	57.11534620216369973	11.79182373517851090	1.00000000000000000	1.07910116797183009	66.82788278118363223	1.00000000000000000	6.77546031429072126	1.59624449212046793	4.30586090695554802	7.87852724380420533	2.86357830695339022	6.44926133795749301	22.85791950632574654	5.72741305281234325	18.76200140483038936
B4GALNT1	1.00000000000000000	86.01791325729207927	1.00000000000000000	1.00000000000000000	1.40008513076756191	8.16847144138002079	1.00000000000000000	1.00000000000000000	1.18759049482674750	1.94925228348866653	3.37542885199482967	1.00000000000000000	1.60726105211090187	1.00000000000000000	3.86841016973752483	43.46050679709877329
BACH2	1947.92878266947445809	266.28273081911180498	33.08692334667640012	444.18882611525043558	25.14644602514872318	28.70186215304286748	177.64928119397242767	54.72885058186671614	2214.04979531342860355	28.24095779900858005	580.49591045274178214	638.36254309677997298	16.67145551177614493	4.51286246922679091	619.30115262575543511	62.82520282412998824
BANK1	5498.44100993697975355	80.50955138135594780	18.43509645679657183	5119.32590193423675373	89.00804119353405497	62.56777068888847992	6.49631696813902515	1.48420471894486505	801.00515500530059398	10.75013462130354824	34.53853664175513671	7.40936201478968126	152.96508908657787629	20.64721979053315337	142.17228030458366561	96.57266070127964497
BARX2	1.62953504175687702	177.47504367866906705	17.29722456374413042	1.00000000000000000	2.14766259922229485	1.00000000000000000	1.00000000000000000	4.58803060458855061	1.73069875049215050	9.70205086538120298	1.00000000000000000	1.87902923155004142	1.00000000000000000	1.18245499022228229	1.00000000000000000	4.92465588074333205
BATF	266.97792741531526417	1311.08355991016378539	1342.42377591343961285	377.71452543846737626	58.90267342428177244	279.72989229542537259	1017.01401946954558753	3411.39448437093460598	134.27029895240249857	1527.95235617221351276	294.39433659775244223	1433.39829752617492886	33.03575110427462391	532.31061919109788505	437.40280304847556181	93.53894355857981679
BATF3	39.14992253241077691	4272.87284479613754229	28.51638272026663046	28.06545440670601366	5.50094024071164078	888.97949400201730441	50.53174940665411441	2.77117199201613573	8.93750899988086189	44.10406960145648725	94.83982822261474155	7.39405579796246304	27.81140267227711149	244.44545051623472887	103.13077145930446932	201.14721756792073393
BCAS4	926.18178987112105460	103.47901813530009463	330.22597370772444947	1286.27158757308620807	56.33156095427170129	11.28135760736852866	232.59594375391600352	326.10391271514492928	2294.74089167220199670	144.82494012100440273	220.73568880010301996	314.82158737434258455	146.19150905563014931	6.98138277198470725	272.74668112232916428	38.28711683483864903
BCL11B	13.61998023877838015	45.99389747629416547	1061.44770445761810151	12.39966423459741840	32.00161236539568677	21.27865670443008739	324.62002877771146814	1263.75429636955414026	14.07006427900311607	589.95496002109280198	94.12981597768917652	1795.07637121926563850	7.46057435023625626	8.96483191550503555	30.62798253658360892	191.92151109211107496
BCL2A1	557.32831516127896521	1580.12874505687591409	325.90408865526461568	1273.57858925544769590	18.97296874436447567	1346.24292516785772023	259.69949085515509069	281.66314290467721548	633.90266297274331464	209.46202662873076861	329.66069823983616516	437.49763793620309116	98.70372960954028940	2287.46317564386436061	285.56136137425721699	147.57488470052058460
BCL2L10	2.64089557630589056	4.48511480417958097	1.00000000000000000	8.39547676624337136	1.34140822032323248	3.45448829686572179	5.16553438991597158	1.00000000000000000	1.78586442008501778	1.00000000000000000	1.00000000000000000	1.00000000000000000	19.85677376610606260	1.20493773392280201	2.40640819152644481	2.42685276843734243
BCL2L14	10.31179442755959563	305.05400106953976547	8.14620918708023822	7.61179024285315275	4.27112451394209192	112.78761664663842623	1.00000000000000000	59.43354651209368456	3.01043584848742718	24.36123368954604373	1.00000000000000000	39.53827447909358028	1.85480421096353321	9.31618996488757567	1.00000000000000000	1.00000000000000000
BCL7A	596.34263655675738391	20.92515464779969392	18.93610724464426198	203.67741784412132233	152.79659712966221718	123.56175718122550222	8.47246478474856346	53.43480855154832909	1439.51487832814427748	61.90735847230217104	15.62197221303410188	54.80858906959593213	731.31677115485513241	37.25112858704478924	42.35474718230971547	50.01009605615628573
BEND5	507.78741654278172746	86.52597719362034923	8.07712997205544880	296.62706297700287905	17.45478752129628575	36.31600393611409316	12.19294511530335967	3.31226700889165437	110.39978940221321579	8.63633409544249986	45.28040205271808816	50.76077198982210348	47.57735021451075141	2.24715661979062720	92.56793140580457191	29.62524863107600481
BEX3	5.06373355578729267	867.55426593179834072	73.48766442805919041	24.89541494147406553	23.94629001172827643	25.02681769854942218	110.95043004613607707	155.20839574114015136	27.64933355539566051	110.21821086797653777	102.31414760119022844	456.81200540592533343	30.05191282644983275	45.74973150212084505	283.90119172213042020	390.17503923069074290
BEX5	2.59463008570318632	46.76762713404060889	17.19345930593884120	15.22717278332126334	45.72606383243908823	2.93262395892345440	20.11788246860233897	74.67492102659082320	2.18365249970651387	22.77440315327690001	84.32532816122845531	83.88927538112544369	2.14015229704640131	3.15817064154673055	146.01921093035460331	18.73551532229805616
BFSP2	155.63968525865777792	2.89484974880829915	5.43550554330613611	141.39198277478192267	50.75710162129813341	2.14292453125198668	1.00000000000000000	39.74495298076401895	414.51532797387432083	19.77010240940846231	5.64497364858393436	18.90132722552274913	20.52668105667331844	1.34678997800257827	1.00000000000000000	8.41054189903876903
BGLAP	9.36615640177680042	7.93196102713834161	6.89135901020267205	2.50930131963290881	7.86767644766678664	6.22798011519498473	40.74237850545140560	8.26698618597209567	7.16192994735022737	4.84931526720876072	12.70485866836508038	9.61765427350463398	9.74268618055820568	8.93743651528817828	61.83568204973326488	131.67187757361728018
BHLHA15	1.48426009492090683	1.41924536876745999	1.00000000000000000	1.00000000000000000	301.09611157417498362	1.00000000000000000	1.00000000000000000	1.00000000000000000	2.26837749256794918	1.00000000000000000	1.00000000000000000	1.00000000000000000	3.21931692776976819	1.00000000000000000	1.00000000000000000	1.00000000000000000
BHLHE22	1.00000000000000000	380.79445394216332943	1.63382480500152805	2.58287213166856588	1.00000000000000000	1.47308665586656184	1.00000000000000000	1.62599995095674577	1.18635742088499985	1.00000000000000000	1.00000000000000000	1.00000000000000000	1.00000000000000000	1.34594818200026745	1.00000000000000000	78.83275253568541530
BHLHE40.AS1	14.20924495294181789	35.68839802064742628	163.15806857467362079	26.88878959898320531	2.59426848918289554	20.36842273587089736	27.84264986985020940	121.44544101693027471	1.09687201907913146	128.19475678113383310	44.04286984575386299	228.29088488713716742	18.41991268912060065	6.81370593804420643	31.21938600124219576	1.00000000000000000
BHLHE41	65.95892800894485219	1.42879777726792856	1.00000000000000000	796.38426658331343333	299.96907408690515240	6.52516217563551670	1.00000000000000000	1.00000000000000000	11.07421094133850481	1.61901504801848173	3.82197618351279900	1.57271899987038433	7.17004218896551127	15.28392177356644588	1.00000000000000000	142.12418430919774437
BLK	1688.61496127901637010	28.93148946431404411	42.76323825496417186	1919.33880626980567286	51.71986819379989697	11.50048766244873200	1.00000000000000000	38.98829650897071275	875.23088026652078497	23.51347468753754555	1.00000000000000000	18.05652067940184580	451.53801360089931904	7.39027971559686048	9.85742934400293613	42.80471679024702780
BMP6	1.53623556526178895	1.41924536876745999	1.00000000000000000	1.00000000000000000	35.56896176549330590	2.65806632065457782	1.00000000000000000	1.00000000000000000	1.94923115115550405	1.43618745437184003	1.00000000000000000	1.00000000000000000	2.89860946894172589	1.00000000000000000	1.00000000000000000	69.81858250217059947
BMP8A	4.01558524539656503	1.74993932376732131	2.02794903546182947	13.92497738604905066	14.65981390778304494	2.44047791875766329	1.00000000000000000	1.00000000000000000	2.97629608715333749	1.69334048002456994	2.78679452349330470	1.69417130515881897	2.16161422161752093	1.00000000000000000	18.18096024678319367	29.23256107264584713
BMP8B	1.70099162814176674	9.92038612093996797	3.36071200673907944	7.84314754464930974	36.36253173796512073	1.91790301099125493	11.03278761498891924	1.66973099705328676	2.09796829114515671	1.63825278319607870	63.99018071256190865	1.84048987836452715	1.37759326850247765	4.26389813081046398	114.59901573211193693	1.52162113696218393
BOK.AS1	1.00000000000000000	1.87279882432493006	1.00000000000000000	1.00000000000000000	1.00000000000000000	1.00000000000000000	11.02751761921854090	1.00000000000000000	1.00000000000000000	1.00000000000000000	2.04329854061379201	1.00000000000000000	1.00000000000000000	1.00000000000000000	1.00000000000000000	1.00000000000000000
BPI	1.00000000000000000	1.00000000000000000	1.00000000000000000	1.00000000000000000	1.00000000000000000	1.00000000000000000	1.00000000000000000	1.00000000000000000	1.00000000000000000	1.00000000000000000	1.00000000000000000	1.00000000000000000	1.00000000000000000	6.05234444162338381	1.00000000000000000	8.87665707952336192
BPNT1	138.89468618364341523	68.50097360353092313	89.79079301164387061	225.70255449739121900	38.65696776310774396	60.96405391366366899	81.32369346334338900	97.41198096486289160	549.97134822250529851	64.48194883216346796	118.87127390462107712	99.92617787012918029	98.26377457097856905	35.30926010531786829	142.17963507794519273	150.51981919716303082
BRCA2	97.74760256639602574	84.76413342224942937	38.27822440592062492	113.07936117302587320	96.02343389442783916	59.87844080207134567	18.29780743532519693	33.40195551497562576	239.50558964104288862	385.82281521468502206	31.82610829870880309	31.41157992459534398	126.00021929855375902	35.16797906295542475	50.85561344091597391	25.28414239987231582
BRI3BP	268.26012109997242305	260.54186730996133292	62.24459689299057885	287.23606320132159908	198.00677267669232151	274.77928729779227979	74.96905281755064721	72.35950923868136897	842.07998287412624450	318.84152693484071506	67.40063847470960923	93.29252422786009902	363.38093402690441280	164.22514382744677164	55.65899324840112428	64.53774330416030125
BRINP2	1.19688398259772044	132.05924526438585076	1.00000000000000000	1.00000000000000000	1.32708021568799528	1.00000000000000000	1.00000000000000000	1.00000000000000000	1.00000000000000000	1.00000000000000000	1.00000000000000000	1.00000000000000000	1.00000000000000000	1.00000000000000000	1.00000000000000000	1.00000000000000000
BTG4	1.00000000000000000	9.67669493903123090	1.00000000000000000	1.00000000000000000	1.00000000000000000	1.00000000000000000	1.00000000000000000	1.00000000000000000	1.00000000000000000	1.13525052940264870	1.00000000000000000	1.00000000000000000	1.00000000000000000	1.00000000000000000	1.00000000000000000	1.70175103515574433
BTN1A1	1.64196380995276692	1.00000000000000000	1.00000000000000000	15.92267994334900294	34.88452379988671481	1.99703403203225949	7.48008616275438687	1.00000000000000000	28.08946965426909159	1.00000000000000000	1.00000000000000000	1.00000000000000000	1.00000000000000000	1.00000000000000000	1.00000000000000000	1.00000000000000000
BX255923.2	1.00000000000000000	1.00000000000000000	1.00000000000000000	1.00000000000000000	1.00000000000000000	12.38397026004173718	1.00000000000000000	1.00000000000000000	1.00000000000000000	1.00000000000000000	1.00000000000000000	1.00000000000000000	1.00000000000000000	1.00000000000000000	1.00000000000000000	1.00000000000000000
C10orf105	1.00000000000000000	1.00000000000000000	1.00000000000000000	1.00000000000000000	1.00000000000000000	58.84067606082750501	1.00000000000000000	1.63571452489953217	1.00000000000000000	1.94673330958288182	1.00000000000000000	1.00000000000000000	1.00000000000000000	9.14603802442972835	1.00000000000000000	9.47063429315439187
C11orf45	1.42506495108618214	1.44829093328032465	1.00000000000000000	2.31474390691245002	1.00000000000000000	3.18441413470991508	4.25902196410644240	1.00000000000000000	1.52665512516017410	1.44513070190457205	1.79940903088040560	1.93639790271677881	1.00000000000000000	6.03433476376309130	1.00000000000000000	1.99829769200593521
C11orf96	2.29002432124070365	1.00000000000000000	7.89075031689104023	1.00000000000000000	1.41448793526993377	10.05316563871713420	10.88642512475970037	3.46857377048577087	2.11043118187115253	8.79799444867253477	8.07017283685842379	4.07537731208472476	1.87795060545563119	3.06089362192023939	3.04688011524653524	233.05287326110678237
C12orf40	1.29361465628832795	1.73285162530473458	7.78358552763316069	2.55823608973029337	1.15814046908437951	2.05487129505620203	1.00000000000000000	6.35224637805412051	1.00000000000000000	3.37952275064860697	1.00000000000000000	5.69805217469439196	1.49442870387589810	1.00000000000000000	2.69970333836629450	1.00000000000000000
C12orf75	330.72514699081506251	2872.08914147905397840	1019.60803551347146367	380.48754326068996079	221.37469024041499210	111.96798908443403775	1120.03009224318248016	75.32654388945188373	930.40866748913379070	451.43750837976688217	472.38826116817142520	133.58960962544190920	3095.26100031165560722	17.44708438975471410	506.88095784493498286	249.21559921547932959
C15orf48	3.51485294592271735	153.25839154754925175	4.01143589442909132	3.41181430647635953	1.00000000000000000	746.50369683873793747	72.10938632952716887	1.00000000000000000	1.99624388307412315	5.67907987550652660	10.08783964922188403	4.93800910151416073	6.84470946671850911	412.97223054951030008	24.43666669071057385	57.72359522752280725
C17orf53	6.89498331850889912	22.22184980029332024	8.86158001157090602	6.91214940855751259	6.05615723164938480	4.39463822275886340	1.00000000000000000	4.50720643934874232	41.96693843237919452	87.88462653475666286	2.22715622499692056	6.47206584994591516	16.19690227556552031	6.76665332892742466	7.69476358219985279	17.76913841820778828
C17orf99	6.07919537411324296	1.00000000000000000	1.00000000000000000	8.63551527405420849	1.00000000000000000	13.54711130933527308	1.00000000000000000	1.00000000000000000	27.00681378351129069	1.00000000000000000	1.00000000000000000	1.39465131464561232	6.44048026317796030	1.00000000000000000	1.00000000000000000	1.81778940892702345
C19orf33	2.11671843618050115	1.42083064536134840	1.00000000000000000	3.01735439761702073	1.12453068652262100	46.66529427426143428	18.42314144130603992	1.00000000000000000	1.00000000000000000	1.00000000000000000	11.04979218091931159	1.36873863784964733	4.88103287784273210	7.96897738687099455	74.70382566920429213	1.00000000000000000
C1orf198	8.26704990794399208	226.74452407223870409	7.98795088549486021	26.57868875815550780	9.53806405136679913	29.38712452371258976	22.68958371174296573	21.95334648689844315	15.36414640931897502	36.92052747935204593	26.57116008781360605	34.63662854506888777	2.91841598925518042	13.31628977791232593	28.98594902747933588	1003.13096629785877667
C1orf54	16.43051289889453770	32.58328508024282399	21.84507720679810561	17.57230658286096059	8.02509911137300058	872.44584413222241892	14.62462498463872684	16.26983873818442561	8.37880736942919668	10.59360043928714212	34.97314830580969414	31.05481290356602386	24.46681071688605869	225.57150091839037032	24.13166301290078408	180.44875014523069012
C1QC	8.86055457566449789	190.61806703854074385	3.88416631031501414	20.60971450069924771	21.33332092803362201	392.03147860807672487	20.75145635857665027	2.40527762511306342	1.00000000000000000	22.49599080236622939	2.75961226576540586	3.17489049098604337	42.28907552379664025	2572.11285731503858187	1.00000000000000000	904.72044995477165230
C1QTNF1	2.62415195525841005	9.23148854497878268	1.00000000000000000	1.00000000000000000	1.00000000000000000	2.93871342400810098	1.00000000000000000	1.00000000000000000	1.00000000000000000	1.00000000000000000	1.00000000000000000	1.00000000000000000	1.70265992608360928	2.64665184203724779	44.67670501753313061	480.74541904226896349
C2	4.86823156069482277	10.92597739281943348	2.53876511295752438	1.72654958283844784	15.85442930649019999	45.20925687742599308	1.00000000000000000	4.57626597527654688	2.26341380397209324	6.89653761672528631	1.00000000000000000	5.50659845884551213	12.98235128122093407	311.28318717577877806	6.11306933329479296	1278.51719718437993834
C20orf204	2.43829331434966701	73.72633720859845141	18.22996833477422385	8.60074353221360433	1.93418240120857821	2.11532618882827395	13.25473040771307964	1.84308770930420684	5.15462197259493227	12.03798373581011383	16.88610415949873556	335.79193067612908408	4.74347081071441679	3.56393298212136900	229.45972655866339096	18.88171711498738503
C21orf58	37.87721780349147593	112.08281509321446379	20.49483956784706606	19.50344520853773389	30.13300738455522065	10.94139063606802509	10.62410585526735396	39.18960681531999768	221.56127634751879896	319.14258368799971777	25.28880092294204118	30.20724996901460457	19.50702620301995083	5.91232711240602704	19.84090556505072911	20.68962260330403780
C2CD4B	1.00000000000000000	1.00000000000000000	1.00000000000000000	1.00000000000000000	4.95275543362076842	6.03823837440112055	1.00000000000000000	1.79000737599346249	1.16211811337761417	4.29080328600932503	1.00000000000000000	1.64333202991534000	1.00000000000000000	2.28126586179451740	45.27326446929457404	1.00000000000000000
C3AR1	2.79892606707003155	31.59744824413546738	21.94379419525261810	1.00000000000000000	1.51544145547267384	41.25164030294627082	84.84172556425137657	2.38699522126701869	1.00000000000000000	7.94918887512301442	19.81736557760139661	6.58800090838814789	7.42408983655406907	573.09412247192881296	39.81195255008364597	43.07400584092813745
C3orf80	1.00000000000000000	1.00000000000000000	1.00000000000000000	1.00000000000000000	1.00000000000000000	2.17439966585139288	1.00000000000000000	1.00000000000000000	1.00000000000000000	1.00000000000000000	2.33570835698795953	1.00000000000000000	1.00000000000000000	1.00000000000000000	9.78461930567351601	20.54053880808544719
C4orf50	1.29889977022657543	13.30188372788719953	12.80262888653349584	1.85721284831120048	3.73115746134686921	1.00000000000000000	6.27877534233526191	1.00000000000000000	1.27559253133757000	1.71399904888815957	3.09392667436778845	1.00000000000000000	1.00000000000000000	1.00000000000000000	1.00000000000000000	2.86744540440965912
C5AR1	4.22855784297686110	22.51554674256523114	2.66884911833405880	6.14508234150564991	1.00000000000000000	14.09843402356864139	1.00000000000000000	1.00000000000000000	1.44445499062223992	2.37137427849945714	2.33643710410771410	2.04827749834520523	3.02140042771551931	353.93877048520914741	1.00000000000000000	70.91662668948704606
C6orf223	1.06586335518633457	1.64791966494512754	2.29636594552877504	1.00000000000000000	2.17356456135553877	13.50886053117072727	1.00000000000000000	1.00000000000000000	2.91595653503208840	1.70302090318629173	1.00000000000000000	1.00000000000000000	1.00000000000000000	1.88546226535991290	1.00000000000000000	1.00000000000000000
CACNA1C	4.61115480292534041	148.29441940216511853	11.44746490956561402	3.24514875380754875	2.03520885606725699	2.25348773072931241	23.89604562513627428	8.66983196171731763	2.22711933498249781	5.25361964808000081	10.29408078583893449	8.45029619330871462	5.30322337676727695	1.00000000000000000	18.28498404266812472	357.55603306788964346
CACNA2D1	1.00000000000000000	9.93625244623189374	2.06024673638671141	1.00000000000000000	1.00000000000000000	4.99350552807150994	1.00000000000000000	1.46201031044080176	1.00000000000000000	2.61348199040200013	1.00000000000000000	1.00000000000000000	3.25920573330222840	1.00000000000000000	1.00000000000000000	332.18205193436290301
CALHM6	1183.28663888099868018	530.57527818275082154	18.37013318255881344	507.75091827682109624	10.01415098718201335	1615.43399817474369229	154.21760272647742340	7.02102773455174578	53.89509292594267009	55.34391528445698327	43.64392599272302675	131.30452749259262646	364.74249126658634168	2674.79961213885553661	92.24815435666971553	736.70550309232601194
CAMK1D	881.86659227114921578	303.93872884364748188	139.79221307994924928	760.96106224554716846	64.78682194302149355	303.97283064015681475	138.23304064180712203	62.80872152321234125	101.45620572774207346	61.95728945731134019	212.90127353831826440	208.53429170991282149	52.89058491484183122	124.58743455950209977	197.26773699870764744	90.83293455229932079
CAMK2N2	1.38058512194304317	183.10123329195275232	1.97782583479342811	1.00000000000000000	1.08108548408075467	1.00000000000000000	1.00000000000000000	1.00000000000000000	1.00000000000000000	6.49611160580816094	2.71868602391756653	2.41045207911732762	1.00000000000000000	1.00000000000000000	1.00000000000000000	7.56532608283311081
CAMK4	12.84774339326172310	362.16878175622071012	487.04350597485318985	60.60643837614271945	21.10713398224403647	11.91736109158472523	171.52657703264691236	65.08672418650536429	136.18698842007290750	181.55721501218118874	73.98945949490878604	1449.38570412943158772	4.12183831253896926	2.75086606391126498	185.03198746047735312	48.08723344293374424
CAMP	8.50894464849846344	1.00000000000000000	3.61814874987146062	18.72040494213461415	98.43605607293670801	2.33660291801921804	1.00000000000000000	1.00000000000000000	297.59677397893739226	1.21439036867199501	4.69128575788989277	1.36618792322932059	3.70306464009010927	8.14124131661172257	4.03618798001540213	1.09456507718790075
CASP5	1.59899536193215153	12.58117793207091850	1.00000000000000000	1.30819870625964052	1.00000000000000000	30.55655722802431384	1.00000000000000000	1.00000000000000000	1.00000000000000000	1.40974000489942286	1.00000000000000000	1.93762237395979353	1.55800900474153226	321.81138186658159839	1.00000000000000000	15.37830727172392997
CASR	1.00000000000000000	36.16109490256160797	1.00000000000000000	1.00000000000000000	1.00000000000000000	2.16902780229939296	1.00000000000000000	1.00000000000000000	1.07375684537305793	3.02738415187160648	1.00000000000000000	2.03031757175927252	1.00000000000000000	1.62150895203474432	4.54030584048002606	2.83962691842034198
CASS4	3.85462776422585662	3.81785424748454139	58.96184644568152322	6.86478900614616805	3.85670215972036079	201.84010136995868834	35.65660460379942265	63.21964224230585216	2.82185859172929865	44.17183641045791376	78.69757182857163968	86.32861455971379883	47.67002377901351196	68.18919588037717006	135.56177676757855011	23.47123584448788947
CAVIN1	3.68313056007833017	12.28205587707277857	1.00000000000000000	2.77019041029233515	2.28484401736227838	3.03722717852238144	1.00000000000000000	1.00000000000000000	1.00000000000000000	2.56445292474606301	1.00000000000000000	1.93624595519081555	3.01678161799501821	2.98954414425916370	1.00000000000000000	757.03677477295775589
CAVIN2	1.31443132014614861	1.00000000000000000	1.00000000000000000	1.00000000000000000	1.00000000000000000	7.33854559927036387	1.00000000000000000	1.00000000000000000	1.00000000000000000	1.00000000000000000	9.46289281010241012	1.00000000000000000	2.51677051971232846	2.21704471639632272	1.00000000000000000	9.21684257544957042
CAVIN3	1.28016210315761869	430.92983126902817048	7.13083220373766391	2.35620070018120087	1.28671002340546514	41.97294986502026148	1.00000000000000000	1.00000000000000000	1.00000000000000000	26.66489828238362492	1.00000000000000000	1.44591434888348802	1.39145172831328834	45.41479495256180599	1.00000000000000000	183.65405548930709756
CBARP	1.00000000000000000	3.37029116175351451	1.83363742421119014	1.00000000000000000	2.71363347222353646	5.49646577488974142	1.00000000000000000	2.13708840528092514	1.00000000000000000	1.14325745934706369	1.00000000000000000	1.69221411125305687	1.00000000000000000	1.94110204704450595	11.37448243928385772	1.00000000000000000
CBFA2T3	184.23813780252766037	16.70097552298955534	45.25404277939879449	442.40288560770358117	88.05890773224909651	447.34081255970289703	5.99594510961511418	1.00000000000000000	256.28668055231429435	5.15808037812323672	13.28441049066850788	7.92715461797856147	1126.76619129533787600	145.90054551382007730	159.08120815546524796	113.85614735885027926
CCBE1	2.45104556334493573	1.00000000000000000	1.00000000000000000	1.00000000000000000	1.17952379762910797	1.32451377691362504	1.00000000000000000	2.74498334861395588	1.16176777761997485	1.23365607061941418	1.00000000000000000	2.10132641578335866	1.37594799938846024	1.51285405759952951	1.00000000000000000	33.21114801572425534
CCDC102B	35.51680096857221969	42.39581298768075612	25.32145675430530218	51.61051184660427538	6.58540438388796279	27.74070776553469742	50.43196560371896453	17.89746054030328537	6.84270369209819318	7.73882212277087778	45.94501277379073656	43.95431538236324798	196.87202776030960649	7.90329451871879574	80.34411282060527526	1374.31374582353828373
CCDC106	279.84424527832572949	83.71445553527595962	20.82025151898491444	281.50116871271410446	38.96874154745930241	66.95159482625480507	15.22023701785484029	28.10842355549819160	251.68288240132341116	23.49885760211723351	27.38084081629323308	66.60431505104051553	126.45456813219463754	30.18034997697059296	54.77961637724464339	79.36416193688572207
CCDC126	118.00084558352995145	54.16613347532710065	93.72506080616037138	130.74314681098397273	40.53547217726150365	147.18173948738717627	98.18237958117342146	115.32820169248230968	333.73148692665319004	75.05866145798360378	74.74337341428550019	111.77221549908811937	28.06997486294723743	53.37081181723218037	64.07543016984497797	79.85426181612690755
CCDC141	239.93157790920685102	40.11632074814737337	299.38520792912697743	269.32373605129174621	11.69799119487237427	3.60668095647578646	32.49042768707798245	80.55085369645023263	230.98731118371233606	41.70815005176793022	99.87691892527242032	120.57687001793816250	6.50380794751376978	2.38720405111818224	324.06423357758944803	40.79904104066518045
CCDC144A	22.16515888142226132	89.21795335835274443	122.28675593729676052	37.45480336068514049	237.65330159018421341	55.82366868592446707	79.46941134413513907	94.73613541852387243	340.38886286664842373	48.57777035409258559	102.51881184001784675	95.03568294262055360	84.02852336310081682	59.52836427635022432	113.38911976311425178	1.00000000000000000
CCDC150	4.23279082568800202	59.26490347072456188	3.23727641214812856	1.57865994441586444	5.82682640904763804	5.22206697738926628	1.00000000000000000	1.86917870124102947	29.61699888302725725	46.02935601853373981	2.71330327215284139	2.66636683223985749	2.55653412739515407	2.76137952740389103	1.00000000000000000	11.05207498866001714
CCDC167	162.55665985111974692	359.94389373972791191	675.88378280865617853	322.47963223229828600	503.09472738869845898	257.99229108328472648	267.97196718183857911	1434.63479443690403059	705.38825800643951425	1043.83710616138455407	156.07394621349106956	760.93232971629788608	73.16158036827985711	207.81714479725690126	167.51584481817366168	60.32847798986372112
CCDC178	1.35646430614949720	264.84249860606723814	1.00000000000000000	1.00000000000000000	1.00000000000000000	1.00000000000000000	1.00000000000000000	1.00000000000000000	1.64555999694291710	1.00000000000000000	1.00000000000000000	1.00000000000000000	1.00000000000000000	1.00000000000000000	1.00000000000000000	1.00000000000000000
CCDC192	1.21989470285676394	57.93325619068189525	1.00000000000000000	1.00000000000000000	1.00000000000000000	1.00000000000000000	4.87617591636611714	1.00000000000000000	1.00000000000000000	1.00000000000000000	1.00000000000000000	1.00000000000000000	1.00000000000000000	1.42381700305576619	1.00000000000000000	1.00000000000000000
CCDC34	55.22982758472929277	196.06682291987812050	68.60339214168764954	53.89300403120271454	31.30875154585957176	20.33471204819997169	47.16790571697715961	107.62260646551183640	177.13219100512685600	328.01716665452931920	57.06362645299579839	69.75015924695797764	21.30792341481686236	11.47880042826034064	39.84166311229620305	49.04016512725991817
CCDC50	819.71314364563136223	772.84847927389319011	105.43841726729516495	1288.29992248919165831	136.70396544648227177	484.57284160503030535	208.44603161098916644	80.64193760394012145	251.13390600233790906	268.24133001632390005	241.52903052691664243	111.29131150089345681	4642.23826080117123638	229.64993178540373719	243.75733006187883234	914.32459366342891371
CCDC80	1.77627427858905063	30.58187131158032912	3.83415482467534385	1.65665421438048810	2.49880303895826783	7.99432732235346677	1.00000000000000000	2.26672909523650645	3.79102252361089986	4.43631250490959061	1.95975560225218892	4.46024360593922520	3.40658140513313734	5.21350364373802577	1.00000000000000000	661.52866120798216798
CCDC81	2.40648385910635199	6.74125024860212907	1.00000000000000000	2.72546979637216591	1.00000000000000000	12.11205764749447944	6.23304538869401270	1.00000000000000000	1.20559046030200623	1.97014920310636299	1.00000000000000000	2.11170751024090864	3.80857629266562636	4.91024582241132457	2.90627694072224330	4.12146725622415477
CCDC85A	1.29076099366347719	1.75937628896477349	1.00000000000000000	1.00000000000000000	1.37212261606414376	1.91576609735627490	1.00000000000000000	1.00000000000000000	9.93739252777735516	1.00000000000000000	1.00000000000000000	1.00000000000000000	1.00000000000000000	1.00000000000000000	1.00000000000000000	1.87503791127753194
CCDC88A	174.79481024394604560	152.75404542565109978	26.96589974986116545	234.85492142669107807	691.95762297566238885	1078.30805648313321399	61.57134981817330299	7.89343049136627961	1654.23267018920819282	39.85717316840038649	98.49969250523170672	52.34118501981428295	1902.70411934838352863	565.47128445796124652	224.03317776258560912	250.83470522990532459
CCL1	2.32218255991245526	1.00000000000000000	5.01813068219896596	1.00000000000000000	1.26841437761428089	1.00000000000000000	7.37988913627960930	1.00000000000000000	1.74325740320877065	9.09482130614051876	10.55532961021670424	1.84472081303423430	1.00000000000000000	1.36314430227672245	80.55177449755419161	2.83830157158605090
CCL13	1.00000000000000000	21.84935499197529296	4.77495297174201738	1.00000000000000000	1.00000000000000000	1.00000000000000000	5.40557824667750886	1.00000000000000000	1.00000000000000000	1.00000000000000000	1.00000000000000000	1.00000000000000000	1.00000000000000000	24.10653442684769843	1.00000000000000000	9.04195661604816614
CCL14	1.76755868918701387	1.11943497923710811	2.15101404675757468	1.00000000000000000	1.00000000000000000	2.02789428078725020	1.00000000000000000	2.40527762511305987	1.00000000000000000	1.00000000000000000	1.00000000000000000	1.00000000000000000	1.58637935077287029	2.41627801285731447	1.00000000000000000	32.41841369125142336
CCL17	20.17464854953473363	16352.20490909104773891	21.95621599789857115	36.93373783692029377	1.14176624423616557	1259.78939061823348311	16.89817713151001399	22.93695010145479785	5.14561243707661209	5.62641840979461527	1.00000000000000000	11.82649043754844165	5.43150675472575806	84.38587085268196120	12.92476031742259224	4.42740030574221421
CCL18	15.97522791002168674	142.16541709317621667	26.43150805668608783	73.24751829805758518	5.33023882310066632	50.18775861728204291	165.67336130522218696	3.31621646443165963	1.29427753084690478	32.76951546554285244	11.14168061435079693	3.13805526274645086	21.89960891136954046	788.24249488784903406	42.75288272421114044	190.44225823467641590
CCL19	16.95491050741488337	7.69591634042414086	2.32365894245996474	18.84552289031288197	23.22770628785069746	1040.65328585742304313	1.00000000000000000	2.40527762511305987	1.00000000000000000	20.65755274870331348	1.00000000000000000	3.66180577003304952	104.65487795467457488	112.60413513637861627	9.79667402531834952	16375.18682503028867359
CCL20	1.00000000000000000	1.00000000000000000	2.33856916800116243	2.56466932013981674	1.00000000000000000	1.23705537800134180	1.00000000000000000	6.89782018309447587	1.00000000000000000	3.97477929221029669	1.00000000000000000	4.95520085973036561	1.00000000000000000	6.29293038910636593	33.19525019231721075	3.00655137643513548
CCL22	13.11816077943426784	5446.98705610576234903	12.73206346889490526	6.40256995547882291	15.91958290304750356	315.01121544001017583	1.00000000000000000	10.27946866813155680	7.22581301408883281	17.35559802063755441	4.49629738409349766	4.80021201453706858	1.66044025949527718	12.08492370632415636	9.02983489428936004	9.63655674510372862
CCL23	2.35193565745773769	3.78947724907608574	3.33850690583316467	3.77716993250779254	1.00000000000000000	2.96771628028244860	14.65549230892000487	1.00000000000000000	1.00000000000000000	1.55261767939817030	3.21820957473744240	1.00000000000000000	1.00000000000000000	162.67606210049558513	1.00000000000000000	1.71716375265335852
CCL24	1.80847746934572662	1.00000000000000000	3.44015608820906760	1.00000000000000000	1.00000000000000000	7.02157502292584290	1.00000000000000000	1.00000000000000000	1.00000000000000000	2.18259143802470712	1.96174612788298441	1.00000000000000000	1.57541719013066950	146.13714320115605005	1.00000000000000000	8.91282105988032036
CCL26	1.00000000000000000	3.47618594632524447	1.00000000000000000	1.00000000000000000	1.00000000000000000	2.05970878337240837	1.00000000000000000	1.00000000000000000	1.00000000000000000	1.00000000000000000	1.00000000000000000	1.00000000000000000	1.49435338559521957	24.70900737095919553	1.00000000000000000	9.59725154556140048
CCL3	77.88195882669033665	40.25138168005214823	1319.74591892049738817	17.41500877102826195	51.91431187950071546	301.60764972393059224	1189.42301891595570851	1.91655761485518106	19.88215360777795127	22.61535254594862110	656.50423789590604429	4.68821374084303866	57.62731693710320968	929.03760787391536269	12.70949798397126074	20.49531207309497560
CCL3L1	8.11428685181082976	2.33290029488152451	441.36222984084503196	3.75067863543186908	1.36583620247030457	245.12471622534113180	169.44883531460334325	1.00000000000000000	2.90319685987588816	1.00000000000000000	87.79512225364199196	2.90675707804237593	7.23330941954891760	108.17534943505535239	1.00000000000000000	1.30548710212021879
CCL4	94.75542430815060868	114.43165748056222242	6556.29861528160381567	14.71136867668153236	11.83787638107134832	151.70365195828094329	4539.93712515106653882	8.66391370540453210	15.16868385947019071	33.24228525735560424	1328.20169228374197701	21.38837307103932517	101.44229935954417954	2094.84272829949213701	34.40741557563804065	41.24287829027790764
CCL4L2	11.10561096526340208	20.24850006542444802	2547.09237239997764846	2.25236695860440905	2.68809823964768535	296.28300320219682362	1257.12817120279760275	2.59918778331069866	10.69023156954812315	4.95260697417069906	304.84982541412847468	8.56233572600645054	17.62432662879625056	238.53811503126257776	7.30783735649508959	3.39207715070788485
CCL5	81.01211176474237163	376.08057401619174698	18360.63878898047914845	217.64491967139545636	49.14457455420734533	106.20856483664789494	8686.50058159699983662	22.02114578388778554	93.32893455059388543	176.69643091180012107	4348.89134642380940932	68.95727811810378682	30.11758221068140884	42.84589673408982691	353.82848463364274494	385.43940912396880094
CCL7	1.00000000000000000	1.00000000000000000	1.00000000000000000	1.00000000000000000	1.00000000000000000	1.00000000000000000	1.00000000000000000	1.00000000000000000	1.00000000000000000	1.00000000000000000	1.00000000000000000	1.00000000000000000	1.00000000000000000	7.24013930887272750	1.00000000000000000	1.00000000000000000
CCL8	1.20544916854631823	2.18665181444637113	1.00000000000000000	1.00000000000000000	1.00000000000000000	1.38965978051184758	3.96937350197122951	1.00000000000000000	1.00000000000000000	1.00000000000000000	1.00000000000000000	1.00000000000000000	1.00000000000000000	78.05892315246634894	1.00000000000000000	77.65406362393216000
CCN2	49.52529971305620649	1.00000000000000000	1.00000000000000000	5.32588004452639652	23.53419924206912484	6.50516471750989833	1.00000000000000000	1.00000000000000000	2.30010612085254396	1.35165551176855403	2.19926895427730740	1.98377399664370335	1.70244993679491174	1.21828598032723501	1.00000000000000000	3283.84618419140633705
CCN4	1.00000000000000000	1.06006576854886903	1.00000000000000000	1.00000000000000000	1.00000000000000000	2.74151037714483659	1.00000000000000000	1.00000000000000000	1.00000000000000000	1.00000000000000000	1.00000000000000000	1.00000000000000000	3.53043033630712566	1.00000000000000000	1.00000000000000000	358.47334368890773248
CCNI2	1.59906028606086070	194.25682807340567138	30.19564814524832386	8.49161991251491877	8.78677252718014756	1.82745203129914335	6.12373021534469775	79.96797967957527931	6.61875732261569993	59.78377869771562558	1.00000000000000000	49.05919128516973160	1.77407255117541274	1.94550445337949629	1.00000000000000000	3.47950539345666643
CCR1	2.69033336110176169	23.91162299729058560	84.36155483165074997	92.67073588743834023	7.81083259858846723	244.17486816678530204	156.33900882137916710	1.00000000000000000	2.37230670608112781	11.92676690885806678	248.96377380416666369	2.73886680937679339	64.25117280534026065	465.96119692401885004	37.73063376849953698	42.31200834525915866
CCR10	6.14810101882277671	1.00000000000000000	5.40315281048680784	18.67056890273913083	155.32136885705614304	5.67935949198929357	8.19718113804762005	1.87955088147761673	5.78229395819533565	2.91374085428007223	2.44304082351671425	4.52287757379045630	129.46657397456849026	6.35976592298926491	27.24043789352149147	27.10065966659405845
CCR2	4.16348354002723031	12.95225708865025460	131.67226784683825258	29.38559100820057068	76.33828704059928327	258.07116428042610323	17.45967677677888119	2.57110414493537842	3.63930793006242936	30.47422835775413574	30.58966606686178835	8.83693187088491250	525.12190652540823521	348.03967278503978378	31.24070915166077356	44.19717574091465906
CCR4	2.18516273725058729	48.43666191690606126	100.72554616160627461	3.92773390262061106	1.45130782034491412	9.36861419247020955	5.22059458104785268	1979.74456971120912385	2.93254492810758638	446.17199280339679035	3.63668132635651720	736.46375394636640976	3.43798997104985649	2.68628630906834509	53.81061930002777416	24.48175479159365153
CCR5	3.71096850341850626	41.72137828604370213	435.19585014496476560	33.87792691249492094	3.17951740189046683	273.04318097765843731	98.04056583707630068	48.82484932227375651	4.07592794060898544	166.80578995766111916	53.17242713407483734	19.12209010587093161	152.92327399465079907	222.62049883022075392	25.46425153481076009	133.50463234999321571
CCR6	1368.37732586159904713	9.97665924249805336	28.33574019503173602	936.94760471651363787	17.43627287819263216	120.74155197433651665	20.55966482390707029	198.56142918143987686	84.74671691348063973	56.43525963997609551	14.68580873692022060	115.51569303749680273	22.63246868385822808	4.45208390741081406	333.08464030286262414	34.96195750058507912
CCR7	1456.08386454215519734	1715.23526958645629747	377.37449508144266019	827.60115508769013104	48.29340763640247047	587.89374876930628488	175.23297381506185388	960.70264546230464475	82.77817378548175498	630.64669683160150271	592.19045391676695544	3347.54977894851026576	163.02844876839174049	7.58735344539354095	508.85865857484856178	267.05270301466282490
CCR9	5.68103516571145928	1.00000000000000000	1.00000000000000000	12.61865207369132236	1.00000000000000000	19.34521436884030265	1.00000000000000000	1.00000000000000000	1.00000000000000000	1.21336407087283549	4.02058634198276543	2.30719909312628113	6.22512384596548785	1.69408797529046384	11.68563850616167876	1.00000000000000000
CCSER1	369.64208726377046332	14.47639508543248610	1.70408805042828737	158.64321282255284018	9.60125341409830924	440.67346961503182001	1.00000000000000000	1.00000000000000000	72.53356831619434786	1.74338487352855909	14.15397177621946945	1.33038234601999950	26.99956928656167321	23.02675007681245134	62.89097741338451897	36.38250094935181522
CD109	1.30070840312360669	56.13452343701354863	20.08255170114386345	1.00000000000000000	1.83244024786355020	35.19711770738474144	10.81385580050539197	8.63102076829754594	2.29328346119046511	58.10140801040318337	6.55172144477679552	44.23290430060801270	22.03719855153638463	7.56531563379076566	23.23808478916846454	12.88805058342641097
CD160	4.64236124587731069	1.42897643009735731	244.52395906317997287	2.33861654288746079	2.01515507095856616	2.24884782698413410	376.57041308891928111	1.71199680960289680	2.86462108931350334	2.21405379999844909	657.34371627463383447	2.69665158907548408	2.29811771564030431	1.55618774026771689	10.00911716095659010	2.67160150773200655
CD163L1	1.00000000000000000	37.08627997039224766	1.00000000000000000	1.00000000000000000	1.56250139470150318	3.67471157912179969	1.00000000000000000	1.00000000000000000	1.57067427125847381	1.00000000000000000	1.00000000000000000	1.00000000000000000	1.63220681560793812	23.45648374319418394	1.00000000000000000	12.63644541171508706
CD1A	264.67789737115657545	2.80738661014528468	2.58095381329106033	34.95382185145270881	1.29712484383930793	143.85973826695175148	1.00000000000000000	1.00000000000000000	22.71508145636190434	1.00000000000000000	1.00000000000000000	1.00000000000000000	1.54807055711284081	7.60638112428444835	1.00000000000000000	11.86964598951367300
CD1B	2.99449712723213501	1.68011729268760956	1.00000000000000000	1.00000000000000000	1.32708021568799528	348.57915837095509914	1.00000000000000000	1.00000000000000000	1.00000000000000000	1.00000000000000000	3.51572401764086440	1.00000000000000000	1.86915839893247981	30.48494556166717118	1.00000000000000000	1.00000000000000000
CD1C	855.94841989768201529	9.91286093229859411	6.22394013857956718	820.77506105449515417	15.95158629057980626	1621.64264357394904437	1.00000000000000000	1.00000000000000000	137.69781422575317720	1.43235070120397467	8.41988720726218887	1.65140697435802819	4.58605380189876843	51.19951965254582404	1.00000000000000000	13.61295838071465703
CD1E	2.22798806131081895	4.63012691058083448	2.04071404058709494	1.00000000000000000	1.00000000000000000	1002.31356245065217081	4.44349220247006382	1.00000000000000000	1.00000000000000000	1.00000000000000000	1.00000000000000000	1.65878262128296927	3.46776744271727555	22.00685924369621915	1.00000000000000000	1.00000000000000000
CD2	30.67238249087575142	110.81559165646758913	4598.68632862082722568	18.16381611313166644	35.10850792789660346	203.19791124220952838	2887.89311206062393467	4561.12961855007779377	29.97088019863616637	2432.20798993925291143	5096.28620935754861421	3408.77345038146495426	76.20665962424065754	51.82608487892490956	1803.90673782952012516	278.27250130905179049
CD200R1	10.01547611285684347	10.56551677139970558	225.97611262376744889	127.08026003747015409	7.15361587101685892	132.94158609037046404	34.46682547204355274	166.58681670382091511	32.12464364291756169	133.01575108757992894	123.69179822607574692	268.14603065058230413	3.40309324307367023	10.38033791647357518	899.24119766614205673	37.25432923106090755
CD207	1.43083184176061695	1.00000000000000000	1.00000000000000000	1.00000000000000000	1.00000000000000000	76.35247606023683886	1.00000000000000000	1.00000000000000000	1.00000000000000000	1.00000000000000000	1.00000000000000000	1.00000000000000000	2.10102801113439686	1.00000000000000000	1.00000000000000000	1.00000000000000000
CD209	1.00000000000000000	1.00000000000000000	1.00000000000000000	4.32821177043305205	1.00000000000000000	6.23350585636766397	5.40557824667750886	1.00000000000000000	1.00000000000000000	2.36033023374007600	1.00000000000000000	1.00000000000000000	1.00000000000000000	24.25548991545142030	1.00000000000000000	7.40901439753363977
CD247	15.17677717296943918	53.94949075933580218	1959.49209978564090306	55.74110282115394455	6.74040124651456285	18.13595514429551514	2811.03046740165564188	1810.12130665163067533	23.49725324917741531	968.19778141609538125	2574.29963579327522893	2144.34870081009194109	139.38531128195205611	5.45056329208985080	628.02384210278046339	126.68545454615275503
CD27	85.80901032578809406	57.37004532611302920	3529.40920319200404265	1289.00820144244471521	1076.68329970265995144	24.05852090761235118	610.48099076797279849	3763.66312407682698904	1300.27455947366183864	1151.98987106078925535	367.72767999652859316	2732.35510529707426031	19.85609632756601073	11.92868687367275093	45.45997608771860854	168.29060974778792570
CD274	7.27461782372717281	473.36881038141325462	18.58117223283207053	20.69399485930704685	6.45843104768651433	209.34572035273131974	6.69496698148680291	15.80231785640439313	2.23262962953032140	14.90416820498874273	6.25774799506559987	27.13598024194170222	14.61080881192220282	246.02553787898096971	3.97677686024298493	99.20909883991039635
CD276	2.04568528761561907	3.23626066093791032	1.28741145312683836	3.88540586656198128	3.14691014061755103	15.51647711031682420	3.24577395670948654	8.90086273689401253	1.00000000000000000	14.35465756401951154	1.66323471244526688	9.15833081728815834	2.68992070191438915	28.89121191005343192	16.55871565233774234	226.44169941304670601
CD28	11.72433036542092566	8.26616430048670559	500.57326009168468772	19.19801201793288215	17.43641351565012343	18.18794193386585079	98.46959738700326170	1869.91167240562958796	11.31910454660898502	1026.74028555755535308	27.52592654707214592	1187.87350386192383667	14.52332567088640225	7.63081008206499334	76.16820881751735328	220.80208519070956186
CD300A	21.09561964136861434	22.99277153968097664	297.32147732483235814	126.32208518891999915	33.81395007855003598	508.22764106797166050	1297.44650438705753004	2.35210729790006523	5.90825257032455298	33.80272309241109241	2349.91166796903962677	73.18221336607535932	995.42735041087189529	631.59464619978609790	683.03791281973235527	59.66989698564389499
CD300C	1.09911647822911407	12.27562966483610651	2.11418799401198765	6.70818979500263879	1.00000000000000000	261.68000956947787472	68.68598639735121480	1.00000000000000000	1.00000000000000000	1.78678556210888417	292.88180023207371505	1.00000000000000000	10.32291889004854468	267.09565828162698153	190.37267480632161210	25.21369574435340866
CD300E	1.00000000000000000	49.57253638877785562	1.00000000000000000	1.00000000000000000	1.00000000000000000	119.68625040889178024	1.00000000000000000	1.00000000000000000	1.00000000000000000	2.01278524179720542	1.00000000000000000	1.00000000000000000	2.83754853618988889	1060.79824366552998072	1.00000000000000000	3.87070317253891494
CD300LB	1.21088391039245158	4.53516038423955337	1.00000000000000000	1.00000000000000000	1.00000000000000000	99.78570391893499902	1.00000000000000000	1.00000000000000000	1.00000000000000000	1.00000000000000000	4.85718585486838172	2.82503338505766521	100.75702228810139616	84.82940408716117986	1.00000000000000000	1.72658152568137080
CD300LF	2.41658031907428317	10.38644130427400469	1.00000000000000000	1.58200332158439938	1.89835585519887839	176.03008248030940308	1.00000000000000000	1.00000000000000000	1.00000000000000000	2.59782051870631392	12.43438186286769032	1.00000000000000000	57.79179188386415689	307.30372735428687747	312.23217648181639561	49.66417962330266533
CD33	1.09514425277160865	8.51780071155937080	2.20312318772904003	1.75292886421788285	4.96538751751320451	410.07774965950477508	5.83437825169998536	1.00000000000000000	4.51844275286972241	2.00038371186197050	73.97308516118708610	1.29996179091198116	15.90647125900629177	283.06119540832355597	240.07513153418545926	14.52413541713228362
CD38	463.80456912394464553	72.30934371393608728	825.13649475665272348	293.81005648552093135	1997.99638481564852555	288.59574269849207440	602.65807352892579729	1320.00746439502495377	1824.73799504550493111	659.16467991690524286	434.57079967532666842	511.35622205207607749	418.60346385889886278	285.61900604888012367	174.89365975690765254	367.98306399056554028
CD3D	52.27866069052286235	99.78181666106833347	6354.70341570021264488	32.55523461550978936	39.11525082922131702	62.24304730565564370	2145.79121648779801035	7218.53695480678652530	42.71452647661693192	3147.27530432231014856	73.98208328841842274	6713.89611957011584309	25.97697338428974589	33.01608935869604267	96.41480547967135806	411.47420929331951811
CD3E	54.82542243425718453	125.12920332625586184	6983.56651268717541825	42.50199085122379472	33.30279696803984990	70.01120172750499648	4126.18296891766749468	7305.56087568437123991	56.28762003063798858	3451.84238713697368439	4248.26146204492761171	7811.63699557014388120	298.44172017691732890	19.10122491359287977	1790.16046906682095141	350.81567794083554190
CD3G	24.06691623349087905	43.13788601054701388	3014.61111047952317676	13.86390655518530401	12.45940029460837728	19.56340563134119392	937.17614647586742649	2717.64145215065263983	24.44144326967696301	1669.67597315983834960	23.17974024901184293	3558.63624146186430153	7.88874035648879879	7.30325441313861656	40.18928899541015198	113.44040842891155307
CD40	2527.83726337358530145	1239.30348827230386632	33.50209282543447387	2203.53535457429234157	266.61757724857284302	1033.31493692277877017	42.22786287742428613	9.31181181807282243	2424.85039749691986799	11.28331866183266463	48.80857497991518557	14.57024357168947937	170.82448578427775487	489.56688731314983443	43.11822364854590006	491.80587085928647184
CD40LG	7.93475462165405698	4.94817280063921938	48.07891096257107932	6.72187837095405705	3.78630282910671934	6.84792603158633018	29.20482138371452763	170.64037607183664136	7.88227027865404573	372.85461606945199264	12.15781823192343758	1207.21431198430650511	3.51476004699339972	1.98575718309229554	232.29673555958984821	84.08943475222767461
CD5	54.66456428163664327	10.56445750593902844	764.04434442051081078	25.34970949089668224	19.88674695787783619	39.10558443065185941	161.13661776715721885	2145.07158729313687218	12.04064654937381107	1159.58082730986529896	8.85528816887011949	2006.33829369472960025	9.04515750626892334	5.28050513039717373	31.01294043078646112	225.76194419845805328
CD5L	1.00000000000000000	2.41474791474835992	2.41969482312695350	3.29974046001196752	1.00000000000000000	1.00000000000000000	1.00000000000000000	1.00000000000000000	6.05865949840792783	1.00000000000000000	1.00000000000000000	1.00000000000000000	1.00000000000000000	8.47364263094898362	3.04688011524653524	3.15526490623014233
CD6	148.89057021701989925	25.58549973095342978	1140.60194768810811183	61.06112854792575462	18.36097926318420193	30.77017207579865854	225.91502204808966781	2230.66527020562944017	16.18772492356147552	1119.63674611691226346	32.95200860084365502	2144.98941782920564947	8.47010787323245218	7.74672462463635103	25.63523899299125119	305.38510953673375070
CD68	85.02292128776861091	95.24214981128521629	23.00507960373976957	299.47680840663718982	36.19357720354364716	775.27787148354968849	21.12421069616878100	4.32762316600668306	50.10994912501619325	22.58772139574494986	17.91962745555773395	13.00859598147327567	2181.63226772815096410	2092.70711531494953306	23.06397914495551404	710.58450602341895319
CD69	5608.02940036680865887	71.46074334643496684	3093.43539868703919637	3230.51239251855622570	99.16678448650714017	266.42112958951014434	2128.31135859972846447	2506.60809748884639703	307.30223671106682559	855.03635067563413941	5039.53939787514718773	5103.82967995837861963	184.43747493493199840	75.31369959747033249	4805.15517673189879133	95.06468860441768243
CD7	36.80793139678227988	72.72873121809044505	4505.07946261269171373	43.32805107966761682	32.02410636190650450	55.20594420939208646	10198.62455076027617906	10876.41290681068312551	35.51674056099992782	3331.07068001348170583	10341.28895275287140976	7979.99938583779203327	154.25786535065117278	25.58194581216102748	11510.22027433418224973	213.26009978665811673
CD70	13.17787785179558391	289.04726212973304200	214.14756284253201102	348.79758606277886201	37.75640851283845478	13.97515243719022848	172.87283075828773349	146.28557091570874604	68.06625909631024740	142.29633008397306071	104.64258079932388057	26.49103286318984374	1.00000000000000000	3.36655118407881870	78.55023776697572657	4.93465922321974926
CD79A	13154.67308251015492715	56.36082287029246629	138.13306855115368421	10208.21825964460731484	6286.21378078406905843	35.48852295666996071	30.38540081438442186	397.94600085210993257	8674.25351517604030960	241.88163753878009743	46.72952280754174836	156.22579654846828134	163.88175684252715314	14.62354889644629985	194.23234621826239277	161.52897274327014543
CD80	5.27916829491668782	230.03324070091412068	10.67616812767110979	107.91013441368251335	8.47604149804224072	229.88548302750371022	1.00000000000000000	3.31348463448472996	131.39682587771056888	14.16091840416325454	5.53499173216074691	1.31577678207443394	1.98726077583077698	66.97142615065439486	1.00000000000000000	60.10795388922143445
CD86	120.13808722419308594	1140.30080737641992528	49.33518449270198403	576.93332791952570915	29.62762175692445510	728.42514213504387044	3.93249744564200165	1.57684209106598594	413.47118176615134644	14.02469033797509645	1.00000000000000000	1.38539914430357669	103.88885690476675450	403.23325335071592690	3.11002450025358490	54.45518830261870136
CD8A	11.83832372159532476	31.77135473368051066	4697.65416643994012702	9.35348424100322262	24.59714128989786630	19.21087286470203281	705.79363646793228781	7.83624263202811555	24.65910502724093689	212.12247685926939766	281.08797197771241372	18.77157590581562374	7.78653545018506588	12.18529393704585040	30.12101016927172381	131.31258196750033562
CD8B	11.72175494197081669	24.65492884968399423	3226.54922787313034860	8.06057314300429262	4.79417068883151654	2.46078720221684932	452.10202712218665511	3.21855547159776334	13.83109665280773015	62.13834955116464442	23.88862518327848150	30.56862808228326855	2.05221314201698046	1.47299258298487090	18.90130105738306909	1.00000000000000000
CD8B2	1.31201420587107598	1.00000000000000000	48.47751685964006896	1.00000000000000000	1.00000000000000000	2.38400761141109996	5.89220180582816422	1.31696358929363599	1.25689113187297274	25.39687059117204981	1.00000000000000000	3.13787919737341126	2.29818540359137202	1.65081723335608399	4.37023469095797346	8.75413284581325613
CD96	204.19022057095438072	28.63941410345724137	1171.86148309400437029	268.52166135912648315	20.60767852107749931	15.62988319342100141	1067.48864507587336448	773.53644957691039963	22.05790779752505060	524.41963112078815357	1175.63703785856455397	1087.79803545431491330	7.16462150494352201	5.00567875272448060	1417.84672214548095326	132.89494226636691110
CDA	1.00000000000000000	9.42985098057950921	1.00000000000000000	1.54628131997160034	1.00000000000000000	5.56241584124623589	8.18367995322039832	1.00000000000000000	1.00000000000000000	1.74026709920008260	10.40013809216825003	1.00000000000000000	2.17361968014528539	277.32786058784688521	1.00000000000000000	3.42816943888183268
CDC25A	3.30547671115166875	69.42752663740870389	7.04598267086236874	1.96247010964259561	30.13940083470101783	8.59349522649378450	1.00000000000000000	5.85625829036245893	105.50722790927166272	123.05547380096601273	2.25369926405493404	3.50603502494665697	5.19816769537021628	1.27198916025385111	2.90627694072224063	18.02426218900902199
CDC42EP2	2.21215702946274106	41.90646622040220137	1.88555371784694659	1.00000000000000000	3.07637202741047711	67.05597453336629599	1.00000000000000000	2.86608387304565237	1.59931974188666248	1.59802011610162831	1.75657237743861971	2.34679545754954244	9.35778657496786437	377.66515458405905292	1.00000000000000000	209.54930665642953613
CDC42EP5	2.57756556246498292	6.80871945925852717	1.00000000000000000	2.16056335664680343	1.00000000000000000	7.51498758822661372	1.00000000000000000	2.20904274844059101	1.00000000000000000	1.00000000000000000	1.00000000000000000	1.78489111077342466	1.99827271238798865	85.10170007318973262	1.00000000000000000	185.93147421436952982
CDCA2	5.75104514565174618	125.94618331076904383	10.17055122399096945	4.93925180868254987	46.86730042122783146	4.96015855642536074	2.20850041089899030	14.00788576987980605	313.33325198421215418	468.71233929080727876	3.97748549791279737	10.85193603917298155	4.12324080928721060	2.59253944839256212	4.52693589648162220	21.36703193973787762
CDCA5	8.89671291119701380	128.67839665625416501	1.57590926081366867	8.84453630379298517	44.38900442657516976	5.53186089487106791	4.79801301045370820	5.54659262953040333	248.75599383610256154	538.25782471807508500	6.36393604477780350	3.29579849539869407	2.54792597770612828	2.63662516133831160	1.00000000000000000	7.53143683268142627
CDCA7	22.41907390155989432	340.76709623765771084	134.40080335641414422	92.09558114733168566	27.32605011517858529	13.77917626891324154	55.84229619568522907	224.54695120216015880	1342.85203806088679812	887.56816339373074243	62.24571339158730154	112.10686620303791017	2.30818089885999989	7.75688885210875867	37.64816922938802435	15.69707281834078216
CDH17	1.00000000000000000	1.00000000000000000	1.00000000000000000	2.45066102214175885	1.00000000000000000	62.77951138727208757	1.00000000000000000	1.00000000000000000	1.00000000000000000	1.52175885494490970	3.21820957473744240	1.00000000000000000	2.60807238595466018	1.00000000000000000	1.00000000000000000	2.74677406660061196
CDH8	1.53214593828405787	45.18603779901512496	1.00000000000000000	1.00000000000000000	1.00000000000000000	1.00000000000000000	1.00000000000000000	1.80996670446053498	1.00000000000000000	1.00000000000000000	1.00000000000000000	1.00000000000000000	1.41990937620935442	1.00000000000000000	1.00000000000000000	1.00000000000000000
CDIP1	125.98680676059790073	23.95142683054203658	178.25646020294678351	92.11127923004082163	63.48174459485099419	27.49712656947597722	282.59041804442682633	540.32728084826874237	30.01095073115334699	190.40339746708440316	359.15809986492240569	278.17904761788315682	149.96122235996608651	23.94508506914322155	283.54493570092535037	124.35943163122929889
CDX1	1.00000000000000000	1.00000000000000000	1.00000000000000000	1.00000000000000000	1.00000000000000000	2.69474236143866275	1.00000000000000000	1.00000000000000000	1.00000000000000000	2.73829208879007613	1.00000000000000000	1.00000000000000000	1.00000000000000000	1.16531978928948687	1.00000000000000000	104.30535203719308868
CEACAM3	1.00000000000000000	3.98486512622338607	1.00000000000000000	1.00000000000000000	1.00000000000000000	124.69253643522624486	1.00000000000000000	1.00000000000000000	1.00000000000000000	1.00000000000000000	1.00000000000000000	1.00000000000000000	1.00000000000000000	105.57877558959734188	1.00000000000000000	5.04724791707024334
CEACAM4	1.00000000000000000	13.07740662731414538	1.00000000000000000	1.00000000000000000	1.00000000000000000	339.25546159184290218	1.00000000000000000	1.00000000000000000	1.00000000000000000	1.66598732607656830	1.00000000000000000	5.60192743201878418	2.43535883654391183	299.16088641510481239	8.86796217839316370	3.49280981184936001
CEMIP	3.51034095774959942	4.49186915907198792	2.12979571556163361	3.45078380221220904	1.17074990424021608	4.16970614509316206	1.00000000000000000	1.00000000000000000	1.00000000000000000	2.47435277991401037	1.00000000000000000	1.91937349402237789	2.95893788375113331	5.03283704259768783	15.86185856248522974	348.45267049397818937
CENPH	125.81006961303647529	308.89158230234625080	56.99363649409855270	109.91721725609821192	36.13712783229884451	23.15075386262227042	64.60487475981000216	53.89410675614629298	315.62939266711833852	385.62126589595743553	79.33801599435514618	113.90691543896893734	52.88059506987994496	24.76796908443754219	87.93488319082810278	40.95868355785294312
CENPK	92.97439114344349775	328.88743669715074702	281.48300351563358390	80.44033606195856123	49.48934955971286342	13.85086915492419379	183.98778502717269134	131.50422433327281624	341.08184701202930000	737.64507948625032441	183.05620926719939234	223.74594637910098527	47.95474034286731779	7.94475125773854085	322.87468199779328870	10.26137999257467293
CENPL	77.85924073389539046	90.70571209486601560	76.36893808524881422	58.84925405905491402	24.09478703919209153	20.31128171136553462	49.55291154044920887	86.44341219481741234	130.60643371661188894	214.67050224977356265	55.26150514483068577	48.30753193985239591	46.69625648420186081	9.62334158419236552	55.28820594603819671	54.20242571868821813
CENPO	23.92994316824257695	104.31649746715663696	37.87006910265507287	25.51667046344670453	28.71436388477103563	18.27833676520099715	17.23494893715803045	39.74515703141902634	94.56722754547399745	184.49229997139499915	25.51523780611617553	26.49923709852733822	52.58294215366484536	13.00165683031807973	29.97062603276107140	49.94729555587603897
CENPS	59.48272694720490250	275.03269552877929982	31.65114186381455852	43.80707733558512018	37.28258298452852415	31.44493498348254334	42.60594938791982855	46.37902678322553385	110.33674312956692631	224.16762108805446019	42.49249302377272386	53.82547971072298054	36.20671227344773513	27.21657231942082689	42.22010155971718603	37.74138728577001700
CENPU	25.05877140705915451	179.11721243136426551	39.76810774926599379	5.43828377098402260	60.75886536276629357	27.94732237110441631	19.06013989236810247	20.39071770437750075	503.94124145309342566	641.69431209536958249	25.87428837201964171	14.32826410027034392	49.64333757192575547	14.36189580922304998	57.32039432713044391	23.66149295873852054
CENPV	73.34344767447490199	401.46850656020711767	63.71518901904848065	108.51260786535034697	16.60907961082560647	16.35801413040074692	120.83758772887168220	12.59493741154578217	38.23357711398250558	40.13502418553550655	68.24054798840998615	119.28635732680849912	70.65804972892543390	5.13075342253009126	133.70653590558993074	47.52306560208169373
CENPW	35.74479218473555164	539.86009719893218062	20.03416986585811799	38.41724345165167875	99.71470277023645679	104.82468292710383651	41.06414468515253446	27.34980090362754268	391.08145349829044335	627.84862528449036745	26.48792901780170439	29.12418728837450033	89.18613042208362174	92.18586613938222740	35.00779301860238490	64.51179766930791004
CEP128	30.40628072357520040	13.91977555197343719	96.46237574544294091	15.50987336083402823	203.29358766463923303	65.45065124338971430	32.65005833180838835	829.70954571676998057	67.91794115644619012	356.33969413180460606	23.53111735124884873	128.63339181290848501	211.78536204690988143	17.24157705549757580	19.80983687352136258	167.13379166016807176
CEP78	101.70918895039575602	1439.79213290856455387	265.26365035687075533	94.94427196237059263	32.41429380964989093	43.35402264223881019	411.45541395455842348	120.33809364130532060	155.53528170242265105	319.25115788997021582	435.32416062819692115	126.01345612641776484	115.94845273008827746	33.43077513995381622	120.72513375860253859	105.18477757982677190
CETP	4.52107650016509233	24.74126199584653918	2.76901246320654959	7.39072415594392496	1.00000000000000000	20.34516781382801298	6.93067485649634385	5.71887218661607566	1.00000000000000000	3.05467904757100417	2.55272940506633095	3.14066916080038316	27.25482301382129791	43.02249548900808662	4.30679273324069456	69.16868246602301440
CFAP126	1.28824011834680707	21.24155078708719557	1.00000000000000000	1.00000000000000000	1.00000000000000000	1.00000000000000000	1.00000000000000000	1.53781234742498008	1.00000000000000000	1.00000000000000000	4.91818883137453078	1.26798825094044920	1.57141086987796719	1.51832351338137839	1.00000000000000000	1.00000000000000000
CFAP300	1.00000000000000000	339.29299245964080001	1.00000000000000000	1.00000000000000000	1.00000000000000000	1.00000000000000000	1.00000000000000000	1.00000000000000000	1.17840628194634700	1.00000000000000000	1.00000000000000000	1.00000000000000000	1.00000000000000000	2.37108362510923865	1.00000000000000000	59.43037563950522184
CFAP57	3.49003530431582343	310.92471822283710026	2.17814234280421193	2.92130323111243584	1.76639293510487771	1.62243610349857637	1.00000000000000000	1.00000000000000000	1.49779964023678147	2.54382069205865591	1.00000000000000000	1.00000000000000000	1.92716424081323079	1.42549588935604854	1.00000000000000000	1.00000000000000000
CFP	5.26796916554680639	49.83796944775719595	5.00692940224405536	7.87817359372586079	2.85567836842003420	2037.17134250345816326	7.91327630718628239	47.30137992535978952	1.97430484894640590	33.31536592530775920	5.68049215136031371	164.05490788422159198	21.04904796163827640	1280.30866666986867131	34.20276985853999463	128.45140481309667280
CH25H	2.02782663310634037	127.16977772769052990	2.75525775354226266	1.00000000000000000	2.41098511965953044	9.93728528407031675	1.00000000000000000	2.55291019030398880	1.96645742602061357	1.79862817847902079	1.91188606142755613	12.36961068271719455	1.00000000000000000	2.51914157652642690	1.00000000000000000	205.69813844436265526
CHAC1	7.95107869813055856	5.41280089936660413	5.42394960666848558	2.29315786612784267	253.75490438570068363	2.07895543945419670	7.37875014056033063	3.54907223015146167	54.51534071868123732	2.58346457823304299	4.76790110769282105	9.08782837237806440	1.53896692986051553	2.88953460310214449	1.00000000000000000	35.73986143102401059
CHAC2	38.27369290844845295	119.05324398089186388	40.36498761416716263	27.00964316547363353	62.75973400860983986	20.18476184491970571	40.14585307647651291	42.43563444421581465	64.89303382920451213	162.59489321655863137	12.88887985338901743	44.72887332201789690	19.31726150650246154	9.14170893972901943	16.41254778018193150	8.09798004018995599
CHAD	1.00000000000000000	1.00000000000000000	1.00000000000000000	32.06958497045729928	4.46845869769090687	1.00000000000000000	1.00000000000000000	1.00000000000000000	1.14165118474529281	1.00000000000000000	1.00000000000000000	1.00000000000000000	3.73595712948323655	1.00000000000000000	21.10374740426232876	1.00000000000000000
CHI3L1	5.16951388717525262	13.18550309971573142	5.59034141116516903	10.91261369593997621	3.18591488774974430	84.05470938431962225	1.00000000000000000	2.40527762511305987	1.00000000000000000	17.59241183295613808	1.00000000000000000	1.00000000000000000	33.29023265319200675	138.19615264018420930	1.00000000000000000	1962.87215166348005368
CHIT1	9.98208157654537587	3.46565828523658936	2.01515284985196264	12.22302674491043106	7.44354358844157726	40.34097519824968003	1.00000000000000000	5.05616773976244005	8.71854179315178079	10.01310247377813845	1.00000000000000000	7.74111170770566126	21.35593734743997629	25.58263288046072503	1.00000000000000000	290.44442539057888553
CHML	109.60620237241408859	74.53544156781825336	17.41909755391294468	66.34562414986156398	12.14870301960089982	44.67108322945040300	14.48294107775013195	3.97023949186199276	13.39916974411598893	23.46860951030859965	26.16603965399357890	27.07060587600483004	204.65977612685321674	36.63425188605877025	40.34682054790614814	16.35304021685012899
CHPF	5.93750028225609494	152.94037068780383493	106.33205208360810445	15.95320876694332135	590.47243251189047442	13.79408816146517580	125.59284202821169174	108.72647147821469105	39.16502597581612122	94.22832590249669238	142.89509974070398357	109.95696495663202086	283.26598011863455895	12.23037241987660728	119.84789160610458225	217.87701160248676047
CHRDL1	2.95435144832905605	1.00000000000000000	1.00000000000000000	1.00000000000000000	1.00000000000000000	3.08328114478174520	1.00000000000000000	1.00000000000000000	1.00000000000000000	1.00000000000000000	1.00000000000000000	1.00000000000000000	8.88256989789655549	1.00000000000000000	6.52986398027696158	648.06215057717997752
CHRNA1	1.71791387425361508	2.76404112033014249	14.85429352588460716	34.70756295641291445	2.14943706707363758	1.00000000000000000	1.00000000000000000	6.95163287964071852	39.70376561254555980	8.83362990050762065	1.00000000000000000	9.55753397443484687	4.78849573160211861	2.38981187367659942	1.00000000000000000	4.74478828325320556
CHRNA3	1.00000000000000000	1.64041870643795162	1.00000000000000000	2.86124378305306948	1.00000000000000000	1.00000000000000000	4.82560167619477021	1.00000000000000000	1.00000000000000000	2.07744571762238017	1.00000000000000000	1.65535845064341691	1.00000000000000000	1.00000000000000000	1.00000000000000000	34.64129475079441534
CIP2A	53.47619352895276279	108.06861803876188333	28.87596624677700419	59.92980053119643458	41.96108344634938447	15.32691686175012435	8.08874394262615048	15.87272620775120302	184.54883848068772068	261.12659951409847281	25.85306916447440528	30.25990678030028747	27.07951273493735656	13.54686404034518787	50.74593293408813821	18.26841344119468502
CISH	34.49262112557303084	582.87945924770599504	277.17189308344160281	35.89829213826740784	10.83699715270351405	309.80727264157627587	505.91009627237849600	20.56236796300333225	4.22567055541000780	122.96376802525047367	52.10309510840951219	147.67100089734611856	184.13308370272875436	270.57773880745634187	250.95449219618407710	103.22410256295904674
CKAP2L	4.14948198913878574	70.28920734863594078	26.16590280531756108	6.25982487727704751	27.48102873175513849	1.75963302831314605	2.81586483910770990	5.19173735250404711	284.55403732117991922	393.05795502100528438	4.90789240629163892	4.79788291938584521	1.45625831314462983	1.27624637262073115	1.00000000000000000	5.93994868612284854
CLC	1.00000000000000000	29.74409619115742487	1.00000000000000000	1.00000000000000000	1.00000000000000000	1.00000000000000000	1.00000000000000000	1.00000000000000000	1.00000000000000000	1.75051955777945989	1.00000000000000000	2.11068223456623150	1.00000000000000000	1.77224937934101701	1.00000000000000000	1.00000000000000000
CLDN14	1.00000000000000000	157.21779440987108956	1.00000000000000000	1.00000000000000000	2.08655675611702751	1.00000000000000000	1.00000000000000000	1.00000000000000000	1.00000000000000000	1.00000000000000000	1.00000000000000000	1.00000000000000000	1.00000000000000000	1.03966448387999733	1.00000000000000000	1.00000000000000000
CLEC10A	3.51153743309814503	33.36323982334430127	2.21970832780809335	1.00000000000000000	1.00000000000000000	3293.60105726375468294	19.44630268376574733	1.00000000000000000	1.00000000000000000	4.06173759428541192	2.86388312946844614	2.64179670935904198	13.61464464622889281	932.50600452810033403	1.00000000000000000	82.33957833778023883
CLEC14A	1.00000000000000000	1.00000000000000000	1.00000000000000000	1.00000000000000000	1.00000000000000000	10.11593507022818095	1.00000000000000000	1.00000000000000000	1.00000000000000000	1.00000000000000000	1.00000000000000000	1.00000000000000000	1.00000000000000000	1.81141749898849325	1.00000000000000000	9.10459520458500293
CLEC17A	934.91850586401199052	9.21193133191530045	7.13304134298029702	444.76972627026054852	72.62372469245333662	31.83607289691738629	1.00000000000000000	1.00000000000000000	278.67309335613867916	2.97274807557424792	2.47234392154581961	2.72730378103911386	1.00000000000000000	2.74091018306800827	1.00000000000000000	24.38691013507718353
CLEC4A	107.71885540281164140	35.97342544936440589	1.52233668068446826	72.24716790175293113	2.77176476617562351	1101.26058992908792789	21.41228220541118787	2.03511152887008961	11.50734237280839167	4.68362931251502879	6.88204514969740710	4.43224729771008619	190.15026902927175456	759.69793613005390398	27.80501384890871464	61.38281601063022208
CLEC4C	25.14426531282533617	2.12013265492447234	6.45879098437127741	5.52038839161790484	1.13657073175086176	9.07756524609141557	1.00000000000000000	1.00000000000000000	1.39489528155567299	2.03090371443462114	6.17154646948392926	2.55094933562627180	2786.13492473386259007	4.02706943415836616	1.00000000000000000	32.52469263975010705
CLEC4F	1.00000000000000000	1.00000000000000000	1.00000000000000000	1.00000000000000000	1.00000000000000000	78.99526049376099479	1.00000000000000000	1.00000000000000000	1.00000000000000000	1.00000000000000000	1.00000000000000000	1.00000000000000000	1.37759326850247787	23.48909140137431351	1.00000000000000000	1.00000000000000000
CLEC5A	1.00000000000000000	2.30526461081072753	1.00000000000000000	1.00000000000000000	1.00000000000000000	13.20338368388386385	1.00000000000000000	1.00000000000000000	1.00000000000000000	1.00000000000000000	1.00000000000000000	1.00000000000000000	1.00000000000000000	33.84390398862555571	1.00000000000000000	1.18391894725476376
CLEC6A	1.00000000000000000	6.17865804463604018	1.00000000000000000	3.27327762512543385	1.00000000000000000	95.79213061882452962	1.00000000000000000	1.00000000000000000	1.00000000000000000	1.00000000000000000	1.00000000000000000	1.00000000000000000	1.00000000000000000	87.20408769194919785	1.00000000000000000	18.18360068293056031
CLEC7A	3.85539042189375536	33.94936059734333611	1.00000000000000000	5.45800758051831636	2.44540907807312324	995.78069294971567160	1.00000000000000000	53.47014751457565040	1.16585507960361179	9.15921136606026209	3.07189696356263298	12.79435095509633591	5.28310731911297804	1139.12681444303620992	47.43325920560545939	98.18165100394658396
CLEC9A	1.23552844911390958	1.06006576854886903	1.00000000000000000	2.02393975389482872	2.48592318268941082	496.58133306918449534	1.00000000000000000	1.00000000000000000	7.58565254600323779	1.50944494314427669	2.26827969129218943	1.81703347682742922	2.50623456510163223	4.09684693141984635	16.94668023405161961	38.30697278211787449
CLIC2	4.50162627381289848	309.74046696886171048	2.42325236248098719	2.29344492929908927	2.93731869538046197	714.49948424150250048	1.00000000000000000	1.00000000000000000	1.00000000000000000	4.49586122403912203	7.13285845754523784	3.48966681507351595	54.34225990067381673	117.78590042740442811	8.28783679325248634	240.69803694083435630
CLIC6	2.01153211759201733	17.38532372725419251	2.92325387045282925	2.77299820697416255	1.00000000000000000	1.00000000000000000	1.00000000000000000	1.00000000000000000	3.23966003758790544	1.72984173050468737	1.00000000000000000	2.49376744109966086	1.00000000000000000	2.05829608790826324	1.00000000000000000	73.12641020965267558
CLLU1	5.95056429733891257	1.00000000000000000	1.00000000000000000	1.98102233034315556	1.00000000000000000	1.96513067470705027	1.00000000000000000	1.00000000000000000	2.80588003337049630	1.00000000000000000	11.65839978731841953	2.19240372300535391	22.91969053812182722	1.00000000000000000	1.00000000000000000	1.00000000000000000
CLNK	101.08317937256389030	153.31672064269397993	10.79241992180452847	117.35049563548892593	6.56545243937332845	449.23627035841792576	44.01624396123593641	228.28853442674403595	16.77183213593191979	42.99518398577470180	114.09562145142908207	29.19036138129324343	30.25352988454605807	2.24623821490742426	266.90440871542296009	32.82287009151814772
CLSPN	11.14642175294406101	317.46938764931763899	33.99945566073974845	14.68274011901663556	71.34266343575869485	19.91299149026552584	38.65183183932766298	18.05955531369008682	405.16245839797750250	661.08472519295912662	14.76552365940384171	10.66193198117170837	7.56808116076507442	9.03538955168781577	22.45353129272753279	4.85932765878490436
CLSTN2	1.71965808354701410	2.94867954636247109	1.59659925571601424	1.98102233034315556	1.52709364316707452	3.45617256623060731	1.00000000000000000	1.59031663659835454	1.00000000000000000	1.27179369389142183	1.00000000000000000	1.96988873945488718	1.00000000000000000	1.16419763259402087	1.00000000000000000	551.43896218868155756
CMA1	1.00000000000000000	48.81742078077296298	1.00000000000000000	1.00000000000000000	1.00000000000000000	1.00000000000000000	1.00000000000000000	1.00000000000000000	1.00000000000000000	1.00000000000000000	1.00000000000000000	1.00000000000000000	2.13155236172504736	2.83502479074360458	1.00000000000000000	1.00000000000000000
CMC1	252.04552775630952510	573.70975109872756548	1901.57853059821172792	211.53150978234702961	121.80791192410970325	340.23237653579548123	1953.73562808100382426	336.29768863003380375	187.94119403612134533	342.46934078406070512	5240.87470937592206610	304.79176793269112977	287.61314876961017717	279.95162745170676999	890.25240241170854461	57.74498484911744356
CMKLR1	1.63180432798064445	15.73405631382868819	5.82817900850859694	2.18541891502578789	11.46615167024231674	28.45524304872944654	60.78287568978974065	2.40527762511306165	1.00000000000000000	1.96000490591901833	1.00000000000000000	1.00000000000000000	572.35461919373028650	374.65512445130269725	12.57767715949392873	168.88215417628549631
CMTM7	744.42090450376326771	365.73728598757634245	753.81142429935744076	838.12626364775837828	129.93520018554559670	343.58788189846666228	355.52287378428138709	1846.58076997676994324	264.38276944238930355	869.89533974310779740	238.77238534907269241	1301.71617901052718480	258.68312756917930528	365.51411691763803447	224.04601082313502047	133.08232578321849360
CNBD1	1.00000000000000000	6.49323626431776191	1.00000000000000000	1.00000000000000000	1.00000000000000000	1.00000000000000000	1.00000000000000000	1.00000000000000000	1.00000000000000000	1.00000000000000000	1.00000000000000000	1.00000000000000000	1.00000000000000000	1.00000000000000000	1.00000000000000000	1.00000000000000000
CNGA1	1.00000000000000000	1.00000000000000000	1.00000000000000000	1.00000000000000000	1.28084743353613328	5.70308819235381481	1.00000000000000000	1.00000000000000000	2.00527406018083898	3.93458512263239069	2.86640775934949588	1.00000000000000000	8.44441185735842126	1.00000000000000000	1.00000000000000000	1.00000000000000000
CNKSR3	2.54799946640166075	6.38341333361892804	1.00000000000000000	1.00000000000000000	1.00000000000000000	4.99528413332360444	1.00000000000000000	1.00000000000000000	1.00000000000000000	4.58005027460617598	8.64360425321489778	1.00000000000000000	7.42181946863970055	5.64277633949213531	4.37023469095797346	43.66810334052167519
COL12A1	1.85029106466750637	1.00000000000000000	1.00000000000000000	1.00000000000000000	1.00000000000000000	1.77283293384582730	1.00000000000000000	1.00000000000000000	1.00000000000000000	1.00000000000000000	1.00000000000000000	1.00000000000000000	1.00000000000000000	1.33348782160811496	1.00000000000000000	351.27430032872865695
COL22A1	1.00000000000000000	30.74604266007065334	1.00000000000000000	1.00000000000000000	1.00000000000000000	1.62842488616594605	1.00000000000000000	1.00000000000000000	1.00000000000000000	1.00000000000000000	1.00000000000000000	1.00000000000000000	1.00000000000000000	1.00000000000000000	1.00000000000000000	205.37950613523540255
COL26A1	1.36558581489401476	1.00000000000000000	1.00000000000000000	1.00000000000000000	1.00000000000000000	1.68306769769244946	1.00000000000000000	1.00000000000000000	1.00000000000000000	1.14854301792569036	2.23379773889437594	1.00000000000000000	430.55786585970059832	1.64329295842433920	1.00000000000000000	3.54345406883748693
COL27A1	1.82958769101099561	4.32707748817091620	1.29571808470983019	4.70316311867951953	2.41098511965953044	3.46680675673244787	1.00000000000000000	1.00000000000000000	1.09852850956963199	1.66217614309124695	1.00000000000000000	2.92899052613631294	1.00000000000000000	1.00000000000000000	5.84508011469798650	1246.81711941614616990
COL5A3	1.88883152764745610	1.00000000000000000	13.81905492936920687	1.00000000000000000	5.25709340437333505	5.66558598591813833	5.75336737553670741	20.98566521567905951	1.00000000000000000	23.37485522557954454	1.00000000000000000	14.71960330255851979	1.00000000000000000	3.10428237092964565	5.90855806058532362	257.41705766383296350
COL6A5	1.00000000000000000	387.60902916787205186	1.00000000000000000	1.00000000000000000	1.00000000000000000	1.00000000000000000	1.00000000000000000	1.00000000000000000	1.00000000000000000	1.00000000000000000	1.00000000000000000	1.00000000000000000	1.00000000000000000	1.00000000000000000	1.00000000000000000	3.80123156933061779
COL8A2	5.31875428300466524	2.40834882110865278	1.00000000000000000	4.87304033171587392	1.00000000000000000	14.82249181092300638	1.00000000000000000	1.00000000000000000	2.70850941311508286	1.00000000000000000	1.00000000000000000	1.89290550517730383	23.37000272210827845	17.51923867991661155	5.31066584359070770	381.31910529643408836
COLCA2	2.27541866620037236	11.09851921776843753	1.00000000000000000	1.96446688180929518	3.37522811168041548	1.63185944464864630	1.00000000000000000	1.00000000000000000	1.00000000000000000	2.08244690635610130	1.00000000000000000	1.00000000000000000	1.00000000000000000	1.00000000000000000	1.00000000000000000	259.83089500256505744
COLGALT2	1.00000000000000000	21.30408810327351077	54.06903434324241431	1.00000000000000000	1.00000000000000000	8.91918665601718708	32.14682220440364091	30.09991236991324115	1.00000000000000000	4.81283139934729398	75.87937943337637137	4.21911092763517281	5.13019004494486186	4.14765538458175875	1.00000000000000000	12.14424212118817259
COMP	1.13463773905554155	1.00000000000000000	1.00000000000000000	1.00000000000000000	1.00000000000000000	1.00000000000000000	1.00000000000000000	1.00000000000000000	1.00000000000000000	1.00000000000000000	1.00000000000000000	1.00000000000000000	1.00000000000000000	1.00000000000000000	1.00000000000000000	13.75152670260965948
COX4I2	1.36994453353641554	1.00000000000000000	1.00000000000000000	1.00000000000000000	1.00000000000000000	1.00000000000000000	1.00000000000000000	1.00000000000000000	1.00000000000000000	1.00000000000000000	1.00000000000000000	1.00000000000000000	1.00000000000000000	1.00000000000000000	1.00000000000000000	31.53327075444121519
CPA5	3.68873535912624639	18.61280182322636634	97.69711372550355577	1.67941890588720333	1.64206521890885693	2.53130573594072539	9.15319731541349135	104.12060755739150864	5.41067563040220634	120.95792943914914019	1.00000000000000000	28.88247953568546222	1.00000000000000000	1.00000000000000000	1.00000000000000000	1.90828446593046053
CPA6	1.00000000000000000	1.00000000000000000	1.00000000000000000	1.00000000000000000	2.48812857110504604	1.00000000000000000	1.00000000000000000	1.00000000000000000	1.00000000000000000	1.00000000000000000	1.00000000000000000	1.00000000000000000	1.71972337502789152	1.00000000000000000	14.15278412428953736	1.00000000000000000
CPNE2	3.25402269264121902	31.31647813397736613	392.10444464301582457	2.54313411232262210	1.75856795652981690	37.51834557233675582	79.53566367437068152	723.72434626714630213	22.60146268238523604	523.19808854724396951	33.64378387243429813	427.53958686756237739	8.84357787260587536	73.52851871459023414	21.61264483254021584	84.35126298080052720
CPNE4	1.00000000000000000	264.66779346677270723	1.58312953783666877	1.00000000000000000	1.00000000000000000	4.93640808710502998	1.00000000000000000	1.00000000000000000	1.00000000000000000	2.17573653012185897	1.00000000000000000	1.60802188252385547	1.00000000000000000	1.00000000000000000	1.00000000000000000	1.95196566996426402
CPNE5	645.16203373055157044	5.08927940611093010	10.22928467687595955	1169.50170219052415632	530.91675075763907898	8.41272384364315329	1.00000000000000000	2.61014623497282727	1419.17574725544477587	3.60598729780840221	2.78200738559054761	7.74574949840995863	6.10663468463725678	4.11155322725572780	11.88309902132482598	13.46323173214528524
CPNE7	5.38033280680401216	114.99041764764353957	218.03285734338879820	2.56026641760384388	2.27435040060835725	3.46398710594381454	102.75667264143234547	22.76869889397775992	5.97272342249083099	41.31636015255287475	37.67787120876710105	72.10624033505931152	1.00000000000000000	3.56862336144191117	256.73147236707330876	1.00000000000000000
CPXM1	2.38457867855858119	191.30975106227293736	7.30775636264127382	11.88950625592852894	21.55588429704030062	6.24694624642143737	1.00000000000000000	1.58472041565358568	40.72127796804325328	6.61964630856370295	14.59518069790375883	1.00000000000000000	1.56133116074707368	1.94372365658348478	65.09690704705884912	309.26534432300400113
CR1	826.11394197537606487	28.50774425567029269	5.08623875407644555	903.44408757196185888	19.75881492878724899	24.80578767355446601	18.57749252813451690	1.64577597279883658	191.99370406007540169	6.19331186905760145	5.95705552951430395	47.84582420999817742	5.33461364206178423	362.46887917931320544	7.91188796604463640	795.77558865625690032
CR2	2366.24556257966196426	39.63836987468945949	9.09030481651746847	1211.17165263476817927	54.70202576622702395	9.58557111133567830	11.96360439073473714	1.64577597279883547	744.45880657188070018	3.27527131483531919	2.86250581477202282	48.96736366957685505	9.64418782640148642	4.01484484882839343	6.19478692691403587	106.71557939228182477
CRACR2B	7.40512270289188557	4.95332366550892811	13.86139133324413741	77.23770465360468052	59.47203595829776646	4.79653124420103438	29.24606540020149126	1.00000000000000000	6.46835506953935546	6.11455298233023825	78.52161792288201525	1.00000000000000000	12.85210762948807961	7.68442817234104236	78.26416312739623038	10.11195476541487714
CRB2	7.68942484153585148	1.00000000000000000	1.64065197720672096	2.02323998245150971	1.00000000000000000	1.00000000000000000	1.00000000000000000	1.00000000000000000	4.49230038406538945	1.42397245517161752	1.00000000000000000	1.00000000000000000	2.27225694767836206	1.56597910291179820	1.00000000000000000	442.43824275909145172
CRISPLD1	1.60410174917807913	127.41546873853557997	1.00000000000000000	1.00000000000000000	1.00000000000000000	4.26613727339182258	1.00000000000000000	1.00000000000000000	1.00000000000000000	1.27179369389142183	1.00000000000000000	1.13298109518333123	6.35907979366093645	1.85184783123484009	29.65043981502832793	187.87337665506575490
CRLF2	1.00000000000000000	2.42586744739012738	1.00000000000000000	1.00000000000000000	1.28286286139158401	21.69047261333641430	1.00000000000000000	2.43180547163860350	1.14890364664818923	7.53418516714801978	1.00000000000000000	2.67339836875248960	31.17967873164507608	2.36310670099630027	1.00000000000000000	1.80491388030686650
CRNDE	3.96949336125876195	703.05826822110236662	2.18315997720172961	1.00000000000000000	6.31950893800509128	2.08326567714517363	1.00000000000000000	3.37780199910354195	30.71696845881067617	20.25930606300467929	1.00000000000000000	2.03647584285288641	4.86601121414761639	5.99135402750118651	1.00000000000000000	1.00000000000000000
CRTAM	3.91564287161821989	1.27014480878987990	586.25728691832341610	4.97565106453400929	2.31680129559072467	56.62026730254305562	290.77146734434739983	1.75270983051378870	3.28363947718806237	47.07023548891550035	665.58715400378082450	37.35870356799724590	5.25517687635092567	36.35906728312107106	321.15283318784929634	30.77221643002992479
CRYBA4	1.26744217176970841	1.00000000000000000	3.99423309141702276	1.00000000000000000	2.06547372835560150	1.00000000000000000	35.64972143992680742	1.63484514985577456	1.10603637463982940	1.00000000000000000	6.09734405669423563	1.00000000000000000	1.00000000000000000	1.00000000000000000	1.00000000000000000	1.00000000000000000
CSAG1	1.00000000000000000	12.37352588633341810	1.00000000000000000	1.00000000000000000	1.00000000000000000	1.00000000000000000	1.00000000000000000	1.00000000000000000	1.00000000000000000	1.00000000000000000	1.00000000000000000	1.00000000000000000	1.00000000000000000	1.00000000000000000	1.00000000000000000	12.96757203801087499
CSAG3	1.42467387487954644	176.94243734538915191	1.00000000000000000	1.00000000000000000	1.00000000000000000	1.00000000000000000	1.00000000000000000	1.67912958101822452	1.00000000000000000	1.00000000000000000	1.00000000000000000	1.00000000000000000	1.00000000000000000	1.00000000000000000	1.00000000000000000	1.00000000000000000
CSF1	6.52248235641594221	344.15948807146583022	377.34931409725163576	15.75600792445610132	1.00000000000000000	13.58551297728324414	76.39665521046508445	173.01890308465465296	2.78642737106821325	42.88926847704273371	26.71671147622849318	19.72050279694519048	4.55344036839727462	12.67462150658491815	88.87644103977957855	1962.63750991076562968
CSF2	1.36598676305592193	281.65367314702439216	2.21690077363909355	2.55160007304555458	1.00000000000000000	1.76028369254766193	221.38931720088447719	2.78676218199596359	1.00000000000000000	17.47310624089958608	277.82000524812724507	21.17693664840567536	1.67561339283671851	2.99330745517743324	1352.54107814192911974	1.00000000000000000
CSF2RA	3.95575728718871877	18.06708910897212661	1.00000000000000000	3.79160119730430401	1.48899645886309173	1405.34970455084544483	8.97072693726657810	1.00000000000000000	1.00000000000000000	3.91963784035558849	2.35882805194521428	1.53401926086423090	514.14303823717830255	537.21085931214520315	1.00000000000000000	254.60256027176546922
CSF2RB	63.17155844835009759	62.69103284053556280	1.97705845965397065	100.28708660486176996	132.22271651567814388	633.03641777544669367	1.00000000000000000	1.00000000000000000	125.10253415486610606	6.91092532055385078	5.12099664146688482	1.61295156695348885	1331.22711032125448583	800.21964888685579353	59.24183028232241099	1073.61055503726402094
CSF3	1.00000000000000000	1.00000000000000000	1.00000000000000000	1.00000000000000000	1.21211213602392176	1.00000000000000000	1.00000000000000000	1.00000000000000000	1.00000000000000000	1.00000000000000000	1.00000000000000000	1.00000000000000000	1.00000000000000000	1.00000000000000000	1.00000000000000000	16.94909610158835989
CSF3R	1.49474314300992228	35.40298402528120647	1.00000000000000000	2.61398973946252955	1.37943297045247837	378.12750218594118223	1.00000000000000000	1.00000000000000000	6.49540985492225964	1.14854301792569036	7.67817664410460665	1.77290363157899233	54.54237383003047057	739.60578403363615507	1.00000000000000000	120.80079715886485303
CSPG4	2.19762358776024058	1.00000000000000000	1.00000000000000000	1.00000000000000000	1.00000000000000000	1.00000000000000000	1.00000000000000000	1.00000000000000000	1.00000000000000000	1.00000000000000000	15.30185655443257531	1.00000000000000000	1.00000000000000000	1.00000000000000000	35.94195609985479223	12.93428215316478891
CST7	25.41633908479404980	94.85273082974480019	8374.81065868775476702	21.21775680637844630	33.68366167735361927	1370.29772042717422664	6776.15010631565837684	896.17074564083759469	28.65771481214671823	467.14446728325833647	4378.36412460878000275	316.34271656281538299	12.21906529887709247	28.86860459810587898	160.15084688660942902	119.06886182437112609
CT45A1	1.00000000000000000	113.42468176862502105	1.00000000000000000	1.00000000000000000	1.00000000000000000	1.00000000000000000	1.00000000000000000	1.00000000000000000	1.00000000000000000	1.00000000000000000	1.00000000000000000	1.00000000000000000	1.00000000000000000	1.00000000000000000	1.00000000000000000	1.00000000000000000
CT45A10	1.00000000000000000	64.54924035892696565	1.00000000000000000	1.00000000000000000	1.00000000000000000	1.00000000000000000	1.00000000000000000	1.00000000000000000	1.00000000000000000	1.34169555532846019	1.00000000000000000	1.00000000000000000	1.00000000000000000	1.00000000000000000	1.00000000000000000	1.00000000000000000
CT45A3	1.00000000000000000	141.31958330069539898	1.00000000000000000	1.00000000000000000	1.00000000000000000	1.00000000000000000	1.00000000000000000	1.00000000000000000	1.00000000000000000	1.00000000000000000	1.00000000000000000	1.00000000000000000	1.00000000000000000	1.00000000000000000	1.00000000000000000	1.00000000000000000
CT45A5	1.00000000000000000	77.25823645252003757	1.00000000000000000	1.00000000000000000	1.00000000000000000	1.00000000000000000	1.00000000000000000	1.00000000000000000	1.32889719475356460	1.00000000000000000	1.00000000000000000	1.00000000000000000	1.00000000000000000	1.00000000000000000	1.00000000000000000	1.00000000000000000
CTAG2	13.30564419031374612	57.50869790992129538	3.60859128008688179	9.21695090057198207	1.00000000000000000	12.14361215227359914	5.05404742022527564	2.40417942636366533	1.00000000000000000	4.40690190207310906	40.63998713365605653	1.00000000000000000	47.05754867357440219	9.15757154148247210	13.69819279792270628	1.00000000000000000
CTHRC1	1.33469949382997388	208.19922113917479578	27.88329560408505969	3.32444852810952884	28.98250053323900133	3.41859365043674801	29.62218148262136808	1.76339330934702865	1.91883010574134172	24.96704904234143285	8.00669117652514828	3.85561073451021086	1.00000000000000000	1.33518385507412640	24.36163543107442209	297.33216706573404053
CTLA4	7.76712337187216040	20.32324613915899647	549.24225900960391300	8.63900014109335501	14.00140672502363159	15.37643740510430845	31.27054296895179775	3050.58254390633965158	5.20329345097261875	1116.11332798351645579	11.70011937838804705	1324.18031414549136571	3.06098067447443034	8.30790864202105439	8.23391319219883933	28.82224906152145394
CTSL	5.67858883684657201	26.53874210203439432	5.05644921645456602	3.89927500949050998	4.29752690772328627	52.58319414663917968	11.76809274527803773	1.29499604740971375	1.44418572908213516	31.78010132656487841	2.75961226576540009	211.51471252520840949	9.47653867599218813	495.93698724469436456	17.56706697598541567	781.56748084784078401
CTSW	11.75567552172353558	61.47369968991078082	2840.40954434885316005	31.67927987877709484	16.13178221288107039	49.07725497456700481	6542.81076883584864845	19.30476623218007148	5.84196220636677133	45.82924649443516785	11896.88571204776235390	176.88443395927711776	56.27586641088780794	8.97791100200105241	8810.57024290253139043	55.06687214896057014
CTXN1	1.75783942393108505	123.00958261832758467	1.62056880570654416	1.00000000000000000	1.77365223311785503	2.28057162901850230	5.11699116538937115	3.59822973987831451	2.22009658441153057	9.40044528524964385	1.00000000000000000	2.89824440708814457	1.79323671847367394	2.24693756555753499	4.63956526854453521	5.24376995526632861
CXCL10	46.29169855008792922	173.62846309929648214	61.19767296424920033	33.20945266354323877	4.83954620518671774	698.07103290600423406	4.87424207625853612	163.44894188672401469	3.55382899596003599	147.19234992147397634	1.00000000000000000	29.06246548382860340	42.90374602030575346	1345.78119216701702499	48.79679043877045075	1235.11593297375793554
CXCL11	1.57753303207628681	10.69385120613282503	2.21197296880531002	1.40089442160002031	1.14946218563689939	51.44982448007360176	1.00000000000000000	3.31621646443165741	1.00000000000000000	3.14738811723614420	1.00000000000000000	1.00000000000000000	3.47963018684736314	110.13328913698367728	1.00000000000000000	621.45855259031543483
CXCL13	71.50244758806586276	51.54817651360836095	623.70581483712544468	61.77678139135545621	42.44185132731524845	18.63410742382217222	37.14648479086950772	300.31428167937275475	16.05442827880645851	2920.45355743092750345	5.54851000305915676	3220.83649751513485171	13.37974279971586355	18.14708627988616740	1.00000000000000000	1994.99554136691494932
CXCL16	68.08871245520236926	64.15297614841054497	12.57798959050831478	61.54424061551276992	2.64321407570848521	666.13985911961333386	12.05784591076196399	2.37791423726039319	22.19073606089347095	8.84775842414430969	8.13827840600689711	9.98910565081967761	63.59010423549540292	528.63899926784699801	12.11919145238475792	489.47602276476618499
CXCL3	1.00000000000000000	2.61589095419375717	11.10701943276898440	1.00000000000000000	1.00000000000000000	3.77332236321101755	1.00000000000000000	1.00000000000000000	1.00000000000000000	1.00000000000000000	1.00000000000000000	1.00000000000000000	5.28219227273221481	52.22873636794340513	1.00000000000000000	28.36163652729147344
CXCL8	1.00000000000000000	5.59366138288673120	1.00000000000000000	1.00000000000000000	1.00000000000000000	460.95098515116563931	1.00000000000000000	1.00000000000000000	2.17044875849895735	1.00000000000000000	2.00412757663738983	2.44697859342248281	2.00376238729292400	133.35013590947434636	14.47283686372758282	1.47013646958215238
CXCL9	19.82685835985900624	56.14912389876986509	5.10596301437053679	54.23143454495921389	15.74466551290625027	1616.11188609996384002	18.54810480691923047	3.31621646443165963	1.19294751609555205	61.39213855655324892	1.00000000000000000	5.19716169532506722	142.29008352090968970	1681.43986624572585242	1.00000000000000000	7581.47173265141009324
CXCR1	1.19548415922803497	1.00000000000000000	3.69900252691454057	1.00000000000000000	1.00000000000000000	6.63369054121576252	71.53890555161495968	1.00000000000000000	1.00000000000000000	1.54629314064555334	2.78399631393363034	1.00000000000000000	1.00000000000000000	1.00000000000000000	1.00000000000000000	1.00000000000000000
CXCR3	33.19200608194395130	25.29582372338997587	2041.30750867301344442	647.55564492820803935	103.16700922164653775	87.32745945260028009	1197.67485600476243235	114.01887087255948927	87.23892676188619077	497.49998131461916273	1091.14084579383120399	84.90340309911563565	1556.11540104668029016	5.67644987332932249	305.82566924561723454	44.42900023087560868
CXCR5	1318.61335474226098086	96.35105874053428465	117.67636626496620522	883.65779195670586432	70.66973007122034289	18.34633628500866465	7.13242413747208204	664.09109489226545975	728.55391592253840827	152.83785344205105616	15.63740049777787533	129.17932645894927646	6.54251633433853907	4.73384219372466131	68.09897416599854125	120.76513159193085301
CXCR6	4.51446963698248016	8.96218780942895776	997.21898787377256212	5.96680979746209417	4.14890756333771549	20.05635846677537515	196.11542556546777405	170.70332908822726381	4.26519284819718969	112.40967506504844664	211.72642098819915191	6.16568278824272031	9.48069973112416520	10.67108822916389954	116.55542881684117162	86.79085171070397564
CXXC5	1481.24651088860014170	33.94690130433238551	133.05955859734316959	1574.48371232364115713	349.63715907622787427	140.95617991614645348	607.36251605685095001	10.37002113535988634	1142.07572154734475589	27.29355593229951893	1243.12278018351298670	14.24718502816340049	1388.14020540232922940	96.62249806940370433	1305.10958082704178196	242.39325507713479624
CYP24A1	1.00000000000000000	1.00000000000000000	2.21747782429914597	1.00000000000000000	1.00000000000000000	1.00000000000000000	1.00000000000000000	1.00000000000000000	1.00000000000000000	11.12443366146026413	1.00000000000000000	21.26122199016158021	1.00000000000000000	1.00000000000000000	1.00000000000000000	36.93992475524522234
CYP26A1	1.00000000000000000	2.33051159104374062	1.00000000000000000	1.00000000000000000	1.00000000000000000	1.00000000000000000	1.00000000000000000	1.00000000000000000	1.00000000000000000	1.00000000000000000	1.00000000000000000	1.00000000000000000	1.00000000000000000	1.00000000000000000	10.75536557411639471	1.00000000000000000
CYP26C1	1.00000000000000000	1.06006576854886903	1.00000000000000000	1.00000000000000000	1.00000000000000000	2.34651446584379508	1.00000000000000000	1.00000000000000000	1.00000000000000000	1.00000000000000000	1.00000000000000000	1.67941424761549563	1.58473841679941785	1.21623516332025150	55.59294792348082836	1.39352650911746467
CYP27A1	2.10411303425451290	5.60934934214545411	2.48013532826846772	1.00000000000000000	1.00000000000000000	24.30976714614107337	1.00000000000000000	1.21080806625883142	1.00000000000000000	4.04674522409576554	3.04309635909741560	1.64091512675620477	5.90471954787188302	122.08620034163551793	1.00000000000000000	337.53556874319883718
CYP27B1	1.58285775029240039	48.76072622694310610	5.63287459345366415	1.00000000000000000	3.06911904917910228	3.61594096189802539	1.00000000000000000	1.95050700646951025	1.00000000000000000	4.62183063010564599	1.00000000000000000	3.62048021405582832	4.45226970518069631	27.08809707888804041	9.44752828310618753	10.18270067973863391
CYP4F22	1.00000000000000000	1.00000000000000000	16.88835776845639813	1.00000000000000000	1.00000000000000000	1.34831457897388929	31.00608073622602134	1.00000000000000000	1.00000000000000000	2.75130734057991333	16.51855887561112368	2.22375202196868216	1.00000000000000000	7.84580194133003861	37.99699560310260438	2.78321327246698536
CYP4Z1	1.00000000000000000	313.16135590427023772	1.00000000000000000	2.55160007304555458	1.00000000000000000	1.00000000000000000	1.00000000000000000	1.69074155845435370	1.00000000000000000	1.00000000000000000	1.00000000000000000	1.00000000000000000	1.00000000000000000	1.34594818200026745	1.00000000000000000	1.00000000000000000
CYP7B1	2.31842778921586046	53.91313039202486834	3.89191272033054547	1.00000000000000000	1.27099196415897908	26.55773492329677410	1.00000000000000000	50.70333479954686595	1.36028487077845250	19.57795412878862962	3.62556981159886371	30.18948958853644271	1.00000000000000000	5.76084923169134733	74.53001310615778152	743.46473896548457105
CYSLTR1	375.02524188098288960	19.82903228357403336	28.69120761356513327	573.49716410837379499	65.35341357008859120	92.75460294703161424	131.07582047570753048	66.34720416973640056	18.25976726300881836	98.83361040492665950	257.45249739711408665	565.83520297180200487	558.66624894422739089	88.59806377568055780	479.16270371745503098	28.47668160913308100
CYSTM1	100.12800047762880240	1079.69937898749617489	173.29663831311961530	173.04725866491358488	89.09839093743330807	274.27983162461305255	125.78695322904911791	65.83086740382447033	98.45766314478676406	71.87647749706799516	43.03541083976349313	69.13744713884101145	466.51284579388254770	376.39106941879373380	38.67327002097176347	205.60622008766441127
CYTL1	1.34335483973550729	1.47208366162162041	1.00000000000000000	1.00000000000000000	1.00000000000000000	1.85263286994053944	38.82898079621903520	1.00000000000000000	1.00000000000000000	1.00000000000000000	31.55780630408801812	1.00000000000000000	1.42363128545857354	4.64946915020033380	1.00000000000000000	1.59347982391462173
CYTOR	39.72001915931540594	97.30047300533433940	2040.54944420492438439	297.08689661078767585	620.86616046466031094	917.48544437657153594	973.39441254395205760	4204.86159602630141308	199.93118500627434742	1365.79560002174071087	283.56397313031942531	848.34988934595207866	177.98301792954353573	615.60461874753377742	115.63256073353399245	1.00000000000000000
DBNDD1	193.11338147428904222	23.06372789706734849	10.73874659596447678	28.84827533394302179	4.93930717701220612	1.40825855246716736	8.53526294808420793	4.72918240774506504	85.30480296206974344	4.21913264289716494	2.65697902941690867	71.17010251363201689	8.50878437346392502	1.00000000000000000	4.09362007794629879	17.01201887886027109
DBNDD2	65.59659513477103587	49.32259460518076111	189.10300078325209938	65.00063377852168855	4.77383464198442908	697.38807271886673789	66.90297798268065321	175.14581220586916288	16.80719374708660396	198.01224963276362701	33.81615359646891505	219.70299099269291787	188.22781931481608808	430.45904633042266596	31.05400415094318234	259.93762543796668751
DCAF12	22.51889569082906561	225.99863001031582144	182.80096677567533447	34.11602822500396570	117.15899055115458793	131.98469621511463856	166.94693065725329006	222.61482391609763454	1038.06189529215839684	180.84345664795529274	171.48843495186412156	176.35339000933316811	301.68453345062710014	164.51253257142002440	183.20529903136019811	199.27071134501477445
DCC	1.00000000000000000	1.00000000000000000	1.00000000000000000	1.00000000000000000	8.68356553089182803	1.58849941460953126	1.00000000000000000	1.00000000000000000	1.00000000000000000	1.00000000000000000	1.00000000000000000	1.00000000000000000	1.00000000000000000	1.00000000000000000	1.00000000000000000	1.00000000000000000
DCDC1	1.00000000000000000	43.57711557207743880	1.00000000000000000	1.00000000000000000	1.00000000000000000	1.00000000000000000	1.00000000000000000	1.94172796377199086	1.33291414487265469	1.00000000000000000	1.00000000000000000	1.82857762342214314	1.00000000000000000	1.00000000000000000	1.00000000000000000	1.00000000000000000
DCSTAMP	1.00000000000000000	1.00000000000000000	1.00000000000000000	1.00000000000000000	1.00000000000000000	1.00000000000000000	1.00000000000000000	1.00000000000000000	1.00000000000000000	1.00000000000000000	1.00000000000000000	1.00000000000000000	1.00000000000000000	8.47387861746724091	1.00000000000000000	9.15564995180101882
DDIT4L	1.00000000000000000	1.00000000000000000	10.14548034308506352	1.00000000000000000	1.00000000000000000	1.00000000000000000	11.41093549110551031	1.33429338485777405	1.16598001220660152	9.07393014819746568	5.80486305984184714	4.96623348255749786	1.00000000000000000	1.38252686857539508	1.00000000000000000	6.46858921507067919
DEC1	1.00000000000000000	38.85594226468170831	5.30462035003196242	1.00000000000000000	1.29858525808561520	2.58745933817139173	2.55317164289234810	1.00000000000000000	1.13202032955701259	4.18349890460234075	1.00000000000000000	5.72552953924410080	1.00000000000000000	2.56600111953587895	1.00000000000000000	1.52486883336746848
DENND6B	44.28079956406462969	156.13645325918912476	82.78351185372790155	82.74859233262409930	549.80314827457357296	119.03544731171365356	194.34657767339263046	48.02114570561637663	210.95212895940730391	56.05436277249764743	95.53030459492873661	52.86879108958995488	96.04512042475224121	140.67839134671160650	218.79627844267790238	49.85712905560584574
DEPDC1	6.74481492389274440	63.34914055367931951	4.85622573617050879	5.96680979746209061	30.75402718799411161	4.75199346423532987	1.00000000000000000	2.75631349244594848	171.56973905384688805	179.65178994337065888	1.00000000000000000	2.06015801768289331	4.55452886578699978	1.91502244295176238	1.00000000000000000	24.35598462217675930
DEPDC1B	4.84319952546274290	151.85119667791985876	11.78275335728687168	1.00000000000000000	30.09503656522703707	9.11220940113705069	7.97591943980803197	6.40265062118810402	172.82828067676328487	298.36665994392080847	7.35386740150998541	3.29244200020248012	5.92058824206282797	1.31243861550335073	5.19253344111908532	11.03923049306339976
DEPP1	6.21238923534938259	2.66800592920116797	1.00000000000000000	5.96680979746208529	51.57893842086279790	86.14280434925362329	1.00000000000000000	5.17881536109153995	1.42364258748843797	7.07538576665876562	2.19980654889172467	4.07425023116466267	35.97914406973645640	19.13408055043665357	1.00000000000000000	5633.10662815358500666
DEPTOR	6.91497478773108298	14.24359875523232333	2.10874328523715437	4.84000880490554497	24.17293578697656997	56.89294610812592623	12.88316613586141735	3.19870185537703611	16.48562682381798794	2.24114860656588366	3.79462588346117347	9.22665540921597405	6.76711324793420133	9.66783484749356781	42.81573779790854672	1095.79508970813617452
DERL3	315.31400134345460629	48.05451411064132827	16.28778891984596910	302.41413770505937464	3355.61204051655431613	14.52908367298016401	17.55858144169465618	2.68255305891954077	166.01918718210646375	66.29252896177368370	17.23661801972548702	8.28613233816728645	2159.25545325363327720	13.85192292785892931	31.28048475215257440	52.50037907765686640
DGKG	3.41314946355624471	128.74310503263646410	1.00000000000000000	29.35240070827818215	1.81940770222364501	20.56765997226802867	1.00000000000000000	15.14724644454036806	24.86838326560420143	13.62545670534520426	2.43270056754600539	17.76450150019857688	4.04582691786580817	19.40114838686314158	1.00000000000000000	5.77690141312236971
DHFR	168.22714619257578761	526.90249591868609969	68.55122254039490315	163.22584554762718767	137.08882073358745401	51.59483923046989418	115.35750478292440846	109.97976823940163627	882.30126622165334993	852.07543885897223390	98.50112703928496671	117.26325108853188794	99.82354743705118949	44.72142891598729619	108.37102949190632728	135.82348628986659378
DIAPH3	3.75372477850008934	61.42674978205936753	5.28940719251996239	3.94560826054324787	48.81326639375675569	4.58621469960451744	1.00000000000000000	1.62773613185383081	145.77094782825801644	271.81860030545215068	3.84406480448923560	4.21534262339557486	7.88701909221740571	2.33539239937358856	1.00000000000000000	8.22442735100454492
DLL3	10.91157329831287193	207.40636987699875249	10.95443364687180932	49.83877577662301661	5.10826838398155392	3.42039416834283472	2.82042754186511990	2.83659672639640714	30.18461955480882253	8.53786859012009280	1.00000000000000000	4.46029237351859909	1.99160088621352815	1.41413110051600199	1.00000000000000000	1.97643168976650840
DLL4	1.95342666656299890	1.00000000000000000	3.07311297690902130	1.00000000000000000	3.29590207520111322	25.29721369078605164	1.00000000000000000	1.00000000000000000	1.00000000000000000	1.00000000000000000	3.31909435521286422	1.00000000000000000	1.00000000000000000	2.33950846951590563	1.00000000000000000	796.35526984340594936
DLX4	1.08869105413509026	11.09640166955156815	1.00000000000000000	1.00000000000000000	2.20239771233782156	2.15069893962195380	1.00000000000000000	1.00000000000000000	1.58433478463222821	1.24132364032204379	1.00000000000000000	1.50818423530708534	4.22019613916065062	1.65685718438802709	1.00000000000000000	1.37088108625185345
DMRT2	1.00000000000000000	115.41650845053906949	7.80861896854616333	1.00000000000000000	1.72676442594979496	1.54060291613344624	8.42372736952034096	1.00000000000000000	1.65832755531779164	4.06576435508738232	1.00000000000000000	1.00000000000000000	1.00000000000000000	1.00000000000000000	1.00000000000000000	5.55223527801693795
DMTN	2.32063789958661948	2.97999639338577760	74.35368018810599722	3.95426528911901221	1.48673972847411129	2.11594339283453081	52.83035708038220690	25.41102342933898228	1.17197663539125085	46.70197165689808116	33.43190352493169115	110.87502223904678544	1.71955723941214877	2.47640615322144431	15.48157657604547488	11.55865035857637935
DNAAF1	1.89387418090612214	2.41310602578332212	2.57873340498816095	1.33188219382602591	24.65842730954814144	2.76240218798935455	1.00000000000000000	1.82872010918365313	1.64593680066179093	1.38127763372683821	1.00000000000000000	2.43973279241948493	2.01337644200319588	42.97151925624971369	5.74442113072840499	1.00000000000000000
DNAH8	3.82843209456869094	9.14974942669428870	1.00000000000000000	137.06115720639274969	9.98668144041015893	7.67000783742388936	1.00000000000000000	38.81256631702792248	34.86686712795947329	3.90341794276458298	1.00000000000000000	6.64361273853262002	1.00000000000000000	1.00000000000000000	1.00000000000000000	1.84108480475081016
DNAJC9	248.95860146045112060	213.41235208239100984	219.63107624428326403	264.25780209826882583	98.27356145297866874	81.68109186045585091	202.63341512050484994	224.83686920383146912	489.66727043096932448	863.96133763061720856	231.14582158271866774	310.08909054530607818	203.87282655969204370	32.13610385954046933	287.86143032323974467	80.26895275593358292
DNER	1.00000000000000000	250.92007247400638903	1.00000000000000000	1.00000000000000000	1.00000000000000000	1.00000000000000000	1.00000000000000000	1.00000000000000000	3.72806015680683700	2.13921710132723764	1.00000000000000000	1.81664312928443250	6.72153006382873475	2.02833498301907911	7.91310731029660630	1.00000000000000000
DNTT	1.79653032665897294	1.00000000000000000	1.00000000000000000	1.00000000000000000	2.63850048393399739	1.00000000000000000	7.48554041124839031	1.00000000000000000	1.00000000000000000	1.00000000000000000	1.00000000000000000	9.61192061409415111	1.96974771991490361	1.00000000000000000	15.78164445972404017	1.00000000000000000
DOC2B	1.30328729088884643	2.60407732643672940	22.40320640484926429	1.00000000000000000	1.00000000000000000	3.58622171629907216	1.00000000000000000	16.42172063357307366	1.00000000000000000	6.11165426217266283	1.00000000000000000	13.33177339935187611	1.71338510676817446	3.06113614982495896	1.00000000000000000	42.23672437712821193
DPF1	2.29755107151098237	21.76039414143031081	1.00000000000000000	1.87135585968075135	2.72744788945686523	1.00000000000000000	1.00000000000000000	1.49882262132721444	8.77439502500418200	8.10647552769739121	1.00000000000000000	1.18327219714549225	2.68251234902129809	1.00000000000000000	3.04688011524653524	3.57561937497720894
DPP4	4.50529633573011346	55.71525717885814544	73.81275803686423842	9.80603966818437200	1.50430631380316093	75.44485386334000054	48.48875731694877800	4.98595837363878669	3.96810939665724849	53.83251313243251701	60.93491627836108648	124.30314263577129452	221.04006495585775838	2.84661546977538116	177.39547763991413376	27.60580102221239684
DRAIC	4.81343019036626796	3.39985837301403793	133.68281742545684665	3.40180548935626126	3.30286707651852085	1.00000000000000000	21.44096771262534418	10.06686403507178973	2.87424081379157670	132.01016919663135241	15.18482595145096070	31.35970192350807650	4.75936629808601896	6.89498858500957024	1.00000000000000000	1.00000000000000000
DRD4	2.22811079509678311	2.45738770570829068	1.00000000000000000	2.91072468868059619	1.57574323152439089	3.72047171874474447	1.00000000000000000	1.00000000000000000	2.29925145331843783	1.22434545583023846	6.32110715574105253	1.42186961827275304	812.90220374059538244	2.45565461247461370	7.74735216873918198	1.00000000000000000
DTHD1	4.53120845240958481	54.71132189033985327	522.34160290745899147	1.00000000000000000	7.97789877552639659	6.88489010980864702	237.18653648545165424	75.06902074517179813	3.84159201339302081	58.17632065198897351	91.97626870732477755	57.56800290020777311	1.00000000000000000	3.04690831323511313	1.00000000000000000	38.87302100572404129
DTX1	487.41563097170137553	1.23525963378126069	54.03467587614162682	138.54123116611685873	156.60208517292232955	7.71755703805908411	160.87229311334783688	151.88330871138904854	1487.67743268222170627	67.20066664804274126	416.62979459297116591	206.07412615167146441	3.82493348445145198	2.83624131911106181	386.54468127851794179	77.44505951428124035
DUSP15	5.38866756796155677	5.62894614196149412	1.00000000000000000	12.61378108063107994	1.29823275370416980	4.81059846056375484	1.00000000000000000	1.00000000000000000	3.98891141948943373	2.59710910170994280	1.00000000000000000	1.00000000000000000	1.00000000000000000	1.00000000000000000	1.00000000000000000	41.54153252372108085
DUSP2	391.39453588276012397	411.75234120147763406	2571.83738642978960343	762.31173955117367314	346.20002171665862534	895.32703676259427539	1850.01073954324988335	2169.81199158004255878	686.94393040442560050	554.20528102384719205	5296.28029818268623785	1362.11192940078694846	133.57767122882745525	515.55934374762750849	1229.57248840003899204	78.67957437483332228
E2F1	6.17753621257255947	71.13430937326151593	3.76336665792490876	10.96084983519219236	24.01470704882602547	10.27813061357947255	2.81586483910771079	8.79146764917626200	256.42334829519285222	365.01570084807417516	7.51390645628024778	14.85281854942512503	4.89170200320935677	4.95698539242570568	10.95815378107208637	30.84708618197350205
E2F2	6.13697232046014207	3.88602284630216577	6.84827896994902030	12.21405743571694380	43.31304171733007280	5.21137385445559254	10.00349634332986604	4.28898020436898975	157.80802561438525800	219.74486062708945155	2.42524061187378370	11.10191033117626880	112.25234378571485649	28.81771557225030733	25.48752414966378055	7.27972294316641477
E2F7	2.09763890408596643	18.19526995463379748	2.88611252709482091	6.53772949830911720	16.01885564575614040	3.69334680269747295	1.00000000000000000	1.85403976202538479	55.71980457650533225	99.83235895626023648	1.00000000000000000	1.00000000000000000	20.00304845807589871	1.00000000000000000	3.32100416660477471	3.34432358181608214
EBF1	524.56585504229008166	141.12445660600698716	4.15728177224500328	527.71625148447992615	47.62550745552888287	5.01783966945252047	1.00000000000000000	1.00000000000000000	498.58870673283809083	1.70349956504246181	1.00000000000000000	1.54630501749944083	1.00000000000000000	1.79576235399146134	1.00000000000000000	362.87121254690589467
EBI3	83.69209008929774996	1660.38493267634567019	50.16055985511579252	281.60959908140716834	83.45028001007474927	887.03939169824639066	10.72932847602333162	304.14387122974062549	136.12717648610436072	428.24354088793188566	13.02429271480757933	221.30724135734101310	2.80193041870843818	572.65281493726035933	69.92148682473731469	32.77796831013466061
ECEL1	1.35609229038034829	1.00000000000000000	3.10029353053583234	1.00000000000000000	1.00000000000000000	1.00000000000000000	1.00000000000000000	217.84931908308172410	45.25541777426488466	15.12100008185126576	1.00000000000000000	16.55014805657292598	1.00000000000000000	1.00000000000000000	5.68031125292643502	1.00000000000000000
EDA2R	9.57761972504687087	3.03453311680081006	1.00000000000000000	2.76783609612700854	1.00000000000000000	4.44474601467632446	1.00000000000000000	1.00000000000000000	1.74258732562766383	1.00000000000000000	4.91565256797235151	1.00000000000000000	1.00000000000000000	1.00000000000000000	4.52693589648162487	106.52631736742486623
EDARADD	3.98142544643192897	91.34818649598857121	139.30369701942785809	6.79602961613911205	1.66657865818697926	23.15619737945242562	48.58818427312988319	5.97085043642249325	3.46578918642815914	16.68080218412271165	67.56306285991217919	9.03522432046415425	4.13053327837552597	4.91589603399141239	38.77043022375909231	24.09518366200520845
EGFLAM	1.29229519859449349	1.00000000000000000	1.00000000000000000	1.00000000000000000	1.00000000000000000	8.78324645249295699	1.00000000000000000	1.00000000000000000	1.00000000000000000	1.00000000000000000	1.00000000000000000	1.00000000000000000	4.29414836142611023	2.09393653709254757	1.00000000000000000	329.31304085360335421
EGLN3	13.67555735555553831	18.99147724593165165	8.66701593115578106	6.15731224241860353	2.59967042856466612	87.73475318891915720	80.37747510276814467	25.80386872280816490	4.88137463298816598	55.14482743686323118	32.08851193541814695	57.02483254278630653	486.35989053233305413	3.30437169530071007	26.45424383234591659	150.52532875682834401
EGR2	74.93983131754517046	11.46204594789445075	151.89825531414868465	142.73416537924131831	18.55699720583614010	252.48361991811663074	33.42254753003035006	246.24754105488980827	76.00595748267244289	119.19931429009763235	51.04450741468949104	60.84935732629185878	1.52689943273537376	186.87567182665611654	10.01992796244405248	36.73211164873016799
EMILIN2	40.01742079903277016	150.58575517527424381	76.05505148842736673	51.24417742629468364	3.93294446351735560	696.01345516267974745	59.51011502729655689	46.06939543928152858	21.85044833876277082	63.75346764027146662	85.27312052519167196	68.08627705162898280	314.36288562912227462	954.58462123530944154	138.47346863326765742	83.72293109754316731
EMILIN3	1.00000000000000000	1.00000000000000000	2.11025913420790179	1.00000000000000000	1.16322626476402413	8.96318514355397156	1.00000000000000000	1.00000000000000000	1.00000000000000000	1.00000000000000000	1.00000000000000000	1.00000000000000000	1.00000000000000000	1.00000000000000000	1.00000000000000000	5.54206301673835533
EML6	9.76048874974499014	11.78764778449787798	6.92751362890020950	78.12396819394383840	134.43842928228409050	2.89330553814161018	5.24564551267350154	1.90730295459908050	289.27348939028354380	5.74561564910448119	13.04510658452170269	2.63649902672572800	2.45545344793487619	3.18541601238787342	1.00000000000000000	4.84200965194286059
ENHO	1.68744809134389429	2.81077128842542345	1.00000000000000000	1.43565677340472209	1.00000000000000000	89.91957582381181169	1.00000000000000000	1.00000000000000000	2.70040950596332108	4.33659408064871066	2.88883384792632425	2.36375989362999528	1.00000000000000000	3.88785942579879773	6.91609550264473594	1.00000000000000000
ENTHD1	1.29815147429393551	1.00000000000000000	1.00000000000000000	1.00000000000000000	1.41099331456610466	23.76107779882542559	1.00000000000000000	3.12535456197276496	1.24523128561361984	1.00000000000000000	1.00000000000000000	1.78498694022718052	1.00000000000000000	1.15000527392076957	1.00000000000000000	3.65992746901534849
ENTPD1	459.11621900924268402	46.09430132650461331	704.14841438766472947	684.60898551657658118	260.76338825913848041	434.84467303459422283	137.52413661452288807	1376.02560658103584501	103.91884550938809184	744.17200056864453472	164.58971166417813947	689.82900232879273972	37.84800660768522818	324.53074416040698225	241.63992923608358865	136.10291986963213162
EOMES	3.35490225195299674	25.74158086736472129	1255.94614437625295977	5.28035167550151918	4.58151227689945895	9.12514743994626265	586.85543692304020169	3.43840061160985444	5.43359948042217944	30.94499779550703167	1159.60888470539430273	13.90612120992444289	4.34611521870826056	4.47369380828509833	58.49182267461318219	52.93427445600055847
EPB41L5	95.47519125910757509	54.13764774238232036	28.66028202810003478	49.04659353644671427	6.53368005559236220	9.94309804948529141	31.59773061798879823	5.67253933142559585	23.83641304916710979	3.72412748657111070	20.21523591221196980	30.59627767219043903	2.99290471838291250	3.89429174318230498	16.45684665919015899	135.34766569246113477
EPHA10	1.00000000000000000	19.92939704322630945	3.66639409061488752	1.00000000000000000	1.00000000000000000	7.01950994317167076	1.00000000000000000	1.00000000000000000	1.43404491726267969	2.10426320277230783	1.00000000000000000	1.00000000000000000	2.29335586103884115	1.16289742628150083	1.00000000000000000	2.48310782269326902
EPHA3	1.23612920082424393	28.72333233205315040	1.00000000000000000	1.00000000000000000	1.00000000000000000	1.58818134543244094	1.00000000000000000	1.00000000000000000	1.00000000000000000	1.32125621985439046	1.00000000000000000	1.00000000000000000	1.00000000000000000	1.00000000000000000	1.00000000000000000	280.93352307281747926
EPHA7	1.00000000000000000	367.39018206035569847	1.00000000000000000	1.00000000000000000	1.00000000000000000	1.00000000000000000	1.00000000000000000	1.00000000000000000	1.00000000000000000	1.00000000000000000	1.00000000000000000	1.00000000000000000	1.00000000000000000	1.00000000000000000	1.00000000000000000	1.00000000000000000
EPHB1	1.68657318831530656	133.58805128325690248	20.61540269280039439	2.23723050481650709	1.11837367344567795	8.58280127891280387	1.00000000000000000	273.71981819594122953	3.49701068526302317	94.34900322566429054	1.00000000000000000	45.98893496151199400	725.74568125818154840	2.18688684642811237	5.99738725876173273	76.14577100160951773
EPOP	5.67150146219620765	38.16266836907157511	19.45437516657119303	4.34382353468101723	14.20798002237152247	28.48412839296284460	12.62152274060342982	85.15619457982710117	3.43921727717858783	46.83097706756670675	3.26286832307805064	22.46715773329042420	2.70286893579247733	21.79143114810991477	1.00000000000000000	74.77067919908004967
EREG	1.00000000000000000	1.95975575034063976	1.00000000000000000	1.00000000000000000	1.00000000000000000	172.02747837452818658	1.00000000000000000	1.00000000000000000	1.00000000000000000	1.00000000000000000	24.17951439945814585	1.00000000000000000	2.92471795974742044	162.76604392015792655	88.97598381885875085	1.00000000000000000
ERICH3	1.12599924912717975	1.00000000000000000	4.13717317946072516	3.42053010024371584	1.00000000000000000	1.64847250530833866	4.54600244178335799	1.00000000000000000	1.00000000000000000	1.00000000000000000	1.00000000000000000	1.00000000000000000	10.59504489882323419	1.00000000000000000	1.00000000000000000	2.40235011443514557
ERN1	54.92763875478119928	449.17473047064606817	548.14777728508386190	59.74861624280938344	430.52624936263384825	175.84565070336347503	293.80720653577958501	241.97157877412820426	19.47287507693022590	93.68527687504328583	429.45644634777988813	251.80128295131103755	2078.96101664659636299	112.98268457807137111	1054.00558721516085825	476.70022322011487859
ERRFI1	4.64639237132628491	2.14190926819073280	2.56399904105554688	4.14117435880676421	1.21914668148031091	20.64458108758706345	1.00000000000000000	5.28603362405465749	2.31201393891768436	4.03637193114342985	1.00000000000000000	6.98341545025310939	1.00000000000000000	4.27289455200558788	1.00000000000000000	1689.32531454466561627
ERVMER34.1	1.00000000000000000	1.06006576854886903	1.00000000000000000	1.00000000000000000	1.52259525646049987	1.00000000000000000	1.00000000000000000	1.00000000000000000	1.00000000000000000	1.00000000000000000	1.00000000000000000	1.00000000000000000	1.76261789829115223	3.11521625874175889	1.00000000000000000	14.57762363816111773
ESAM	115.00829984058063360	2.13089561214687517	1.00000000000000000	36.68902352131008371	1.39907579917459168	2.94541949306374384	1.00000000000000000	1.00000000000000000	6.45573198179045793	1.97062584966849808	2.14099158391176125	7.67654233055238322	2.76486698897621341	1.00000000000000000	1.00000000000000000	16.31725628864692013
ESCO2	5.45309339220084510	53.83169578861400595	18.45654260978734484	8.48233139052485186	29.01321827688111199	6.25105446650324037	9.46364574006368819	4.44772478695082985	179.10504986099178382	384.37680905435178147	3.84195343336119510	1.65982660944335692	2.78423376325126171	4.45877899903209318	3.67943688057094143	6.82822527031427295
ETV4	1.20261846132888639	19.54456636613731746	1.00000000000000000	1.00000000000000000	1.44993175238414440	1.00000000000000000	1.00000000000000000	1.00000000000000000	5.17185916345450725	2.62658638655356924	1.00000000000000000	1.00000000000000000	1.00000000000000000	1.00000000000000000	1.00000000000000000	10.94292223381630613
EVA1A	1.00000000000000000	1.00000000000000000	1.81463342854467191	1.00000000000000000	1.27562475723407198	1.00000000000000000	1.00000000000000000	1.58268940780849920	1.00000000000000000	1.96619953804054282	2.96538332888109313	2.48975995666183270	1.00000000000000000	1.00000000000000000	6.64010994156612000	38.18050586148709158
EXOC1L	1.24344990921991538	327.25283644979026576	1.00000000000000000	1.00000000000000000	1.00000000000000000	1.00000000000000000	12.17817453677758444	1.00000000000000000	1.00000000000000000	1.00000000000000000	7.49185683625427945	1.00000000000000000	1.00000000000000000	3.26115188566526104	1.00000000000000000	1.00000000000000000
EYA4	1.00000000000000000	105.26460857159554507	1.00000000000000000	1.00000000000000000	1.00000000000000000	3.79693082600117204	1.00000000000000000	1.00000000000000000	1.00000000000000000	1.00000000000000000	1.00000000000000000	1.00000000000000000	1.00000000000000000	1.00000000000000000	1.00000000000000000	5.10823082826226660
F5	5.00168824914120602	2.12727810320711352	18.43589478489163369	3.35666267710388766	1.14946218563689939	5.56299968493634633	7.84096576263091904	97.29139963183943962	2.60667378964094265	133.45126839205826741	1.00000000000000000	112.48760684819886535	2.67716476107839574	46.11010101358121460	1.00000000000000000	16.55607804602637501
FABP6	1.00000000000000000	62.73273188639302589	1.00000000000000000	1.00000000000000000	1.11709682240107000	1.00000000000000000	1.00000000000000000	1.00000000000000000	1.00000000000000000	1.00000000000000000	1.00000000000000000	1.00000000000000000	1.00000000000000000	1.00000000000000000	1.00000000000000000	2.49252755840456741
FAM110B	3.27661732963740882	25.62200026379861129	4.24723652179538025	1.00000000000000000	1.23129527523313964	7.52968105926123954	1.00000000000000000	3.49461211148880091	1.17185250052162204	21.89952330763676969	3.09077296842963634	5.93149561481130227	1.00000000000000000	20.07298675776954155	1.00000000000000000	79.39223903780174396
FAM111B	83.47541719659542991	90.45186708232888861	7.04554350873228330	31.07447775070068019	24.99207691931118802	6.24022876286747152	3.27454463801824858	3.07962693608632243	310.80944345711907317	418.10677866932570623	2.55580110422232121	3.68409582157059967	1.84776117362004966	2.42817003665040376	2.90627694072224063	17.43371021587732628
FAM131C	1.20813664673759824	1.06006576854886903	1.00000000000000000	1.00000000000000000	1.37926796596614243	1.00000000000000000	1.00000000000000000	1.00000000000000000	1.00000000000000000	1.40328998768762858	1.00000000000000000	1.00000000000000000	10.21117016207257144	1.00000000000000000	24.92868366131921576	1.52162113696218149
FAM13A	7.00813461540031835	82.15039401066644587	16.20261113112631080	1.50260525103329790	12.21796812021534073	74.92304985688009822	33.72101051959341333	30.58839022016691800	3.61001000130455152	43.47693230378323648	50.05599219085269169	93.60090647800491581	194.37456880083149713	60.95967639894253409	92.27985432029466040	574.95223464296145721
FAM151A	1.00000000000000000	1.00000000000000000	1.00000000000000000	1.00000000000000000	1.00000000000000000	1.92785657128124099	1.00000000000000000	1.00000000000000000	1.16243409821741484	1.00000000000000000	1.00000000000000000	1.00000000000000000	1.54556602605127580	1.00000000000000000	1.00000000000000000	192.87026176445667147
FAM20A	2.39474204270612212	15.42656766715274763	1.00000000000000000	3.28146627625580400	1.00000000000000000	39.74935362517103243	1.00000000000000000	1.00000000000000000	1.00000000000000000	2.56444696859994847	1.00000000000000000	2.52514334799214968	3.74033287252920132	351.56791463284696420	1.00000000000000000	920.21361348652158085
FAM20C	1.00000000000000000	4.71622064317001133	1.00000000000000000	2.59709908343734419	1.00000000000000000	76.96054615407942379	1.00000000000000000	1.00000000000000000	1.00000000000000000	6.26386405794695023	3.65819361710152835	1.00000000000000000	8.23781434724202200	139.55646340279471929	9.65390558339345084	355.70042198827968605
FAM216B	1.53353847916954766	1.00000000000000000	1.00000000000000000	2.91619560689697943	1.00000000000000000	1.00000000000000000	1.00000000000000000	1.00000000000000000	1.95172906361130938	1.14854301792569036	1.00000000000000000	1.00000000000000000	1.00000000000000000	1.00000000000000000	1.00000000000000000	197.04722385893737169
FAM245B	1.32700918212101682	186.01289212183147015	1.00000000000000000	2.21956791183790170	1.00000000000000000	2.82402910645083960	1.00000000000000000	1.00000000000000000	1.00000000000000000	1.00000000000000000	1.00000000000000000	1.00000000000000000	3.97761800060288673	1.00000000000000000	1.00000000000000000	1.00000000000000000
FAM30A	1456.83046985281885100	4.67797766970269890	9.41249663627593769	1383.07177798372822508	555.62676815715303746	4.72839495631734419	102.61892095998155128	7.20734072492718258	584.52594997763742413	22.16243868314423082	174.16186219032593385	6.32092676994056113	332.58060595816652949	5.66425486630870978	706.82303053743430610	13.32422045804222854
FAM3B	1.00000000000000000	1.28686689562185763	1.00000000000000000	3.02146187417101153	3.16513539458162052	21.17226903761914869	1.00000000000000000	1.63513569121271729	3.31512048813428351	5.12356891432178507	1.00000000000000000	1.00000000000000000	4.01188854206512779	4.72213370043107794	1.00000000000000000	62.00432719325196729
FAM72B	3.79168545030649673	26.66655840521174525	4.50836492064694738	2.65322825016971553	13.58244028693895444	7.47198912231102952	1.00000000000000000	1.00000000000000000	87.73959203953837971	114.31675385968813430	1.00000000000000000	1.97124253125993310	2.82649745422605303	2.64846123523118582	11.71039340019570751	1.00000000000000000
FAM78B	1.45704808200147551	115.41123351275577136	3.03094996826085028	1.34356564712933491	1.92804054692138060	3.36974862420138388	1.00000000000000000	1.00000000000000000	1.71267454017723808	4.62770420760003098	1.00000000000000000	4.02601657259556323	3.13081209265073301	1.64357498619823073	13.37805357304416987	86.13437224451401164
FAM83D	4.10549844188686386	200.94443927593647459	37.32505548559156949	12.20975730253564073	16.27525300394230356	3.79513078132479542	1.00000000000000000	14.89301216185910093	108.46400327571740263	148.13575796511423732	4.25976365000496493	13.41124786485682918	6.96860185872214366	1.86999513722299682	1.00000000000000000	3.73298869048619553
FAM92B	1.55496271608348602	1.00000000000000000	1.00000000000000000	2.05389408884088631	100.86800792123823101	1.00000000000000000	1.00000000000000000	1.00000000000000000	1.24170179058498964	1.00000000000000000	1.97419006536458119	1.00000000000000000	1.00000000000000000	1.00000000000000000	1.00000000000000000	1.00000000000000000
FAM9C	1.18182830304982467	12.56657194900454577	1.82688044571138430	1.00000000000000000	1.00000000000000000	1.79873118130248844	1.00000000000000000	2.20794141856276882	1.00000000000000000	1.37991506873579262	1.00000000000000000	2.10521249014843059	1.00000000000000000	1.35179064332198617	1.00000000000000000	1.00000000000000000
FANCA	155.90660861373132207	72.19713340858726269	119.94175005616503427	151.31958119960069098	104.33571243809724649	61.10357055022662109	165.18582147888994882	31.55208959549446490	562.13457102511040375	248.54954410720662850	75.79790108446393049	35.92171541423634551	37.38288908584151216	29.88894918387224564	74.00769029945124089	34.40497781398378407
FANCD2	129.60950012649917085	104.10997327727262984	47.81169806248028920	108.96558962087384259	27.97379444629716261	25.70443420220424002	34.51175865506989737	58.36536842777533707	179.36850296640383817	281.07570699559926197	26.57735157093204492	65.73431540662357975	89.67730335505515882	14.48399827200336887	59.03107033110808999	17.92238382940559660
FASLG	1.81346101814321292	1.18658168923557050	615.33134545138443627	2.48409977161816053	1.49566874130615890	4.65156347387978997	699.19652779074476712	1.00000000000000000	1.44850382335003647	14.19366805089896566	303.25903598512127246	5.10933975975939347	2.28074022858001335	2.81595423739347872	42.88710365560172022	21.49505330633792610
FAT3	1.00000000000000000	1.00000000000000000	1.00000000000000000	1.00000000000000000	1.00000000000000000	1.00000000000000000	1.00000000000000000	1.00000000000000000	1.00000000000000000	1.00000000000000000	2.17858169228163989	1.00000000000000000	1.48541336760840803	1.00000000000000000	12.40574478969601913	1.00000000000000000
FAXC	2.54645724369401627	35.50220732198818041	1.84290813433416711	1.97352696912686354	1.00000000000000000	1.91327630908876012	1.00000000000000000	1.51900615070744638	1.73356115337444816	2.87999427965359889	1.00000000000000000	1.63722150615959805	5.32419147407432014	1.00000000000000000	1.00000000000000000	4.58194144920907132
FBLN7	4.89710646649624248	1.27014480878987968	29.62289729822970230	11.68271317623948669	1.85434731123778507	2.01954551637031887	10.78474594457742519	828.00804309206546350	3.11299390342463855	264.53467965096513126	2.04971432840475565	388.09792304374445848	11.50869146742901705	1.38326064946773197	2.90627694072224063	281.16813999210705788
FBXO17	1.00000000000000000	9.51363871301921549	1.00000000000000000	1.00000000000000000	1.25122167977722931	19.33542711659766766	1.00000000000000000	1.00000000000000000	1.00000000000000000	2.14579540898184229	1.00000000000000000	1.66846090960458904	1.00000000000000000	1.00000000000000000	1.00000000000000000	120.80633018939919054
FBXO27	1.32882019208959079	5.46458866450953185	4.35309376041394724	4.11156617960512971	2.93015570620521393	66.03466382917024191	1.00000000000000000	1.00000000000000000	2.71662853863245335	3.48578118578080520	8.41646381109868003	3.74009260519611697	1.38346935111297853	1.35470816394518057	7.36009603788424371	17.66774981378071985
FBXO32	33.16731353419963568	130.46787837851681502	206.75240951909580644	60.76407457426657288	33.79643417184836807	14.79059432676664443	135.20384925313092594	290.83790377638882774	20.11551799645904381	101.57218525140038423	74.20489886413757574	411.78884155065696859	17.89973790493631967	7.33081195645866934	66.97576170874239665	185.22185421785511039
FBXO43	2.06225926979670549	36.78165480455533043	1.00000000000000000	3.14603242382509540	7.49361665284972744	1.39604744946416148	1.00000000000000000	1.96784212858523788	39.61858369015106263	79.50146046037870917	3.05014038780616747	2.20020872882064733	1.00000000000000000	1.00000000000000000	1.00000000000000000	6.20662078178436971
FCER1A	1.00000000000000000	1.00000000000000000	1.00000000000000000	1.00000000000000000	1.00000000000000000	473.05512280781283607	1.00000000000000000	1.00000000000000000	1.00000000000000000	1.00000000000000000	2.60127258835657438	1.00000000000000000	212.88065688187444380	9.98232115274687892	1.00000000000000000	3.57516225182166902
FCER2	4349.50101311703565443	5.22948721047315956	12.73888959167239143	1527.59057642530319754	33.32409358228751728	39.90698208805934399	1.00000000000000000	2.45674323658455496	373.88487120628343519	3.10186082195078194	3.60260888849635164	3.64637969212797364	3.49934310891190625	33.59620587820193549	8.29634708822496414	26.64251690456190502
FCGR1A	6.98555145275512057	41.55827437213775966	1.00000000000000000	7.90468314500981162	1.17566341946976016	210.50659332924851697	1.00000000000000000	1.00000000000000000	2.52995409842182983	3.21200810330683639	1.00000000000000000	1.00000000000000000	7.45806227303403890	1081.40444646420519348	1.00000000000000000	20.01688090848407597
FCGR1B	2.09907243659965692	25.95527176757211762	1.00000000000000000	1.29591817461768022	1.00000000000000000	112.93122529832650969	1.00000000000000000	1.00000000000000000	1.00000000000000000	1.55864689806906331	1.00000000000000000	1.00000000000000000	1.64204207425028814	556.76710772542946870	1.00000000000000000	8.90117854830585742
FCGR2A	12.07677312945325454	55.26833945394938041	1.00000000000000000	56.66602907669745548	7.93300536457364913	257.77021853384661654	9.38495538472531976	1.00000000000000000	1.56395332471898652	1.09338073980934314	10.65488407215288369	1.00000000000000000	8.25594422962455177	877.15504423371396570	6.50750275773268427	41.30017119198284803
FCGR2B	762.47464272966624321	370.60460720687490266	20.36598033691218745	1034.30957072625437831	166.12055958074952855	432.21101739222569904	22.39367249869731680	2.83632356934331575	129.11728715946551915	1.23549113604016103	27.06382061921210891	4.22723625183436269	4.64092814808096321	377.78220000674082257	5.84754310859153748	3.78784252279056455
FCGR3A	2.78261318408641767	58.01878620777599593	544.99116434538859721	8.72127446221437808	1.68087911190465733	37.54960041135036874	2825.71450626920932336	1.00000000000000000	1.00000000000000000	4.51725982991576469	831.28986299851430886	1.74850435955781069	5.52355288988475213	1278.08785135080529471	16.51659190296990332	55.16883771245512236
FCN1	4.29497820438479838	108.54606375270846286	1.00000000000000000	4.03382019656073254	5.37463438534370574	1230.31787497493678529	10.73941780041425886	1.88401492277077831	2.65575220000634538	1.79392355862943753	2.32395482615622040	2.00425594799357931	9.84540430445197856	3329.10029597346238006	16.29996276171118197	1.00000000000000000
FCRL2	685.06550979087535325	2.56244978407183588	4.49388721529796875	649.85362606771309402	120.88283422642322762	3.45885547401571314	1.00000000000000000	1.00000000000000000	423.90941941021975481	1.92453643066371516	1.00000000000000000	1.00000000000000000	2.46063809405266110	3.20026408976028920	1.00000000000000000	45.08308347678892147
FCRL3	1540.42000351065121322	15.07475194907423699	836.46830910157689232	1192.60889623208595367	101.81168315962088400	10.37007204284675588	466.40618198771551306	65.30620180697850685	997.77388742024288604	44.91133790576407137	670.61137335639182311	31.20205685642609339	4.52527232669956803	5.71488099759528279	14.43834637244503405	92.48509096645912564
FCRL4	3.86947121581631448	2.61756820710384819	1.00000000000000000	264.60300695924229331	5.72329418149807356	1.00000000000000000	1.00000000000000000	1.00000000000000000	20.34973709940013720	1.00000000000000000	1.00000000000000000	1.00000000000000000	1.53335084712429159	1.00000000000000000	3.70437910157401973	1.24923842915340266
FCRL5	1495.48450503807839596	5.15279425556664350	11.23349108257094287	1691.39166156188321111	772.71723469496066627	3.44537265771604728	1.00000000000000000	1.00000000000000000	704.88355914418900738	3.74782344900807285	2.46663628337816299	3.19267837876699145	34.83297948808293398	2.44740478123563543	23.47137180383027655	48.67914447310462833
FCRL6	1.51000934513459484	4.90025559587619863	395.55861537532240391	1.00000000000000000	1.34436351318405678	56.91027891267830796	860.09041845534841286	3.00033487757328654	2.71603202874998617	10.26040380875975977	158.71511708944711927	6.77704206932053044	1.89213936846347264	3.25506240167435346	4.20916785952092454	8.63784322636987589
FCRLA	1988.34592117255556332	26.62071594633281535	11.38754727416938550	2106.74343610334335608	98.44122503628422294	5.27373558156810596	1.00000000000000000	1.00000000000000000	2206.45257080103556291	3.92864689007978152	2.33091064382443225	4.67805637459158863	136.42551530109574287	2.90809979017500053	1.00000000000000000	25.70123614816300517
FDCSP	20.75019838579909859	24.72922125228518908	2.89790771929263657	19.47427012945072988	5.25709340437333683	17.21017639118589315	9.56402071273412169	2.23480081336801106	1.92840444709681469	4.94615307765785328	10.68939104088828174	2.55015216220375196	11.72356347402532251	18.16697390902805864	16.68341757524499869	2534.94607556415621730
FFAR2	1.00000000000000000	18.58757042911071622	1.00000000000000000	1.00000000000000000	1.00000000000000000	11.27755685989134804	1.00000000000000000	1.00000000000000000	2.29784938408266726	1.00000000000000000	1.00000000000000000	1.00000000000000000	1.00000000000000000	309.81578233413313228	1.00000000000000000	4.28244153988834952
FFAR3	1.00000000000000000	3.95610860874229919	1.00000000000000000	1.00000000000000000	1.00000000000000000	7.14425296111157770	1.00000000000000000	1.00000000000000000	1.00000000000000000	1.00000000000000000	1.00000000000000000	1.86570867941986629	1.92658794171309133	27.46504273694831610	1.00000000000000000	1.00000000000000000
FGD6	6.79368164927095552	12.72917205168583621	6.98901610125723849	104.07632875382016380	22.20010770553887980	105.98134232714426162	2.20850041089899030	6.13908215228471388	475.41873998605393581	12.13089452877714614	8.04079878800590819	9.69862650419740646	13.27384962107242217	104.83593715784294886	76.90784396722625615	344.52570600632321884
FGF2	3.37863322176475656	12.54471745190791410	2.17997753538731143	1.00000000000000000	2.08958042375559394	1.00000000000000000	1.00000000000000000	1.98899587324201121	2.46815165864580832	9.89221713408034553	1.97845298337222664	3.49528446645068769	1.70265992608360928	1.44298593091244021	1.00000000000000000	291.91388881877111316
FGF7	3.01639303911973222	115.25520695791921355	2.83021624463738686	11.88123206090643613	7.67783990068880051	3.45865079325242553	6.91759555419210592	2.04885211290009117	2.87023509594319570	1.40267359289567195	3.00850915419990761	3.85468543789199902	6.38523030455636142	1.91212770325275461	1.00000000000000000	1744.62313775946972783
FGFBP2	1.98413559201021128	2.66106360800539310	401.78159056651577430	1.00000000000000000	1.00000000000000000	3.32832048015307702	2211.65892413701476471	1.00000000000000000	1.27390061144065236	4.18907692379665253	241.72804536668471087	2.34293676708290644	1.92603983430057069	1.00000000000000000	2.90627694072224063	15.09500914739503230
FGR	310.94530215530880923	75.12123316080574398	295.72503759006281143	540.00288069948726388	21.94948717739990940	1366.42719286924875632	899.00294670864855107	1.96370757632019721	41.40809885495642817	5.45698184773014017	1465.35423229386697130	2.68223869174339580	52.68898715433163460	1468.67962094392100880	341.81838631410010976	113.53271774694842122
FLT1	67.29190006610016894	10.01638481609964693	65.09815029858556557	8.96010404886587430	2.44200838201602188	50.50378690599157494	1.00000000000000000	123.44345917258559098	4.34041781055803622	80.95752625866794006	1.00000000000000000	51.68929016628973017	2.70107172897835923	39.91407806616247456	6.41791220804692664	38.60945122723465772
FLT3	2.06206100466963438	4.00828106923069871	1.00000000000000000	8.81814349709535428	7.27125838473900643	628.75736473227561874	1.00000000000000000	1.00000000000000000	4.06862281538185311	1.42397245517161775	6.26708651290156116	2.60834618349147318	423.66810692828499896	31.16017111145297491	30.63084242445987471	38.57804461271808094
FMN1	13.80241216557551631	1.73037842226964189	4.00105371358376694	4.37031334375273062	8.93981053249820334	89.70872285053258111	5.16553438991597336	1.00000000000000000	3.33094773285283541	4.29038216216141777	1.96174612788298708	3.51227791051566207	149.98354438561040070	126.40075129017630218	2.40640819152644481	209.14782647331364274
FMO1	8.99288636796943841	1.00000000000000000	1.00000000000000000	1.00000000000000000	1.00000000000000000	1.00000000000000000	1.00000000000000000	1.00000000000000000	29.24758609075271210	1.00000000000000000	1.00000000000000000	1.00000000000000000	1.00000000000000000	1.00000000000000000	1.00000000000000000	21.84310475827546938
FMO3	1.00000000000000000	1.00000000000000000	1.00000000000000000	1.00000000000000000	1.00000000000000000	1.77848648810877008	1.00000000000000000	1.00000000000000000	1.00000000000000000	1.47442578189125850	1.00000000000000000	1.00000000000000000	3.15698990544043712	1.00000000000000000	1.00000000000000000	325.89145778619331395
FNDC1	1.00000000000000000	1.00000000000000000	1.00000000000000000	1.00000000000000000	1.00000000000000000	1.41127904524785164	1.00000000000000000	1.00000000000000000	18.57632603419906658	1.22567368275121735	1.00000000000000000	1.00000000000000000	2.30912134948910230	1.15955277239728871	1.00000000000000000	533.52617295277218545
FNIP2	2.06546005237406582	132.50729988355101341	8.21023763048700239	1.00000000000000000	2.82936101768426607	374.52589001077956254	20.32235919956828951	38.48684497008419214	5.15278660409056766	38.87310747419296320	108.10358998730933422	50.61758660588712644	45.20288746011274839	139.07873219398516085	167.29065965360121027	138.90198802086021601
FO393415.3	1.00000000000000000	31.88891933325725958	1.00000000000000000	1.00000000000000000	1.00000000000000000	1.00000000000000000	1.00000000000000000	1.00000000000000000	1.00000000000000000	1.00000000000000000	1.00000000000000000	1.00000000000000000	1.00000000000000000	1.00000000000000000	1.00000000000000000	1.00000000000000000
FOLR3	1.00000000000000000	1.00000000000000000	1.00000000000000000	1.00000000000000000	1.27765353734941112	16.32071655192354243	1.00000000000000000	1.00000000000000000	1.00000000000000000	1.00000000000000000	1.00000000000000000	1.00000000000000000	1.00000000000000000	36.87378433900073560	1.00000000000000000	1.00000000000000000
FOSB	1870.48871714333085947	106.25678425038204011	1378.71835761337979420	2122.99383181055736713	843.01208173822476510	1218.28752063596652988	503.60833945741057960	1121.47716175125628979	457.87333995805909126	324.94862574216790563	2873.24531149576978351	2277.86236897393746403	2372.45998065213734662	663.48314591407586249	4432.69791268610242696	505.93393834482037619
FOXB1	1.38028736945435115	3.30423689130539389	23.01895010412725284	1.00000000000000000	2.50982672142653129	6.96211301997498921	1.00000000000000000	348.75439738608042717	1.26973410556908850	104.21942138595348126	1.00000000000000000	59.65532163039300428	1.00000000000000000	1.85293119805661255	1.00000000000000000	1.31378030140879698
FOXJ1	1.28669907610590606	2.69392505291388673	3.51940932745151391	2.51383067075931255	8.44301689715463866	1.36072178659946363	1.00000000000000000	1.73546739618076695	1.00000000000000000	1.00000000000000000	2.99385527638431137	10.15452469676428748	1.53332484970730043	1.00000000000000000	1.00000000000000000	1.00000000000000000
FOXP3	6.36919239400657755	8.20789295463803370	37.43540644458403222	7.70746176707026365	1.50993597352744180	9.19065136242922343	1.00000000000000000	2380.99952461603470510	9.62790576595154057	417.63572508260966742	1.94578498482108442	207.73853343917537018	9.78400509503458515	3.47965685666909730	6.35833565152567903	21.81550443016651286
FPR1	3.31628306908245607	60.65099058653671449	1.00000000000000000	4.27019587913076837	1.00000000000000000	956.25033268564800437	1.00000000000000000	1.00000000000000000	1.00000000000000000	4.48475732748394584	1.00000000000000000	1.00000000000000000	9.92161334705765618	1690.67270254674599528	1.00000000000000000	107.09938654105199873
FPR2	1.00000000000000000	13.03699077991704591	1.00000000000000000	1.00000000000000000	1.00000000000000000	64.95276678377544499	1.00000000000000000	1.00000000000000000	1.00000000000000000	2.03585319587042868	2.87658177060844888	1.00000000000000000	1.74149576986575205	408.29182300693355501	1.00000000000000000	27.68836521971855547
FPR3	1.73041742041961744	1.60568495545569156	1.00000000000000000	1.00000000000000000	1.00000000000000000	180.48252192613335865	1.00000000000000000	1.00000000000000000	1.00000000000000000	2.66531511067939952	2.71498776371112482	1.00000000000000000	4.81810278411866744	103.64868208155337470	1.00000000000000000	50.53144094090075811
FRG2	1.00000000000000000	10.36870133923943094	1.00000000000000000	1.00000000000000000	1.00000000000000000	1.00000000000000000	1.00000000000000000	1.00000000000000000	1.00000000000000000	1.00000000000000000	1.00000000000000000	1.00000000000000000	1.00000000000000000	1.00000000000000000	1.00000000000000000	1.00000000000000000
FRG2C	1.96003658709081385	525.58708171234627571	1.00000000000000000	1.00000000000000000	1.00000000000000000	1.00000000000000000	1.00000000000000000	1.00000000000000000	1.00000000000000000	1.00000000000000000	1.00000000000000000	1.00000000000000000	1.00000000000000000	1.59028527860587299	1.00000000000000000	1.00000000000000000
FRMD4A	8.45662380810491499	18.60875474715939148	29.97524691627500104	12.66014230715604505	3.84656512031801334	94.95184613636412507	9.73158579427562387	4.70984969654988817	15.45324912902629144	5.81415601700779039	5.59657346178588533	9.27235120638885668	27.66754642872907866	110.57398894554954438	8.90652138547680927	360.68703135629118606
FRMPD2	1.00000000000000000	5.12483228667354584	1.00000000000000000	4.43679219712094586	1.00000000000000000	1.00000000000000000	9.33440433419748139	1.00000000000000000	1.00000000000000000	1.78338606605747851	1.00000000000000000	1.00000000000000000	1.00000000000000000	1.54269348847821064	9.92573054043735148	1.00000000000000000
FRMPD3	2.08319242710315766	6.95248472392317307	11.68215818534852168	1.82413094743477844	2.25503191938038094	1.00000000000000000	26.56394421730175281	1.00000000000000000	7.34523044152296034	3.45978774361994734	2.87430708221804254	1.00000000000000000	1.00000000000000000	1.60640532609786746	1.00000000000000000	3.66055926264537534
FSD1L	22.61505515229051255	112.07509119478352488	6.64700520304274090	47.97614240840565003	3.53203745082068243	50.54945607343157832	15.39717407805146188	1.00000000000000000	11.52881040187615014	13.75444421066007550	14.80843655787001367	4.16561904110574943	13.48849980575717389	55.96930221578336528	17.94580881982355436	86.59001050373530006
FSTL4	1.21571352292907475	7.58971546835976518	1.00000000000000000	1.00000000000000000	1.00000000000000000	1.00000000000000000	1.00000000000000000	10.68772397603910562	1.00000000000000000	6.00055058128542651	1.00000000000000000	4.00986018037161074	1.97962072334265993	1.00000000000000000	22.18854902667453999	1.00000000000000000
FSTL5	1.17166321167894005	29.31389208743716779	1.00000000000000000	1.00000000000000000	1.00000000000000000	1.00000000000000000	1.00000000000000000	1.00000000000000000	1.00000000000000000	1.00000000000000000	1.00000000000000000	1.00000000000000000	1.00000000000000000	1.00000000000000000	1.00000000000000000	1.00000000000000000
GADD45G	29.56176175555028607	99.42739662798028633	176.73839841048206267	16.21960637062574406	25.27402114263758293	62.28646677775306983	91.66789404320398660	1558.05249676855805774	30.39953520055813030	260.72493356605690451	120.94145115461951434	630.48398619152078481	50.78432536608563197	61.06214913674683231	164.12472431668865624	29.96702283193103611
GALM	69.24199063256992304	98.66962735370711357	665.45510513787348827	53.78305845972048616	38.69634528214808711	85.72213977815633257	124.40363288947716569	766.88202228014017692	48.69012645869295852	542.97357072392867394	126.82243833273030020	394.31041657752950869	4.97317845988883089	48.96096954164907089	73.06026652612088412	149.30040430345181335
GALNT16	3.45222229915791123	1.59127273762554000	1.00000000000000000	1.00000000000000000	1.25972024319532006	1.00000000000000000	1.00000000000000000	2.80393172081463327	2.98789770119647669	1.56805954081580712	1.00000000000000000	3.36540298803552984	1.00000000000000000	2.03624388259653610	1.00000000000000000	544.27204107199963801
GALNTL6	4.77475959054502752	1.00000000000000000	1.00000000000000000	13.67291420751068287	1.00000000000000000	6.74918964516417041	1.00000000000000000	1.00000000000000000	1.00000000000000000	1.00000000000000000	1.00000000000000000	1.00000000000000000	1.00000000000000000	1.00000000000000000	1.00000000000000000	1.00000000000000000
GBP1	1193.88904866247344216	152.85905433296099432	1008.52659375857547275	664.48780965628884587	37.81374941193031702	1608.40098045693002859	899.60900619155950153	218.52055758940136343	307.47755182843212651	404.30691583823642077	205.12942238592606259	586.70209745685531288	29.11610435768290372	2306.22200839373135750	369.06741965603691824	1610.99893729139853349
GCGR	1.65058127467269045	1.00000000000000000	2.23463559967267500	1.00000000000000000	1.00000000000000000	11.22070821727068690	1.00000000000000000	1.00000000000000000	1.00000000000000000	1.00000000000000000	1.00000000000000000	1.00000000000000000	1.53598975430392359	1.00000000000000000	1.00000000000000000	1.00000000000000000
GCNT1	663.91337677122078276	249.27128280361972656	110.34243874028226173	151.19730285253973534	6.25850057552836070	115.62058808722790104	214.95087894025260766	1.51786253156732842	174.29143173150868051	24.25336367449614983	155.64703509928611425	11.37116441026399549	96.93206188747161889	101.49890227248185681	22.74645377025904125	84.66745062259437304
GCSAM	305.94350527344062129	212.72585156937250872	130.03400540279412212	163.76944470603197601	86.27281530225371853	209.54032031352110721	58.48248423577381061	155.28282121323709930	1097.99657171520652810	113.18257335567858490	37.65034188893410771	223.00915550699798473	62.72572314403620197	6.85318528529416238	123.01757829490385632	51.24638653682372791
GDNF	1.00000000000000000	68.71379704718228254	1.00000000000000000	1.00000000000000000	1.00000000000000000	1.00000000000000000	1.00000000000000000	1.85889384637379762	1.00000000000000000	1.00000000000000000	1.00000000000000000	1.00000000000000000	1.00000000000000000	1.00000000000000000	1.00000000000000000	1.52486883336746759
GEN1	97.65734700593573336	76.10172109984323185	33.90032749654574218	91.73731391605620900	52.69098763214882553	28.34689767848782438	24.10190369154587842	24.25822631761122850	242.24696788253007185	168.66273905963728907	24.38966481241912021	25.37719544193962662	124.61692856356179959	24.34095784176549415	36.80414747166642542	35.81349819057376749
GFRA1	1.39265999895579617	7.11879104752641467	1.00000000000000000	1.00000000000000000	1.00000000000000000	2.20606417985504732	1.00000000000000000	1.00000000000000000	1.00000000000000000	1.00000000000000000	1.00000000000000000	1.00000000000000000	1.75547637303938231	2.06315732622518766	1.00000000000000000	669.38922593223276181
GFRA2	1.79326740202592405	3.55528831324068184	1.00000000000000000	4.06076957560981100	1.00000000000000000	42.22665247254015242	1.00000000000000000	1.00000000000000000	1.00000000000000000	1.13525052940264892	2.75961226576540009	1.65675558664532607	2.86157739443731751	79.97451599282722157	1.00000000000000000	30.39235068378961913
GGT5	1.98984792909269381	38.90169492054528888	1.00000000000000000	1.00000000000000000	6.82117834085314634	340.41579023368035450	4.42780768270462755	1.00000000000000000	1.00000000000000000	3.47340165182629024	5.64497364858393436	2.71336461326988454	3.75769393303604504	654.52242098663532488	1.00000000000000000	2197.10982359477975479
GIHCG	163.36611163760426280	711.82274346083238470	126.27407283641338154	97.43835508164649184	88.22773673451767706	50.22244838265010713	116.35583210857804204	210.39787660898642230	518.33366966260530262	264.05054472381550568	207.02134259616937584	181.41226100650041531	196.45751603136946528	43.88667817236328972	213.94813672765343426	1.00000000000000000
GJA4	2.13505887189279075	1.00000000000000000	1.00000000000000000	1.00000000000000000	8.59158382107033347	5.01257302354180467	1.00000000000000000	1.00000000000000000	3.24740214987925668	1.00000000000000000	1.00000000000000000	1.00000000000000000	1.00000000000000000	1.85990290609882636	1.00000000000000000	563.63129326871376179
GJB2	1.00000000000000000	12.54854258841822734	1.00000000000000000	1.00000000000000000	1.77541603054863284	10.00410725708447224	1.00000000000000000	2.46474978857921601	1.00000000000000000	2.73450905874165073	1.00000000000000000	1.00000000000000000	1.00000000000000000	4.23851437840688305	3.70437910157401973	4.63747104801262200
GLI3	1.00000000000000000	85.52011845464149076	1.00000000000000000	1.00000000000000000	2.70088583611208755	1.41127904524785119	1.00000000000000000	1.00000000000000000	1.34719788584817657	1.00000000000000000	2.43883799379300914	1.00000000000000000	1.00000000000000000	1.21828598032723434	1.00000000000000000	657.10326374520786885
GLIPR2	198.69205999981633681	42.91629945890048958	549.48013649321683260	213.49167218617091635	39.58327654922498340	1032.57415935297376564	1439.77297805627267735	165.46248802591853178	59.34611033570992333	168.28778505195577964	847.79940014399619486	208.28068814106194395	51.27677136090081689	960.69893609144298807	704.20895420524834663	384.21776518853994276
GM2A	1079.76208947407599226	84.60998998550675765	71.47018482721911425	815.63123655393849276	249.56577741687183902	397.83343126902389031	34.60437866544619823	88.61831152030853787	462.59114438106604439	95.85051592622534145	59.11174992019365959	75.84175871305697569	411.06841821830266781	309.54337534386144171	93.16552022664163246	335.40538937586995871
GNA15	2.13236160858412749	53.94139789279658714	30.58897833554730639	2.00483554789020957	4.66704994090166370	329.45367976315617398	26.32109568316575832	421.89891165026261888	1.61072114996649352	382.95789150424269565	42.43599703537476842	336.68950208623311937	763.57020150734376784	357.99335897879683444	189.82941700247255312	19.45551883793292092
GNG10	493.53030021936410776	1088.94178065239748321	335.18654628819535901	351.19255497530468801	87.25411513596125701	1514.37939233799670546	442.56967456642939851	389.36953134065345239	430.47487785786546510	247.48692914486909444	349.97837057836682106	450.84257938017032075	392.94918594166927051	1886.49759762591520484	416.97669328481924822	430.53810920546419538
GNG8	28.50529533843675623	1.00000000000000000	7.22254023054795002	8.45413408379063647	1.00000000000000000	2.26936649797318157	1.00000000000000000	242.97183670497443586	10.01165648181375545	35.23807692326766983	1.00000000000000000	66.33236867490435884	1.00000000000000000	4.99806743782000495	6.62938092444861304	28.06191139755643604
GNLY	29.03864527925383854	523.15311642732535802	10532.27028284006337344	21.88992672578866561	20.07502412899414779	44.32468003522208022	33830.91182922072039219	14.96031146427364433	7.59843782113314870	38.48165440840171669	42657.78529690197319724	49.03492907177908222	52.18248035351086855	32.53350798901129082	8313.45863083216318046	73.39332343119905033
GPAT3	1.15186749480137340	10.06431544902385866	3.29015076265100692	5.15943481398567272	1.00000000000000000	464.25438026514410694	1.00000000000000000	1.00000000000000000	1.00000000000000000	1.00000000000000000	1.00000000000000000	11.81913769035495676	1.00000000000000000	67.50899922954087629	4.37278967464307744	3.86846332642640656
GPC4	7.36994288114639584	1.00000000000000000	1.00000000000000000	2.64930374423373260	1.16490526418646678	8.01659143825269993	1.00000000000000000	1.00000000000000000	1.30157259444164231	2.02889175262608878	1.00000000000000000	6.44144483752641950	1.00000000000000000	6.03580885010161783	1.00000000000000000	147.50455279670936193
GPC6	1.00000000000000000	1.00000000000000000	1.00000000000000000	1.00000000000000000	1.00000000000000000	1.00000000000000000	1.00000000000000000	1.00000000000000000	1.00000000000000000	1.00000000000000000	3.93886924222293100	1.00000000000000000	1.00000000000000000	1.00000000000000000	10.78913236687901644	34.39720051433109660
GPER1	1.58164845837304169	2.41474791474836215	1.00000000000000000	4.82153351024237953	28.47707408273906537	60.60879863797475764	1.00000000000000000	1.00000000000000000	28.97308835497382162	1.55219219523383112	2.03381035915491815	1.00000000000000000	1.00000000000000000	16.15454842634002475	1.00000000000000000	32.73521796688925889
GPR157	27.89395607268427568	2.98572447694366128	6.78057400913195973	32.57795972727956268	3.63466186485848741	287.49383136104808045	13.87502834597060719	5.34362259619575752	13.33217609915385715	6.71423154117275267	19.16315994407491630	15.98347444959963148	3.53251892714109461	27.57598331598267194	46.55746713532201397	116.23309010640041095
GPR158	1.00000000000000000	132.29338866757106530	1.00000000000000000	1.00000000000000000	1.00000000000000000	1.92158518972893511	1.00000000000000000	1.00000000000000000	1.00000000000000000	1.00000000000000000	1.00000000000000000	1.00000000000000000	1.00000000000000000	1.00000000000000000	1.00000000000000000	1.00000000000000000
GPR171	9.97953209436666633	9.55736279036461767	577.95287394033994133	2.17168054482688078	2.87421564307943056	55.27664114654921690	425.20870733059382474	435.27381788646925997	4.70904242446497801	270.12778107431137187	137.85571295886398957	693.77789602186157936	32.88412941731576922	8.91355677570529181	204.85519549664320493	39.97459295005974411
GPR183	478.62518220946964220	73.83495570848484135	272.06023137464603678	1239.39651040995090625	134.94263925093176226	1359.67901549042426268	177.36701177076136560	156.40004331257242143	20.83116529105053516	57.81646766359639855	1343.03440208904112296	788.60994232571840712	5107.44543953794163826	587.49014836384242244	1383.61955181539087789	103.10459114348891774
GPR20	1.00000000000000000	1.00000000000000000	1.00000000000000000	1.00000000000000000	1.00000000000000000	1.00000000000000000	1.00000000000000000	1.00000000000000000	1.00000000000000000	1.00000000000000000	1.00000000000000000	1.00000000000000000	1.00000000000000000	4.53571398035232054	1.00000000000000000	5.36737514765598522
GPR25	1.68578902791146579	6.74070938669912856	27.05274859143450072	117.36203525874167042	15.05707894271042946	1.00000000000000000	102.68735128370681764	10.04432057762950414	1.51818909144939296	68.18932497950983418	8.18909519526215846	107.86086912634036139	1.00000000000000000	1.00000000000000000	86.42511385911983268	1.09456507718790075
GPR31	1.00000000000000000	1.00000000000000000	1.00000000000000000	1.00000000000000000	1.00000000000000000	118.62210430240418191	1.00000000000000000	1.00000000000000000	1.00000000000000000	1.95419018770786423	1.00000000000000000	1.00000000000000000	1.00000000000000000	2.72867789391953597	1.00000000000000000	6.18024329033146280
GPR34	2.54324409136361407	135.78300208450903597	8.70260291162154687	101.32619245475088121	6.06261369313876486	23.91794349301594380	32.74617546660527267	81.00216262940533340	18.26840144034705204	44.57170789942814793	94.70455518832058317	67.31890528561832809	2.55191142438025276	27.31964464383606384	6.04873919651781833	41.32309075685561339
GPR68	2.67353519503874537	7.15545505608716859	287.62763341374699166	6.78074500082740084	1.97457158431543700	22.12441552892981278	168.49014498056811817	226.59926595791159798	7.05002458562867584	91.66180803455360149	361.97163859122730400	58.21383244378398558	3.15028733561889229	9.34096804150814819	542.86321217163981601	26.59234446040463951
GPR84	1.00000000000000000	168.52352711721042056	1.00000000000000000	1.00000000000000000	1.00000000000000000	51.58809966888698284	1.00000000000000000	1.00000000000000000	1.00000000000000000	1.00000000000000000	1.00000000000000000	1.26591655378187462	1.00000000000000000	166.93194183318217938	3.42161079848601002	4.65897377180412064
GPRC5D	1.24526097962714943	1.00000000000000000	1.00000000000000000	3.62886535594796111	11.92707616390265990	1.00000000000000000	1.00000000000000000	1.00000000000000000	1.70085774742661355	1.00000000000000000	2.75263861171713753	1.00000000000000000	1.49726420914994529	1.00000000000000000	1.00000000000000000	1.30289341254891466
GPRIN1	7.90180000437726004	113.76536716286612716	16.30572679284636095	13.28738848666115224	3.74104728809853526	3.01490782114575806	9.10978438798003332	14.38807125850676094	13.14458380179662811	27.96678662897132739	7.82768386586563825	8.88883797418218968	1.00000000000000000	5.37593900033050076	1.00000000000000000	7.03383138765703286
GPRIN3	22.24170346238368623	16.47946136424333474	861.14915673903487914	36.17782407536539324	80.20483811693740961	293.17100980884100636	711.99660210209697198	1141.20722426782572256	68.47311670064907219	675.02376701427385797	741.34140771624140598	852.78119517611662559	6.84333583182759408	124.83685961679728393	257.83952937562543184	123.04602482938697960
GPX8	1.27947108135541110	1.00000000000000000	1.00000000000000000	1.00000000000000000	1.00000000000000000	1.00000000000000000	1.00000000000000000	1.00000000000000000	1.00000000000000000	1.00000000000000000	1.00000000000000000	1.00000000000000000	1.00000000000000000	2.26770330629957595	1.00000000000000000	301.96302103687401086
GRAMD1B	8.93156688915385644	175.69294130338016657	118.27538498905215647	12.54707994101107893	7.33555932247338660	76.40833031124829233	103.96944834603840491	165.47397003173551866	28.01930125724493692	221.26860710190516102	120.18972370848877063	172.72525941143834416	849.67028402639414253	52.29215604468926415	297.51428576892055844	196.96821300483765071
GRAP2	101.85944294225572548	5.03306447225661735	597.48675446567949621	41.26682108255536008	9.43759701757287139	38.43759133997053823	347.59450301908304937	467.80039530472299703	8.11995926923874123	376.62471841390413374	51.91737716330892738	580.60412029665974387	5.90719385248332873	7.09010991213633446	29.87373137262102318	77.92132526465684350
GRASP	197.48749395592790279	4.19839386690187855	20.32172137444849724	298.10977155959466245	5.37780166295138962	335.51999992367325376	35.00987375104873678	8.45884158026102106	9.16451930409653670	8.53159949241049453	217.18586002873809093	102.94146305639134198	476.00091555656399578	68.54606909798792458	336.67492172958611718	221.16171816763082347
GRIA4	1.00000000000000000	1.00000000000000000	1.00000000000000000	1.00000000000000000	1.00000000000000000	1.00000000000000000	1.00000000000000000	1.00000000000000000	1.00000000000000000	1.00000000000000000	1.00000000000000000	1.00000000000000000	1.00000000000000000	1.00000000000000000	1.00000000000000000	54.66846815199969001
GRIN2A	1.00000000000000000	52.26214404346970355	1.00000000000000000	1.00000000000000000	1.00000000000000000	1.62842488616594605	1.00000000000000000	1.00000000000000000	1.00000000000000000	1.00000000000000000	1.00000000000000000	1.00000000000000000	1.00000000000000000	1.00000000000000000	1.00000000000000000	6.56292827117328770
GRM7	1.27576388885978287	88.83043055936137478	1.00000000000000000	1.00000000000000000	1.00000000000000000	2.79478412784557184	1.00000000000000000	1.00000000000000000	1.00000000000000000	1.00000000000000000	1.00000000000000000	1.00000000000000000	1.00000000000000000	1.55202686109684884	15.52894607367634805	1.00000000000000000
GSC	1.00000000000000000	34.46343805369678392	1.21041293684095796	1.00000000000000000	1.00000000000000000	1.40145540347428721	3.86697139779830845	1.00000000000000000	3.02925910963831058	2.07744571762238017	1.00000000000000000	1.43852385063422994	1.00000000000000000	1.00000000000000000	1.00000000000000000	53.69811102332230490
GSDME	81.73470477461893324	29.95505312137789389	1.00000000000000000	38.45654964781403606	1.00000000000000000	14.09385039615842672	1.00000000000000000	1.93157729776003229	31.14926601774181947	17.41223173856151973	1.00000000000000000	4.06435020646306988	1.00000000000000000	2.96668838409683433	1.00000000000000000	78.43934046777344804
GSX2	1.00000000000000000	1.00000000000000000	1.00000000000000000	7.57783558104096944	1.00000000000000000	1.00000000000000000	1.00000000000000000	1.00000000000000000	22.36180312547215010	1.00000000000000000	1.00000000000000000	1.00000000000000000	2.30675458950982293	1.00000000000000000	1.00000000000000000	1.00000000000000000
GTSF1	39.55151250671407581	731.56322654954931295	65.31766605321244867	46.58034694711935231	23.95629830430859286	33.12956299491661127	55.43797954936009376	41.40207274374724733	83.18466213959466415	40.60095621027569024	47.78477163764397062	46.11087517751833786	51.29563871411878750	9.98546850140312614	60.65933481476900369	8.10911805349267567
GUCY1B1	8.26415728343140721	24.05590191416038692	6.95322410619130604	3.13004443791199938	1.77503890929002361	171.80548398584380720	10.75861001298000197	2.40527762511305987	10.16849891083812096	4.18978977835275490	11.50235297521907007	1.70139634069239598	32.35504505983677603	107.56096814387494476	43.07199021264858629	738.43631330240009447
GZMA	15.39962441474550126	72.45349420801150586	6703.13598475365961349	6.46910815027213904	17.81782919050265335	21.00681821316000963	6596.66324061396699108	4.51623932094202285	13.77321199340057056	120.90838990848770607	4152.21320995184396452	31.42821420033361335	14.55644190275490324	14.70843092887300685	136.38281066656492158	103.29044899758696374
GZMB	17.01426157244318915	2270.63556401768983051	4148.17962532953060872	14.57622553341696481	31.43125982253262762	55.50582129089202255	12664.38194108597781451	4.66091355829114473	11.88719643552370719	29.32475908467256787	2275.40216750679428515	18.54737365705686614	15454.48528272135627049	29.79158276427843788	78.28202910037694551	66.62568345157788485
GZMH	5.83106917266154667	64.40577855360481863	3615.89501873376002550	6.39534169746977454	10.55912956452705664	3.22678133280561941	4239.29826232348023041	1.00000000000000000	2.36561822346183570	20.70620195116710605	329.00175599812951077	5.02758781171873625	42.29765758234945139	7.18629164991375813	1.00000000000000000	13.61286560357145881
GZMK	25.53814554287103888	89.12111701253385831	9446.19526207617855107	19.56752179456949747	12.10159367801543695	29.12650986403921749	2231.28468154443407911	9.01718196449502152	30.83486729741962762	285.91489948058892878	5681.65582068668027205	57.69035764487268381	20.93819764422935137	11.74771654317935976	154.13819583716696116	226.71872778196654963
GZMM	12.50392083679655642	22.56939255698868152	2357.22598340444164933	25.89798613916356018	9.32216536136589902	8.57210396654697782	2387.38509126532062510	2102.50106148517988913	14.15024884915751713	673.84987708364042192	1154.45271994943345817	1581.02483266809713314	5.66368679734110003	3.81089481897234394	33.35637601141652908	89.26881816800458580
H2AFB1	1.64675136786184551	336.25370300580920002	1.00000000000000000	2.92953625805754481	1.00000000000000000	1.00000000000000000	1.00000000000000000	1.00000000000000000	1.00000000000000000	1.00000000000000000	1.00000000000000000	1.00000000000000000	1.00000000000000000	1.00000000000000000	1.00000000000000000	1.00000000000000000
HAAO	27.95428583747104412	83.01967150676564700	7.35437959683083786	43.36189230195871858	3.33432365228228944	120.37334760191178873	1.00000000000000000	1.46801317281197941	31.38429364292053947	8.29282167794246838	2.61259582063543094	3.96538772841286580	30.36554040881417649	81.31723136075056857	6.79702416170294210	128.77706293892401845
HAS2	1.18588182953108467	7.90420044864998328	1.00000000000000000	1.00000000000000000	1.52353468079883214	14.68278135558453990	1.00000000000000000	1.00000000000000000	1.00000000000000000	1.00000000000000000	1.00000000000000000	1.00000000000000000	2.02076368147228447	1.33350044619586261	1.00000000000000000	203.24837897954890309
HASPIN	9.39134055166511672	33.12573901798189979	3.33359375798783919	3.06447733835557701	20.49314687132621771	2.04592709484224855	1.00000000000000000	7.12755939597491928	111.94021694731637240	114.77529313303412550	1.00000000000000000	4.24806478853561664	6.15649143927418052	3.08935770298380952	3.29044953449075361	3.17148483453022711
HAUS8	62.40828912571198828	72.97578229946498141	39.46015170432705332	76.85443871262832261	31.09009136117022720	47.50899859824902904	42.95317146158922839	59.08077825888178580	307.80040721610373566	180.30132266259161611	59.13673479710838876	65.39298127422527784	37.53589090879375334	34.19085190646579520	58.04660247997697553	40.06733702881230386
HAVCR2	11.00910327537409117	38.91253042724631683	857.71564017267530744	12.73454808527159798	10.43613128881652585	390.26314006686789071	522.22011425282789787	34.85357993053692383	3.25347609132437654	53.22099979669039982	567.84845253184187186	19.10621234130201884	28.96723890689762726	184.36571777933352223	76.38771440438205218	123.49203254717303935
HBA1	1.81326361164968519	1.00000000000000000	16.84898609687644111	1.00000000000000000	1.00000000000000000	1.47853505792561180	165.50423601801281848	1.00000000000000000	1.16139238778243548	1.00000000000000000	4.83897611365864488	1.31590221381425665	1.00000000000000000	1.00000000000000000	1.00000000000000000	1.00000000000000000
HCAR2	1.00000000000000000	2.09981447865410509	1.00000000000000000	1.00000000000000000	1.00000000000000000	117.37546546155213889	1.00000000000000000	1.00000000000000000	1.00000000000000000	1.00000000000000000	1.00000000000000000	1.00000000000000000	1.00000000000000000	15.77045904333921555	1.00000000000000000	1.00000000000000000
HCAR3	1.00000000000000000	4.12550583643499635	1.00000000000000000	1.00000000000000000	1.00000000000000000	159.73056851537606349	1.00000000000000000	1.00000000000000000	1.00000000000000000	1.55219219523383023	2.23379773889437594	1.62237178992909059	1.00000000000000000	63.31408144228605295	1.00000000000000000	2.74110730096483834
HCK	171.25374514458840736	114.62654025479832853	1.00000000000000000	381.08345545796549914	15.94508506137341186	1894.40167570395055918	4.25920274567095980	1.00000000000000000	7.24693702255778760	7.56382663231040553	1.00000000000000000	3.01209385262385076	303.27377702962030526	2384.96275004288418131	17.79219182411097222	224.80300615343179516
HDGFL3	16.39486787316307925	468.13695510987741955	121.40774639803485968	9.81654528793791670	8.49158826231305497	106.46464166434108733	426.36582243353552713	6.74537362476629454	4.05174707838241943	145.87844226766267752	407.96456088902948522	350.27794402701755416	71.80002968744001635	44.03202332788963957	465.28843040717549684	571.78096939074885086
HELLS	109.91378739820208921	542.41825953866623422	141.96058726135032657	160.04521023831725302	133.90970047116485375	110.25571270835588678	77.62422651788321559	534.28509599990854895	554.51494097588715704	1098.57105208525058515	109.33537467026870615	236.54444891764538283	147.64481288325771402	13.06564374109206028	97.69106827768318624	534.51836756251225324
HES4	17.04455375594498534	182.50440925874087839	59.18276151935809537	29.75104996344333941	1.41619660117744761	58.25035840365720929	59.82984136802898689	47.65591390719146148	1.00000000000000000	53.05599628085553121	28.59369012798686782	79.97595412801845782	105.30846005567444479	285.20398249902609678	94.63313595268621725	102.67640489304412199
HES6	17.97853819186681790	13.65673851461347077	43.07170155423690971	12.53604097953965102	20.15641513730647816	15.30648292695875057	58.36441868282238943	18.30963928641776661	120.96782142881865241	34.07485452308629448	64.22407259821468983	10.87278186190358298	11.65415217954693006	16.69906849463889387	7.25220315533848581	21.66887976303227248
HES7	1.00000000000000000	75.79697679130205756	2.16925060221808863	1.00000000000000000	2.18003907811572617	1.00000000000000000	1.00000000000000000	1.00000000000000000	1.00000000000000000	1.21654985113595204	4.22524854307727260	1.14934173167140741	1.00000000000000000	1.00000000000000000	1.00000000000000000	6.03705520201826662
HEYL	1.00000000000000000	1.92684830535821527	1.00000000000000000	1.00000000000000000	1.00000000000000000	1.00000000000000000	1.00000000000000000	9.26214771370816337	2.70850941311508286	4.35768171600106946	1.00000000000000000	4.86095051514235532	1.00000000000000000	1.92519577459750457	1.00000000000000000	65.55396756840397643
HGF	12.21365339408279738	36.51644885211972991	1.00000000000000000	1.78187615217852846	10.82297873771714158	5.04169968580108296	1.00000000000000000	2.85019847773772828	5.89979717830737549	1.00000000000000000	1.00000000000000000	1.70004670361318033	12.71660918948086305	42.93141486824918474	1.00000000000000000	158.00658556397021925
HID1	2.65059982570729558	1.27014480878987968	4.32620221705075814	4.44196209885845850	199.80685874222007214	2.05507760831091346	5.67364702389222408	4.20402440512440467	2.38668295032274136	2.63178231127848505	10.36743783589722412	21.83811258089223273	18.58049857394765425	1.31243861550335161	1.00000000000000000	35.42062191126260018
HIST1H1A	6.79537677854544686	296.66872549371396417	34.55411172464194181	3.79514121635059709	11.03036008251766020	5.52124446836336968	13.37858011092101052	8.80236799162948103	91.02840575660759725	175.85316416656388583	9.79189707475586602	30.41955524068927019	5.34851057684775455	2.06013166269983738	3.32436645116114660	41.68025690772565639
HIST1H1B	266.94499510550787136	62.76281140585779639	187.56659041516883235	128.07976716515292992	386.60401953133913366	95.74939785335632791	123.07227967564891458	216.86333335619588070	1286.21719647467989489	2162.98831967203932436	35.86024237346656918	101.95323613389025752	213.37972073308858967	63.40580342104829725	65.68359332614134871	419.59998890078071554
HIST1H2AB	29.91834285746829636	158.18366768608211714	49.23306509729667368	35.76243125022149627	87.86542163784143611	13.69299319096503176	40.75850465244507603	81.82445778620208898	147.82804617461113139	258.10147158077302265	34.46830842792273586	42.01865794553481948	35.95933795922137932	14.93405954596530982	46.60702958358901071	1.00000000000000000
HIST1H2AG	198.02500446246577326	254.24268215442810970	232.13960956147329284	162.61637101672192784	350.88207662403169707	64.40654189645903216	113.38721700277076820	323.06926523411004837	453.28501871278666613	782.58281479658899116	86.18678680664051228	252.86408506723904566	42.57576189181817483	43.00232795837563060	108.29130938519790561	13.06047322851267367
HIST1H2AH	55.59500236998946576	73.05370316705896983	28.80438061679311090	32.28490900930881935	84.86086560066961226	6.12054329002322195	18.46172828332205640	21.71761393605130053	386.54887499058150979	344.87637852782097525	38.96968537924080067	29.71458371611900162	14.83585336028497892	4.80087592294608889	27.66950363183551787	1.00000000000000000
HIST1H2AI	33.75903956306421350	110.50917430133110031	72.59430390296810742	33.65006302229931379	67.52268420719452990	13.90662530769523819	23.87703154870142441	24.66331113064642366	153.02674428905953619	216.13235598806059556	19.44320109613767400	37.43372446672504594	28.70793112509800338	11.81939793916586723	28.83640474540124288	1.00000000000000000
HIST1H2AJ	17.99484621867568990	109.98644859998245238	23.26479390890376564	9.48996629461163721	50.01848435394652626	7.13424347968934303	7.34639566487518447	13.15607548793557768	94.24064309188275956	149.68669494255897234	9.77476060300441851	8.72476698146339835	4.44557819770812301	2.59095972032431376	9.72687723854882869	1.00000000000000000
HIST1H2AL	188.51912032720096590	118.29347184164328155	170.59061178117929103	98.43241937658780216	191.62661241863119699	50.13434766537749709	29.95308584373038840	241.77409189910827081	472.92969203193706562	698.11215045900087262	26.80370428944111083	120.57166011858146248	104.12736509415398700	50.04127129703045540	41.89392287814773397	1.00000000000000000
HIST1H2AM	38.08110207127278812	91.77057095846016921	79.58102417212124635	46.63148138119507990	89.10099514359083628	13.20935277991960355	70.35656241422019264	98.51712756847467745	130.90074874169613395	257.30475507148850056	43.31685987559728801	70.21164412302616142	37.98291817763792722	9.64232013384893349	35.93470366572846331	1.00000000000000000
HIST1H2BB	21.53200037461274263	72.13554572550721389	62.63330314769120832	11.65574636701067668	175.04992234828029041	29.93218916607552771	18.69863511557167257	69.25645211603406892	94.30475813180541422	190.01372322140008464	23.04908756221438182	35.46844628326262949	40.67100207490491925	13.65959715382311224	30.81254909217795657	66.34898675348723884
HIST1H2BG	46.74850389531718520	34.71643458548945915	41.46847146671278495	34.95101724363845364	177.65414900854904090	76.20310241580462218	33.11567233080854322	77.93586598953551459	57.37945715526764445	60.60890592389228004	22.48324732952544736	32.42181823463496926	175.74350755288850223	31.31538978819794750	14.86257248613856241	52.54284614123918828
HIST1H2BH	42.97936045912507552	358.31062356472205011	60.61379201330857569	43.62899504199531009	119.36164490667584914	34.30593492343535189	32.83754961962679175	52.04865953702164916	220.58634332869769423	448.18916990955841584	30.21840234258173297	28.60599944745134238	29.03398665606672324	19.03366496062147561	53.00162194778039293	52.96629184231751708
HIST1H2BI	17.30525252036546391	10.65436766070089014	18.19992421032976893	18.73260050022584267	22.53498091019416094	3.36009275194150225	10.24179164828031041	38.55584257379550905	34.47645364006958602	77.69907061440007112	9.37635264392171131	19.94586470023326541	2.42583102101870018	3.20365279641611478	15.47248409457707474	1.00000000000000000
HIST1H2BJ	44.63191261285270883	159.04273122417117747	59.35830029577783762	28.79305707950370419	248.94329065341773344	15.92991250671504844	20.00601374710966596	102.74306332514757401	150.04998195035756225	217.86440954204550735	36.77551073653076941	78.35349240722723607	62.68892735496324775	6.42137434016086583	25.35977399814185063	1.00000000000000000
HIST1H2BL	12.74948968745662192	32.75599384597454389	48.53799984119235944	12.21012259067134131	23.38325388268910032	6.86659142750699747	24.00547131044841365	56.38011515208720681	96.09614801330843648	101.24741342296266566	6.69844104231566106	17.84254555121048469	16.43831060940631161	3.81995339909375886	17.48016974402650803	1.00000000000000000
HIST1H2BM	5.69545330706160247	17.63457284106046075	11.86944242035429298	5.22065151754084855	26.40537779805164575	1.98537341839208303	1.00000000000000000	26.41408804851955949	91.08855840847465402	102.32625921085590903	2.24702137620071785	9.68853187000242322	3.13302213816231268	1.00000000000000000	1.00000000000000000	1.00000000000000000
HIST1H2BN	141.27626813466122258	80.65394316220955773	233.69262348234286719	97.53387464498490544	141.68753483886106892	57.88663745902393032	83.89462085270662328	432.41675499228807666	144.18819709082188751	269.54560832232891698	70.51732509497334433	155.04895802241213687	147.72734440033414671	33.17901147517572014	73.08013238629716568	6.34432795152947016
HIST1H3B	58.06457812926830542	425.25245060125996588	71.18324698379967685	36.91956547704471348	213.61423200611420725	3.47194114525933051	18.00045208806924890	22.73578610039003323	636.40009454757625917	1247.37329263451874795	12.16168324794684175	25.71334565404854899	12.86784481703717198	4.55222522317568057	18.73933071886643731	1.00000000000000000
HIST1H3C	23.92883794567863731	261.13334393478692164	30.31581833307837925	12.44042643911703649	137.94612639612540761	8.49052642796747392	29.85234214028894684	36.71821038461396824	333.43309896220205246	562.57049712194623226	9.89444327979801663	22.51199095707722009	9.21757150815384740	2.96267684141320053	1.00000000000000000	1.00000000000000000
HIST1H3D	353.30485092984702078	238.31201190512499011	348.57771197680386877	308.39680035536679270	277.74523682919436851	71.94266165608692631	134.38015174188313949	344.77090240348627503	934.22500685793738739	1391.23831244372263427	250.14395580662664997	344.76715206616177056	184.01906662227818856	50.70299695763689130	248.43216211672179838	1.00000000000000000
HIST1H3F	35.59619943813599718	80.92772166832195069	40.60840784032406248	24.34039537516354912	69.66355111476850936	2.46454837981311758	1.00000000000000000	11.71475492232041304	202.06669206969377228	366.06407364430322104	9.74667469773746475	10.96908005552898224	2.91537923862995374	5.97694536354649131	8.83404069057308838	1.00000000000000000
HIST1H3G	34.77027757713165812	147.05211521527968443	27.71302610401831501	22.15513027359355291	108.16752051679243607	1.98972571278349042	1.00000000000000000	9.41331875513823846	305.90834717427384248	475.82502067952407288	3.57309895770557162	4.42716669337019564	2.84916878549226116	1.98955135180289489	1.00000000000000000	1.00000000000000000
HIST1H3I	25.49690920602348143	8.33826687294524937	40.72071021338100394	16.50212677092505942	28.87597696539479486	10.97052549944323552	24.71301823469496384	35.06917552062319032	77.35054253060113183	94.63449748533342643	25.94174502842998464	32.56969617465495048	30.12770209866084414	5.63585395344057982	23.73641761518956272	1.00000000000000000
HIST1H3J	15.79899412273175052	77.28564741048919018	46.54207093580971843	20.97402283478924900	126.68974220625543126	8.67459082799702053	9.19040970362218879	89.19274642454239199	145.33397567840250986	131.88643952163050699	2.15949160493724435	24.77725391286000800	11.51267652345329218	3.13750023266450784	12.65888879909599574	1.00000000000000000
HIST1H4D	61.76397246182606438	28.61391627929977943	62.90138826664556149	35.38695088822686330	46.56908301370086178	12.42131977853356695	15.22144292550008693	74.06439915746435076	188.06078103725027972	281.50739878770326641	28.51460000365936409	71.32106970655800637	25.58254460539470543	10.64667678321041500	66.74461135477152141	1.00000000000000000
HIST1H4F	94.29659311680060796	221.78034676242947398	191.02597083926511345	80.18730263728416219	97.17188732059548784	24.15991391325243498	129.91751140128337738	53.03925018305262284	232.60156316646381924	290.82864757317469184	99.90565130808252547	105.75448813973480355	81.26171657441743434	30.33876475521748972	80.15862012566562100	1.00000000000000000
HIST1H4H	117.94159237904182191	88.95109950043988079	85.37117935327891871	74.90332563085586060	149.85884970639082781	17.83203510021094473	55.15250322180091302	154.19577322870529201	122.68906819436557498	246.02317786662229082	48.73339226644594646	68.14879480109244980	50.84705433423121690	24.75904359664327004	32.98320256302224607	1.00000000000000000
HIST1H4I	23.23058440793868229	38.83825197940186058	22.48048935503924284	17.48125780175700328	34.61380282883287407	15.17152203210792116	18.10876192376218086	45.38982458294312039	57.38850258401089377	130.92464834389019757	23.49909359472107440	19.91278660214604557	4.54971892538584388	5.58377384884787631	34.09165583957447865	1.83789456815738461
HIST1H4L	8.34991040656906236	1.00000000000000000	4.98602958233175109	2.01618397199512334	17.43252258308606883	2.67992716976709833	10.98486980161645654	4.62344268713248496	20.02128408975074692	43.72395510299971733	8.83297874777187886	8.83888378887934323	4.72890271433788811	3.56631947083736378	5.45484172847880089	1.00000000000000000
HIST2H2AB	80.08135760124206115	35.77434672248529068	58.96794169594230794	61.18898789403078808	41.38417964074067612	24.23400423221368527	55.09498358807349661	59.93426272428339274	157.59783156247962665	262.52305386818756006	85.76397481566664283	51.03522300205209916	36.77124169449913893	18.71807538831555462	63.10270435986045356	1.00000000000000000
HIST3H2A	17.09690273316931908	171.80498014112990290	193.16443431488124816	135.87324895892589893	106.70403719842916246	71.88500689095032214	177.80280822350744074	391.96438197286062177	66.01537060114269195	185.94297285947578757	209.72181404020659556	253.41267715548019623	14.01609032524373255	35.95346631621099220	196.47256131216872177	24.77305882502025725
HIST3H2BB	4.50982781273934741	24.36833329972425588	25.39794963071483025	23.16845414803431424	33.78569578873099033	5.81945129043394616	15.24147856204555396	65.19721211371268055	21.96946666309837681	101.56001700771508922	5.09104084010115798	21.32693460479327996	2.69681409878241185	4.03409607926704261	6.56429845017943414	15.91326571223575925
HK3	1.99161843695166763	31.45034764279115436	1.00000000000000000	1.00000000000000000	1.00000000000000000	84.17357041739217038	1.00000000000000000	1.00000000000000000	1.00000000000000000	2.10071623478414216	1.00000000000000000	1.16102413765347023	3.42072554333738266	782.64441309558083049	1.00000000000000000	42.66789821564849206
HLA.DQA2	3062.62554984506141409	1.90611484140705345	278.47320521514188840	2172.07059979239465974	1099.71883501938145855	1739.56557849367004565	184.64793299015434513	1.98220625680441254	3582.16607940938229149	13.71551073502264728	41.72734628188285910	4.93121074013715344	1412.02958332978278122	209.91857399808429818	183.20275362166123045	1.00000000000000000
HLA.DQB2	178.26792413278712957	2.66250359449838570	29.09164671372856859	166.05405012304314027	30.63865676982374353	429.21631690894463418	13.07100894421226833	2.24575620797719866	171.73734858345173393	2.99770206462258137	10.08874818382263427	9.79146447737197789	50.47009436757018364	57.44395896643138855	5.76441844421174832	1.00000000000000000
HLA.DRA	29614.15080880060850177	3536.96542899727091935	2050.97723714519679561	28326.22063754578994121	2051.74642341915750876	27459.86297733596438775	801.35649108902316584	196.39600571210297630	13508.42192926388815977	949.59783598995886678	804.70793793281143280	151.34253326127566197	10751.95554449144583486	9379.37569525501567114	2019.47227866879347857	1.00000000000000000
HLA.DRB1	19297.47632815529868822	3138.43785138067551088	3784.03423051039089842	17919.02495777620060835	2809.65120820127049228	21995.24853606613032753	1450.29618521102065642	375.74116126459756515	6632.26479550079784531	1046.08864851380303662	1490.69250203215347028	240.00173121183337344	7955.59403273769476073	8952.49850712868828850	2692.46472975983260767	1.00000000000000000
HMCES	536.02649621575619676	70.20556382250465788	440.67330010768608872	89.21525044637601809	395.24618887905972997	85.48074566619833092	282.60227461773502000	920.58448223002983468	2879.57683164344007309	408.96684314337386468	299.84667928474055998	583.19696743245901871	153.06054038388467120	62.64312962546637209	251.43889009172693250	263.90611222198418773
HMCN2	1.43981836359486315	1.44829093328032443	1.00000000000000000	7.24705841755375246	1.00000000000000000	30.26267998242515489	1.00000000000000000	1.00000000000000000	1.00000000000000000	1.00000000000000000	1.00000000000000000	1.00000000000000000	1.00000000000000000	1.17025379133983898	1.00000000000000000	961.50350290987705648
HMGA1	1175.99631686012048704	1584.99692659954916962	628.43018210973616533	1434.96923248972871079	432.23529604287955408	748.19081193513136441	396.68828575581858331	694.25998275250526603	3283.03889115526044407	1414.45183124393997787	295.48623166861312939	907.54173187140531809	870.79406678388602359	280.12337511109319621	246.97977883934811416	20.79317229351276453
HMGN2	3390.82486980199200843	2741.01942064332934024	2078.29201670614247632	2642.07501386809371979	926.23928075914761848	1741.85612188832305947	1977.81691344805062727	2517.84488187692613792	8029.29922799148880586	5801.83271478563619894	1787.51103775731235146	2550.63508750172377404	2312.28004542333519566	1580.31454047538068153	2537.14354424899374862	1.00000000000000000
HMSD	1.73829563208723603	401.71529449373946363	9.01496132508036041	4.00489109444640246	2.55255581620925476	100.81389633658670846	2.48420569404424008	1.55001582009119043	3.61898057108161808	54.48576808627518631	1.00000000000000000	18.76949953605357635	45.12802902669338323	3.27013190058039660	4.03618798001540124	54.28033903512339720
HNMT	2.43526131481462027	13.68724641844874590	1.00000000000000000	1.47974402022043927	2.41098511965953044	127.33420746686827840	1.00000000000000000	1.00000000000000000	1.57589767425753990	1.61674465786291877	1.96174612788298441	1.00000000000000000	5.70914880142744519	384.39478773449945948	1.00000000000000000	165.82802555304081693
HNRNPLL	34.76770207353581554	289.03018615387372847	911.04092244572404979	17.66196025124460434	42.39742709226378992	272.19755220958910513	103.80384638882203774	1108.00084693956227966	32.92236569949560732	625.41471791521416890	132.86448269971245395	465.53418439219626634	7.21623334766319324	104.35595105321394271	139.83864404996663211	462.10904917658103841
HOXB9	1.00000000000000000	16.63980121144740565	1.81941140855596339	1.00000000000000000	1.00000000000000000	2.51042660755477343	1.00000000000000000	1.00000000000000000	1.00000000000000000	1.00000000000000000	1.00000000000000000	1.00000000000000000	1.00000000000000000	1.00000000000000000	1.00000000000000000	1.00000000000000000
HOXD10	1.00000000000000000	9.25974789157343459	1.00000000000000000	1.00000000000000000	1.00000000000000000	1.00000000000000000	1.00000000000000000	1.00000000000000000	1.00000000000000000	1.00000000000000000	1.00000000000000000	1.00000000000000000	1.00000000000000000	1.00000000000000000	1.00000000000000000	1.00000000000000000
HOXD13	1.00000000000000000	10.82663784840068999	1.00000000000000000	1.00000000000000000	1.00000000000000000	1.00000000000000000	1.00000000000000000	1.00000000000000000	1.00000000000000000	1.00000000000000000	1.00000000000000000	1.00000000000000000	1.00000000000000000	1.00000000000000000	1.00000000000000000	1.00000000000000000
HPDL	5.73551350989981668	27.43818252749812103	6.70610311044555996	9.85336266914003467	10.57735967610384442	2.48048385454023412	7.90217225620726094	1.55768915180390555	9.92376795072478579	27.88158273323598024	9.04863597673428188	6.41590254815839156	1.48558152328835869	1.84168754721140848	48.28502142767882788	6.16295554318009753
HPGDS	1.00000000000000000	1.00000000000000000	2.73843319212730574	1.00000000000000000	1.00000000000000000	4.96951936598134836	1.00000000000000000	1.00000000000000000	1.00000000000000000	16.90933721838240444	1.00000000000000000	9.99011449533766260	1.39527767648415324	2.13655930917288472	1.00000000000000000	1.00000000000000000
HPSE	34.35655869070222224	28.95425634802744952	70.70393401566097680	15.07286059767920250	19.19991456311062450	9.74057062833591125	46.83875182012955918	358.23619752317796383	5.27505664452113443	220.09137151268907928	13.05440524843009165	101.63169394511449184	1.51523404132916495	78.98548784679984180	1.00000000000000000	18.40857224488290811
HRH2	1.72191528600594057	94.92752540805496153	30.72884085094428031	1.00000000000000000	4.29753006795890347	614.96276747713545774	152.89905515067408714	249.48819747696018112	1.28121725443628698	131.12521319779588680	19.83494883433876055	197.22149773212649393	583.29783337390199449	1674.84587748470153201	10.38464943056469636	104.84232852960150240
HRH4	1.00000000000000000	1.00000000000000000	1.00000000000000000	1.00000000000000000	1.00000000000000000	1.00000000000000000	1.00000000000000000	3.24378390408981732	1.00000000000000000	9.76816904116886420	1.00000000000000000	6.25004067181620648	1.87282546963661356	1.12400437079204263	7.25220315533849735	1.27011288839956804
HRK	22.01227994802033550	1.42879777726792856	1.00000000000000000	67.86451385468008368	13.16128153999035000	1.50657895345521498	1.00000000000000000	3.39795974391112976	163.36506906727058208	1.00000000000000000	1.00000000000000000	2.16201849676707836	1.45816500826351714	1.29399069298534264	1.00000000000000000	1.37894820322385736
HRNR	1.17767109978469131	12.35273658222291004	4.57042389019267592	1.00000000000000000	1.21488904111419926	1.34554632819000819	4.50151503858851587	1.00000000000000000	1.78271773129203970	1.00000000000000000	4.55928862870864204	1.00000000000000000	9.22034743222735820	1.00000000000000000	1.00000000000000000	1.00000000000000000
HSD11B1.AS1	1.56153671995668741	11.92566595019426501	4.30684438976656647	1.00000000000000000	3.40994385538414946	522.39087994988119590	4.47799487426358223	2.91108540451661613	1.19429386297766782	19.73875997398945614	8.89785777811706069	13.25916579188686129	2.36346620000675767	147.51874406674639317	1.00000000000000000	1.00000000000000000
HSD3B7	5.06784979497780608	235.57568593298776705	7.12949723823464687	2.99228101693024318	4.31598162954437292	28.12683771308473624	12.90974780374829400	1.64996194232907034	4.85402318970980851	1.62007797550356325	9.15201548958906663	4.29346844111536097	3.36770202807176666	41.94044769963879560	1.00000000000000000	142.45179902651202042
HSPA6	17.20175231109795533	145.89241677028041977	388.67207932194639852	91.28429163045390737	31.44593453753203605	106.54398907985172684	116.07795627017091533	200.88858426471827556	1.27326585001921999	59.72309013313339676	93.08842545297260074	308.31417136995980854	1.41562168870286920	342.31108756789149083	29.71436220006908968	13.40446941764333211
HTRA3	1.00000000000000000	2.32185542923997845	1.00000000000000000	1.00000000000000000	2.41098511965953044	1.00000000000000000	1.00000000000000000	161.16057184112062828	1.16585507960361201	8.96387942573998409	1.00000000000000000	10.20887336950817392	1.00000000000000000	20.04687219231102802	1.00000000000000000	14.64657442945920529
HTRA4	12.27029371291446047	1.06006576854886903	2.72455617575939524	2.59709908343734419	1.00000000000000000	6.06917305975499044	1.00000000000000000	1.00000000000000000	8.24867252239341653	3.03394334149507250	2.34288191431527304	1.53561429903874647	3.77278764418136969	18.41355189720364294	1.00000000000000000	48.70994721666879457
HYDIN	1.00000000000000000	50.32641180131611236	1.00000000000000000	1.00000000000000000	1.27099196415897975	4.04775654425755516	1.00000000000000000	1.00000000000000000	1.42508680959897505	1.00000000000000000	1.00000000000000000	1.26487515496981651	1.00000000000000000	1.00000000000000000	1.00000000000000000	1.00000000000000000
ICAM4	1.00000000000000000	8.54345833806288191	3.15119615321737578	5.93237944501601611	43.44046071135829834	34.68238899251812057	5.28784571836475603	1.00000000000000000	3.72170250596181607	2.44220411209667354	3.18757847495318014	3.16686979556811243	19.88285561066778584	35.14473357184203195	11.30864919880670350	12.28491307456126336
ICOS	10.56740256016996682	40.37744680836930655	258.29357332726908680	3.30636221737606650	11.15945802927085495	13.49041572677835177	38.33557275436771761	1974.83985240267156769	7.22855742077278141	1203.94158079903786529	18.06622029986911926	1223.30194026300364385	2.96849440811479193	4.14988170223726360	335.11166192570306066	76.12801114365566946
IDO1	9.05519046024372543	8.93074282196263347	2.64153847015440935	8.40830355356517956	2.16221346221659116	2265.84488979120442309	6.26208296376437090	3.31621646443165741	5.07907542711156701	12.24963562050218613	2.44641283110046759	3.66761813109901169	15.21970434516658344	517.09506104513252467	3.15697548762350166	695.02571570002760382
IDO2	1.40584910437103683	2.59013016086332115	1.00000000000000000	1.00000000000000000	2.41325133933629399	177.77901728979853146	1.00000000000000000	1.00000000000000000	1.46004560466755606	1.00000000000000000	1.00000000000000000	1.50853453751542643	2.18808889494234782	46.98461761185047436	1.00000000000000000	6.88778271459146563
IFI44L	1161.86775481540462351	41.53333507751761999	169.41692927943142877	717.86404068267859202	34.41971719198519963	95.23331468872012806	230.36488633399119408	13.86401751401364280	141.38721385099199779	27.65567560361432697	226.39996327421533806	70.11147262210893416	877.02678843150795274	138.72600942364823595	558.45972996745808814	278.96246564259769229
IFIT2	373.47639980053838826	45.39265490595806085	95.15831431908590332	271.76723994327892342	5.04370781935231438	105.10246361650408176	39.75725251073379951	2.71796018970866982	90.45446568347090022	7.01576278914763307	45.18176999538897576	48.67042181705988924	553.55739102006907615	136.41698681654395386	97.66016273038864881	116.93442110840570081
IFITM3	1870.60105192831224485	572.76772587623793243	1045.93717635310053993	1189.45780489574781313	53.52584520251239297	6441.69134411287632247	6040.64385024028433691	165.39004147585649207	353.32141260044960518	290.29811693642466253	5461.88541516517216223	1048.75299763338034609	329.14383549087847314	8513.74520195056538796	5122.19398983222163224	2230.12016639010744257
IFNG	5.02733710608727247	17.54180555066953318	1613.11158008568668265	13.77242733860854074	11.56864995267540941	5.68176295790342500	1136.81506654747090579	4.01903686823941975	6.64254697992645049	89.75343251101686803	395.03529477630956990	11.35275818459533426	1.72374437543665771	3.26052875083594884	4.93083692469255297	16.25450461719810491
IGFL2	2.09970731017564294	2.29225717936935336	4.55455192969631550	2.14117936839392886	1.52709364316707452	1.00000000000000000	1.00000000000000000	3.25783740231033336	1.00000000000000000	105.46374144987773036	1.00000000000000000	91.89617206589952048	1.00000000000000000	1.00000000000000000	1.00000000000000000	4.28816684027929540
IGHA1	67.20801558419914556	10.89312827120312654	38.51697168591863374	1681.44854802671466132	3653.50226205532908352	60.07613371507123645	44.33315222775529918	2.71007791152838928	32.91785867027057577	26.97101074331811077	7.25542523698167141	6.54844371447860230	33.60472027541798212	46.23114849906328772	11.10208169377340504	1256.33346481402622885
IGHA2	31.02178544655337689	43.25227598005047724	8.92549067546976538	331.92281586155655759	583.11432201562547561	1.00000000000000000	7.20696043738570413	7.58758208165647918	43.64101787506649544	7.82026509204529141	1.00000000000000000	2.17284742076636483	1.00000000000000000	3.59935743036997691	1.00000000000000000	3.89393275708411890
IGHD	3636.66585160143722533	9.01575077213754383	18.05133011011099953	1006.43347153531533422	425.96672024678059643	12.74098936345282951	12.12456002325291848	14.84731811627460196	567.16801304900707237	20.11990939239043286	5.78398813332770612	6.29826080281229217	72.97564634822052199	11.36922344465355650	35.33590214279864483	184.93945735142813191
IGHE	69.73756746778539650	3.34953568621423559	1.00000000000000000	507.03152151057815900	89.17746273607674823	3.33836300147128862	1.00000000000000000	1.00000000000000000	82.15707792020430134	2.02233198135310976	1.00000000000000000	1.63608714234026009	1.00000000000000000	2.02386921159255717	1.00000000000000000	3.26207383128799844
IGHG1	341.65258003606055581	163.70038795496503781	130.80369420460812080	1721.45518605500728881	40326.12628971647063736	401.22244870089980395	66.06267965998293334	2.40527762511305987	1234.80012864403238382	50.16256929631206418	111.53746252253360183	54.96233826707525338	153.75095848639375617	185.59784519698573035	193.67168807339348291	6194.36351667905546492
IGHG2	254.30215924391086446	4.30805311307265981	37.90404577461394808	1598.22358199149334723	4435.52992230243216909	9.11968031943676927	8.24423268797147202	1.00000000000000000	297.44453694374055885	5.31575966986002957	9.47861540416103310	6.12833632581843091	14.18590666236995723	3.31838330934494241	29.54558120903864804	1.00000000000000000
IGHG3	454.85346653054767785	71.34203936048069750	45.91262948250890474	1395.55480065131041556	11806.75852108811159269	101.26827208194013963	14.10302325176006200	1.00000000000000000	660.58178396075641103	11.72250689486054043	37.71784299967689691	20.06591427013891860	35.20881776248063488	32.91594772213407083	34.21852575134245456	1355.63088293031182729
IGHG4	48.73309217179738084	27.98443173817311802	39.19489308013790918	299.80392888327048695	8875.02427922814786143	8.07193264928649512	7.70570065197609111	1.00000000000000000	392.32442496987471259	4.26138701494569361	42.85779514252073596	18.94697905423969075	12.33394515610726039	12.38359749414186872	54.13538067881228955	1.00000000000000000
IGHGP	3.82223538071855495	1.82090680559477036	3.46739401065200692	6.86120814448533611	554.13535160275785074	1.76234853395725488	1.00000000000000000	1.00000000000000000	21.18365540304148453	1.00000000000000000	1.00000000000000000	1.00000000000000000	1.52333014287814761	1.00000000000000000	4.83717718368801375	1.00000000000000000
IGHM	8425.51731216364714783	55.58801331666256829	125.61276372373549748	4218.48656899946126941	8546.98834482790516631	207.77419731470831721	64.67164147455152090	529.59037176008905590	2906.06979014475018630	351.44837321270404118	50.55112459816778880	111.18004185159854558	1914.14996714584049187	181.80427351183476503	153.50320226906583798	2652.85425167264793345
IGHV1.12	1.71656331151726982	1.00000000000000000	1.00000000000000000	8.87619671160561019	35.47364401998929395	1.00000000000000000	1.00000000000000000	1.00000000000000000	2.35834437789816498	1.00000000000000000	1.00000000000000000	1.00000000000000000	1.00000000000000000	1.34331208078418007	1.00000000000000000	1.00000000000000000
IGHV1.14	36.79536401772568865	1.00000000000000000	1.00000000000000000	15.95674704136776256	125.64011561861251209	1.00000000000000000	1.00000000000000000	1.00000000000000000	11.50799089805917497	1.00000000000000000	1.00000000000000000	1.00000000000000000	1.00000000000000000	1.00000000000000000	1.00000000000000000	1.00000000000000000
IGHV1.17	20.89455081030660111	1.00000000000000000	1.00000000000000000	34.46728479995095284	37.90479320582805656	1.00000000000000000	1.00000000000000000	1.92032073006619441	15.07541319162706372	1.00000000000000000	1.00000000000000000	1.00000000000000000	1.00000000000000000	1.00000000000000000	1.00000000000000000	1.00000000000000000
IGHV1.18	1241.85162414381056806	10.96618390560536582	80.33271540474950712	668.78312311000422596	9242.85144962224148912	13.78346445204855186	84.70383536285577009	1.00000000000000000	617.67031165263267667	31.60115889480983142	35.29926187794115577	17.21627740133998685	55.98081236953895967	10.46325476554420497	143.18897317644854184	1.00000000000000000
IGHV1.2	1780.63771447462181641	33.53810112750873174	39.66750576424323782	972.94735240818465627	4238.23621631212699867	7.71168195110396137	4.29481746419466415	2.24714435885964958	313.61181069172278058	5.60771141668122652	9.60894359062856829	15.27238369179571897	29.07286463389179687	5.64482466471593458	7.77389839461216958	1.00000000000000000
IGHV1.24	434.41934909705219070	1.68727507333021798	14.35999788947778200	115.40177864202001956	2764.20581804783660118	3.83100024192356825	21.04255301495100028	1.99349230129204780	264.02583814239125104	2.22163186852524541	6.59977224384818761	3.83089212228125309	17.51281584038550321	1.91809868698286445	58.93254267193152174	1.00000000000000000
IGHV1.3	567.91233256623786474	16.56509308945265602	105.59796572994763153	446.85052849794169560	2949.61362175280146403	148.38123977506694473	35.86409407155762352	65.46981028044226036	359.39683784980559267	36.90391005968950111	18.99662732996764802	12.54078819552066903	26.53216172244494686	3.08972696828302507	14.98387571535272222	1.00000000000000000
IGHV1.45	14.59494501340002159	1.00000000000000000	2.54579130632561501	1.00000000000000000	15.90477266034581127	1.00000000000000000	1.00000000000000000	1.00000000000000000	5.63053055865113627	1.00000000000000000	1.00000000000000000	1.45729786497836189	1.00000000000000000	1.00000000000000000	1.00000000000000000	1.00000000000000000
IGHV1.46	859.74329713149757026	1.00000000000000000	48.17170666424534886	691.31814277082025910	4930.69301872692540201	13.59004151464711896	58.46684789191430554	4.62808719890059805	467.09956535485781615	4.84638585827516355	48.65840391448017499	33.81509571416442839	56.20996600982534375	63.82490303148136235	181.33296573851671951	1.00000000000000000
IGHV1.58	114.89681348752448287	1.60339815668841457	2.00298363690789394	43.54821817046163801	300.11612534674475228	1.86707926415158099	6.76521058310743229	1.00000000000000000	22.80014619064079540	1.00000000000000000	1.00000000000000000	1.00000000000000000	3.57668784317057797	1.00000000000000000	5.29137859693651347	1.00000000000000000
IGHV1.67	6.96280499631561156	1.00000000000000000	2.37695906678787194	5.36090346058192502	54.25059374671989332	1.00000000000000000	1.00000000000000000	1.00000000000000000	6.16698568650367029	1.00000000000000000	1.00000000000000000	1.00000000000000000	1.00000000000000000	1.00000000000000000	1.00000000000000000	1.00000000000000000
IGHV1.69	470.49654834418930704	6.79732599147243910	15.83902330383662260	147.55905280409766078	3347.09907086832163259	4.91178729972627526	9.07616260703839650	1.00000000000000000	192.77054441671103291	1.00000000000000000	17.49554813524297714	4.38969238773480619	10.91371929104756866	3.03642499893877016	52.41663549552688295	1.00000000000000000
IGHV1.69.2	110.47546105940598693	1.00000000000000000	5.23137225842447773	158.60759364118405301	1086.17986734454848374	1.00000000000000000	8.15172080874265959	1.00000000000000000	4.14611248639301877	1.55261767939817030	1.00000000000000000	1.40370927117607147	1.00000000000000000	1.00000000000000000	11.37448243928386304	1.00000000000000000
IGHV1.69D	488.40277815411923257	5.06491094117534413	5.47962357933553079	125.44783415571845353	2762.61412789067253470	3.51398654004322486	1.00000000000000000	1.72917435836671185	43.22258580547300255	12.65716512847895103	1.00000000000000000	3.75189800194625978	2.04226666477696117	2.08740477989866990	5.95192377483261836	1.00000000000000000
IGHV1OR15.2	1.47936993099578018	1.00000000000000000	3.55928789383862609	1.00000000000000000	65.20524669949260499	1.00000000000000000	1.00000000000000000	1.00000000000000000	2.72803886222770231	1.00000000000000000	1.00000000000000000	1.00000000000000000	1.00000000000000000	1.00000000000000000	1.00000000000000000	1.00000000000000000
IGHV1OR15.9	1.23552844911390847	1.00000000000000000	1.00000000000000000	1.00000000000000000	36.14281033931609954	1.00000000000000000	1.00000000000000000	1.00000000000000000	1.00000000000000000	1.00000000000000000	1.00000000000000000	1.00000000000000000	1.00000000000000000	1.00000000000000000	1.00000000000000000	1.00000000000000000
IGHV1OR16.1	8.79386474994751488	1.00000000000000000	1.00000000000000000	7.48254662613051291	53.99011854597413418	1.00000000000000000	21.38128714917408857	1.00000000000000000	6.23278643046049563	1.00000000000000000	1.00000000000000000	1.00000000000000000	1.00000000000000000	1.00000000000000000	1.00000000000000000	1.00000000000000000
IGHV1OR16.4	1.00000000000000000	1.00000000000000000	1.00000000000000000	1.00000000000000000	45.21328529090442316	1.00000000000000000	1.00000000000000000	1.00000000000000000	1.00000000000000000	1.00000000000000000	1.00000000000000000	1.00000000000000000	1.00000000000000000	1.00000000000000000	1.00000000000000000	1.00000000000000000
IGHV2.26	285.66459746916683571	1.00000000000000000	14.12106764783300683	102.44401602971142040	2335.83043447042200569	5.77964169342441902	21.83836237862587026	1.00000000000000000	125.69300471241621153	1.61952280672712678	11.37813871234975949	2.02601779789096481	16.93539452368559495	3.93300087350761629	42.65047957508883059	1.00000000000000000
IGHV2.5	683.76225068986434508	1.00000000000000000	79.21713237903790628	432.99902383774480086	6033.09094390317477519	10.99191654945484586	36.15715444492197861	1.00000000000000000	559.21947365334642654	11.21364329155241890	25.62754261752957774	8.12322394715831031	29.63543772537440191	7.84202834000009563	144.48302775098420625	1.00000000000000000
IGHV2.70	183.56059534468099059	2.09728295293911815	21.42420787390028991	128.05095717730944216	1055.98133505158307344	5.26207349665647062	1.00000000000000000	1.00000000000000000	50.44259815132629399	3.33390280322915711	1.00000000000000000	6.14956706101406869	3.73417501833746668	1.00000000000000000	1.00000000000000000	1.00000000000000000
IGHV2.70D	36.05576465666694475	1.00000000000000000	1.00000000000000000	29.06002173151149037	400.25908232532191278	1.00000000000000000	1.00000000000000000	1.00000000000000000	21.03240710734904084	1.00000000000000000	1.00000000000000000	1.92300940450858193	1.00000000000000000	1.00000000000000000	1.00000000000000000	1.00000000000000000
IGHV2OR16.5	1.00000000000000000	1.00000000000000000	1.00000000000000000	1.00000000000000000	4.65357626894195064	1.00000000000000000	1.00000000000000000	1.00000000000000000	1.59412182080423381	1.00000000000000000	1.00000000000000000	1.00000000000000000	1.00000000000000000	1.00000000000000000	1.00000000000000000	1.00000000000000000
IGHV3.11	687.82577193977715524	1.00000000000000000	22.40067215179915294	322.16420228112389168	5097.45492884733175742	4.24498133639341990	5.23040380751493750	2.30072913795922185	168.82323455821943980	2.78013747945990453	14.89167656074299551	9.26250365123463659	10.61967903242557654	4.47455840837876906	37.79442328102022941	1.00000000000000000
IGHV3.13	207.03641633924146959	21.84935499197527875	5.14766254601020812	132.52737928247290711	741.11865861704688996	2.38995793041943694	4.92290206435367139	1.00000000000000000	71.17872569075112210	1.00000000000000000	3.17602270899092876	1.44168125059867513	2.55464933649967385	3.76794549816874946	14.07220916999194316	1.00000000000000000
IGHV3.15	913.69891024759715492	1.00000000000000000	15.24428382843146146	379.76376790670525452	3507.11440769977343734	2.76928970335265268	5.56011036018965132	1.77971093305790529	412.47937288090588481	4.92454209735739479	49.21859366828974913	10.03738516896828692	8.63030599014853550	2.27808859815037046	42.17566022000402626	1.00000000000000000
IGHV3.16	1.00000000000000000	1.00000000000000000	1.00000000000000000	11.32470058995538054	10.41597701482845473	1.00000000000000000	1.00000000000000000	1.00000000000000000	10.94564939409624138	1.00000000000000000	1.00000000000000000	1.00000000000000000	1.00000000000000000	1.00000000000000000	1.00000000000000000	1.00000000000000000
IGHV3.19	1.00000000000000000	1.00000000000000000	1.00000000000000000	5.27766870589586468	106.49108605896482516	1.00000000000000000	1.00000000000000000	1.00000000000000000	1.84322396306589797	1.00000000000000000	1.00000000000000000	1.00000000000000000	1.00000000000000000	1.00000000000000000	1.00000000000000000	1.00000000000000000
IGHV3.20	304.76396140016697700	194.42207579698018094	6.96728372937981266	214.35321449849362807	1719.15691443077116674	4.26359372116620250	66.89590144305530828	1.00000000000000000	91.62414372247475569	1.00000000000000000	6.43981032589141478	1.00000000000000000	7.09883165890526069	10.45944125077478404	9.56196548319489281	1.00000000000000000
IGHV3.21	1502.01468294477376730	11.19476660324027328	78.36471500839051885	842.22226957873988340	9949.72714234962586488	13.53733331124467476	44.91732418303344332	2.20449774106774354	535.06467701923747882	4.56630100580008325	25.29529180995646342	7.43455990983662485	21.05550936470004686	9.62637677278401505	77.34961651215675715	1.00000000000000000
IGHV3.22	14.26536134757956553	1.41924536876745999	1.00000000000000000	10.73227566049769521	45.73085101344710779	1.00000000000000000	1.00000000000000000	1.00000000000000000	21.98655208350933776	1.00000000000000000	1.00000000000000000	1.00000000000000000	1.00000000000000000	1.00000000000000000	1.00000000000000000	1.00000000000000000
IGHV3.23	2419.61420744557426588	10.48683455854489388	104.65635293371228443	1444.12063618482534366	13823.22163885572626896	10.71216634855399441	70.64145851259091557	1.00000000000000000	784.46942178370534293	4.23624738498753128	34.51839601998386087	11.81655086982733849	55.69587075440556845	20.33077497991846627	126.40160606766437468	1.00000000000000000
IGHV3.30	2298.01510141684912014	5.86125939758245096	111.52418949994620334	1452.01472853615518943	12875.18558310369007813	17.10360961992769901	78.86667381954063671	1.97747344764544764	951.40340692487052365	8.86233899744698306	54.55866136726948668	11.37216572334990872	50.80391201043596539	26.08999224167453690	169.73379778341433166	1.00000000000000000
IGHV3.33	1012.61463705417747860	1.98334959367670627	29.62968692553624450	674.23161507689428618	6667.69725515276059014	4.31020454914074769	25.80248479446414933	1.00000000000000000	477.62120516140907966	2.25890697201218504	16.05763113041101420	6.46260004039941194	13.45813070545245971	7.99822038723399587	78.34288439637636259	1.00000000000000000
IGHV3.35	2.72659628951585375	1.00000000000000000	1.00000000000000000	1.00000000000000000	4.27601988105795350	1.00000000000000000	1.00000000000000000	1.00000000000000000	1.00000000000000000	1.00000000000000000	1.00000000000000000	1.00000000000000000	1.00000000000000000	1.00000000000000000	1.00000000000000000	1.00000000000000000
IGHV3.38	10.03018307273716836	1.67931157819517574	1.00000000000000000	8.98600096007554683	73.92296829354251031	1.00000000000000000	1.00000000000000000	1.00000000000000000	3.54214179466882984	1.00000000000000000	1.00000000000000000	1.79550979225809626	1.68768577375015649	1.00000000000000000	1.00000000000000000	1.00000000000000000
IGHV3.41	25.11165512763593810	1.00000000000000000	1.00000000000000000	19.24940517027416576	100.77569810533977090	1.00000000000000000	1.00000000000000000	1.00000000000000000	10.31696000488892295	1.00000000000000000	1.00000000000000000	1.36083812035297202	1.00000000000000000	1.00000000000000000	1.00000000000000000	1.00000000000000000
IGHV3.43	177.68703155186187814	1.41924536876746066	2.26952568618999218	125.08908451213544311	834.25541054755774439	1.00000000000000000	1.00000000000000000	1.00000000000000000	63.19519928802390751	1.00000000000000000	3.22089272857270403	1.54853928567101939	3.13628222287943803	1.00000000000000000	9.50148869884773006	1.00000000000000000
IGHV3.47	1.39662299450132643	1.00000000000000000	1.00000000000000000	1.00000000000000000	18.61415777601197163	1.00000000000000000	1.00000000000000000	1.00000000000000000	1.30404247460488043	1.00000000000000000	1.00000000000000000	1.00000000000000000	1.00000000000000000	1.00000000000000000	1.00000000000000000	1.00000000000000000
IGHV3.48	645.18411452897646541	3.91277465199415797	4.15712616524707812	442.87793162929574464	4499.71116377226280747	6.43430045669265471	18.46075292859818973	1.00000000000000000	216.25846867867949186	1.00000000000000000	7.58779860334567946	2.74909370045799051	3.26135885782020640	9.62623202036708747	19.83786762771921630	1.00000000000000000
IGHV3.49	368.73873811287955959	1.00000000000000000	42.27575754981804579	265.25129201324745054	3776.26886074053800257	4.37341529446128519	78.43151583373987989	1.00000000000000000	192.75317064021581359	2.24376204371228827	19.54459520470105716	7.79801597751719822	18.45092650027817527	2.60330556818252745	51.70223017792606868	1.00000000000000000
IGHV3.52	2.79451893362830051	1.00000000000000000	1.00000000000000000	1.90058820900693681	11.53312199783326619	1.00000000000000000	1.00000000000000000	1.00000000000000000	5.17062281284669378	1.00000000000000000	1.00000000000000000	1.00000000000000000	1.00000000000000000	1.00000000000000000	1.00000000000000000	1.00000000000000000
IGHV3.53	547.26736361649193441	177.18792315209574895	8.27122814320018662	293.41051291048626126	2296.64094912226710221	1.00000000000000000	8.47859850073587040	1.79000737599346249	152.71200622912880362	1.46245661571938235	3.92338288750808761	1.56651968827252253	9.01964358004839895	2.62173120867000131	34.03233753888287083	1.00000000000000000
IGHV3.62	1.00000000000000000	1.00000000000000000	1.00000000000000000	2.70202616623886538	39.12943536353085960	1.00000000000000000	1.00000000000000000	1.00000000000000000	3.30959828064973793	1.00000000000000000	1.00000000000000000	1.00000000000000000	1.00000000000000000	1.00000000000000000	1.00000000000000000	1.00000000000000000
IGHV3.64	131.39959012680685646	1.41924536876745999	6.08554703640342609	76.05613087136113393	528.02893285348784502	1.87264273270880710	1.00000000000000000	1.00000000000000000	49.15125239999085238	1.00000000000000000	1.00000000000000000	1.69236327854428503	2.11769320775236958	2.33950846951590563	9.24258162792825466	1.00000000000000000
IGHV3.64D	154.13060191660525788	1.00000000000000000	3.49883216007882325	57.17603180563569509	841.05088318236676059	1.32464981122811043	2.55317164289234810	1.77244405493722779	100.77055510636355962	1.00000000000000000	3.26347840884962137	1.84501974111080536	4.07046778180670898	1.00000000000000000	22.53325684376390114	1.00000000000000000
IGHV3.65	7.54813061967904364	1.00000000000000000	1.00000000000000000	11.12332939435381718	92.82134778607706949	1.00000000000000000	1.00000000000000000	1.00000000000000000	5.72104440753326848	1.00000000000000000	1.00000000000000000	1.00000000000000000	1.00000000000000000	1.00000000000000000	1.00000000000000000	1.00000000000000000
IGHV3.66	162.11227138074880827	160.92974104115333489	3.24570227914986154	124.32692776802976198	1006.73723692614078118	1.00000000000000000	2.55317164289234810	1.00000000000000000	19.11388703209071593	1.00000000000000000	4.81290803672060186	2.29519334469927294	2.69690975375515540	2.26199673957161629	6.07996330886542680	1.00000000000000000
IGHV3.69.1	14.09929182013187621	1.00000000000000000	1.00000000000000000	20.98369930597454669	504.83409592884333961	1.00000000000000000	1.00000000000000000	1.00000000000000000	14.01174218015442641	1.00000000000000000	4.20564712145689246	1.00000000000000000	1.00000000000000000	1.00000000000000000	1.00000000000000000	1.00000000000000000
IGHV3.7	846.30915961807420445	15.11083441220512213	89.03219413416258021	830.46114969119958005	6196.53659445307494025	5.77360196820411264	53.21736092693558362	1.56334946014190157	652.04650549993641562	5.05402976453040687	24.74140909129136290	6.19291561968433957	29.54406684687515394	5.18558476139139035	227.54034435354836319	1.00000000000000000
IGHV3.71	3.15709501650166446	1.00000000000000000	1.00000000000000000	14.18179440708186334	69.93514603196918245	1.00000000000000000	1.00000000000000000	1.00000000000000000	7.04022904951937889	1.00000000000000000	1.00000000000000000	1.00000000000000000	1.00000000000000000	1.00000000000000000	1.00000000000000000	1.00000000000000000
IGHV3.72	56.83952324101343123	1.00000000000000000	1.84325356550864683	186.52861209953806565	419.57651627920716919	1.00000000000000000	1.00000000000000000	1.00000000000000000	63.31763531493603381	1.00000000000000000	1.00000000000000000	1.00000000000000000	1.00000000000000000	1.00000000000000000	12.92476031742258513	1.00000000000000000
IGHV3.73	179.94574477972429349	1.82090680559477036	3.03942172049893689	114.41825053842848092	862.86747686237345079	1.58985042108351138	1.00000000000000000	1.00000000000000000	130.88573432807262975	1.00000000000000000	3.84285829896852649	1.96720936470632957	3.51520549848321329	1.85851707947519240	27.79652218714216616	1.00000000000000000
IGHV3.74	465.89733160337328854	2.23508482656170671	13.76946504136552818	221.71373061581795127	1915.67930366076711834	8.64902862941604944	10.45276628476718450	1.00000000000000000	115.04721912253846483	1.00000000000000000	11.69398086952430837	1.00000000000000000	10.11904244030800015	3.16274983181803115	39.36283469281728742	1.00000000000000000
IGHV3OR15.7	33.42761640405890944	1.00000000000000000	2.91596908368855079	14.10198615342759076	170.97705307308783063	1.00000000000000000	1.00000000000000000	1.00000000000000000	10.53963564212496173	1.00000000000000000	1.00000000000000000	1.00000000000000000	1.00000000000000000	1.00000000000000000	1.00000000000000000	1.00000000000000000
IGHV3OR16.11	1.60453432229931070	1.00000000000000000	1.00000000000000000	2.26841229742283979	36.68434317855667359	1.00000000000000000	1.00000000000000000	1.00000000000000000	1.27139120971727526	1.00000000000000000	1.00000000000000000	1.00000000000000000	1.00000000000000000	1.00000000000000000	1.00000000000000000	1.00000000000000000
IGHV3OR16.12	1.00000000000000000	1.00000000000000000	1.00000000000000000	1.00000000000000000	5.38014713014528656	1.00000000000000000	1.00000000000000000	1.00000000000000000	1.00000000000000000	1.00000000000000000	1.00000000000000000	1.00000000000000000	1.00000000000000000	1.00000000000000000	1.00000000000000000	1.00000000000000000
IGHV3OR16.13	1.09399764183356440	1.00000000000000000	1.00000000000000000	7.02196425841286942	17.85594478322767031	1.00000000000000000	1.00000000000000000	1.00000000000000000	4.66568700951457238	1.00000000000000000	1.00000000000000000	1.00000000000000000	1.00000000000000000	1.00000000000000000	1.00000000000000000	1.00000000000000000
IGHV3OR16.15	1.00000000000000000	1.41924536876745999	1.00000000000000000	5.52420398189856865	60.82903486056328290	1.00000000000000000	1.00000000000000000	1.00000000000000000	1.78716521201890677	1.00000000000000000	1.00000000000000000	1.00000000000000000	1.00000000000000000	1.00000000000000000	1.00000000000000000	1.00000000000000000
IGHV3OR16.6	1.00000000000000000	1.00000000000000000	1.00000000000000000	1.00000000000000000	7.45244696178489452	1.00000000000000000	1.00000000000000000	1.00000000000000000	1.00000000000000000	1.00000000000000000	1.00000000000000000	1.00000000000000000	1.00000000000000000	1.00000000000000000	1.00000000000000000	1.00000000000000000
IGHV3OR16.8	1.00000000000000000	1.00000000000000000	1.00000000000000000	2.48544574208674707	11.54786626112490211	1.00000000000000000	1.00000000000000000	1.00000000000000000	1.84770952408587652	1.00000000000000000	1.00000000000000000	1.00000000000000000	1.00000000000000000	1.00000000000000000	1.00000000000000000	1.00000000000000000
IGHV3OR16.9	1.20848052592264454	1.00000000000000000	1.00000000000000000	1.00000000000000000	65.13879992111989736	1.00000000000000000	1.00000000000000000	1.00000000000000000	1.00000000000000000	1.00000000000000000	1.00000000000000000	1.00000000000000000	1.00000000000000000	1.00000000000000000	1.00000000000000000	1.00000000000000000
IGHV4.28	74.59518559328084564	1.00000000000000000	1.61829495592971040	51.94848461736416567	633.36415652844107171	1.00000000000000000	1.00000000000000000	1.63992782626728673	43.34469607603470820	1.00000000000000000	1.00000000000000000	2.39924062201734412	1.56191939094637178	1.75554600431701457	1.00000000000000000	1.00000000000000000
IGHV4.31	408.47774826824002048	1.51554081758241832	14.52737343339053488	247.86530121452756248	3547.53893277685347130	4.43514809323072967	10.97122347345665716	1.00000000000000000	236.11067966148976893	1.66632760754344300	17.73343634278113612	9.39542340627661865	5.73013479298686246	2.86482093585892938	26.04775931663166588	1.00000000000000000
IGHV4.34	1832.05674894221965587	1.69361833491040747	77.03656129247704598	942.44388403732443749	7712.12952710780973575	7.86726225314360850	58.39825764354647220	1.56334946014190157	1313.59783208542853572	8.80330579492130916	21.95430296845065854	14.40860522701921909	31.76109664188794923	8.15544811152549975	117.64199799555122183	1.00000000000000000
IGHV4.39	1658.03838836319755501	3.82602992818318510	94.74255584674011743	1006.53444448296886549	12618.10985821077338187	27.29393405142057460	43.18267085396649207	4.50966040898608700	728.60039327204538040	4.47373823156327610	221.67666808151020064	111.18450995401441617	58.48499995236827687	13.45966063883653163	180.35570348039689748	1.00000000000000000
IGHV4.4	308.67211574257606799	1.00000000000000000	10.03137148472914042	183.17493853870163889	2522.20400263530609664	3.29982178574700580	5.26868384709393212	1.00000000000000000	531.38824074335877867	3.84335511702811328	9.29830834849209964	2.67310386955191381	15.86267573743336001	1.00000000000000000	22.79086723485497146	1.00000000000000000
IGHV4.55	22.53302242787863818	1.00000000000000000	2.24354931566626270	19.28443128731301215	237.30853108791075101	1.00000000000000000	1.00000000000000000	1.00000000000000000	12.47866695247141955	1.14325745934706369	2.65608067500756118	1.00000000000000000	1.00000000000000000	1.00000000000000000	1.00000000000000000	1.00000000000000000
IGHV4.59	956.02007592203426611	1.63392663397708193	30.74016362252345758	480.29528317865367626	6764.21313543367523380	3.27860963598728761	2.55317164289234810	39.65211834776937394	283.34569357497213105	13.17654582594994928	22.26208957490731422	17.86509520996065348	12.76616016268476628	2.99064462407958631	11.87051955333055631	1.00000000000000000
IGHV4.61	356.87405395770963423	3.29892599189226621	18.01645951869773299	248.33981742220512956	3759.36363151129353355	4.79655740329653213	29.11522891313611794	1.00000000000000000	205.73738774281486030	3.32148277879871445	25.90071695852461886	12.02945831109665953	17.15330153497391308	2.73288639559004443	66.92075937510186634	1.00000000000000000
IGHV4.80	1.00000000000000000	1.00000000000000000	1.00000000000000000	1.00000000000000000	21.96928542413277441	1.00000000000000000	1.00000000000000000	1.00000000000000000	1.66128318760968008	1.00000000000000000	1.00000000000000000	1.00000000000000000	1.00000000000000000	1.00000000000000000	1.00000000000000000	1.00000000000000000
IGHV5.10.1	251.28524529787446795	1.00000000000000000	34.61996995935292887	135.87690771466546380	1428.95726351277858157	1.96657345907175718	1.00000000000000000	1.00000000000000000	215.06005942118744656	1.48608970882331093	30.77454723112031942	11.81701770316538180	1.51332292418242509	13.50122377812379781	1.00000000000000000	1.00000000000000000
IGHV5.51	1321.88629282039073587	6.21232113501240857	140.53284975426959136	986.67143285711631506	4542.61549951946471992	14.61318039400423885	26.76268684542693777	1.62830882908421581	531.11039371037213641	4.73754506921867602	30.75522408894695658	15.68289405331570840	14.13987584694380040	96.47070992734117567	78.23119621794492673	1.00000000000000000
IGHV5.78	953.67795860187425205	4.55355948846125358	5.00707162722807553	596.07888441877048535	268.68836151781391663	1.74709159803728897	9.67010323580069375	1.00000000000000000	1047.02355465669188561	1.00000000000000000	1.00000000000000000	1.40626562794127730	1.00000000000000000	1.31795765202051030	1.00000000000000000	1.00000000000000000
IGHV6.1	234.06753775635627335	2.07346854016749083	4.11980556876244641	295.76676188794385780	1284.51513002302544919	1.92711568672776612	1.00000000000000000	5.53428077766895044	81.51928836165234316	2.69007340726356237	4.92754121861170535	3.56124736942103448	3.15935331611001180	1.99140109195861803	5.76441844421174476	1.00000000000000000
IGHV7.4.1	145.82630991163122758	1.00000000000000000	3.27915692158854410	105.98671347160066603	1794.00761122111111945	2.50023316933578155	24.40436481918787237	1.00000000000000000	50.38703551014708637	1.00000000000000000	16.25837026406571084	8.31904720822689470	2.52835325255347021	1.00000000000000000	26.19311422347797702	1.00000000000000000
IGHV7.81	6.19915215122676511	1.00000000000000000	1.00000000000000000	2.39889407874021998	1.97373382679681364	1.00000000000000000	1.00000000000000000	1.00000000000000000	6.53824435150823291	1.00000000000000000	1.00000000000000000	1.00000000000000000	1.00000000000000000	1.00000000000000000	1.00000000000000000	1.00000000000000000
IGKC	3624.03500854138792420	326.56724269194342014	224.05036633153102343	3732.26209090198017293	40424.71608302809909219	514.37006174681414450	139.87624173314031850	9.71195394242313448	2556.81767565844711498	96.88866014937350712	247.08746395323603906	65.50833543039431106	3500.37845658576634378	342.63214148010899862	326.33503791850887410	5826.39181418828593451
IGKV1.12	103.73857685570416720	1.00000000000000000	4.24165188800987192	58.34134326694015016	1142.68739079636429778	1.49913509876733064	5.23040380751493750	1.00000000000000000	58.97771857313399124	1.74390304299217114	3.23351419174555144	1.00000000000000000	1.00000000000000000	1.00000000000000000	6.21909702840307421	1.00000000000000000
IGKV1.13	6.29582693066357901	1.00000000000000000	1.00000000000000000	4.15784185052411281	59.33662987093696728	1.00000000000000000	1.00000000000000000	1.00000000000000000	13.05081705257594571	1.00000000000000000	1.00000000000000000	1.00000000000000000	1.49449821679516748	1.00000000000000000	1.00000000000000000	1.00000000000000000
IGKV1.16	421.08615716541515894	1.00000000000000000	23.08894919963191583	285.06242579455852137	3137.07835307191453467	5.01856013214759766	9.94233087098615265	1.70167022030703330	279.71415134794699497	8.65088380843109306	15.56984852548088938	8.22463798825228842	11.77243830810622427	5.93982210172655289	35.79863013598183841	1.00000000000000000
IGKV1.17	345.83475199753468132	1.00000000000000000	21.35889709496678890	279.46387157253593614	795.66726056593063277	2.03577716017807830	1.00000000000000000	1.80270087926037426	63.23528482934663941	1.73803081251940905	2.51480610381274916	9.24644727548446532	2.90107323418373308	9.51754443867470279	5.43809481670772588	1.00000000000000000
IGKV1.27	476.63544276492024210	1.00000000000000000	32.87471950437546298	427.81053827635400921	2635.33821807722324593	1.00000000000000000	1.00000000000000000	1.00000000000000000	172.89671571078358170	1.38050350916879538	1.00000000000000000	1.93272803368515667	2.72829898155135053	1.00000000000000000	14.01467947220983845	1.00000000000000000
IGKV1.33	1.50892138218168226	1.00000000000000000	1.00000000000000000	3.17357924947327508	23.58793034768984853	1.00000000000000000	1.00000000000000000	1.00000000000000000	1.19102819625180389	1.00000000000000000	1.00000000000000000	1.00000000000000000	1.00000000000000000	1.00000000000000000	1.00000000000000000	1.00000000000000000
IGKV1.37	9.53914145983307193	1.00000000000000000	1.00000000000000000	11.00430938348197607	37.21629564319443517	1.00000000000000000	1.00000000000000000	1.00000000000000000	6.04641024237920188	1.00000000000000000	1.00000000000000000	1.00000000000000000	1.00000000000000000	1.00000000000000000	1.00000000000000000	1.00000000000000000
IGKV1.39	87.93656392621339535	5.64479185969431718	5.99707642877145020	84.19972207923764529	1666.20881019684088642	1.00000000000000000	1.00000000000000000	1.00000000000000000	31.40718470882994851	2.15838769928815299	5.71327925443598961	2.13970932616990961	2.00683867272536665	2.25149502097042342	4.29300744825798120	1.00000000000000000
IGKV1.5	2400.01054933929708568	21.25526305588556042	194.68865881394455641	2202.81465175514586008	18586.05895682357368059	36.70609383476746501	324.95811849539762761	3.04711463677455141	1863.07227747876527246	60.32020840907586035	216.52597004190366192	57.11330211004533908	107.24278349583201475	63.35367734905184989	358.19972327112958510	1.00000000000000000
IGKV1.6	196.85584121352036391	1.00000000000000000	17.53219494364370235	162.67341585234942158	1422.90837128520956867	3.30640208070508157	8.56290002605753742	1.00000000000000000	181.63709951410911003	1.60271076320088235	24.56170506371778828	2.78012660786011789	7.54348044966970566	1.63620256097411110	50.65884830313869003	1.00000000000000000
IGKV1.8	913.67621927506013435	9.38383124514787781	17.34253534743676894	242.92411184214344644	1803.14520765416000359	4.09845169009194432	28.25391619145500144	1.00000000000000000	220.06572312120201218	2.76474196371959113	14.28260412581618866	2.43619554365271807	23.10495407420134839	12.17006497825269129	84.26326804585306718	1.00000000000000000
IGKV1.9	485.43618922587592124	1.00000000000000000	30.91401712768741561	529.70353726911287140	2982.49486226398312283	13.76537568115658416	48.10308503676760239	1.00000000000000000	518.81322590408433371	9.76738951803899980	142.09903690517165842	23.18073188217964997	29.33802179647893738	9.52802575065172874	193.50031764949196145	1.00000000000000000
IGKV1D.12	38.46110757467266694	1.00000000000000000	4.33840026048680549	25.81095362161028817	484.17553037116192627	1.00000000000000000	1.00000000000000000	1.00000000000000000	22.25714454584291957	1.00000000000000000	3.72781144282120902	1.00000000000000000	1.00000000000000000	1.00000000000000000	1.00000000000000000	1.00000000000000000
IGKV1D.13	418.99319482879468524	1.00000000000000000	82.51288437767134099	196.43355849074933417	3932.35235914176064398	5.50486124618189354	44.76066778794967149	1.56334946014190113	376.76563993430653454	5.15101153669574252	12.59656255171763206	2.71102350701296846	23.02803661946499503	5.09033735932763776	90.14364274815494582	1.00000000000000000
IGKV1D.16	54.66816553916795129	1.00000000000000000	1.00000000000000000	29.57777618674545650	98.06757179262235979	1.00000000000000000	1.00000000000000000	1.00000000000000000	3.88869674572533430	1.00000000000000000	1.00000000000000000	1.79550979225809626	1.00000000000000000	1.00000000000000000	1.00000000000000000	1.00000000000000000
IGKV1D.17	81.98495396163605164	1.00000000000000000	3.07738895445331018	67.11689299995941838	393.30317201304291075	1.00000000000000000	1.00000000000000000	1.00000000000000000	82.89896624712480389	1.00000000000000000	2.89308287496251237	1.00000000000000000	2.01754625221482353	1.00000000000000000	1.00000000000000000	1.00000000000000000
IGKV1D.27	11.06549778394266603	1.00000000000000000	1.00000000000000000	7.64986291245195371	37.80986890345744911	1.00000000000000000	1.00000000000000000	1.00000000000000000	2.83725201445759678	1.00000000000000000	1.00000000000000000	1.00000000000000000	1.00000000000000000	1.00000000000000000	1.00000000000000000	1.00000000000000000
IGKV1D.33	13.19982858274663862	1.00000000000000000	3.30262462600462214	4.31653047525810329	328.20768206386850352	1.00000000000000000	1.00000000000000000	1.00000000000000000	5.28824986787338247	1.00000000000000000	2.81972758507250409	1.00000000000000000	2.20039769933184681	1.00000000000000000	1.00000000000000000	1.00000000000000000
IGKV1D.37	11.00147751960690989	1.00000000000000000	1.00000000000000000	4.46653126210892548	25.53408486210942385	1.00000000000000000	1.00000000000000000	1.00000000000000000	2.85687521391428856	1.00000000000000000	1.00000000000000000	1.00000000000000000	1.00000000000000000	1.00000000000000000	1.00000000000000000	1.00000000000000000
IGKV1D.39	190.07366904909892469	1.00000000000000000	5.00313521750412615	138.30244136608109784	1536.37078458842233886	4.18983068626184973	5.32151726026397931	1.00000000000000000	45.43210660191107308	1.70349956504246158	7.55520686686028942	3.46662080990764787	10.69848015373865380	2.22334943016649333	1.00000000000000000	1.00000000000000000
IGKV1D.42	1.00000000000000000	1.00000000000000000	1.00000000000000000	1.00000000000000000	43.06991134022305800	1.00000000000000000	1.00000000000000000	1.00000000000000000	1.00000000000000000	1.00000000000000000	1.00000000000000000	1.00000000000000000	1.00000000000000000	1.00000000000000000	1.00000000000000000	1.00000000000000000
IGKV1D.43	117.77988443426932008	1.00000000000000000	2.43832036312087430	47.87551666621158830	150.06315043198034687	1.78087629622076826	1.00000000000000000	1.00000000000000000	66.08100875728351298	1.00000000000000000	2.87913536682946480	1.61068560280779183	1.55142692437904550	1.00000000000000000	1.00000000000000000	1.00000000000000000
IGKV1D.8	253.14926256546002037	1.00000000000000000	13.22712252157607971	79.23314619608940745	593.85941527691045394	1.48067982043008906	10.73941780041426775	1.00000000000000000	141.93826774141339797	3.85125919594182653	3.34349385587957970	1.00000000000000000	1.75703339426869842	1.15871704241558660	1.00000000000000000	1.00000000000000000
IGKV1OR.2	1.54008501193747649	1.00000000000000000	1.00000000000000000	1.00000000000000000	12.07874481552746282	1.00000000000000000	1.00000000000000000	1.00000000000000000	1.78065221644413030	1.00000000000000000	1.00000000000000000	1.00000000000000000	1.00000000000000000	1.00000000000000000	1.00000000000000000	1.00000000000000000
IGKV1OR2.1	1.36858668855526600	107.86221764578061766	1.00000000000000000	1.00000000000000000	1.27665963405465654	1.50829723139415828	1.00000000000000000	1.00000000000000000	1.25503916354606915	1.00000000000000000	1.00000000000000000	1.00000000000000000	1.00000000000000000	1.00000000000000000	1.00000000000000000	1.00000000000000000
IGKV1OR2.108	21.11484301466750679	1.00000000000000000	1.00000000000000000	24.30312849297440891	40.22040207647633281	1.00000000000000000	1.00000000000000000	1.00000000000000000	33.33309319673153226	1.00000000000000000	1.00000000000000000	1.00000000000000000	1.00000000000000000	1.00000000000000000	1.00000000000000000	1.00000000000000000
IGKV1OR2.6	1.22839299480951047	1.00000000000000000	1.00000000000000000	1.00000000000000000	5.73476876895096499	1.00000000000000000	1.00000000000000000	1.00000000000000000	1.00000000000000000	1.00000000000000000	1.00000000000000000	1.00000000000000000	1.00000000000000000	1.00000000000000000	1.00000000000000000	1.00000000000000000
IGKV1OR22.5	1.00000000000000000	1.00000000000000000	1.00000000000000000	1.00000000000000000	9.24813265993010880	1.00000000000000000	1.00000000000000000	1.00000000000000000	1.00000000000000000	1.00000000000000000	1.00000000000000000	1.00000000000000000	1.00000000000000000	1.00000000000000000	1.00000000000000000	1.00000000000000000
IGKV2.18	22.31994346675947227	1.00000000000000000	1.00000000000000000	12.60767127764206741	33.08584492064961324	1.00000000000000000	1.00000000000000000	1.00000000000000000	28.71619968535069489	1.00000000000000000	1.00000000000000000	1.00000000000000000	1.00000000000000000	1.00000000000000000	1.00000000000000000	1.00000000000000000
IGKV2.24	166.16152958086365743	1.00000000000000000	3.91699152560462593	199.10430825344104733	775.01176030220597113	1.00000000000000000	1.00000000000000000	1.00000000000000000	356.95055122229587141	4.25595317187889588	8.35581926654494467	2.21325147237822772	1.81919480020593660	1.86138743077755420	1.00000000000000000	1.00000000000000000
IGKV2.26	81.06587644459898456	1.00000000000000000	1.00000000000000000	33.94887313390189121	128.87470878526363549	1.00000000000000000	1.00000000000000000	1.00000000000000000	48.31167655688812346	1.00000000000000000	1.00000000000000000	1.00000000000000000	1.00000000000000000	1.00000000000000000	1.00000000000000000	1.00000000000000000
IGKV2.28	5.79089668985206529	1.00000000000000000	1.00000000000000000	7.55242955581433595	134.12797841277173916	1.00000000000000000	1.00000000000000000	1.00000000000000000	3.64468617025525043	1.00000000000000000	1.00000000000000000	1.00000000000000000	1.00000000000000000	1.00000000000000000	1.00000000000000000	1.00000000000000000
IGKV2.29	207.68913296769451904	1.00000000000000000	2.29556580524633613	127.32658793815015486	284.92942734080821765	1.72300032684390114	1.00000000000000000	1.00000000000000000	121.04441107711564030	1.57152918865815039	2.56759249351503627	1.96591332139169861	1.88990920830391040	1.00000000000000000	12.28002118252035046	1.00000000000000000
IGKV2.30	493.35148489559833251	1.00000000000000000	8.64182082874831536	413.96896646646456475	1511.74448201057407459	1.27934149865388980	1.00000000000000000	1.00000000000000000	600.24548075771292588	1.00000000000000000	5.85976041568542350	2.10522283259094944	4.14283016172524654	2.01580777248921850	13.59266153795482523	1.00000000000000000
IGKV2.4	1.42861011591940112	1.00000000000000000	1.00000000000000000	1.00000000000000000	6.96874090494699416	1.00000000000000000	1.00000000000000000	1.00000000000000000	1.00000000000000000	1.00000000000000000	1.00000000000000000	1.00000000000000000	1.00000000000000000	1.00000000000000000	1.00000000000000000	1.00000000000000000
IGKV2.40	1.00000000000000000	1.00000000000000000	1.00000000000000000	1.00000000000000000	4.84903936473989106	1.00000000000000000	1.00000000000000000	1.00000000000000000	1.22625845150936930	1.00000000000000000	1.00000000000000000	1.00000000000000000	1.00000000000000000	2.26892532273151382	1.00000000000000000	1.00000000000000000
IGKV2D.24	19.02016397277075299	1.00000000000000000	1.00000000000000000	8.34025836896573836	6.26899450326393204	1.00000000000000000	1.00000000000000000	1.00000000000000000	23.20172633999384715	1.00000000000000000	1.00000000000000000	1.00000000000000000	1.00000000000000000	1.74232677305620798	1.00000000000000000	1.00000000000000000
IGKV2D.26	22.02333489177400239	1.00000000000000000	1.00000000000000000	24.07711118502724901	19.45311596244762242	1.00000000000000000	1.00000000000000000	1.00000000000000000	15.62324838094340507	1.00000000000000000	1.00000000000000000	1.00000000000000000	1.00000000000000000	1.00000000000000000	1.00000000000000000	1.00000000000000000
IGKV2D.28	124.84881389824654718	2.89957562391053836	5.47558332415237015	101.18229911872505511	1659.49928867053881731	1.00000000000000000	5.53131478576781621	1.00000000000000000	68.21364670056370016	1.33606839753173956	2.73882249198918082	2.44227951586054015	3.37329133385837343	1.71154177219509007	9.90770885712621130	1.00000000000000000
IGKV2D.29	202.60571902838896108	1.00000000000000000	3.58193140891327877	144.93706700023759026	772.51053041533032228	1.00000000000000000	22.19166008265229451	1.00000000000000000	70.31228240004386976	1.00000000000000000	1.00000000000000000	1.45719370360699974	1.00000000000000000	2.77085040007376282	1.00000000000000000	1.00000000000000000
IGKV2D.30	55.07908397881754325	1.00000000000000000	1.45105971108611498	27.00494495257965966	23.70736580450421371	1.00000000000000000	1.00000000000000000	1.00000000000000000	20.79911014434735250	1.00000000000000000	1.00000000000000000	1.00000000000000000	1.00000000000000000	1.00000000000000000	1.00000000000000000	1.00000000000000000
IGKV2D.40	21.82796222861233915	1.00000000000000000	1.00000000000000000	9.96981197402645947	221.71475310316600371	1.00000000000000000	1.00000000000000000	1.00000000000000000	11.17299814027814620	1.00000000000000000	1.00000000000000000	1.00000000000000000	1.00000000000000000	33.32676637186504820	1.00000000000000000	1.00000000000000000
IGKV2OR22.4	1.68788018727572653	1.00000000000000000	1.00000000000000000	1.00000000000000000	8.99128605077383014	1.00000000000000000	1.00000000000000000	1.00000000000000000	5.54782235435465410	1.00000000000000000	1.00000000000000000	1.00000000000000000	1.00000000000000000	1.13761934593916614	1.00000000000000000	1.00000000000000000
IGKV3.11	2771.71076370865512217	48.08176003557220213	165.02729786314381499	1663.80765398851326609	10684.82356393023110286	14.48673775611798220	203.53368153828154163	2.77407940618410143	1170.09328413945513603	8.95793608035774191	97.04237901718889248	35.11591058272545496	65.28927295776374251	11.01983878651097726	196.98887200360118754	1.00000000000000000
IGKV3.15	2527.09900650183772086	678.43196515353724863	189.58438523994684033	2512.01573234428815340	23563.09815824833640363	275.27267916477927656	90.12838101115362122	1.81921835115443420	1589.04731034925293898	7.71998121988568453	174.82285646112981681	109.31857291263051479	76.63473755315932578	47.14981677619969247	471.29627564790763472	1.00000000000000000
IGKV3.20	3952.43256062206683055	59.04574790782507421	188.56949698858929310	3842.18134583891378497	23425.98156118182305363	52.90350830767623336	108.59179939412065607	8.92570044468787493	2337.86682095905280221	12.52755060356181893	88.19619873946943756	49.93834409940662766	60.10115105748530340	50.26395041274125930	233.04553008902095712	1.00000000000000000
IGKV3.7	32.93997453174749523	5.43881830544324618	2.74482566926876448	33.53375592356352541	64.65173021965864564	1.11971536545044015	1.00000000000000000	1.00000000000000000	16.41389136707627117	1.00000000000000000	1.00000000000000000	1.00000000000000000	1.00000000000000000	1.00000000000000000	1.00000000000000000	1.00000000000000000
IGKV3D.11	48.32389581745226792	2.20775321799189195	2.66511480418445812	82.63738265916202863	497.25813323593325777	1.45451912210343814	1.00000000000000000	1.00000000000000000	23.10792844988458938	1.00000000000000000	2.59118436000972263	1.00000000000000000	1.00000000000000000	1.00000000000000000	1.00000000000000000	1.00000000000000000
IGKV3D.15	38.96716729090851317	1.41924536876745999	5.46199535361576416	41.75993706276307194	404.05634559317633148	2.41180859366608225	1.00000000000000000	1.00000000000000000	6.89364401149514539	1.00000000000000000	1.00000000000000000	1.00000000000000000	1.00000000000000000	2.77743869221657702	1.00000000000000000	1.00000000000000000
IGKV3D.20	102.89774452290994589	2.38228328926548638	1.00000000000000000	70.31678613788672294	282.23431516359340776	2.38680070147547108	1.00000000000000000	1.00000000000000000	64.44936629762239022	1.00000000000000000	2.52982626627853380	1.00000000000000000	1.55142692437904550	2.10930242941975177	13.02765679110711972	1.00000000000000000
IGKV3D.7	4.11328336702716602	1.00000000000000000	1.00000000000000000	1.00000000000000000	6.94475946262748867	1.00000000000000000	1.00000000000000000	2.02390057137588242	5.25262464154120146	1.00000000000000000	1.00000000000000000	1.00000000000000000	1.00000000000000000	1.00000000000000000	1.00000000000000000	1.00000000000000000
IGKV3OR2.268	1.30063476756762642	1.00000000000000000	4.98309129458134503	5.53449460399295035	41.22810800061712655	1.00000000000000000	1.00000000000000000	99.48917183044676449	4.08140082326135012	17.38102764713408988	1.00000000000000000	36.59894999847853825	1.00000000000000000	1.00000000000000000	1.00000000000000000	1.00000000000000000
IGKV4.1	2087.45755927914842687	76.73884431126539596	266.78361438907114689	2362.13930106512634666	18057.96775464887832641	60.37223767834452559	286.46540718601175968	135.13211390513853871	1960.00961780395346068	23.83750182349393754	71.08128645479290242	61.47975132932987208	120.05190079593045027	86.60977248932465500	341.78692626938322974	1.00000000000000000
IGKV5.2	117.20867304733678793	1.00000000000000000	2.42137852365583583	70.68139040053679878	148.15484820749117034	1.00000000000000000	1.00000000000000000	1.00000000000000000	114.51275727902113033	1.00000000000000000	1.00000000000000000	1.74375645417162550	7.66611058612962726	1.00000000000000000	1.00000000000000000	1.00000000000000000
IGKV6.21	51.21118943966020964	1.82090680559477036	1.00000000000000000	42.93085542025023216	40.86567995217507843	1.00000000000000000	1.00000000000000000	1.00000000000000000	32.58839250866392945	1.00000000000000000	1.00000000000000000	1.47143689822783696	1.00000000000000000	1.00000000000000000	1.00000000000000000	1.00000000000000000
IGKV6D.21	16.12148207793949339	1.00000000000000000	1.00000000000000000	1.00000000000000000	1.14191931600422492	1.00000000000000000	1.00000000000000000	1.00000000000000000	1.23901238120604784	1.00000000000000000	1.00000000000000000	1.00000000000000000	1.00000000000000000	1.00000000000000000	1.00000000000000000	1.00000000000000000
IGKV7.3	21.41802522169194134	1.00000000000000000	1.00000000000000000	10.21543306294829101	7.81174517356831277	1.00000000000000000	1.00000000000000000	1.00000000000000000	12.28839557099326996	1.00000000000000000	1.00000000000000000	1.00000000000000000	1.00000000000000000	1.00000000000000000	1.00000000000000000	1.00000000000000000
IGLC1	565.44445159785993837	21.33394992889715880	25.14619155086073832	461.64187458200927949	6463.74645466517995374	36.00024697851442568	10.99473636447485347	2.22839610573327995	582.09433751381402544	21.53053376737583946	15.39464483558959351	11.40834916492154782	67.63543361968631018	32.57467649579938040	40.37971452784168491	603.64794930503694559
IGLC2	731.28437146427779680	87.49647177241445206	35.93272913093093734	751.60589531806988361	8105.93828822659816069	9.43243506070660764	1.00000000000000000	1.91666543576074577	552.88904813054523402	5.66931120296650981	27.98881530970395914	9.37970247075789310	755.88503657165688310	22.01570816651821616	33.63002468832932124	1.00000000000000000
IGLC3	794.71461996582172560	81.43860942637273581	15.48818849864263569	866.48581985232169700	4626.21862827625045611	7.49783252014024804	6.33367545206537308	1.00000000000000000	564.72638667544458713	1.43764111854338861	25.79950572045204638	18.08556822276526788	793.09160401742349222	22.89605306607218438	22.06390067580267100	1.00000000000000000
IGLC6	40.05146254921719873	1.00000000000000000	1.00000000000000000	12.09491851100454873	16.48192449151491701	1.00000000000000000	1.00000000000000000	1.00000000000000000	15.94081057596581275	1.00000000000000000	1.00000000000000000	1.00000000000000000	1.87511892957408288	1.00000000000000000	1.00000000000000000	1.00000000000000000
IGLC7	102.78380657262647446	1.00000000000000000	2.12555467570936063	128.90075682689365522	317.64617016561032870	7.78643220420086024	1.00000000000000000	1.00000000000000000	56.28593865439349742	1.95026417986719025	1.00000000000000000	1.00000000000000000	2.79464847638615321	3.57601187485391492	1.00000000000000000	72.90258335998390749
IGLJ1	17.82845018254062097	1.00000000000000000	1.00000000000000000	1.44853241899274399	91.03460335424780681	1.00000000000000000	1.00000000000000000	1.00000000000000000	11.22349414310376581	1.00000000000000000	1.00000000000000000	1.00000000000000000	4.55483998120592393	1.00000000000000000	1.00000000000000000	1.00000000000000000
IGLON5	1.30747126687015180	2.63648204397901331	1.00000000000000000	1.00000000000000000	1.00000000000000000	4.50489525365956300	1.00000000000000000	1.65110493957041315	1.00000000000000000	1.00000000000000000	3.36746210890522191	1.00000000000000000	1.92899991538400450	2.37854864147676537	12.26968960981147028	1.00000000000000000
IGLV1.36	112.77943248401618348	7.71097408764932446	13.68692137995739166	59.33758587625833769	487.31973316242454075	2.12274600383047041	8.65969681754977927	1.00000000000000000	50.52055901041336483	2.49767996647081469	1.00000000000000000	1.00000000000000000	2.00015848987227729	8.53470018466204827	1.00000000000000000	1.00000000000000000
IGLV1.40	1115.61308097993446609	8.11848616380508226	98.80891379464281954	1815.62924642352845694	11448.25024325033336936	32.52760500261248211	117.38031226061902146	2.33488674427197207	745.49153937507310275	3.51944297712110732	114.49323171265201893	32.84937672624126748	80.10149425991681937	23.73359055458447742	342.49000204044125439	1.00000000000000000
IGLV1.41	46.80638466595914338	17.40322302589588688	5.98904917430757688	54.19877696582402393	757.46343829079114585	1.00000000000000000	5.24692901274439993	1.00000000000000000	27.88707907857702395	1.91173947496049035	1.00000000000000000	1.00000000000000000	1.00000000000000000	2.08537766086557141	1.00000000000000000	1.00000000000000000
IGLV1.44	799.06580800866743175	11.39224562460532120	75.65891016487697129	1027.56603965965337011	9836.74458535798294179	12.88383400170641657	81.49977721952160437	5.68710423385801356	539.42555676583128843	6.42318966359740440	22.11118963051502462	19.55805894298453396	26.29835595451219632	69.69087439763818281	71.75372547888481733	1.00000000000000000
IGLV1.47	793.02963322384027833	3.31154329949679971	27.63246830934006226	776.61546336993671957	5294.66526723038532509	8.59783366302853480	36.30588415305046368	1.00000000000000000	481.98063751646282071	1.61707643634175557	20.99697805100986869	10.93177763810646219	29.20020228144277041	21.11063717352634939	116.32517375117548397	1.00000000000000000
IGLV1.50	1.80093005100587900	1.00000000000000000	1.00000000000000000	3.28337899599745731	26.45439073975156674	1.00000000000000000	1.00000000000000000	1.00000000000000000	3.50657942759138708	1.00000000000000000	1.00000000000000000	1.00000000000000000	1.00000000000000000	1.00000000000000000	1.00000000000000000	1.00000000000000000
IGLV1.51	918.36621472596232252	8.40233629463834930	29.00316860678607966	921.05944491579543865	7781.58732824730032007	10.53629546625654179	38.28993751188808403	3.16638564163073832	408.50111364691815652	3.32727273555778336	27.38801433944207275	13.73352038644628692	16.03692733684744098	28.06510278651291657	26.72791156906578180	1.00000000000000000
IGLV10.54	82.34711519837030380	1.00000000000000000	3.68301732181133179	70.90393785275726657	328.96739944583754323	1.50365293824587964	1.00000000000000000	1.00000000000000000	65.41332777233547802	1.38050350916879538	3.43762342153416522	2.66194940874448749	1.45816500826351714	1.00000000000000000	1.00000000000000000	1.00000000000000000
IGLV2.11	632.19609413626722016	1.00000000000000000	35.31221903814134322	585.51398978651184279	4715.66274486201200489	6.09469670816295128	37.54648127980980377	1.65236160153015810	430.22482130804746703	3.31028184800724556	40.97398307108719706	7.05142567542574739	32.62035942175685932	7.65128271460656606	110.62359087644740896	1.00000000000000000
IGLV2.14	2538.52243871651216978	43.73410641334507432	181.28440078738270813	1981.61952782221146663	12607.54498074317416467	17.70392773094289751	114.26591204115364064	3.32509407161875270	1484.31673056162276225	10.71036530250720276	246.50306696515659155	14.63901889210328378	51.79070566624039174	51.47034262185748332	132.40830006949317976	1.00000000000000000
IGLV2.18	62.10307724735178425	1.00000000000000000	7.74783555034732707	172.88352119530182449	32.88099875298012620	4.00743502477679581	34.79913747545854363	1.00000000000000000	27.99309566912431180	1.00000000000000000	13.38749117080188178	1.00000000000000000	16.84182316044847738	2.27664878153669914	56.07031618586037780	1.00000000000000000
IGLV2.23	1154.08516627630706353	19.29756768587665761	160.50465746497039277	1178.07977854203795687	5575.94445196904780460	13.23199286846320888	33.12273418070176234	6.62973063583421585	407.67902510987352116	10.36731959488943033	37.35837758979712220	38.08713556567767711	21.30418541743060956	64.74549065712433560	44.74345730233033436	1.00000000000000000
IGLV2.5	95.42623646087980660	1.00000000000000000	2.23392907194902968	110.36622195649381695	87.87183944691757631	1.30255399108723124	1.00000000000000000	1.00000000000000000	89.19794117868050876	1.00000000000000000	2.66486579273446411	1.00000000000000000	1.00000000000000000	3.38339909928307359	1.00000000000000000	1.00000000000000000
IGLV2.8	379.86280947946664810	7.71283994103856330	16.65759918437431963	731.44791817496877684	2478.81243367713159387	3.79342163850825909	29.67556344684429348	1.00000000000000000	326.39535940517714607	2.12486240463394349	12.58120334141055885	2.47463431474112294	16.16425130864377735	6.69107660580265406	74.32216712040539619	1.00000000000000000
IGLV3.1	1278.61373405691347216	20.25185835052351280	100.52087533095978245	1258.06681988901800651	10409.46456283197039738	28.83792281744756636	72.84272309490206965	1.00000000000000000	721.03981966290143646	6.50616900906390772	51.19674717655178142	32.39460624066405359	49.39470485617371764	36.69284412493093583	215.45199191058884480	1.00000000000000000
IGLV3.10	178.58891717640878483	1.00000000000000000	22.94709913674323332	208.14873019339640337	1155.36605136324737941	5.30660237865958972	34.94388264591944449	1.00000000000000000	346.44582369021503609	4.20700059090507050	21.91782039854217601	5.13479707862864299	12.73699586567506259	5.28776191753766600	39.70999878417102735	1.00000000000000000
IGLV3.12	1.67618126273093537	1.00000000000000000	3.16889414388862933	24.73643995437562637	52.38685844315511986	1.00000000000000000	1.00000000000000000	1.00000000000000000	7.08740577207872580	1.00000000000000000	4.10257590678185657	1.00000000000000000	1.00000000000000000	2.54924629214743570	1.00000000000000000	1.00000000000000000
IGLV3.16	114.61049942229027465	1.00000000000000000	11.25943965262372259	32.76542462274841228	248.91040253583102526	1.92158518972893422	1.00000000000000000	1.00000000000000000	110.74172741712469303	1.00000000000000000	1.00000000000000000	1.00000000000000000	1.52457830868611777	1.00000000000000000	1.00000000000000000	1.00000000000000000
IGLV3.19	1005.56577227800187302	22.35545480003986896	108.35804309775905097	875.53299517281027420	5070.16689768380092573	18.62899738246421677	79.68548231767277912	2.42799649500532633	451.24702719760256286	6.47521391467701157	29.93751199667803320	23.99490960391346306	40.13795514715116042	28.86377559915206348	167.86165305257122782	1.00000000000000000
IGLV3.21	1096.57606127062103951	59.01755693575075412	103.38898589428545449	1493.64746877973084338	14972.59779415186312690	22.29241325215745206	93.45464557615956380	2.65692382023245122	931.71134196241166592	8.26748906513387283	75.45958419584106025	38.87792174653559130	49.80859253282974919	75.04918220788331951	112.57789992059791473	1.00000000000000000
IGLV3.22	17.04481857719983395	1.00000000000000000	1.00000000000000000	16.37104434165828337	6.02573081586459747	1.00000000000000000	1.00000000000000000	1.00000000000000000	33.13689492545114490	1.00000000000000000	1.00000000000000000	1.00000000000000000	1.00000000000000000	1.00000000000000000	1.00000000000000000	1.00000000000000000
IGLV3.24	4.48411759085720707	1.00000000000000000	1.00000000000000000	3.18031692649286324	7.64541830155624424	1.00000000000000000	1.00000000000000000	1.00000000000000000	5.40764642087026459	1.00000000000000000	1.00000000000000000	1.00000000000000000	1.00000000000000000	1.00000000000000000	1.00000000000000000	1.00000000000000000
IGLV3.25	891.25065001727114122	203.01393923707794897	194.79813272561190729	603.74130173680748612	5595.68145597935927071	9.20109822421865964	9.07552412018294596	1.47701905575043924	329.74660899206679687	10.64313674703119794	23.84358276869123117	20.82015277520489249	4.90295788346361761	37.76363430117859110	32.34972049425498142	1.00000000000000000
IGLV3.27	108.94506297065794342	1.00000000000000000	7.56287157175637770	169.25189748141517043	783.98436554509862617	12.45998950216617196	33.05028495178396497	1.00000000000000000	62.75092925809614997	1.63411583993908183	2.87242509367427701	2.00062986571488555	15.97871268259674693	4.92056863830380919	26.91017502258412364	1.00000000000000000
IGLV3.6	3.64645142500811703	1.00000000000000000	1.00000000000000000	1.00000000000000000	18.75095680124438857	1.00000000000000000	1.00000000000000000	1.00000000000000000	4.00013435434619602	1.00000000000000000	1.00000000000000000	1.00000000000000000	1.00000000000000000	1.00000000000000000	1.00000000000000000	1.00000000000000000
IGLV3.9	73.76613832927769465	1.00000000000000000	18.40749328334540280	108.87390074008038710	1095.13337799818600615	2.36354937617328043	19.89152396694015579	1.00000000000000000	70.13781386198061796	1.00000000000000000	21.47223993162923250	8.46281060907478455	14.00852641655076347	4.29602755901552591	20.53070128601758881	1.00000000000000000
IGLV4.3	39.63129714296889006	1.95235358084186350	5.64066050016527942	35.33604503179679313	13.87345965466904474	1.00000000000000000	1.00000000000000000	1.00000000000000000	13.49467919041669361	1.00000000000000000	1.00000000000000000	1.00000000000000000	1.00000000000000000	2.42463779685031788	1.00000000000000000	1.00000000000000000
IGLV4.60	77.30805344592758388	4.94727647891986155	1.85247793740812572	333.54610162093780446	658.95848266372320268	1.70326519190449899	1.00000000000000000	1.00000000000000000	111.95214603683042753	1.87408333387329984	1.00000000000000000	1.95273008315533092	1.81502808759189849	1.00000000000000000	3.42161079848601135	1.00000000000000000
IGLV4.69	344.73727054366838729	1.41924536876745999	17.62402256517008681	247.04401553445563877	1012.38300406909309004	1.50031872864482874	1.00000000000000000	1.00000000000000000	223.01237608787704403	1.00000000000000000	4.24678731569233747	4.08207269717643317	2.06040460146911553	3.33620207456146689	5.71856664037301066	1.00000000000000000
IGLV5.37	127.29346087222545236	3.35878587214308721	59.42244750318768354	192.77257491879751683	1293.44110639479413294	1.00000000000000000	1.00000000000000000	1.56334946014190113	113.71484126049759311	3.56539222266508338	1.00000000000000000	1.49237659105175968	1.00000000000000000	5.33092336334825667	7.46767855110710066	1.00000000000000000
IGLV5.45	197.14839190783976619	1.00000000000000000	3.21633193781936955	193.94228665644683929	413.32898662743133400	1.35336818878305976	1.00000000000000000	1.00000000000000000	212.77527582922954252	2.21549273421712156	1.00000000000000000	1.92699004238737115	1.00000000000000000	1.77415330500186119	9.56196548319489281	1.00000000000000000
IGLV5.48	13.49781570981461698	1.00000000000000000	1.00000000000000000	5.39478671037046631	118.95510566924976104	1.00000000000000000	1.00000000000000000	1.00000000000000000	14.87153351538386303	1.00000000000000000	1.00000000000000000	1.00000000000000000	1.00000000000000000	1.00000000000000000	1.00000000000000000	1.00000000000000000
IGLV5.52	17.33545350992903167	1.00000000000000000	1.00000000000000000	4.10179612657963499	112.18270892711070985	1.37772347069523859	2.20850041089899030	2.63633623288838548	6.08271251023022774	1.37446014779083758	4.60612084992573223	1.92743204546001334	5.51762573578661719	1.90917631972936075	3.93877887946008531	1.00000000000000000
IGLV6.57	440.72056137062600101	929.38643207708992122	55.88243084935206184	598.84579725195612809	7911.18620980920059083	13.58789084624233467	70.86901980748233143	1.00000000000000000	268.12468148084690256	1.93783862595299317	18.69345438437899887	8.26692501408054703	28.88791158332025688	83.15090906132380155	46.88104764709158445	1.00000000000000000
IGLV7.43	186.40981720335867067	5.25825177758671281	4.87178314729676476	186.44762378326737462	395.43390172303116969	4.80049255219072801	28.06275952146259201	1.00000000000000000	135.77015861996829926	1.00000000000000000	15.32600566726624081	4.34298970003229456	9.74947445098352716	92.71408648655784646	35.22187302721068392	1.00000000000000000
IGLV7.46	156.73847452102677380	1.00000000000000000	16.36300635984794027	161.89133892329482478	1064.92164417077992766	3.65628244186264784	22.90834579382532610	2.34549643479976400	78.24179734880222270	1.00000000000000000	8.73147673398139901	2.03560282232106893	20.06497327060514024	4.19276613013466282	62.35054772098749254	1.00000000000000000
IGLV8.61	124.12153181747787301	1.00000000000000000	9.90573265434706229	144.29923808486648795	1089.42722282124077537	10.72785405697757355	15.30392623386451056	1.00000000000000000	45.34809680081859540	1.00000000000000000	15.15205151289442576	1.91100239642538372	17.88387967508021958	2.50136533118648918	87.31057175143070026	1.00000000000000000
IGLV9.49	151.92864936635649542	1.41924536876745999	3.04388958818800148	125.09285910238121176	156.52392649450607109	1.49602633652708139	1.00000000000000000	1.00000000000000000	97.10584570539253946	1.00000000000000000	1.00000000000000000	1.65977137296990884	1.00000000000000000	3.36545635627571427	1.00000000000000000	1.00000000000000000
IGLVI.70	84.44695080029528356	1.41924536876745999	1.84408383587809688	159.58315635334128046	113.43436674048386692	1.00000000000000000	1.00000000000000000	1.00000000000000000	66.42218208190408291	1.00000000000000000	1.00000000000000000	1.00000000000000000	1.00000000000000000	1.00000000000000000	1.00000000000000000	1.00000000000000000
IGSF6	9.22646375310223199	99.58819844202879779	6.85445388321574445	10.25969417399348238	7.74686545600611076	1748.02281143815480391	12.21110198211735032	4.92273984835477485	2.74691695261404689	11.69404947502763648	7.95178394900070451	7.39579113843800240	379.96901801008846178	1649.28102601666341798	4.44198459496336273	206.77711631238975087
IKZF3	1662.60879089238505912	117.92297431247338579	1623.79248636532906858	1859.46418651604676597	277.37101670493120764	40.51963448116849520	883.76022951644938530	1487.61574094142724789	1072.26333255017812007	586.19468685453875878	444.87304406679379554	500.68084393280315680	66.24908614589976708	21.23646284360312109	24.66838218540014083	297.47704217582969477
IL10	3.59003485813078527	820.03044756908491308	229.69387771684142763	5.41948599452507818	2.07684269833298307	9.10325000672470708	87.58284157842950890	7.98634249498447346	11.00020147147246163	20.94572801679025531	7.74553906299274342	3.00849404379682106	2.44674412237567829	51.65355331967960240	1.00000000000000000	25.96809690203440013
IL12B	1.00000000000000000	10.57195936652169976	1.00000000000000000	3.51160104944804319	1.00000000000000000	13.20858045917561441	1.00000000000000000	1.00000000000000000	1.00000000000000000	1.00000000000000000	1.00000000000000000	1.00000000000000000	2.48121532520473309	1.00000000000000000	1.00000000000000000	3.41762242126758675
IL12RB2	4.99397107511205540	7.83730452207246131	57.26167460566893652	9.23409094983695411	2.16887909228695897	13.77119237782871863	115.15711363503390885	493.40810241370189715	2.24426341630614212	238.18647488477068919	769.91869883912977457	73.46528002310078875	4.71328875372729517	14.68545288474754074	118.78330598027261544	67.06991418385442216
IL13	1.97734565756306924	434.86381718836946675	1.00000000000000000	2.55160007304555458	1.00000000000000000	1.00000000000000000	1.00000000000000000	1.00000000000000000	1.00000000000000000	1.00000000000000000	1.00000000000000000	2.67245133246574840	1.00000000000000000	1.91681701517976588	1.00000000000000000	1.00000000000000000
IL17A	1.00000000000000000	1.00000000000000000	1.00000000000000000	1.00000000000000000	1.00000000000000000	1.00000000000000000	1.00000000000000000	3.72862457881269638	1.00000000000000000	9.99737075911621709	1.00000000000000000	10.19920176827078961	1.00000000000000000	1.00000000000000000	1.00000000000000000	1.00000000000000000
IL17F	1.00000000000000000	2.42853704996472741	1.00000000000000000	1.00000000000000000	1.00000000000000000	2.76158440892458534	1.00000000000000000	7.84386392584786396	1.00000000000000000	4.08007676112782924	1.00000000000000000	2.89953736023042419	1.00000000000000000	1.00000000000000000	1.00000000000000000	3.79394388499997515
IL17REL	1.64790699221653503	5.10201838482881431	1.00000000000000000	1.00000000000000000	1.00000000000000000	8.65633329268586671	1.00000000000000000	1.00000000000000000	1.00000000000000000	1.52455933499734919	1.00000000000000000	1.00000000000000000	3.43576135120028558	1.00000000000000000	1.00000000000000000	440.73152747192892775
IL18BP	147.68841759523809287	13.21528745558322093	99.12115562106519917	351.53406968143110589	10.23429521165945566	520.07124302179988717	145.73660008082214290	21.48654501794603888	26.77648616707214302	10.31965601550473011	39.24518066973778474	109.25079030254346435	148.73129566648719901	301.32837385894214322	25.82241613316977791	457.13038423482993267
IL18RAP	2.57571018604747648	5.94926390611753675	72.48812335522275418	2.64035921986356970	1.00000000000000000	5.25606201823476038	424.21388957478484372	80.86451778269568536	2.91078248409217721	33.55874691809355426	1252.31284012748960777	37.96219685965001389	28.44338933445891371	1.61555359504100116	430.44659987507020560	18.13232305598023686
IL1A	1.77697777512618460	9.99667843994438599	1.00000000000000000	6.50602491100979829	1.59872745219997525	5.22352958529239153	1.00000000000000000	1.00000000000000000	9.05725451559490402	1.00000000000000000	1.00000000000000000	1.00000000000000000	2.14663956795517619	2.25226649228576470	1.00000000000000000	1.84108480475081016
IL1B	3.55554962920079376	158.10682756405921623	4.05027750807991360	4.74630209089521582	1.27499156352437604	1733.84619515761983166	1.00000000000000000	1.00000000000000000	1.00000000000000000	2.46491321056343171	2.36332634005971443	2.91585807032250877	12.01251941552363078	2474.71877880805413952	7.53970096550415292	22.65837717367524107
IL2	1.00000000000000000	17.95473375857890019	3.33300513209695692	1.00000000000000000	1.00000000000000000	1.58985468768326910	1.00000000000000000	1.00000000000000000	1.00000000000000000	1.83493863952050495	2.91860300701387576	6.58297112614993374	1.00000000000000000	1.50612381933875561	27.49269385082324746	2.91700436563079091
IL21	2.28659820372943079	29.55699641827005308	27.17922038187046851	2.49738444363929135	1.15587712157036049	1.11971536545044015	1.00000000000000000	110.48273475787716791	2.84782826176943482	240.01642640625422587	1.00000000000000000	430.26612187764357031	5.32854026295618510	1.00000000000000000	1.00000000000000000	12.40620389162068093
IL22RA2	1.50493292728097927	1.00000000000000000	1.00000000000000000	1.00000000000000000	1.00000000000000000	259.83779554606468309	1.00000000000000000	1.00000000000000000	1.00000000000000000	1.14325745934706391	1.00000000000000000	1.00000000000000000	2.26681969569937447	6.17379797115130113	5.24078840253158074	11.36122762646244055
IL23R	1.32743253267993633	7.02811714422399803	5.89303178370002279	1.00000000000000000	1.00000000000000000	11.05043393743692270	1.00000000000000000	4.87670467956310461	1.00000000000000000	21.92345350098451462	48.60755274842150442	4.48270482138707393	2.01115092796988915	1.34237481836228589	714.96748876314620702	2.98403953815020628
IL26	1.69828736121972401	978.48705844289452216	1.00000000000000000	1.00000000000000000	1.00000000000000000	1.00000000000000000	1.00000000000000000	3.47675075415199775	1.00000000000000000	10.89238663392325179	1.00000000000000000	1.47633138328836666	1.00000000000000000	2.36939579055041083	8.24730106359672277	6.22480539224384355
IL27	1.42735707123208755	278.37063282106589668	1.00000000000000000	1.00000000000000000	1.00000000000000000	27.59338428304169000	1.00000000000000000	1.00000000000000000	1.00000000000000000	1.00000000000000000	1.00000000000000000	1.00000000000000000	2.04373761433003720	52.28334471139793038	1.00000000000000000	3.15077286765769982
IL2RA	21.02306325750835114	776.59799675164936161	30.55443439091009594	121.57040233621860637	4.33660957373992151	19.56073613352009488	35.12873101826072997	881.29152934713033574	13.13687921702520534	417.62495708678449091	106.04606913997787387	141.04492381912666588	6.30823862663990109	50.35414273554739140	771.88121155086514591	108.69629085868838558
IL2RB	13.24470154589957005	193.69325130980405447	983.50195797074343318	58.21296763989606404	28.06375895331451531	12.92317830299017523	2500.16289834351664467	1085.53533793670862906	13.58165757625853054	702.30307583715136843	4988.92876449257528293	530.45472971107926696	8.45335259464399513	10.66315230732075747	1497.09821678712160065	121.65812040494604673
IL3	1.00000000000000000	1.00000000000000000	1.00000000000000000	1.00000000000000000	1.00000000000000000	1.00000000000000000	1.00000000000000000	1.00000000000000000	1.00000000000000000	1.14325745934706369	17.99584826793672221	1.00000000000000000	1.00000000000000000	1.00000000000000000	5.47615057417155615	1.00000000000000000
IL3RA	36.21339925745185440	284.49940798247962448	4.02932685109882538	9.66585113553253095	13.49220391459319934	49.83181359070733407	1.00000000000000000	2.47282057415798739	1.15863812435288782	2.05186446597268946	20.61477463258151488	4.14554461526940976	3465.45987063003258299	171.16747923499872286	24.38063568644914625	489.67509842508781048
IL4I1	87.88270487062861491	435.97419927698939546	19.76074715707567364	68.28732944442522523	6.97076365564326839	659.85668912320193158	1.00000000000000000	22.97460027463941756	127.44798067739947101	22.11266269640224635	33.86471906439005153	19.74484773650808123	26.41881446387140997	571.34831669717959812	1212.25955814821122658	205.54343904250694663
IL5RA	1.69965997696339244	284.29834291916790789	12.18247948456215290	39.47622685684210353	23.34858792916402948	1.00000000000000000	11.64266679388045667	1.90809113011353770	8.42226727842129286	1.43343412025386474	1.00000000000000000	1.94505518289148549	1.51802924161399977	1.28520854459885125	10.17865510144917529	6.03634810816925516
IL7R	49.68981273566340207	333.77968669654609357	1409.10295646675308490	16.61782518307507317	44.92213047400405657	284.08974243916219393	1253.31136165885300215	234.10904904888559486	19.04378872892515062	335.30776421037080581	4117.81183803904514207	4292.96181493354197301	18.70763768551079309	286.14380848244292110	10942.10450594231588184	512.04697883990559149
ILDR1	4.79448692450857994	63.17030343715634899	2.07543431356948238	33.69848307360703643	3.04658408132982084	2.87007615450306153	1.00000000000000000	1.00000000000000000	41.01221724753616371	2.39927132242908270	1.00000000000000000	1.00000000000000000	1.92706533216920173	2.07554504144634056	1.00000000000000000	1.78950042842345525
INCENP	63.49646836811871253	72.27906104456467062	44.65803467282865569	45.52408757731216582	51.11617567098733161	50.27514741775615192	46.17305925944400968	45.12272288025645395	250.52495764483151675	373.65847398850905847	49.16555815543269148	44.17771250599857069	52.86694776911320304	28.27026425202201310	44.68592182237618005	123.77241959512930691
INMT	3.07346472091431000	1.91570135730020263	1.00000000000000000	4.46844599185400071	9.63532055488870043	1.94930446216327780	1.00000000000000000	2.28140634214742732	1.44789290061402887	1.44513070190457205	1.00000000000000000	3.60218242989735860	1.40950129409580671	1.00000000000000000	1.00000000000000000	1034.88120632599725468
INSYN2A	1.00000000000000000	1.00000000000000000	1.00000000000000000	1.00000000000000000	1.00000000000000000	1.00000000000000000	1.00000000000000000	1.00000000000000000	1.00000000000000000	1.00000000000000000	1.00000000000000000	1.00000000000000000	107.67788607107524967	1.53818591060966403	4.40732296255593425	3.08169146483984724
IQGAP3	1.79654580627512939	2.60348291558778921	2.13052649428051044	4.64277089976647961	3.60670929394860451	1.39788885152885833	14.06583568014811547	1.00000000000000000	29.99249629091924874	32.74186773137059703	2.56441145490534561	1.71051710654516009	1.76261789829115223	2.60950168672379146	1.00000000000000000	3.52559719156856799
IRF4	375.40771160975418752	849.14942678573765988	234.90575437497670919	227.12703937051111325	803.56926919669206200	207.87708939996261392	27.79204088692550911	494.61059822096626704	44.10266151916780331	325.37673044165228475	21.85852060529897400	192.90893216772204255	1411.97443484867312691	30.93904690662958856	47.08716548354669129	132.29198401955923714
IRF5	370.57244400424400510	283.37309521142429958	44.42260718388909879	557.80896131474230515	56.48642258542997041	316.51200863376982397	84.48719481476786086	94.90444224715740518	162.87826900743758074	72.01560620521293288	149.18829081419454496	61.59203161842390273	176.66943178122093627	225.46090869201881901	276.47607382195053560	11.09433415928834243
IRF7	1236.78168058328196821	89.55573852093773723	621.51856807775573088	1224.01977444039880538	639.37507595749184475	738.35049201413823994	718.49060807091768766	492.76964135864352556	658.31337119115471523	210.94968999566256684	731.71737337641502563	511.40806326835303253	10481.07693422087686486	568.12717201252564792	1051.87004575141122587	411.90717593995572088
IRF8	2295.13760633000038069	193.13036948537654780	87.08656519837126098	2183.53216096591586393	100.29180214670665805	1648.88785520654505490	297.26218068982092291	10.16443584666055067	2780.73595330373382239	70.33027214651545478	510.32730161898058441	42.40118470182103039	7895.83263760885529337	528.75497107415287701	113.09042009180659250	1553.80261370849098057
ISX	1.00000000000000000	40.31847156245261488	1.00000000000000000	1.00000000000000000	1.00000000000000000	1.00000000000000000	1.00000000000000000	1.85889384637379895	1.00000000000000000	1.00000000000000000	1.00000000000000000	1.00000000000000000	1.00000000000000000	1.00000000000000000	1.00000000000000000	1.00000000000000000
ITGA1	1.83289748117438522	12.94977121462492420	145.74239758541207834	1.98680183854137393	1.77790451260119431	5.97556373200088942	67.26260002567163099	2.94065170040364832	1.21693589561392423	6.92909044997720613	11.22566764541091544	10.78557392426520956	3.19476684647791886	11.22869570107667414	1.00000000000000000	723.60188330225184927
ITGA11	1.34766036314182625	1.00000000000000000	1.00000000000000000	1.00000000000000000	1.00000000000000000	1.26783895082764131	1.00000000000000000	1.00000000000000000	1.00000000000000000	1.00000000000000000	1.00000000000000000	1.53653035046449471	1.00000000000000000	1.19618225301973546	1.00000000000000000	61.83632900102944063
ITGA8	1.00000000000000000	1.27014480878987968	1.00000000000000000	1.00000000000000000	31.00794711159521100	2.47283570481936987	1.00000000000000000	1.00000000000000000	1.00000000000000000	1.13525052940264892	1.00000000000000000	1.00000000000000000	1.70265992608360928	2.08187221542735124	1.00000000000000000	165.50858214218823150
ITGAD	1.00000000000000000	2.37517112804388342	26.31404253355944789	2.01119290684967567	1.00000000000000000	19.92730037605316085	50.31204376421371904	1.00000000000000000	1.00000000000000000	1.00000000000000000	19.87592472880385586	2.36007834661419391	3.72868972100096396	2.61729756954783843	92.11294681873332024	28.15834261021801055
ITGAM	1.00000000000000000	22.86929256225016971	47.98378075421399558	1.83663043918583058	1.27311212904096926	141.26088096045015163	464.03745649035738552	1.00000000000000000	1.00000000000000000	5.82992934075975278	778.77816227110054115	1.96150450234131624	24.19434253001001522	354.62151704014962661	525.06989991408840979	37.53187260914396006
ITGAX	5.40647824609065175	199.70288377430250648	32.07277775032981282	293.59564345185663115	5.24464899152311759	2136.87941642043233514	779.96538320320587445	2.64308157685701328	7.54377078608855189	7.79064475108642540	1282.24680998611279392	4.78205472788637032	11.32591494334853444	973.36717579416722401	735.92911311025432042	297.99186215385526566
ITGB3	4.21660310530285276	5.69493971261573861	1.00000000000000000	5.01709904237019977	1.00000000000000000	1.00000000000000000	1.00000000000000000	1.00000000000000000	2.65523681476682949	1.54629314064555468	1.00000000000000000	1.00000000000000000	1.00000000000000000	1.93708847030132181	1.00000000000000000	57.94153688356806953
ITGB7	329.09875783318574349	37.67893279929660366	933.60672549208686632	1003.26296702544334494	212.53490748806214583	283.43149309726459251	1253.51990027521151205	381.92789971350333644	161.35486332006374255	430.59438972093295206	632.56037142575814869	637.28187461484446885	227.39133350062783734	26.70727674610218472	1197.92412222006578304	137.20290157107336881
ITGB8	2.68863909268666701	10.52386495516452136	28.54186350907035319	2.08693831130546759	6.57720907607246552	5.63913046668204654	1.00000000000000000	48.98600232362139195	7.94949873607415469	28.53438512178759012	1.00000000000000000	22.21866270838739865	1.40341752486984772	4.34602818939690927	1.00000000000000000	65.08611631179896051
ITK	14.75147510000732076	18.92283553766378290	797.89715410605265333	12.75467754490303740	20.30700570189580745	30.20802851114948240	470.78055262260522795	1683.49562237195959824	10.52476990938316348	578.11547547614202358	413.15812715223665919	1418.17634808168395466	14.13972776512485829	6.86018777998962914	306.24177040696537233	211.30249035451780060
IZUMO4	57.11660598918214760	17.69667452767838611	79.25636447644944838	76.48499823553547117	9.93438574866395641	42.90046227381985489	11.04811570448624458	182.32773765187511117	87.83552751444868534	44.87189824486833345	38.32497736347773554	99.81326673616987932	23.61151907273544026	24.41294304045917585	22.95502693406643502	18.52473397542973998
JADE3	105.71160954304328072	20.31992117227354200	1.64529408115356768	131.15531096366623842	4.28581585060066050	38.69312880905103214	1.00000000000000000	1.51238450721771711	13.44842204731415869	9.12590213733753330	6.44160510147821519	1.83065655263258731	64.65166355765911987	7.07406281736840903	20.91525115304358806	37.22031761617051160
JAML	7.55698979771412027	830.46065886822441371	363.41259235634902325	2.52853741203791493	9.36828144486556802	2598.25317213061043731	44.63543214242059065	599.56846951024658665	43.48546354837725403	167.82897621750294093	99.49081428351236411	294.56074157863406526	2047.09623793940340875	1252.76923885187284213	660.37488523751858338	123.00961392102314562
JCAD	3.51547675649685631	92.30325141088151497	3.43462223973797887	1.00000000000000000	1.51005414085064027	4.19274023329201206	6.31645452349169823	1.59758257277790028	5.94938418967728389	1.56902739940868763	1.00000000000000000	2.76900453408982949	1.71770561598242510	2.65062400580872204	1.00000000000000000	567.95559696511395487
JCHAIN	303.70094257839218699	18.75367494410086167	120.40281757544464369	830.48945631753133512	18627.40106538978216122	156.71033103955133470	59.45223933722645171	15.76118134459260567	1930.99766275798469906	37.20201867078402813	95.17648548899960304	35.86046164935569180	8121.60932901631895220	95.11876411628686867	255.25037693266361316	873.78685893801127804
JPH4	1.32870117354196648	74.95866648024883716	1.95004690401360170	1.00000000000000000	1.00000000000000000	13.51399886073768997	1.00000000000000000	1.56531264650061175	1.77758802423024331	1.47099013363614062	1.00000000000000000	1.45086628417890706	1.00000000000000000	4.91446358585946186	1.00000000000000000	111.90597472082883712
JSRP1	6.10278758361739015	74.12673658888071770	16.20766733570494011	29.58967024727489203	255.57858673177042874	2.56288339444983837	16.28602860982106648	14.88019310362563985	19.76086885254098036	6.26300610822937998	5.11096973853571601	11.35321632451683094	2.45978131966415603	4.11395493825056224	6.13293209698749564	4.12881466889952442
KBTBD8	204.03047705840168646	23.61266582549584570	46.00070199897905354	192.62376728305090978	15.75994554321970398	43.56855805116124714	4.35177245727474293	32.88423690137814503	281.36222042256144960	25.01906780578041634	14.58657641378609959	22.04383151210676672	25.93587383357348486	21.11417487773454482	6.05440051067883367	26.19654538559815293
KCNA3	165.96175276321289971	127.69463007497964213	606.11126837010090185	132.84024391898981321	207.39329442310798868	13.49964940828197335	236.40422258249023457	851.73138969746321436	53.77591830924647809	289.91418816717674645	123.28241525266042800	660.87389797320304297	53.47025412748216411	11.26506264073468877	163.64019290443994237	76.44748928485098816
KCNC3	51.59282009472791941	100.06638869592157448	9.00458662143035227	55.65801118489092403	4.44939268890113482	127.51317239728626873	11.23020695640654942	93.71342577865794965	41.18360587867996259	22.56659153927216011	5.71485433664565612	38.06377702777513150	58.94112962045141302	81.96022945581469799	14.72931792261158002	53.53344948485695198
KCNC4	32.32374793611488428	66.98850189713304815	9.76948925943893798	16.08669613314157587	3.22956720098129546	3.95248565822132925	14.83930512148109848	35.33275278901670191	11.94837150993321373	46.34230465629946849	5.68912816281908285	35.02959981677325629	7.13019469900154945	4.78825147325631573	7.46389387087461298	312.69285894232007195
KCND3	1.55087512756167634	65.61655616890625708	1.00000000000000000	1.00000000000000000	1.00000000000000000	7.60174956229684184	1.00000000000000000	1.00000000000000000	1.00000000000000000	1.00000000000000000	1.00000000000000000	1.00000000000000000	1.00000000000000000	1.00000000000000000	1.00000000000000000	107.34843163234626218
KCNE4	1.00000000000000000	1.00000000000000000	1.00000000000000000	1.00000000000000000	1.00000000000000000	1.77283293384582619	1.00000000000000000	1.00000000000000000	1.00000000000000000	1.00000000000000000	1.00000000000000000	1.00000000000000000	1.76088816297391704	1.00000000000000000	1.00000000000000000	650.82992515703881509
KCNG1	514.73957614375319736	1.89684429694662970	3.14786068109096062	40.89010162489002198	5.39517762464659167	1.42424973195613624	1.00000000000000000	1.00000000000000000	17.21261571228810894	2.25854104377545628	1.00000000000000000	1.15274912900370885	1.69221022049957037	2.80271064981258533	1.00000000000000000	6.20137833745557554
KCNG3	1.00000000000000000	7.10266270017473911	1.73359453855191448	1.00000000000000000	1.35374108429797158	1.00000000000000000	1.00000000000000000	1.00000000000000000	1.49012885449980281	1.00000000000000000	1.00000000000000000	3.00300918789442584	1.00000000000000000	1.00000000000000000	1.00000000000000000	3.56914798137586287
KCNH3	3.33733784644556808	1.44512592818451746	16.39519721114943351	3.83580932370499905	1.80857919851261206	31.37876323593202699	4.85394817470296402	14.07594377970789168	4.51218505027533734	8.50338394404267817	4.48411231750583372	15.29167195703442772	1.00000000000000000	12.49661647655969787	1.00000000000000000	10.20507928640116546
KCNJ10	1.75553703997465171	2.47399014552488961	1.00000000000000000	1.00000000000000000	7.05963608792742114	11.29288959124219005	1.00000000000000000	1.52725402370666741	1.00000000000000000	2.96197454340640398	1.96174612788298441	1.71127235612101902	3.34514678994561976	84.57224005879137962	1.00000000000000000	51.06857818183382136
KCNJ5	1.23216669249676358	1.00000000000000000	1.00000000000000000	3.04188742634299913	1.00000000000000000	1.40685654985343667	1.00000000000000000	1.00000000000000000	1.00000000000000000	1.00000000000000000	1.00000000000000000	1.00000000000000000	1.64204207425028725	2.66460768773691825	1.00000000000000000	18.87720618214740753
KCNK6	42.58581705269655515	17.22298471052174307	76.04278558090719287	87.88376303587442351	244.29615650139660943	697.21236547091143620	38.40830719562021045	90.25300218246030681	50.38402704676915533	65.75407013782653110	15.32932891212082005	90.02970065518056231	68.55420818918152293	290.96725712814429698	45.75956334027456052	37.62244118429199347
KCNN1	1.10111037193596739	30.48420565435442242	1.00000000000000000	1.00000000000000000	1.00000000000000000	20.18491505796622576	1.00000000000000000	1.00000000000000000	1.00000000000000000	1.00000000000000000	2.48718931246387331	1.00000000000000000	1.00000000000000000	1.38260403772411800	1.00000000000000000	5.68306713809715003
KCNN3	2.50206894814630187	4.89553187283060254	1.82705650126453922	3.60257219580986154	231.88417186695087935	1.92590373171552165	1.00000000000000000	1.00000000000000000	131.69117338549355622	10.52782641364534300	1.00000000000000000	1.87284941911146618	3.05215672048670417	1.61816450443376247	1.00000000000000000	6.13542356827565172
KCNQ2	6.29463266368407481	19.77662909696719851	8.52254170018990109	1.84081677658363141	1.00000000000000000	1.00000000000000000	1.00000000000000000	1.00000000000000000	1.31959375655367661	1.23113247167162010	3.34336003425896866	3.03622004622964292	1.00000000000000000	1.00000000000000000	2.92698064039953287	1.00000000000000000
KCNQ3	1.54241217326725133	2.40337869773939472	3.01408947732150656	2.19313491764538782	1.36805735621766966	1.00000000000000000	1.00000000000000000	1.58927375017664985	1.18753155883487116	8.95717820545990051	2.21677326930669638	5.08871558387413359	1.00000000000000000	1.56733143997072188	9.12421407205865087	2.40235011443514068
KCTD14	1.32884894383942953	1.11943497923710811	1.00000000000000000	4.52787204873677318	5.71175408423380748	10.88306663508469896	1.00000000000000000	1.00000000000000000	12.56750482159565507	1.73425030961080284	2.14024501713655546	1.00000000000000000	1.00000000000000000	3.69411491044412932	1.00000000000000000	14.90779652602924266
KIAA0087	1.00000000000000000	1.00000000000000000	1.00000000000000000	1.00000000000000000	1.00000000000000000	1.00000000000000000	1.00000000000000000	1.00000000000000000	1.00000000000000000	1.00000000000000000	1.00000000000000000	1.00000000000000000	1.00000000000000000	1.00000000000000000	44.07074230613795152	1.00000000000000000
KIAA1211L	1.25077542982167778	7.29859674372926026	11.77082625329258647	1.82597128188567126	1.00000000000000000	4.25410670920245515	14.96172336722972140	1.00000000000000000	1.74780922711332098	3.03172852203661991	57.15645726946466709	6.85588763002189250	21.77446360636663769	7.02948633762018105	451.70659625030805273	2.51759382638555484
KIAA1324	5.89599204484271322	11.00395617131865045	107.31225400435837969	4.34949786753780732	2.09441396269947289	12.21820040231054350	25.47912240958041252	291.37786539855829915	17.43232133538766249	124.31156055413805461	14.81393181885215071	149.43467997964057759	3.81942898742663761	2.33652905238165953	540.87300129351660871	46.25680120333536394
KIAA1549L	1.00000000000000000	39.02695200194297342	1.00000000000000000	1.00000000000000000	1.00000000000000000	1.00000000000000000	1.00000000000000000	1.00000000000000000	4.74331347525333502	1.00000000000000000	1.00000000000000000	1.00000000000000000	1.00000000000000000	4.42044918029574685	1.00000000000000000	1.00000000000000000
KIAA1958	53.98695706732767974	56.05461822919950521	21.06966561062085574	16.60519990098051579	19.79720700874820238	146.34660804898837227	28.21325796972944744	11.25350196875496778	56.50687782490306432	25.92129615553766797	33.88840721007930767	44.13314542723906442	104.31144497260393678	35.41517718895839550	62.34636015120916142	83.51038281076516512
KIF18B	3.65199247162280294	31.13775780518110636	3.94836279790626010	1.00000000000000000	14.43226854208071686	4.71797602947397809	1.00000000000000000	1.00000000000000000	105.22743222956745512	183.56852745650809311	2.18755830481387914	1.54310684060447345	1.00000000000000000	1.00000000000000000	5.93580368865898400	14.46242394729699043
KIF20B	311.73401032111718223	240.26885960050168478	178.01553656462652953	313.98716298898898458	117.98864990713117606	76.27169532804488483	92.63157542426526447	144.55415198747203931	505.98126364941475686	622.39068083258030128	98.01052732752869190	137.80777492622016211	252.50649085834533025	24.87050145208684881	115.40661274247391077	55.90265274596385581
KIF21A	1.83532955555756372	138.21860296519903955	264.60386184444422497	8.48697829463186082	33.35334334214199714	7.12852997339825833	183.66223534072744883	89.34512764917181471	3.02503386865697177	144.88921286739585526	131.96974786984472416	70.36493512932271699	3.31435737721606261	1.82100307453252119	73.82675275535952153	6.33001918135072117
KIF24	4.88287187191328709	43.05963073130128294	5.01546850885780149	1.84138572078437046	7.92009206763491758	3.81874130462545880	1.00000000000000000	2.29883343693285891	57.01431326940603839	59.49287473292997674	5.81585165421655503	1.88755154944111392	10.01256619077439325	2.87778502545813497	1.00000000000000000	10.52073027245537773
KIF25	1.35429287828135991	1.00000000000000000	1.00000000000000000	3.09365529526665339	1.00000000000000000	1.00000000000000000	1.00000000000000000	1.00000000000000000	1.00000000000000000	1.00000000000000000	2.87913536682946436	1.00000000000000000	1.00000000000000000	1.00000000000000000	1.00000000000000000	79.21014635359304634
KIF26B	1.55706092589115785	11.74000130786464524	1.58694603526804645	1.00000000000000000	1.63927568275884639	6.19253844432003842	1.00000000000000000	8.29922318075188414	4.73316507984672974	23.54209984920983700	20.75488080188051043	15.19248798533146250	54.63078142438232732	1.35060042485831300	7.60053851451431850	99.99344242624778190
KIF5A	1.12340210944271823	77.14285719025323829	3.31256549107941600	1.00000000000000000	1.00000000000000000	2.18664163156050151	1.00000000000000000	1.55158398701494904	2.96310969206340857	2.70959849157249311	1.00000000000000000	4.19283950662070115	1.00000000000000000	1.00000000000000000	1.00000000000000000	29.50001269599898635
KIFC3	2.53768762647036894	11.84204961003692169	27.19269293276839150	1.00000000000000000	1.27099196415897908	47.37616447735490510	65.51990113024520213	1.41766534997936478	1.00000000000000000	4.34199993013573682	49.59498346650789102	1.00000000000000000	3.17903246713626064	319.55240486794019716	132.71560710425296747	121.42569573571962849
KIR2DL1	1.00000000000000000	1.00000000000000000	20.72714439214128390	1.00000000000000000	1.00000000000000000	1.00000000000000000	276.20411016382411162	1.00000000000000000	1.00000000000000000	1.00000000000000000	45.54426881522881132	1.00000000000000000	1.00000000000000000	1.00000000000000000	1.00000000000000000	1.00000000000000000
KIR2DL3	1.37292107184446088	1.00000000000000000	58.17107337539714251	1.00000000000000000	1.12497246246690086	1.00000000000000000	353.19561595085775707	1.47453697978014464	1.00000000000000000	1.90041028887272923	57.85258585205700399	2.67365379420678773	1.00000000000000000	1.00000000000000000	1.00000000000000000	1.00000000000000000
KIR2DL4	1.33911270871870758	4.30160806662728490	38.92762315439133403	1.00000000000000000	1.94174959785480183	1.27691498857746377	906.85956629608290314	1.00000000000000000	1.00000000000000000	2.33747044896447687	1818.15101170439402267	1.00000000000000000	1.47101908537585957	1.89833536900046274	54.88082485117320886	3.14737570594177729
KIR3DL2	1.00000000000000000	1.00000000000000000	105.03514898561992652	1.00000000000000000	2.44375979323221593	1.35954252101574879	351.69163644336180141	60.31700259731131553	1.53376042149561043	33.55230940019487917	92.75216594275403281	63.28408677825758843	1.00000000000000000	1.00000000000000000	20.61044951861818930	1.00000000000000000
KIRREL2	1.36772271522898770	56.91044548009180204	12.94443813627664852	3.64947811934714217	1.00000000000000000	1.36136670643617008	1.00000000000000000	4.37270253568242673	1.00000000000000000	8.96207190220255789	1.00000000000000000	2.86747131029737412	1.00000000000000000	2.17571605013076308	1.00000000000000000	117.87699821729039229
KIRREL3	1.00000000000000000	1.00000000000000000	1.00000000000000000	1.00000000000000000	1.49406752766334527	1.36208121172590224	6.41796656216302441	1.00000000000000000	1.00000000000000000	1.00000000000000000	2.25074436439952397	1.00000000000000000	248.55803958657017461	1.00000000000000000	7.90906081340159339	48.93760818006725088
KLHDC9	6.08576484520245664	42.09558247320320135	3.37256862798194712	20.46183320497271296	4.92359834125276841	4.27866263908080580	6.94015363781351802	3.96312291355315782	3.92243775633392211	5.53114665461345734	13.03024008945965129	5.77024882211222323	6.39963244456211733	1.70059578862663363	7.48353845863834621	1.89481203361320127
KLHL14	317.09880811937892986	145.60295066764402350	1.91291305189595962	125.31750503785599449	147.79827084000402238	1.36190552665599007	1.00000000000000000	1.00000000000000000	260.26528342915923986	1.00000000000000000	1.00000000000000000	2.93110944629689518	1.41426550470874224	1.81751794213039775	1.00000000000000000	5.92997846316437371
KLHL23	7.19488035031173467	228.79187624551144609	11.48356981463358650	5.96075083374700032	4.15877477364937409	3.68008179218518539	52.30508966142522098	4.45438705696544535	33.45360950180836568	28.48489648985071199	54.33100724159562844	10.46636671366117710	31.58323553396667549	2.62011653521252885	3.66039026912593579	28.17224830435992544
KLHL29	13.23221951876065994	2.54193170644167754	1.00000000000000000	28.75655166426658127	13.73509002356901831	2.69924017207707667	1.00000000000000000	1.87009153246812065	70.09771749043704858	4.53772299696323334	11.00373493045249518	16.50229263632239451	3.13202085666061603	3.99055156171288772	1.00000000000000000	292.04104931631974296
KLHL4	1.00000000000000000	34.57697707142980192	4.54479593096135748	1.00000000000000000	1.00000000000000000	3.62906186970905331	8.61825041922824475	17.36867947767735032	1.00000000000000000	3.29993264471116499	1.00000000000000000	1.82909013901620265	1.00000000000000000	1.00000000000000000	1.00000000000000000	9.66063445239986152
KLHL6	298.19370803263893777	210.16953992430444487	91.24073222568731012	389.57310257816942567	226.54510604990520051	289.56655331616764215	117.22819596683943644	177.95368913647203613	1709.43796775562645962	93.23159871547319710	213.69943305295944924	249.80437469752644120	517.53830979577958260	220.55322362465523156	275.31519427450507465	142.15346223537829928
KLK4	5.82859351408805360	1.00000000000000000	1.00000000000000000	2.53214436719543068	1.00000000000000000	1.00000000000000000	1.00000000000000000	1.00000000000000000	1.00000000000000000	1.00000000000000000	1.00000000000000000	1.00000000000000000	1.00000000000000000	1.00000000000000000	1.00000000000000000	1.00000000000000000
KLRB1	6.94643802609194605	12.95239375050229569	547.56251087946532152	5.52661484240579792	8.18534300776614110	17.75514041287683398	1400.15240390809890414	4362.42554831455890962	4.36418642242202548	498.96586981700244223	3735.97191398271615981	1869.11059049076084193	7.66791713433955202	4.85377623132513580	7112.66566343468457490	72.53032734182374952
KLRC1	1.37202079098279728	7.95135339390324347	245.25333098461845793	1.00000000000000000	1.70141774586013694	3.73534677964387152	2489.79484305521873466	1.00000000000000000	1.76035023248865152	1.00000000000000000	4032.18912197001827735	2.28495944447685861	6.02845039229775104	2.77549365194207898	920.55090570522349935	2.01406069309443581
KLRC2	1.93246900730796711	2.30524242764746035	475.56848599634309949	3.45288011126001182	1.55293767462080634	1.00000000000000000	2045.39857758186803949	2.23032487165800575	1.81313649660180065	1.51758985367103905	2309.97707975068715314	2.38031432363974682	2.13302502458922394	1.61555359504100338	168.80763608464462777	1.00000000000000000
KLRC3	1.59345838535544226	1.44829093328032377	109.79387136468336905	3.85670526175980610	1.00000000000000000	1.37763817400555411	624.19654167236990361	1.00000000000000000	1.00000000000000000	1.89979840044138459	542.49704203721785234	2.03327536157404953	2.02408566800538914	1.00000000000000000	92.09626049109820656	14.37965537785212256
KLRC4	1.48529937592720662	2.97562348005774746	569.27209735135704705	1.00000000000000000	1.69983353517554914	4.87494703983282118	459.07338748995238120	1.00000000000000000	3.64451659856635413	19.79864072193748470	345.01144247016856070	12.25863231629652361	4.52897014092352546	2.25637813488290906	26.62149521120284845	29.64962634597630853
KLRD1	5.68810654881424149	13.35254880166410985	1130.00783661364789623	3.89927500949051753	4.59475701194384722	9.82366795568959539	4178.04447483328294766	2.21812604591800255	2.89350219061933212	42.90427980198958124	6623.17380632179538225	22.72716519992407314	10.76318295969074867	6.03791701309766804	565.04100298376158662	48.76518987060250510
KLRF1	2.31538157231906450	1.95975575034063976	48.69624116246855294	3.19046819897586786	1.47365724701679901	8.75231174025958758	1340.98400779564667573	1.00000000000000000	1.33196509605130897	1.70529225878353219	3215.21774383126330576	2.29589600217870027	9.20056786580097885	1.84484009403601656	43.55500726722909377	17.24192401936974406
KLRG1	40.89435002965548449	17.60397065563505592	1582.70039448785246350	28.32639511755358086	13.92964066897344466	35.07853553664917001	799.44756817351071732	76.73999576769163866	53.22763904282881953	72.57614908416366006	576.50895499801310962	272.25731743959363484	21.29419764417159655	11.00517735362985050	188.55623201540768719	62.17260599785426933
KLRK1	256.78585021077924466	7.49793102174458426	1897.20307871106820130	81.36787428319703963	14.07623129660841244	18.39922837088355578	2250.52018656679274500	2.70107674113533491	65.32368454930616508	81.01708189275980487	3558.49016539297281270	34.90521475612147384	10.47213888401604720	10.08960038107852597	1029.66118932390850205	123.30592653067354547
KNL1	63.75674217576525393	68.02609960649884613	25.67038045805236735	92.87748165920470456	80.30564684838584810	7.35802155730048391	16.26234455230498810	17.85819172344385208	571.87056046495138162	581.62443930086237742	9.38460176879085317	16.42125284780253835	8.76059426007117992	9.04730206876965504	6.68080772153167057	9.41488270613247558
KNSTRN	34.55954635575759681	75.29732295703563238	32.80630704494949867	25.53417064546434290	34.17886769467709485	23.99784166960908749	37.14697436766553551	34.26014140468046776	158.54307660157741111	247.71523186034318087	29.07111146561224402	26.55874405879496436	44.30620279868853117	26.79658796787494524	42.89521807046460822	35.71358916614911294
KRT1	1.00000000000000000	1.00000000000000000	1.00000000000000000	1.00000000000000000	1.00000000000000000	1.00000000000000000	1.00000000000000000	1.00000000000000000	1.00000000000000000	1.66632760754344300	3.13348054810245324	15.50732376694462289	1.00000000000000000	1.00000000000000000	3.80168846961958229	1.00000000000000000
KRT81	1.00000000000000000	1.00000000000000000	1.00000000000000000	1.00000000000000000	1.00000000000000000	1.00000000000000000	37.46490376488607410	1.00000000000000000	1.00000000000000000	2.07644567571567418	133.80339740275209692	1.00000000000000000	1.00000000000000000	1.00000000000000000	532.60676317837533134	1.00000000000000000
KRT86	1.00000000000000000	5.72489919119672575	3.45083427191471515	1.00000000000000000	1.28015225470213512	1.00000000000000000	71.82445708168293663	1.00000000000000000	1.00000000000000000	5.98104153575663222	220.73310389571895485	1.65675558664532652	1.64901430681057826	1.00000000000000000	1093.72317868402956265	1.36321910927908330
KYNU	391.67723095001133515	108.00982439857952500	4.09874425121331853	578.60688902112190135	11.08232126244558735	514.37520574963548370	1.00000000000000000	1.83753786684273202	202.34951964719283524	2.49233402989331942	10.91902897637198677	1.27719053686501871	488.23909749755267740	534.16455792128942903	47.22769897737763500	71.17559147760762528
L1CAM	19.50175315641167018	1.69894258605780735	13.30304787809755318	46.97963644924914206	1.00000000000000000	1.66188395152451340	1.00000000000000000	2.14487083852889349	1.00000000000000000	2.27902667841899120	1.00000000000000000	7.14370053481767542	1.00000000000000000	2.98141531974786966	1.00000000000000000	266.57244809571790256
LAG3	18.82783743083308181	60.98774670816741406	4185.61014506113042444	37.76576076948740734	31.28521425826357216	199.43980435823650055	921.48739435330810466	242.65306151674079160	12.72074817483960807	598.66575347082527969	51.04517042160782125	160.62367560457465743	73.26930589761138890	20.69820277236264161	12.55843528327900138	153.22377725492239620
LAIR2	3.86202557866329599	11.74472309578053242	194.50739161474572825	2.14839026303538727	1.00000000000000000	2.54710450186819592	331.51155107112538190	42.53728589292931161	1.35845086014982952	130.10962929814007794	17.64011163005367777	84.79841159936496808	2.33680177548391788	4.89268141451233962	44.75028618111829104	1.00000000000000000
LAMP3	17.52504407694952349	40.69855071284928272	48.76505612555511249	2.59459354998560077	10.35406593207387971	1336.61082224518304429	27.31579454957401865	16.89548378737448786	29.97675768030850563	33.77994749210747472	8.04110943388198152	25.49330790007348568	9.65844835525389556	107.43140707021488822	16.61602694095650889	55.90997232375411841
LAMP5	6.13236604022894927	1.82090680559477169	1.78495169762260342	10.11921088329894225	70.94312460377027207	54.14395504736015141	1.00000000000000000	1.00000000000000000	1.96122726885875620	1.44513070190457205	9.03684649101196236	1.47097323511237077	1662.70604459747710280	14.01860084751909419	1.00000000000000000	31.25080951506721760
LANCL3	1.30603416919331550	59.14597151182440626	14.89968778814421313	2.08379106339215348	1.00000000000000000	1.65811264545864701	14.91990580669474475	3.22174769180100462	2.47984042226388768	2.04750713108436067	11.83513365472668788	1.80602877928834382	3.54369496735307621	2.49848574997104089	1.00000000000000000	1.00000000000000000
LAT	45.03419465598999238	91.53665437679622130	2595.90318072623267653	22.11490179750639840	40.59657415071743713	58.55851845428161084	1096.24135082035354571	5658.89629316043283325	59.36710809705009950	2293.01597233402344500	735.16955738148419641	4065.82587514833994646	14.80317052289774615	37.40015663385108979	662.74395132712231771	330.39900762677348212
LAX1	70.28330982017445194	2.64810037767335027	442.07158041495034695	170.50982328923302589	287.68651565933981828	6.71531915514992850	182.74850231017325086	757.94731340307384926	89.08624619768015407	160.82733820878780762	104.80008770303464871	252.04276903884198191	4.20162106096472776	3.15867829483066576	34.13482100080413773	43.21932701937102905
LAYN	1.00000000000000000	37.50608277550759340	59.84448166176184003	1.00000000000000000	1.00000000000000000	28.99816068989863638	22.42732842929733295	30.68906112477375459	1.00000000000000000	9.82138407388993961	17.14498798079352682	17.12707947602347147	1.00000000000000000	2.34317600325801934	35.16127007577148333	189.92812711020752658
LCK	567.90823966109201137	42.45350351032826097	3136.69086838205930690	327.61681763876401874	80.63666503553115206	28.65981973534180938	2119.30678399173939397	4058.79485493480569858	1002.50578676554903268	1872.58325608313907651	1590.23020508935223916	3654.49831884192735743	22.35229882316646766	11.28046688306114831	1087.69409564600618978	231.22977636095646403
LCNL1	1.27426661080410364	1.00000000000000000	6.00571639916614597	1.00000000000000000	1.00000000000000000	1.41127904524785119	1.00000000000000000	1.00000000000000000	1.00000000000000000	1.00000000000000000	1.00000000000000000	2.49083595252365164	366.10100344899927904	2.00428181233831504	5.84754310859153748	565.29798591618998671
LDLRAD3	1.88493548259049937	96.99141288503041380	1.00000000000000000	1.00000000000000000	1.00000000000000000	123.17127922490887215	1.00000000000000000	1.00000000000000000	1.00000000000000000	3.44354417758355380	1.00000000000000000	1.81998938543831157	2.02962607564614306	89.14107154051632165	118.37436933420372043	183.81524717873088548
LDLRAD4	319.65924234453143526	101.64852003137029612	133.70634251223424371	288.53075091240725669	51.40382585237554025	257.40105240961548816	171.79205027295847685	416.14480408921957633	150.54964957627768740	224.95352269652769905	142.07674138463710278	349.00909606340320579	1239.51791015009257535	75.34627514214926691	322.46033641349424670	207.65941995373452755
LEF1	27.77722281594161302	76.05191311971427126	258.48437463170199635	17.75158988783463698	57.17494773328877500	14.59929362326511182	478.85050411497331879	1470.05912770433815240	21.61247689843914799	791.92208701024787842	396.68763295586956019	2735.75902445780957351	9.97888953987405003	3.82656128670324813	134.68098827626803882	133.80487299612047991
LGI2	1.36267187307691895	1.00000000000000000	1.00000000000000000	1.00000000000000000	1.00000000000000000	4.09351740574403866	1.00000000000000000	1.00000000000000000	1.00000000000000000	1.51128853019775944	1.00000000000000000	1.00000000000000000	1.58637935077287029	1.53302975791698004	1.00000000000000000	624.65633644352942611
LHX1	1.00000000000000000	274.97974673115356836	1.61410993396988989	1.00000000000000000	1.00000000000000000	1.00000000000000000	4.21530822101844294	1.00000000000000000	1.74258732562766405	2.98501541739902132	1.00000000000000000	1.26671396910084622	1.00000000000000000	1.12655627620987375	1.00000000000000000	1.00000000000000000
LHX8	1.00000000000000000	42.05527259457411304	1.00000000000000000	1.00000000000000000	1.79865572280104224	1.00000000000000000	1.00000000000000000	1.00000000000000000	1.00000000000000000	1.00000000000000000	1.00000000000000000	1.00000000000000000	1.00000000000000000	1.00000000000000000	1.00000000000000000	1.00000000000000000
LILRA1	3.04968894583654926	32.15943699352652629	1.00000000000000000	4.35705053665507869	1.00000000000000000	397.85633316689552430	1.00000000000000000	1.00000000000000000	1.56719527993760499	2.01278524179720630	1.00000000000000000	1.00000000000000000	25.08804892955163268	783.77200429466836340	8.22840638920946255	11.03367752177656413
LILRA2	12.11704585071492524	31.58731081749601799	1.59339250270629851	5.77457523551695662	2.48945928506495040	236.06232309002896841	3.80760866152686628	1.00000000000000000	7.20891967158795932	1.52455933499734986	40.85084359852122304	1.00000000000000000	16.50087474943462951	484.11148685540416636	70.93168234441348829	4.35292070040360990
LILRA4	81.07324319846975413	4.58240670790506588	7.08224935886790430	69.66228875457784397	7.94105913153612519	20.45986690583177747	18.70707540766469634	1.00000000000000000	16.69504335806851003	2.10870083296250233	17.36417738630831309	4.62011673400774470	6573.31210370572080137	33.00807090197522342	28.27501088417530184	36.86091090338086218
LILRA5	1.42601017944767605	44.69288402240348290	1.00000000000000000	2.12583898989864606	1.29136408930794877	178.77333425526464339	1.00000000000000000	1.00000000000000000	1.00000000000000000	2.02215135007000413	1.00000000000000000	1.00000000000000000	206.64915957706793392	1180.17074627967417655	1.00000000000000000	5.75232084852202430
LILRB1	570.70026080166019256	120.97537513329098147	36.77360214515448433	527.55677580639030566	96.62925990546224853	786.62896948772197447	99.64770184758425842	1.00000000000000000	562.21952583143945503	6.16674894121537953	7.61277028720931170	2.40660630992332480	807.83958887622748080	2534.20332524237210237	5.90114960704018099	139.62562743566482482
LILRB2	5.21140454042281309	111.12821238184022832	1.00000000000000000	19.88009820911535641	1.00000000000000000	389.82860388157945408	5.70935431289866724	1.00000000000000000	4.12675113851260100	3.62438158087604023	1.00000000000000000	1.87705855692100076	229.92456005389541929	2547.79674756978965888	1.00000000000000000	71.36893330024493309
LILRB4	13.06422979861962297	36.09245060031042840	4.45115135453326349	54.97708304198444296	97.33028294356559229	487.46191896080756578	6.38892504737811251	2.36402768645344974	4.04931390442500128	1.41356780501991075	9.13965183039560003	2.66114121611316978	1969.54560465672147984	699.13728703340052562	5.99738725876173273	29.38715473721732607
LIME1	113.16355271868003740	33.79514990940560182	2389.68619628864416882	520.56089630031408433	815.23189660834941606	34.00610256833503087	1173.71392290535254688	1326.04311167004152594	188.27225995865020991	1246.85031826524686949	377.94246621642264472	2407.27850103760692946	2001.70595813363433990	32.82871752208038174	271.02003986048686102	150.15912796059600964
LINC00158	7.72277950421297010	192.49610767502690578	34.22677175523265447	11.00386479018719932	1.50730810497341805	5.29550082940778744	1.00000000000000000	1.27360188505967020	9.12315536857454745	7.03215520891727142	1.00000000000000000	2.11224282437939825	23.75135313107225699	1.00000000000000000	1.00000000000000000	1.00000000000000000
LINC00184	1.77600034753998992	111.28514117784168036	1.40007637200715340	1.00000000000000000	1.00000000000000000	1.00000000000000000	1.00000000000000000	1.00000000000000000	1.00000000000000000	1.19847517013947402	1.00000000000000000	1.65217362938506351	1.00000000000000000	1.00000000000000000	5.43809481670771966	1.00000000000000000
LINC00200	1.38301167693473603	1.00000000000000000	2.74332612695118883	2.31474390691245002	1.00000000000000000	2.33501155585063547	1.00000000000000000	2.02390057137588242	1.00000000000000000	1.00000000000000000	6.76421363016860155	1.00000000000000000	9.60972966975812781	1.76177945694308047	1.00000000000000000	1.00000000000000000
LINC00261	1.81290986566956813	33.77965419947309300	1.00000000000000000	1.00000000000000000	1.00000000000000000	1.00000000000000000	1.00000000000000000	1.00000000000000000	1.00000000000000000	1.00000000000000000	1.00000000000000000	1.00000000000000000	1.00000000000000000	1.00000000000000000	1.00000000000000000	1.00000000000000000
LINC00299	1.75166554463800450	35.59231681871270325	30.30714400096621119	3.16604743383957432	5.46926290032768136	6.32661630861874169	247.81108885779704565	12.63126507986390479	12.92874058406411741	22.80372488764083272	556.56550321020813499	17.48592730187219146	2.45181469319539236	2.37108362510923865	2605.09490774607820640	1.00000000000000000
LINC00309	2.47163993710705832	1.00000000000000000	29.35952330483948458	5.00451274147602021	13.42475522591401216	16.15864031044533888	1.00000000000000000	26.79725335073146653	1.76498887234085888	8.42443998817007689	10.20870068953349019	19.77950836094942844	8.08008395738603724	15.89174004819142638	25.31423802176664140	1.00000000000000000
LINC00460	1.00000000000000000	122.91470033094485359	1.00000000000000000	1.00000000000000000	1.00000000000000000	1.00000000000000000	1.00000000000000000	1.00000000000000000	1.00000000000000000	1.23365607061941418	1.00000000000000000	1.00000000000000000	1.00000000000000000	1.35698816982422632	1.00000000000000000	1.00000000000000000
LINC00488	1.00000000000000000	97.93557485228542703	1.00000000000000000	1.00000000000000000	1.00000000000000000	1.00000000000000000	1.00000000000000000	1.00000000000000000	1.00000000000000000	1.00000000000000000	1.00000000000000000	1.00000000000000000	1.00000000000000000	1.00000000000000000	1.00000000000000000	1.00000000000000000
LINC00604	1.00000000000000000	138.97991485192139294	1.00000000000000000	1.00000000000000000	1.00000000000000000	1.00000000000000000	1.00000000000000000	1.00000000000000000	1.00000000000000000	1.00000000000000000	1.00000000000000000	1.00000000000000000	1.00000000000000000	1.00000000000000000	1.00000000000000000	1.00000000000000000
LINC00892	1.99435364556268802	7.17475941040711973	36.70860348583870092	1.00000000000000000	1.10844100629349862	2.15194426733726019	27.83245544367359514	1.00000000000000000	1.26973410556908872	50.95581567730900474	148.77484873919414099	32.50111899719360053	1.00000000000000000	1.26668218046039160	1103.66062301749821017	1.00000000000000000
LINC00996	4.26218412227166610	4.66024930299617690	15.55887485046004848	65.15479529159560457	3.99315516270189308	3.92415435882174757	182.60244881414215001	1.00000000000000000	2.01004193615625493	2.37318255947322809	273.94058249917713965	2.95451001037585614	1410.96503409891738556	5.64522721392442683	272.40342186904445043	1.00000000000000000
LINC01010	1.28780574455628405	1.00000000000000000	1.37613143757216205	1.00000000000000000	2.43197589197210640	7.24824869026939389	1.00000000000000000	1.00000000000000000	1.42960857257777096	2.64808999590149075	1.00000000000000000	1.44282157624106189	1.00000000000000000	4.74646262889584403	1.00000000000000000	1.00000000000000000
LINC01055	1.00000000000000000	19.33408778056211474	1.00000000000000000	1.00000000000000000	2.36295907405361705	1.00000000000000000	1.00000000000000000	1.74791116483002407	1.00000000000000000	3.00409190087189204	1.00000000000000000	1.21847171908470409	1.00000000000000000	1.00000000000000000	1.00000000000000000	1.00000000000000000
LINC01229	2.90656789767238610	1.00000000000000000	5.53868689643608025	1.00000000000000000	1.00000000000000000	1.00000000000000000	1.00000000000000000	414.18051799901820687	2.22649878216484343	88.12155636205356757	1.00000000000000000	163.22877329261604018	1.55840091506496226	1.56048810475148692	1.00000000000000000	1.00000000000000000
LINC01268	1.84716833746444387	315.68215372985594058	1.00000000000000000	7.44471806387227186	1.27216612436137799	24.77005387200467723	1.00000000000000000	1.00000000000000000	1.65203637648165991	1.00000000000000000	1.00000000000000000	1.00000000000000000	1.92904742184102340	2.31153050219163259	1.00000000000000000	1.00000000000000000
LINC01357	1.32678086477987978	1.00000000000000000	1.00000000000000000	1.00000000000000000	1.00000000000000000	17.77465267290483197	1.00000000000000000	1.00000000000000000	1.00000000000000000	1.00000000000000000	1.00000000000000000	1.00000000000000000	1.00000000000000000	1.00000000000000000	1.00000000000000000	1.00000000000000000
LINC01436	1.00000000000000000	119.71133521499970698	1.00000000000000000	1.00000000000000000	1.00000000000000000	1.00000000000000000	1.00000000000000000	1.00000000000000000	1.00000000000000000	1.00000000000000000	1.00000000000000000	1.00000000000000000	1.00000000000000000	1.00000000000000000	1.00000000000000000	1.00000000000000000
LINC01445	1.50098704084133372	138.50043690373519212	1.00000000000000000	1.00000000000000000	1.71289826182574090	1.00000000000000000	1.00000000000000000	1.00000000000000000	1.00000000000000000	1.00000000000000000	1.00000000000000000	1.00000000000000000	1.53316900268084444	1.00000000000000000	1.00000000000000000	1.00000000000000000
LINC01480	295.27881458762777811	4.26487141674892101	53.44561429110098061	217.26292672673272932	176.15668137994069298	2.28907835409403226	30.22313142124725260	119.40373613672494457	46.34589600840833157	104.46726448804400889	21.94549959661646099	87.54602726861881479	48.43757328115516003	3.30549769584858355	17.24996647892219315	1.00000000000000000
LINC01485	1.83060730825948847	1.00000000000000000	1.00000000000000000	4.13285852397754105	35.26415870806773967	1.00000000000000000	1.00000000000000000	1.00000000000000000	1.39358683939991135	1.51054825231789769	1.00000000000000000	1.00000000000000000	1.00000000000000000	1.00000000000000000	1.00000000000000000	1.00000000000000000
LINC01501	1.71172554128339272	1.00000000000000000	29.00547599318237957	6.08657823757980587	16.10604240298465228	1.00000000000000000	1.00000000000000000	1.00000000000000000	73.31296010466647317	6.07346310985382232	1.84798112040996521	1.44801641194412567	1.00000000000000000	1.00000000000000000	1.00000000000000000	1.00000000000000000
LINC01539	2.01017313395647079	118.84343458872264421	1.00000000000000000	1.00000000000000000	1.00000000000000000	17.81332781856245973	1.00000000000000000	1.00000000000000000	1.00000000000000000	1.00000000000000000	1.00000000000000000	1.00000000000000000	2.45731196573208699	1.00000000000000000	1.00000000000000000	1.00000000000000000
LINC01630	1.00000000000000000	163.42811508148722055	1.00000000000000000	2.55160007304555458	1.00000000000000000	1.00000000000000000	1.00000000000000000	1.85889384637379762	1.00000000000000000	1.00000000000000000	1.00000000000000000	1.00000000000000000	1.00000000000000000	1.00000000000000000	1.00000000000000000	1.00000000000000000
LINC01781	60.18799495859672533	1.00000000000000000	1.00000000000000000	817.41390605995513852	12.36812678232855411	1.51468375219246454	1.00000000000000000	1.00000000000000000	1.88436232443873419	1.23365607061941462	1.00000000000000000	1.00000000000000000	1.97588326113283697	1.00000000000000000	3.04870957353540817	1.00000000000000000
LINC01823	1.00000000000000000	154.53744512477629769	1.00000000000000000	1.00000000000000000	1.00000000000000000	1.00000000000000000	1.00000000000000000	1.00000000000000000	1.62359027406218459	1.00000000000000000	1.00000000000000000	1.00000000000000000	1.00000000000000000	1.00000000000000000	1.00000000000000000	1.00000000000000000
LINC01857	1322.68048784355300995	8.92066171671776686	9.40919091569436894	1396.93455225879733916	33.52642118134503590	48.62805708880998878	1.00000000000000000	1.93157729776003206	981.59092087369901947	2.98628729419771544	2.47234392154581961	2.15145082515507324	9.31161406996347907	35.25908090094360858	5.99738725876173273	1.00000000000000000
LINC01871	4.72678886918499330	98.55369426283981227	1104.51043606781695416	8.90358824742058275	3.33057878900377835	1.00000000000000000	1680.58476880937428177	368.30289670053099371	2.08157127313311419	1003.34134750975738370	1576.53348743418496269	1602.42991500830999030	1.40001433874523551	2.33929162004514613	664.06901651818907339	1.00000000000000000
LINC01934	2.43145866398302424	12.80257832094154047	277.54711190119274988	18.67863170723535760	5.93574514741181680	2.51123789672935782	118.56273977620769244	481.55005750223153882	2.50284409659527363	371.30065258054156629	114.38703449671038470	466.58274541751660536	2.15859392452868448	1.77822011589555506	171.10888257684590030	1.00000000000000000
LINC01943	3.56033881606354674	57.09038095234325283	600.20950083073887527	13.13480680918507915	23.33565525790043083	67.31355143266088703	48.56361592441197672	1912.04570710488178520	7.59050931744167023	689.44167713603860648	8.13131509766608396	485.74970144802642835	12.36305197805523370	60.00764348403042447	4.68173271684917314	1.00000000000000000
LINC01991	2.24554534376811743	1.52941927396448119	1.00000000000000000	3.63398296142606547	1.31048257953091363	1.00000000000000000	1.00000000000000000	1.56334946014190113	261.69726870755152959	5.96280407820146774	1.00000000000000000	1.00000000000000000	1.00000000000000000	1.00000000000000000	1.00000000000000000	1.00000000000000000
LINC02029	2.78765238712108365	1.00000000000000000	9.19883792509995502	2.19223653550381670	2.29493355635856533	25.41398860339239718	1.00000000000000000	17.99937196207628887	3.82970395921434870	4.24619469368566715	6.60102926073279495	7.54041842503740867	2.04988615437951260	1.16780981111437243	5.98791236106729396	1.00000000000000000
LINC02057	1.00000000000000000	36.33433777558538225	1.00000000000000000	1.00000000000000000	1.00000000000000000	1.00000000000000000	1.00000000000000000	1.00000000000000000	1.00000000000000000	1.00000000000000000	1.00000000000000000	1.00000000000000000	1.00000000000000000	1.00000000000000000	1.00000000000000000	1.00000000000000000
LINC02105	1.00000000000000000	96.68995459510558987	1.00000000000000000	1.00000000000000000	1.09255922325881394	1.00000000000000000	1.00000000000000000	1.00000000000000000	1.00000000000000000	1.35299702927611842	1.00000000000000000	1.00000000000000000	1.00000000000000000	1.00000000000000000	1.00000000000000000	1.00000000000000000
LINC02154	1.25168470993758518	5.86165759711595413	1.00000000000000000	1.00000000000000000	1.00000000000000000	5.83291018820288620	1.00000000000000000	1.00000000000000000	1.12998006501548653	1.51946965065049477	1.00000000000000000	1.00000000000000000	1.00000000000000000	1.66357119042267176	1.00000000000000000	1.00000000000000000
LINC02182	1.00000000000000000	1.00000000000000000	1.00000000000000000	1.00000000000000000	1.00000000000000000	13.03601706591099862	1.00000000000000000	1.00000000000000000	1.00000000000000000	1.00000000000000000	1.00000000000000000	1.00000000000000000	2.71811647259810751	1.73872089137177421	1.00000000000000000	1.00000000000000000
LINC02195	1.00000000000000000	107.65887690897727680	30.75127824441290869	1.00000000000000000	1.36049729307471967	1.00000000000000000	1.00000000000000000	31.53465778461966096	1.00000000000000000	18.42677207544257811	1.00000000000000000	18.29674760244549958	1.00000000000000000	1.42327164843013620	1.00000000000000000	1.00000000000000000
LINC02206	1.00000000000000000	1.00000000000000000	1.00000000000000000	1.00000000000000000	1.00000000000000000	34.82811989545848519	1.00000000000000000	1.00000000000000000	1.00000000000000000	1.00000000000000000	1.00000000000000000	1.00000000000000000	1.81855399114227945	1.00000000000000000	1.00000000000000000	1.00000000000000000
LINC02244	1.56580344168076957	1.00000000000000000	1.00000000000000000	1.00000000000000000	1.00000000000000000	4.65021770885250252	1.00000000000000000	1.00000000000000000	1.00000000000000000	1.00000000000000000	1.00000000000000000	1.00000000000000000	1.00000000000000000	9.03983146281415806	1.00000000000000000	1.00000000000000000
LINC02345	1.00000000000000000	5.14853547037035764	1.00000000000000000	1.00000000000000000	1.00000000000000000	3.83631388734473688	1.00000000000000000	1.00000000000000000	1.00000000000000000	1.88848012803629861	1.00000000000000000	1.00000000000000000	1.00000000000000000	53.79001927705120067	1.00000000000000000	1.00000000000000000
LINC02362	14.24250260085676700	2.20775321799189328	14.84701268423069287	5.11496751054535270	435.29341191102872699	11.63862117652238481	1.00000000000000000	4.28888624905708049	27.00518722813275829	2.75650864840911947	6.89611283225117688	5.73375133662660375	13.82289473224378895	6.59108037787899281	10.84905216509365999	1.00000000000000000
LINC02381	1.26328136622321674	248.70651179313148305	2.81599683593259265	2.83399179576708438	1.00000000000000000	76.51236995446156186	1.00000000000000000	1.00000000000000000	1.00000000000000000	1.71898639145938259	1.00000000000000000	1.00000000000000000	1.00000000000000000	2.37383834395186266	1.00000000000000000	1.00000000000000000
LINC02384	81.72100095963784838	549.76231344345808338	96.49014245510203125	214.45877471608662290	113.16262344650066041	19.46928774946247387	277.12013848800671667	2.63500003842058428	48.44303638816638369	4.24943434159421152	232.71652633130733534	5.45243150534328880	12.69996286089116921	40.90663226607550484	189.18095560194899463	1.00000000000000000
LINC02389	1.00000000000000000	89.72576640802293468	2.69530635993290524	1.00000000000000000	1.00000000000000000	1.00000000000000000	1.00000000000000000	1.00000000000000000	1.00000000000000000	1.28078246082809244	1.00000000000000000	1.00000000000000000	1.00000000000000000	1.00000000000000000	1.00000000000000000	1.00000000000000000
LINC02432	1.00000000000000000	138.44389679735462551	1.00000000000000000	1.00000000000000000	1.00000000000000000	5.01591852885535427	1.00000000000000000	1.00000000000000000	1.00000000000000000	1.00000000000000000	1.00000000000000000	1.00000000000000000	1.00000000000000000	129.08628797711341463	1.00000000000000000	1.00000000000000000
LINC02446	3.84631502509058754	13.03186266583248454	978.92965736106168606	1.65703961334802408	2.25697396650081927	1.00000000000000000	1724.62498219495751073	3.17454576375193831	3.49367031433950537	14.74734449893075272	104.48935516923641842	13.92253456010993062	1.54469239106239398	1.00000000000000000	83.05716027469779306	1.00000000000000000
LINC02532	1.80338545993615629	116.12670513630210678	1.00000000000000000	1.00000000000000000	1.00000000000000000	1.00000000000000000	1.00000000000000000	1.00000000000000000	5.25584563275112426	2.45649215496057316	1.00000000000000000	1.00000000000000000	1.00000000000000000	1.00000000000000000	1.00000000000000000	1.00000000000000000
LINC02675	1.41841077447864428	140.60429862869864337	1.00000000000000000	1.00000000000000000	1.00000000000000000	1.00000000000000000	1.00000000000000000	1.00000000000000000	1.25689113187297319	1.00000000000000000	1.00000000000000000	1.00000000000000000	1.00000000000000000	1.00000000000000000	1.00000000000000000	1.00000000000000000
LINC02694	1.71646395716703326	16.51636382139150427	43.24148641425086481	3.21342289709820816	58.17573254777813219	2.97375764773736417	5.73800345069587259	100.57701712983937625	23.64861247422663126	49.01983563689795886	1.00000000000000000	32.79557896645682291	1.00000000000000000	3.35129209455236454	1.00000000000000000	10.62085642132042729
LINC02812	70.90840065424170291	1.68090421155243641	13.88535814288549020	129.33309474017622165	2.52754592976904124	35.19513014588099509	30.17099614734412683	45.18270096298828520	51.28934863434398750	11.06556369655409000	2.64126221557633611	47.64727917391534362	921.80105696970076679	15.02835512731850898	14.50260785392193519	1.00000000000000000
LINGO4	1.00000000000000000	1.62882000525989934	1.00000000000000000	1.00000000000000000	1.00000000000000000	1.00000000000000000	1.00000000000000000	1.00000000000000000	1.00000000000000000	2.76734221125498348	1.00000000000000000	1.76376946045062666	1.64207819733526117	1.16531978928948687	84.96669524028861531	1.09456507718790075
LIPH	1.00000000000000000	3.93650936454042633	1.00000000000000000	1.00000000000000000	1.00000000000000000	14.18119185074102617	1.00000000000000000	1.00000000000000000	1.00000000000000000	1.00000000000000000	1.00000000000000000	1.00000000000000000	2.25451534198924275	1.00000000000000000	1.00000000000000000	1.00000000000000000
LIPN	2.35401632946331851	11.53472915437534319	1.00000000000000000	8.80869126745713515	1.00000000000000000	2.15942912863307956	1.00000000000000000	1.00000000000000000	1.74284473497319570	1.00000000000000000	1.00000000000000000	1.66106295331256604	1.00000000000000000	9.49603450269526306	1.00000000000000000	1.00000000000000000
LMO7	96.63427810079249980	64.86951661822389781	31.18090083598238493	72.07411878528039040	9.81975487219254717	14.47848744990779934	24.13771431958838676	92.01491450990522480	215.28289489501509024	125.69764896201654381	26.06747164593349098	280.25811259063254965	21.06913879186276617	4.19278891745203897	56.57755878706349506	79.11633455146913718
LNX1	4.18472440637011278	2.83658484594206328	2.97623261445458853	3.39515442800169964	3.79743289834067177	2.32500488471225886	4.50348322548460978	1.67690512140984049	2.27771526204126218	1.65061267352856311	4.88929246450145527	2.16389754584295613	2.26768460755861367	3.18392994448644640	23.33748415789718678	1.91271549395595564
LOR	1.00000000000000000	170.62278456196696652	1.00000000000000000	1.00000000000000000	1.00000000000000000	25.11150723630403547	1.00000000000000000	1.00000000000000000	1.00000000000000000	2.44422116887910423	1.00000000000000000	3.08437602472729866	1.59619819333908941	1.32776463770923558	1.00000000000000000	58.94408279895583291
LPCAT2	8.86941424938687106	16.13062681550909261	1.00000000000000000	1.00000000000000000	1.00000000000000000	503.86946964100326340	1.00000000000000000	1.64326166777987082	1.45288178163667947	3.84654177387634633	6.34496829063920931	4.33049471332656033	19.47785043680870132	396.18391634895277775	43.11317243694637114	95.48789973871789982
LRMP	1033.57718804431306125	179.82193109509836404	278.82123005587845910	1157.76925305021200074	324.20961560850736305	345.69953922051928430	152.26977401171052406	192.09920746147142268	3350.99592851596707987	197.41042017140534881	357.74742850498398639	327.86303658372816017	284.71367172978392546	160.72725146666240903	277.51689833969385290	95.46226727614691754
LRP2	1.00000000000000000	122.60810322757291146	1.00000000000000000	1.00000000000000000	2.23490546728059147	1.00000000000000000	1.00000000000000000	1.00000000000000000	1.00000000000000000	1.00000000000000000	1.00000000000000000	1.00000000000000000	1.00000000000000000	1.00000000000000000	1.00000000000000000	1.00000000000000000
LRRC25	32.93232003526768636	41.53548151053827553	1.00000000000000000	52.24746294990590911	1.00000000000000000	351.70869964160220889	6.74517606098762990	1.00000000000000000	2.20052647347500052	3.26326122099039528	13.58148102408703473	1.00000000000000000	169.54951838367279038	963.64952411202148141	18.41773365169367693	77.69354635814990218
LRRC26	1.95910745763870309	110.43839244212855988	3.63261723206099818	5.43958529927030288	1.70353491622961739	10.91800200789198350	1.00000000000000000	1.00000000000000000	2.68718003741449385	4.42536362814236917	1.00000000000000000	2.82354192357095712	2829.62144692377887623	2.17367825100875223	4.57702422652137031	4.38404039695086745
LRRC32	3.00287743566594845	4.53421062487859938	1.00000000000000000	1.00000000000000000	1.50653679506738936	2.62704375902560328	1.00000000000000000	33.38061443937510120	11.08895605036503262	9.14513550268957331	1.00000000000000000	5.07181852457642801	1.00000000000000000	2.32693873952576968	8.75598414326876195	59.05167711966624466
LRRCC1	48.94315099061693530	354.96405971699687143	57.10713071434214072	40.41440184676564940	18.35340849081376646	87.44098612160198059	81.03269479032772438	32.99745591057794059	109.86126943709921022	124.13501417116798109	58.56304735588948773	35.03348360906481673	95.33055838211848254	42.48140371100716095	36.78178972131188829	80.40748051761724469
LRRIQ1	1.00000000000000000	36.40473488560184023	1.00000000000000000	1.00000000000000000	1.00000000000000000	1.00000000000000000	1.00000000000000000	1.00000000000000000	1.00000000000000000	1.00000000000000000	2.22966043476761833	1.00000000000000000	1.00000000000000000	1.64487934191484708	1.00000000000000000	6.02490753088064857
LRRN2	2.47549767892040240	1.00000000000000000	1.00000000000000000	2.29831938872047381	3.92154392815763453	1.54060291613344624	1.00000000000000000	1.96491103497471209	1.00000000000000000	1.00000000000000000	7.33426207778692252	1.00000000000000000	1.54940700063485037	1.00000000000000000	25.79016071485788686	32.34891228755797954
LST1	283.01497250254141136	271.14408278759373161	45.97312388966020080	255.78958195630522710	8.07510490965133698	2310.95230264702831846	77.38683648303428697	45.87491176638072687	148.02121957538358288	44.51741963196542429	314.36857370986371052	96.01442994409093501	506.81941237005338508	4760.03264069043052586	2886.08047501725832262	86.92175884632011673
LTA	552.71384387341481670	2103.28452292430347370	188.59608484444416376	540.44618714890964384	10.59261904111600749	5.64510950614459350	171.25364554043605381	438.73982227917213095	350.78489358163136558	229.64939285299979588	211.37659081049429233	294.67425325859011309	52.92164348880668712	6.69345864902044951	684.79386770318365052	43.89320695068627742
LTC4S	6.63516690285083666	3.99501384571221596	13.06873694246609574	32.52134110427589064	80.57596903185117299	40.73490414872714638	48.91008331627852357	8.45220834571823687	5.15267468897813607	8.39667871207734962	117.98433212244518131	17.97243467618385893	3.23383411869870985	22.69556188079789649	933.66732832075990700	9.69446607510844593
LYAR	164.23156791662350429	254.65507503974441761	1118.80078587080356556	140.28480439304090055	56.75706631330149321	153.56692659429438663	892.43979901531076848	134.98248903862258885	140.38311639815438525	305.70395117450181033	577.29052560498632829	193.70297680043259447	94.01474074392668001	173.81996574061130900	189.61402520267463956	117.11000694831798796
LYPD1	1.00000000000000000	1.52357329352324289	1.00000000000000000	9.68997999213491745	1.00000000000000000	2.32857786691601243	1.00000000000000000	1.00000000000000000	1.85128609288770662	1.35825354233475104	1.00000000000000000	2.23882613255038532	5.53440122527106571	1.00000000000000000	1.00000000000000000	15.28807495123730220
LYPD2	1.00000000000000000	1.00000000000000000	1.00000000000000000	1.00000000000000000	1.00000000000000000	1.00000000000000000	1.00000000000000000	1.00000000000000000	1.00000000000000000	1.00000000000000000	1.00000000000000000	1.00000000000000000	1.00000000000000000	23.62194519295917416	1.00000000000000000	1.00000000000000000
MAATS1	1.25409677340600090	7.11897290968279606	2.12922928320212401	1.00000000000000000	1.00000000000000000	3.71906412072184756	1.00000000000000000	2.30072913795922185	1.31836245862802404	1.52455933499734941	1.00000000000000000	1.78489111077342555	1.00000000000000000	1.25966944620163979	1.00000000000000000	43.87891455350982994
MACC1	38.82714943015049158	12.44512892749865252	9.78052682515017047	43.46647371523396686	14.33406478079318980	3.05519829404218113	4.38704759606106620	1.00000000000000000	11.03771723218698497	2.79295949950521205	14.35482098831136888	2.42448845501040733	39.75177212314687125	5.17347878896858671	43.91070941722086474	4.85478496517722391
MACROD2	458.65071875314112049	8.85089035746682562	1.00000000000000000	216.56637912331390794	10.68970141407624830	2.53474695219041379	1.00000000000000000	1.00000000000000000	87.41741423750498541	1.86400184116525125	2.43619656586598010	2.31847369152419480	1.00000000000000000	1.32037939724249354	9.53778707666806902	12.62506741313357317
MAGEA3	1.00000000000000000	12.23982088496233622	1.00000000000000000	1.00000000000000000	1.00000000000000000	1.00000000000000000	1.00000000000000000	1.00000000000000000	1.00000000000000000	1.00000000000000000	1.00000000000000000	1.00000000000000000	1.00000000000000000	1.00000000000000000	1.00000000000000000	1.00000000000000000
MAGEA4	1.18445597096876853	90.46943083967749999	1.00000000000000000	1.00000000000000000	1.00000000000000000	1.00000000000000000	1.00000000000000000	1.00000000000000000	1.00000000000000000	1.00000000000000000	1.00000000000000000	1.00000000000000000	1.00000000000000000	1.00000000000000000	1.00000000000000000	1.00000000000000000
MANEAL	20.54543067087842800	52.10664798820926080	22.57250952305691172	28.02140377096382196	5.18812334880722137	6.62193031156409706	27.41692518910963727	4.45789526674704906	3.54173920014798771	16.32950909546227081	15.24934293511638117	8.17843408987855547	4.01701730329967166	5.92368861572525152	6.03748214624865032	12.38885691823130308
MAP1LC3A	30.70830376096759906	53.28032993453825128	574.22063037477187208	114.60658829121928193	21.60726375087106277	51.84888007544236643	74.78069971112623193	366.28191279185426765	56.25683381227642599	106.55907383194363547	132.29937140973601117	208.51456914350336547	50.29290406603925589	505.89625495376725439	128.26296388088769618	624.69591700965531800
MAP1LC3C	1.00000000000000000	1.00000000000000000	1.00000000000000000	1.00000000000000000	1.00000000000000000	3.72071418129409537	1.00000000000000000	1.00000000000000000	1.00000000000000000	1.00000000000000000	1.00000000000000000	1.00000000000000000	1.54556602605127580	1.40637484004069946	1.00000000000000000	138.32939852748492626
MAP3K20.AS1	1.32971831325810497	414.99831030013461941	2.49211371777478963	1.00000000000000000	1.31298324047231629	1.41765713612476407	1.00000000000000000	3.14969313119325900	2.33084531367873815	2.92849629381240684	1.00000000000000000	1.93324237230423845	1.00000000000000000	2.73374789034270504	1.00000000000000000	1.00000000000000000
MAP4K2	496.93187844936761621	115.80779127938308193	160.24104691381464249	564.15614434531414645	127.20951800102426432	36.72048211971824827	63.35474645150515016	96.27194869885022399	683.97146364233105942	123.88709272042446230	112.38136201379484191	306.37624253702040278	166.29994278405879982	38.23663709806174182	184.50896541211938029	39.43462382096030439
MARCO	1.00000000000000000	16.76118360609310187	1.00000000000000000	1.00000000000000000	1.00000000000000000	16.62808212877567016	1.00000000000000000	1.00000000000000000	1.00000000000000000	1.51906655460027284	1.00000000000000000	1.00000000000000000	3.48004742878016637	325.45659994470565834	1.00000000000000000	20.76542677312810881
MARVELD2	2.67982591899798717	187.41383082714727948	1.00000000000000000	2.61162457403609682	2.70459979223445046	10.09249189590741835	6.45336328428426143	3.04735896933694672	3.29939543113112688	2.50523847057453874	3.22828546335481459	4.80117803105757801	1.49442870387589766	1.37101533509600326	1.00000000000000000	1.68047054113836936
MASP1	1.00000000000000000	1.00000000000000000	1.00000000000000000	1.00000000000000000	1.00000000000000000	1.00000000000000000	1.00000000000000000	1.00000000000000000	1.00000000000000000	1.00000000000000000	1.00000000000000000	1.00000000000000000	1.00000000000000000	1.00000000000000000	1.00000000000000000	134.72474993657917253
MAST1	3.34308940637995544	41.42767735354001957	3.10354564978160186	2.51052866003377595	1.64647134138471896	2.03372091184398673	1.00000000000000000	1.93920519817008530	5.84918860712239930	2.06954273584286197	4.34814825439578012	3.06787661836656378	2.75924249811764755	2.71559273777678190	12.57127233141948608	1.00000000000000000
MASTL	42.86613298624597235	58.22130126278999285	30.85872872508083375	31.27122425224512625	23.20180280531818084	43.49598292316557746	8.68344325814831741	42.86131332437740582	116.44824154943701444	172.86923634850083431	37.02459970427705827	38.92308873468298458	65.71080282545378282	34.10930560270458045	34.88738721352429195	147.57866058028258749
MATK	74.57589935774115020	3.20478943976852682	684.00585050174515800	43.39349242682465047	3.59095668818834701	35.14286949754612976	1850.17606300748548165	5.80511166213147511	3.75234980457531409	28.65594745998305015	2491.61612546099740939	77.92380087154202783	10.93018106786978549	37.62879609445109708	753.93087302783339965	17.34961083990654274
MBOAT2	4.54929754151839560	199.60777503675296884	2.29745279722101081	1.00000000000000000	7.76505511998456566	124.42469834921833183	7.93184506057415817	1.72359147267461332	27.84933249599759719	33.67223511889596921	13.82556035469727007	8.13409128538637383	2.69842339237599349	22.18881145730218662	82.19061098893773476	387.00981760908013030
MCEMP1	1.39675190979668629	7.56926945625562730	1.00000000000000000	2.03222706904337347	1.00000000000000000	4.69044145237554222	1.00000000000000000	2.75133064844388731	1.00000000000000000	1.00000000000000000	1.00000000000000000	1.36202137287589875	1.58261522026907997	166.92828921227285832	3.04870957353540817	1.00000000000000000
MCOLN2	105.30826112667975281	492.81520240359822083	364.14384981535380348	449.19153609845847086	14.81564805201410273	510.47917175916757060	198.23547414352569263	1.87874846810695817	510.56676936685943247	63.01940236322580802	39.76715636128229647	27.80373866106637593	916.65749595529882754	172.45120425994184643	24.04514206516852326	173.11118116806323997
MCTP1	10.07821915363999388	89.14637537488317776	18.77031961945728256	6.52135735177918452	2.33012070336617327	400.57430209535340282	19.42430315455565193	10.55559403375342775	2.68649772163775191	29.69220961141391157	11.85074556323402994	26.54343228863740833	256.65925407517670465	438.25484545176362872	31.25617811440487515	58.30341455700683895
MDFI	1.49955056678556353	1.00000000000000000	1.00000000000000000	1.00000000000000000	1.00000000000000000	1.00000000000000000	1.00000000000000000	1.00000000000000000	1.00000000000000000	1.00000000000000000	1.00000000000000000	1.00000000000000000	1.00000000000000000	1.00000000000000000	12.37877990870618738	64.17685544046528889
MDGA1	14.96409938271174056	8.66129727661294702	16.93854165764663477	26.64062355458010600	5.34999415163995451	7.31183622934689748	32.26089918731926076	2.40527762511306165	21.90559085700040853	11.22494936475735727	4.47140320994377216	4.85500112961714070	1.50776669961213106	2.15747930149502221	1.00000000000000000	98.18846714387296970
MEDAG	1.21235196727904992	1.00000000000000000	1.00000000000000000	1.00000000000000000	1.00000000000000000	1.00000000000000000	1.00000000000000000	3.04688484670595772	1.00000000000000000	1.00000000000000000	1.00000000000000000	1.00000000000000000	1.00000000000000000	1.00000000000000000	1.00000000000000000	35.81457913136465976
MEF2B	56.38771767864826501	39.79469861815985610	48.86277523532869083	69.30255908643587759	754.47370492712946088	27.67223044117299224	26.68277152034421462	31.59423859660127931	3947.50029119116788934	17.37693984139639269	30.94124517164058830	28.31880476385724776	57.04446384168322481	31.46368095899272888	38.34900414393931101	77.56233866572401325
MEGF11	3.74966192501715456	5.65637437667685194	2.75954952354820593	4.56840650064942810	1.78509291690847682	1.41422451219323575	1.00000000000000000	1.99710207491444702	14.37806349095232861	1.30212630440387822	1.00000000000000000	4.21774670209038494	2.34964653611878260	1.00000000000000000	1.00000000000000000	3.45321471105669486
MELTF	4.83879148106399182	33.62469333195463861	8.73706768578036019	5.75445653477148422	16.34857736132973827	108.01546321556470787	1.00000000000000000	3.83909654892481322	25.67981202034216892	23.63648259430389587	9.93723244450437271	5.12081122655722965	13.10141366558990228	17.59207182100829669	26.86627169526497383	8.94144764826121019
MEOX1	1.95599964573756435	1.06006576854886903	19.29736597915587382	1.00000000000000000	1.00000000000000000	1.00000000000000000	1.00000000000000000	90.73361586040105919	1.00000000000000000	117.37763326656468621	1.90386425165148454	128.52590686992104452	1.00000000000000000	1.00000000000000000	1.00000000000000000	113.13462730947530588
MERTK	1.93296544996153319	27.66762112937552587	11.50389513304705957	5.96680979746209061	4.27019106439710150	11.79629201352238788	3.76138684184223315	31.23057821565601699	1.17381064601987339	13.47084893940650474	3.43372867566889983	10.50145404336900690	4.45690119687984687	122.52301953421260805	13.27408227580556499	74.31481409351370360
MESP2	1.00000000000000000	14.96034031699648637	1.00000000000000000	1.00000000000000000	1.59921389520452450	1.39827795006190336	1.00000000000000000	1.00000000000000000	1.00000000000000000	1.69376807202363899	1.00000000000000000	1.00000000000000000	1.00000000000000000	1.90424783694759192	1.00000000000000000	8.18143609516778980
METRNL	67.89208570418441013	446.39881060949716129	380.48239566425581870	96.46752170916600733	31.71254434356167806	804.56725014488984016	752.28727640742704352	11.21048857445878610	157.02542948545419677	28.77715749404606171	517.67289329360949068	8.03864397587379642	78.12806068752358613	1075.40956149147564247	410.14354054056354926	268.83556310459437100
MFSD2A	16.79136662152807702	62.52691629796686357	28.22476244994274808	25.71902143911037086	26.05276029494405776	91.92068641817762398	5.69337184412024477	98.94556803580525184	55.71323905438266166	40.27418375921610050	7.60713551798028131	31.24108844284796405	214.13168501703268021	63.63499735302990956	9.49136325339039111	7.86186656813048579
MIR155HG	257.82883951645408160	1467.63480580083955829	343.90732653688155551	315.85629164537954239	54.11001891382052520	93.72817660031080322	41.90119450124216627	458.14750481907776702	134.40169126954418743	341.87432177442104830	12.55129124690361131	267.72274249072813745	161.57784256249001942	12.69248453098369289	144.55752362014428059	1.00000000000000000
MIR3945HG	1.19062581904986464	115.63807240392139875	1.00000000000000000	9.60384404924949209	1.51701371048100730	35.17438385510520504	1.00000000000000000	1.00000000000000000	1.94864433245091928	1.19847517013947402	1.00000000000000000	1.00000000000000000	1.00000000000000000	105.16178240675766631	1.00000000000000000	1.00000000000000000
MIR4435.2HG	17.01193077868942538	48.77996388540128692	665.65491553983827089	110.99240577502290250	214.68079993647700121	557.22424294233428554	473.20549062449646271	3586.63636482555193652	72.00500186696359606	1004.39237512717522804	116.86146757662298512	646.78171444404176782	82.01535819886994716	311.39472041421282711	30.38911626501655050	1.00000000000000000
MIR548A1HG	1.00000000000000000	131.91853992642759863	1.00000000000000000	1.00000000000000000	1.00000000000000000	1.00000000000000000	1.00000000000000000	1.00000000000000000	1.00000000000000000	1.00000000000000000	1.00000000000000000	1.00000000000000000	1.00000000000000000	1.00000000000000000	1.00000000000000000	1.00000000000000000
MIXL1	2.24414520024927322	31.27603831664042744	1.00000000000000000	11.46220044591746401	131.99946636772358488	1.46482371462886807	1.00000000000000000	1.00000000000000000	143.65684836713796813	1.00000000000000000	5.77516497569966969	1.00000000000000000	2.28837531199771949	1.13761934593916614	1.00000000000000000	1.27468065461076319
MLLT3	72.51905379857093692	500.04480122735066061	337.71984730939067276	44.66793721545408147	14.88157330944484258	23.32834257074984308	177.46923270541171291	483.62468573276976258	25.18248123982863262	189.45148101507041360	255.94907272391617425	586.31516073601778771	55.95699159889738894	14.43365371350806470	235.64814983950475380	148.62216048165439020
MMP12	2.06523903926027241	3.27050727324772783	1.00000000000000000	1.00000000000000000	1.00000000000000000	324.81515284935630916	5.17360802375427653	1.00000000000000000	1.00000000000000000	3.05145835324262871	1.00000000000000000	2.36824037766456552	4.70971243977517595	48.29237521052739623	1.00000000000000000	51.09152451521535454
MMP19	1.46430096798771570	3.44562880238420544	2.07287459182414846	1.00000000000000000	1.30922367183584321	18.82614888485793614	1.00000000000000000	1.00000000000000000	1.88014265539071923	1.00000000000000000	1.00000000000000000	1.98462309433406348	1.00000000000000000	60.62500563399952114	1.00000000000000000	330.95829433367418915
MMP20	1.00000000000000000	6.81375312003190103	1.00000000000000000	1.00000000000000000	1.00000000000000000	1.00000000000000000	1.00000000000000000	1.00000000000000000	3.84336812267571837	1.00000000000000000	1.00000000000000000	1.00000000000000000	1.00000000000000000	1.00000000000000000	1.00000000000000000	1.00000000000000000
MMP23B	2.35821914583942016	5.92499922045969019	72.86632850767416869	4.59106015137921908	3.02531833250534854	4.24986584347765284	149.68910078034039657	5.13272751655088211	3.28452699373906087	1.41326431378524608	69.58004291725173118	3.17690583836729035	436.57719598000142014	2.76583002963942626	3.04870957353540817	480.76450907915432254
MMP9	6.76562699671138557	35.26166408357603643	2.92262160630565493	3.69764574132123425	4.82635625472537910	167.87257002848818388	5.23040380751493750	5.78254409192772645	1.00000000000000000	12.93854284542326560	9.31812600874827801	6.31680554115791715	29.62539967632980975	503.09120264919118881	9.20351410684968663	1129.52494079666507787
MMRN1	18.74969764422909790	1.00000000000000000	1.00000000000000000	2.01267987060692066	6.76814137742466126	3.65532217933159842	5.56011036018965132	1.00000000000000000	3.05141612879382285	1.42138179975119150	92.72924261368758891	16.70206990858803664	133.26928519581545629	1.27553417721606155	151.43412873316833611	14.37337896371765211
MND1	10.19193991507886921	123.18266232100670265	5.01479723283800283	8.39065413137533156	33.61572766300024284	5.42541424367790537	1.93749876043528513	3.09974362583657781	345.27211923790781611	329.41460334764406070	5.23848930269633684	4.09826686771499293	2.50959236992569013	2.90643126327316725	3.54648986361981455	6.70386908844803919
MNDA	34.61000326084864298	94.67042902685645345	11.05603861569749391	173.59488392676112767	1.46140423282926468	1922.90483608780050417	1.00000000000000000	1.00000000000000000	5.66075513541831565	3.30669286158887310	6.39704242506748422	6.84402889117586088	73.45172540336400857	1684.33715164605268910	3.96044824986474486	129.78690735067883111
MNX1.AS1	1.45058593971962169	50.48423039886353791	1.00000000000000000	1.00000000000000000	1.33382678524900955	1.00000000000000000	1.00000000000000000	1.00000000000000000	1.00000000000000000	1.00000000000000000	1.00000000000000000	1.00000000000000000	1.00000000000000000	1.00000000000000000	1.00000000000000000	1.00000000000000000
MPEG1	542.50476400365414520	48.96902669763650096	3.51454913774847899	573.68222531559047184	27.59808603918299497	1602.34856781539087933	6.46601226875741109	1.00000000000000000	65.98200391356363070	10.29198108366759357	13.45273093678657972	6.32200416497464435	4077.10962049235467930	1085.06253193591442141	6.80853651874600629	440.54649705312897368
MRC1	1.78249394802038386	19.13309545040444704	1.00000000000000000	1.00000000000000000	1.44915223448348707	634.56538264813957539	1.00000000000000000	1.00000000000000000	1.00000000000000000	3.37126164124609495	1.00000000000000000	1.90817917822908156	10.95505172310438091	385.90751161843928685	1.00000000000000000	19.37430146613716531
MRPS26	578.77588900429111618	1655.29342134816920407	350.37443837885649600	539.86621892392531663	176.96276872459515062	243.01987694467163692	452.99986172356005909	435.21964777136196290	371.10026033516555799	554.47065297429446673	413.52113797912437576	552.25413275700657323	190.93411286530317739	213.23525432253757117	426.60639155617928964	1.00000000000000000
MS4A4E	3.18593864859457421	3.05671209070362071	3.42289556921631100	12.81166028306797244	1.92435823946288909	70.15404009239527738	1.00000000000000000	1.62435918734218276	2.24235754870342952	1.48408341691189682	1.00000000000000000	1.00000000000000000	39.47224904327086392	40.78323949656453351	1.00000000000000000	17.08249307233413106
MS4A6A	10.34358180943826255	60.63993577945007019	29.43813844448671802	15.07307584787890953	7.87011113573321630	1522.28202553485016324	15.78496689948808651	3.66516033221460313	1.47876620614834220	27.31858550999323754	15.81542809945282713	22.11821124665689808	2996.74939418514395584	1415.23666070609147027	48.75400424954510470	398.72821948594537389
MS4A7	343.11869628136088295	98.98295769911038633	3.99197559249601719	453.94010225750764675	8.90549908299160364	175.39562792182877615	8.25142368226342526	1.00000000000000000	174.33811345122720127	4.10631124490593180	3.72115073268987961	2.22470994447445047	7.92795991869952221	1773.52495081508527619	3.04870957353540817	29.14252182297814642
MSC	2.36005871108999887	215.25516888104093027	129.38927960447051646	33.41127154594551740	12.18413999727447639	14.50979606415895162	10.84924685448569370	1.00000000000000000	1.71796015967297366	37.40204723330759862	2.21117701101752573	1.09446109780273582	19.43749146698248609	29.23907022395966138	6.35833565152567726	732.11130390336597884
MSR1	1.00000000000000000	5.97402958487418534	1.00000000000000000	4.58655152549791900	1.00000000000000000	11.35919369963271564	1.00000000000000000	1.00000000000000000	1.00000000000000000	1.40974000489942286	1.00000000000000000	1.00000000000000000	1.91768216095117028	29.19867382152187929	1.00000000000000000	3.42910324711590908
MT1A	1.00000000000000000	1.65646838271486629	3.45698103965116044	1.00000000000000000	1.00000000000000000	1.00000000000000000	4.29039510086239417	2.14113050782757997	1.00000000000000000	3.90598335343896075	1.00000000000000000	3.21925035634412238	1.00000000000000000	25.84327280932083326	1.00000000000000000	12.29385478464257986
MTA3	105.85411589438625413	99.65221929502970966	92.03494279636353781	119.85589667790904400	41.56122667334823717	75.62000788045830291	57.87354396149291347	142.93316683259305933	472.32322653404474977	123.81438379553280527	92.82556980019676018	214.48775193177229426	82.07626852270227857	29.06627887709783664	114.28106442865252745	280.20677179416969693
MTFR2	9.10770542752854517	124.13549314028117010	5.90410550562903946	14.86796683255053608	18.35836737667787233	19.26851568652350011	3.90067091846420277	8.95210479129147707	82.88599604645166607	212.19392161700059773	10.99893737135547056	5.83813129173200540	10.30379085171722942	6.41190514255458677	1.00000000000000000	9.11466700557728871
MTMR7	8.02129411051034680	4.12561630218298969	2.69795791663221785	4.91570434327335981	2.07384936848719725	1.45825337638619423	17.37719747619447475	1.27360188505966976	5.57618665842442596	1.91968268256304597	2.96692675764291458	2.88335496282067227	3.49902676901374843	1.98014186214173527	2.82568291048150844	1.00000000000000000
MTRNR2L8	5631.22849433207284164	150.40039162531485317	2654.52720719609851585	2938.08573088451294097	1703.17782715981616093	3383.93709490022592945	1243.30649063799774012	190.27814626506750528	272.84660438998639620	225.10739595031773774	16733.80926071120848064	4438.58148921041356516	1830.46257776695006214	783.53170862095680604	15088.68761974430890405	1.00000000000000000
MTSS1	911.95306769225749122	170.03977914178310016	261.89969681525047918	788.86358233244061466	29.70467768318947321	57.04049187082020467	332.13925574609555724	189.01019339744715353	65.13449418343130048	148.09816147298388955	62.69215070262676903	218.50543487013888466	8.03128262929908310	569.30814260045201536	21.84101350988210299	127.07394856980974396
MUC16	1.00000000000000000	10.02412228496554292	10.64583912024009038	22.99982626646598760	1.00000000000000000	1.00000000000000000	1.00000000000000000	1.00000000000000000	3.69031633940758397	1.24996818229779594	1.00000000000000000	1.00000000000000000	1.00000000000000000	1.00000000000000000	1.00000000000000000	1.00000000000000000
MUC3A	1.51967976415268957	1.66463701475556247	1.00000000000000000	1.00000000000000000	1.00000000000000000	2.56674478586113342	1.00000000000000000	1.00000000000000000	1.00000000000000000	1.00000000000000000	1.00000000000000000	1.68658565931371385	5.43436229934062887	1.31243861550335050	1.00000000000000000	494.05276509403938690
MUCL1	1.32215161410171245	1.00000000000000000	1.00000000000000000	1.00000000000000000	1.00000000000000000	1.76086030036744945	9.12591765332295424	1.00000000000000000	1.00000000000000000	1.46237515100323612	4.45209536659512928	1.00000000000000000	1.00000000000000000	13.25872327161993347	1.00000000000000000	1.00000000000000000
MUSK	1.00000000000000000	5.52734168529343162	1.00000000000000000	1.00000000000000000	1.00000000000000000	1.56537031481779909	1.00000000000000000	1.00000000000000000	1.00000000000000000	1.00000000000000000	1.00000000000000000	1.00000000000000000	2.14663956795517885	2.66165598878584930	1.00000000000000000	364.76904244151768353
MYB	3.53980982477016859	178.12099611639575869	55.08191004761283693	7.78637339282011087	11.77838409859532831	20.50186400993031910	5.10043077605758821	80.26350298084716428	33.96503874201750506	197.88955996450570751	3.69282868183655921	74.07689687732855077	187.82402649552457774	3.99155960519207165	101.48485773743637139	20.59859054729353289
MYCL	1.88456334559377825	29.35247282516545297	3.34458259764113430	3.04407641024609443	8.63619719996484392	420.25807162247235738	1.00000000000000000	1.00000000000000000	1.42364258748843819	1.25541829611515920	4.48423768159120772	1.97993402486209513	733.29458993471064332	113.68899657243541412	7.93698915136690175	33.07339836121532528
MYCN	1.26932314744149299	1.00000000000000000	2.53932079958777868	1.00000000000000000	1.00000000000000000	1.00000000000000000	1.00000000000000000	3.04415723744960731	1.00000000000000000	7.25566290780550105	1.00000000000000000	2.08271097704178754	1.99454818364780873	1.00000000000000000	7.24694932093389355	1.13995540157055752
MYMX	1.00000000000000000	1.00000000000000000	1.00000000000000000	1.00000000000000000	1.15268331256344281	1.78586477594843629	1.00000000000000000	1.00000000000000000	1.00000000000000000	1.00000000000000000	1.00000000000000000	1.70093835877398791	462.86151505758408575	1.53818591060966336	1.00000000000000000	8.68625361441024602
MYO18B	1.00000000000000000	1.00000000000000000	3.12779392245563681	1.00000000000000000	1.00000000000000000	4.00314588158919182	1.00000000000000000	1.68143404040680866	1.96794919365220999	1.42196169479903056	4.31469894040218183	2.89326704457166839	2.13321977965542287	1.00000000000000000	10.57164434269525444	9.38412188321060725
MYO1E	354.76327058860056241	26.05228519817712396	10.58201141681879953	301.10309944755113065	65.07293489076485571	348.28255518245777012	71.53453935069371994	1.65734778486165713	1432.84380682219034497	22.89882787846475409	32.05219082888443438	9.20278078073994088	791.04170702774649726	137.52443890273022475	124.26705944331077092	549.18106509173708218
MYO3B	1.59930849350193149	85.76392376581733856	2.81415971796965625	1.00000000000000000	1.29733802164859280	4.99194920012350707	1.00000000000000000	1.00000000000000000	2.62426035588310302	1.14854301792569058	1.00000000000000000	1.00000000000000000	1.00000000000000000	1.00000000000000000	1.00000000000000000	1.00000000000000000
MZB1	796.38221155751966762	70.35135066055126174	194.44713215477290191	681.94816720145945510	10564.26895485524437390	21.93051761964849788	447.02497662676745449	173.56445985222958939	1223.08007133322644222	117.11589299537769193	78.51855616981909236	28.79010007420398409	3844.04463056116401276	26.51490367023196626	86.35016016284131979	159.23647957730327107
NABP1	182.84215945094223343	253.20079716676622184	245.86943710729164536	308.95556727193280722	86.65900379587236557	806.10475203157761825	163.56681192951529624	1218.89740350878059871	76.95500394589353732	204.16931263292448762	192.30772344900910298	338.84656625786197992	156.20403119358422828	490.30529753768405499	296.50178255314182252	320.36469120608484218
NAIP	79.29578975703520882	71.90943017886446853	65.46118981380709556	91.45012617477027561	19.16671227727884030	679.21956522038840376	28.09198621910745075	27.95828131032344288	56.12573070402396525	18.73020750714649196	87.42141282703938998	37.60980081246154327	61.49274863817612413	800.90476811270013968	66.62275338304047523	1.00000000000000000
NALCN	1.20872856233332260	1.00000000000000000	1.00000000000000000	1.00000000000000000	1.00000000000000000	46.04243324990577690	1.00000000000000000	1.00000000000000000	1.00000000000000000	1.00000000000000000	1.00000000000000000	1.00000000000000000	1.00000000000000000	1.00000000000000000	1.00000000000000000	3.69055349233382968
NAPSA	1413.90045410727088893	435.49667783960103407	31.28036975788382534	1800.28504778745536896	17.54992631035293726	1096.36098060828567213	4.24138276579356077	16.91274667029718159	805.39089126339183622	13.86380012121220240	14.31141536244874146	12.01821667759207735	3250.71471920619705998	116.05493127266808528	25.25978614659222643	1.60468315880847934
NAV1	23.19480547096138778	12.75195839825334332	5.91386189647337268	12.55994026680385822	13.65440282651361770	597.64678478879682189	6.76294846808040528	10.43830321855136667	8.85107909134071136	5.48286482258681662	6.13740540364680598	8.46998916039556349	38.53566561216256758	115.39799229874397213	11.40335762694188837	475.20546386149084128
NCCRP1	1.63100196189760704	1.00000000000000000	1.00000000000000000	1.00000000000000000	1.00000000000000000	84.43917944932047703	1.00000000000000000	1.00000000000000000	1.00000000000000000	1.00000000000000000	1.00000000000000000	1.00000000000000000	1.70244993679491019	1.00000000000000000	1.00000000000000000	13.51195614995956795
NCEH1	42.27305701215600209	27.77896515464205862	19.21365933702759321	36.50197745274646621	12.88120680565266696	84.77097288637345684	36.12721298632566658	13.08670497359996432	19.36173231605476275	13.24857512423757910	30.70185191945668279	21.22717408464286848	15.30855905534832218	114.40270063154265756	70.27927091430980511	524.99600234276238098
NCF2	48.60093914841922214	166.13494666896264107	26.68275609205664978	121.02334260612872185	11.34288338153377751	665.95976501291204386	1.00000000000000000	3.99418332277111698	55.41951107432237933	31.23564527904384391	1.00000000000000000	15.91511536866888221	97.53481829673452808	904.34028673886712113	3.96071657198539340	79.86664576421719630
NCS1	1.68785578894349886	118.52024150845777228	6.21254105530720047	1.00000000000000000	1.00000000000000000	5.09500301924845367	7.38081231454599873	1.00000000000000000	1.00000000000000000	10.10316267961737857	10.24026343894586688	1.78507417908846966	2.38538993376567987	6.28931624885090024	13.35023141984780537	254.40534487330990032
NDC1	101.45796868683507341	77.01651491377494096	50.20500946029641653	74.55445056575960905	50.84543938246104489	56.56270533098884812	53.42282759088587341	49.17831374885339102	333.98412831782536614	205.89706963024426045	72.44455675232360647	88.92410271538625466	81.66364796559679462	35.30130697311163601	84.24224668491014256	142.88722647753331785
NDFIP2	6.61097657395927119	138.85927607644740078	232.17660779759856382	9.22046026630624382	60.50625096460441199	9.77482246124378307	121.08859335852069705	378.71284934890582008	140.55779847418367012	208.97212431441784020	61.97263258976332878	256.50663004574641946	7.83012137741634806	4.05663452183311080	5.68031125292643502	143.88714214055062257
NECTIN2	2.98671558739355358	53.08617809551213185	1.72537120031384239	1.00000000000000000	1.30208655068528034	562.14220853363212882	6.38892504737811251	1.58042314711599285	1.17855999264808431	1.73745185125207113	9.48261801415612560	3.13432455245052344	4.25066708070710408	501.71904044658265320	229.45484254330364138	588.43423420208046082
NEIL1	746.53296291637627746	9.76008480165320513	34.04034291463440809	268.01878385432780760	84.75041960565020815	15.48544434690730931	253.53610044482124408	5.64493142091393985	2078.64944347785785794	5.61029993281155992	292.97000262650192326	31.17165890501925674	13.06436383795574052	9.76327033920052578	109.03993291796099641	197.86598244141364944
NEK8	266.06423409756354204	13.37167622351063478	24.57371041510331011	219.31836161158909704	63.70601317083799842	4.57748797498013271	38.65629746724497551	37.50466106295662172	297.06432936456025118	18.99753237008476958	67.48579871868855662	42.42031781532231349	1031.90023047115073496	8.22944324085679746	48.90574549957201356	36.72650775784139654
NEURL3	1.00000000000000000	17.70708781550546362	1.00000000000000000	1.00000000000000000	1.27492367843159404	10.74082212734705699	1.00000000000000000	1.70802542647513778	1.00000000000000000	2.04480584314961522	1.00000000000000000	2.79411982453936902	1.00000000000000000	1.24879969379268063	1.00000000000000000	5.53104377263573266
NFE2	1.00000000000000000	1.97380897269303568	1.00000000000000000	1.00000000000000000	1.00000000000000000	60.88583900088559631	1.00000000000000000	1.00000000000000000	1.00000000000000000	1.22272443852929946	1.00000000000000000	2.12686478369259424	2.24838779877803718	194.82089299677178929	7.24694932093389799	1.00000000000000000
NGFR	3.19564519088040244	2.94570980959574014	1.66285629834613369	2.17716104380692865	1.00000000000000000	23.82046799813999627	1.00000000000000000	1.00000000000000000	1.69640742666728173	1.21142782343629296	1.00000000000000000	2.13764313348130885	5.13038014102104434	5.06766503078414132	1.00000000000000000	397.64953944347143988
NIBAN2	1.00000000000000000	7.94083441470352991	6.47403687130611605	1.81228712370845635	1.00000000000000000	111.97655428026243385	12.89351946622847045	1.00000000000000000	1.00000000000000000	3.47963043970019337	3.64669862430007541	4.26993872099277016	3.31435737721606438	253.09447728067377170	5.79451963306492868	267.93444109961910726
NIPAL4	19.81899293010537377	9.77190140135610363	1.00000000000000000	11.12965672665545824	1.80310755216766427	1.35746934589027068	1.00000000000000000	4.93119689417863416	2.10227239343002914	17.35623905151394197	1.00000000000000000	2.10479191257821752	3.39764259512337885	1.00000000000000000	1.00000000000000000	1.99962936237249966
NKAIN3	1.00000000000000000	8.77224685702089246	1.00000000000000000	2.19715589474227313	1.00000000000000000	1.00000000000000000	1.00000000000000000	1.00000000000000000	1.00000000000000000	1.00000000000000000	1.00000000000000000	1.00000000000000000	1.00000000000000000	1.00000000000000000	1.00000000000000000	1.00000000000000000
NKG7	40.14260891482983595	455.17133696453964831	15229.69460541912303597	90.64425441580858944	16.02707182246426498	160.75309005610600366	20980.15258375549819903	5.35491618128412838	31.59063124990720439	154.87523151328971949	14705.70228301502356771	23.94490087981328585	426.00035603726229283	756.12274566957910338	824.95798041798468603	272.41307018447196242
NKX2.1	1.00000000000000000	7.34080390157197282	1.00000000000000000	1.00000000000000000	1.00000000000000000	1.00000000000000000	1.00000000000000000	1.00000000000000000	1.00000000000000000	1.00000000000000000	1.00000000000000000	1.00000000000000000	1.00000000000000000	1.00000000000000000	1.00000000000000000	1.00000000000000000
NKX2.5	1.00000000000000000	79.78217250262626692	1.00000000000000000	1.00000000000000000	1.00000000000000000	1.00000000000000000	1.00000000000000000	1.00000000000000000	1.00000000000000000	1.33261961372966686	1.00000000000000000	1.00000000000000000	1.00000000000000000	1.00000000000000000	1.00000000000000000	1.00000000000000000
NKX3.1	9.44387252192966109	9.65215865354663016	4.55584686315904541	9.33186713707396187	1.27008380426824830	6.22862230964137975	1.00000000000000000	1.00000000000000000	10.68647358486333054	2.94062167487041126	5.76522757120400886	4.52609217019430954	1.00000000000000000	1.00000000000000000	11.71919614866476067	53.08167989833173550
NKX6.3	20.16615319225386571	1.00000000000000000	1.00000000000000000	1.93325024736819251	46.67524498842919201	1.00000000000000000	1.00000000000000000	1.00000000000000000	92.71188724641876888	1.00000000000000000	1.00000000000000000	1.00000000000000000	1.00000000000000000	1.00000000000000000	1.00000000000000000	1.00000000000000000
NOL4	1.57282776791420398	240.20869797989576000	1.00000000000000000	1.00000000000000000	4.69142014488820980	1.00000000000000000	1.00000000000000000	1.00000000000000000	8.37392864315024532	1.00000000000000000	1.00000000000000000	1.00000000000000000	1.00000000000000000	1.00000000000000000	1.00000000000000000	104.67173848287319515
NPFFR1	1.23888591477343302	1.00000000000000000	1.00000000000000000	3.29102481168709193	1.00000000000000000	127.55778937171774601	1.00000000000000000	1.00000000000000000	1.00000000000000000	2.80480560419684899	1.00000000000000000	1.00000000000000000	1.52677043012013058	35.56187870526589023	1.00000000000000000	63.19594435324822967
NPHS1	1.74510834688089833	1.96532995268576638	1.00000000000000000	1.00000000000000000	1.00000000000000000	1.91576609735627668	1.00000000000000000	1.00000000000000000	1.00000000000000000	1.00000000000000000	1.00000000000000000	1.00000000000000000	1.00000000000000000	1.00000000000000000	1.00000000000000000	91.36054097846415800
NPIPB12	1.90863228775926541	1.00000000000000000	1.84327434259524225	1.00000000000000000	6.64852696729925263	1.50829723139415828	1.00000000000000000	1.80358409016250665	1.49016081265838141	2.41880563809422799	2.16893361811143004	2.24596431528775398	1.00000000000000000	1.53525853857986161	1.00000000000000000	1.00000000000000000
NPPC	1.68011402579575653	7.96113489388210560	2.09092057687834831	1.00000000000000000	1.91815745882045330	5.51472940184244109	1.00000000000000000	2.03679127764415480	3.86100700377488737	1.83459275265817645	1.00000000000000000	5.46414877914599550	3.80092767431862244	3.23040457351705523	34.45955294461194285	1.00000000000000000
NPR3	1.00000000000000000	3.71793535262361807	1.00000000000000000	1.00000000000000000	1.00000000000000000	1.00000000000000000	1.00000000000000000	1.00000000000000000	1.00000000000000000	1.00000000000000000	1.00000000000000000	1.00000000000000000	1.00000000000000000	1.20724577415201328	9.51625550274017584	1.13995540157055730
NPSR1	1.00000000000000000	17.71965514436733002	1.00000000000000000	1.00000000000000000	1.00000000000000000	1.00000000000000000	1.00000000000000000	1.00000000000000000	1.00000000000000000	1.32836593969368377	1.00000000000000000	1.00000000000000000	1.00000000000000000	1.00000000000000000	1.00000000000000000	1.00000000000000000
NR4A3	39.98706881122141965	29.87508657393949818	130.01044761821992779	98.17490153605186265	10.13436444877700104	337.16943924260579024	37.50627826235377427	53.77135653290088158	14.74617204830193273	12.14161481696858758	371.68171803445858359	135.59924144883950703	601.67870929540481484	39.53196748908826663	160.83886233392394161	30.20466373324867959
NRARP	30.26275596668913437	4.22923179515809355	17.82030439114055298	35.95372520783146086	23.93435056952463569	118.85064198051567530	9.45196384605122475	9.24469257203310768	8.66693424219440622	13.47939995354438381	29.52891982195179210	24.43217894147133151	8.42692845473244390	33.76358808819519908	80.07591797027728830	22.64020752507723344
NRG1	1.00000000000000000	8.68883262686524915	1.00000000000000000	1.00000000000000000	1.59439302007952222	55.71984527103943918	1.00000000000000000	1.00000000000000000	1.00000000000000000	1.35165551176855381	1.00000000000000000	1.00000000000000000	1.00000000000000000	118.37211888164597440	1.00000000000000000	266.30906570577644743
NRP2	21.29802619039639211	170.29426638038157193	1.52233668068446715	34.44242289587315753	1.60409528214748764	171.15713236810194076	1.00000000000000000	1.00000000000000000	7.63211155858089096	5.44840990165263683	1.00000000000000000	2.84713463281814683	2.71846855439728685	136.29300564283065000	1.00000000000000000	217.79197663023700215
NRROS	122.11161033447270086	59.66747642540840246	74.60168955553908177	225.52026461756031495	36.55594744190108969	485.96554307598387368	199.48961523361893455	53.65559551991243836	11.33756841909413815	122.49055882767298442	135.63489517919978766	63.59692331261754816	161.85941643270700752	409.46033913964561179	405.92724102797359365	61.71158688921782698
NSD2	155.66540917098254226	279.56745674302675297	204.62398377606854183	171.98390922886548537	111.66968039867933271	117.97878571738161213	136.41417737761818785	286.01540258737742306	522.60644056885735154	709.71523041852401548	142.21685247704172639	217.02737343753773303	172.78061258477237061	58.66976094463779390	184.67110992255777546	153.77545259127387567
NSG1	2.55300182778892815	2.70895028882126754	56.69359369932602277	1.00000000000000000	3.47282880862507737	1.64357206167380743	160.52221639759633831	27.04198655172884003	2.47435843748817597	145.00379062009267273	11.44384435110234932	145.84603760476619527	1.00000000000000000	1.31243861550335050	1.00000000000000000	23.34102084347998129
NT5DC4	1.11705398326273531	5.22243420518576418	1.40007637200715340	12.70035709171943061	1.64010236102576790	25.79013300881070592	1.00000000000000000	1.00000000000000000	1.35218343314352052	1.63003077847997035	1.00000000000000000	1.00000000000000000	14.38465855240928981	37.09976037931701143	1.00000000000000000	19.06372469377178192
NTN1	2.22601860196765999	5.77274845456417385	2.11976958604104926	3.71833577857464004	1.00000000000000000	9.24714656636686705	1.00000000000000000	4.90174421822835971	2.17576017490559348	1.83946585030449183	2.83413846825849891	2.79638579367010154	1.46630070128111423	1.32819221696925105	3.71627256992545130	1.00000000000000000
NTNG2	55.08645938939675091	3.81359896588328651	38.04092877701280173	50.36636183907433661	10.59862715567839864	16.79155814109498834	39.05142035361062369	25.02634797006345480	10.98396779377724108	11.06552458076654766	13.65636819609297348	29.18563807825455214	48.12583151803329429	34.87567730009519806	8.23853322018191392	377.89334845482551373
NTRK1	1.00000000000000000	62.35992214912275955	13.26248701918978057	1.76757939789861673	1.00000000000000000	1.00000000000000000	20.01133187906719968	2.44593149283259903	1.00000000000000000	2.69974342092196551	10.44257133992244313	7.85165436218210466	1.00000000000000000	1.00000000000000000	10.11475349189531592	1.62596964531614585
NUDT8	67.08141708084755805	421.58693990686867892	82.12805737852029608	47.85787751260852474	62.76224322831773605	65.68832209319562310	108.95741650921931409	8.39959671771142169	72.52995430244132535	77.53472779458360264	156.71670294805534240	28.52830851154624625	63.50397614768202459	39.43600774116994501	78.36188554839799281	26.79416561319093759
NUF2	25.82382927474469270	120.25694823185828852	23.93732712225640213	26.97033142581872767	49.51660455162214447	8.46715160746371254	27.66656131345289538	27.80627645223873046	313.44894728178559262	463.62989957901942262	17.28543342999700272	17.58257371207927022	3.83727790880344166	2.49735815620018453	9.80648251750374200	20.73811063034241542
NUGGC	14.08634738006916010	1.44533867402227156	41.19897526347079264	27.22607629415420760	180.38827591387001803	1.83215729610899247	37.54014964437572388	2.37862718502564574	613.70592133012803515	26.49942275656655966	15.45547381700614054	21.55305088909951650	4.74770379191148528	1.84938452196855185	8.62096032475063367	45.85700009927129628
NXPH3	1.00000000000000000	2.11014046422548240	1.00000000000000000	1.00000000000000000	1.00000000000000000	16.15183735285876665	1.00000000000000000	1.00000000000000000	1.00000000000000000	1.00000000000000000	1.00000000000000000	1.00000000000000000	1.77654139774727549	1.27670472697881099	1.00000000000000000	90.02781606816022020
NYNRIN	1.56234424705916020	1.65294792147574654	1.00000000000000000	1.00000000000000000	1.00000000000000000	3.84379258868967932	1.00000000000000000	1.00000000000000000	1.22396543769167265	1.00000000000000000	2.64389279033335844	1.00000000000000000	5.64455654400010953	3.47207786393602236	37.97435292383303818	264.54141692320996526
OASL	48.69480833815983800	162.03724364554000203	732.08673947965405659	33.14625187141395912	20.28803833194679385	58.41414293514276324	472.87017960188114785	186.49113705533034135	33.27447333552465381	212.99400236451140245	121.96335297167541967	124.74635589846921846	23.02539687625800724	69.95314369099317275	30.88355985974810025	18.73754729037097633
OCLN	15.29816558205969024	133.01033285858756017	7.03362224699804894	11.40760675443243066	4.35153006072813131	13.32696367395381998	6.23304538869401270	2.52337887153070017	6.53495367717837627	7.09393543717612385	19.48334025230528965	5.80826663263332232	13.82801355693889001	13.72679699986382396	15.25150389016982722	59.21628929428756294
OLR1	1.00000000000000000	1.00000000000000000	1.00000000000000000	1.00000000000000000	1.18542299347401614	7.83591366571673031	1.00000000000000000	1.00000000000000000	5.01984412361439514	1.00000000000000000	1.00000000000000000	1.00000000000000000	1.00000000000000000	32.07598031496642932	1.00000000000000000	1.00000000000000000
ONECUT2	1.00000000000000000	77.89362598754007649	1.00000000000000000	1.00000000000000000	1.00000000000000000	1.00000000000000000	1.00000000000000000	1.00000000000000000	1.00000000000000000	1.00000000000000000	1.00000000000000000	1.00000000000000000	1.00000000000000000	1.00000000000000000	1.00000000000000000	1.00000000000000000
OR3A3	1.00000000000000000	1.00000000000000000	1.00000000000000000	1.00000000000000000	1.00000000000000000	1.63652668832038017	1.00000000000000000	1.00000000000000000	1.00000000000000000	1.67441260752408905	1.00000000000000000	1.78649467366757597	17.67047053364790798	1.00000000000000000	1.00000000000000000	1.00000000000000000
OR52N5	1.22009814578618947	1.00000000000000000	1.00000000000000000	1.00000000000000000	1.00000000000000000	5.00293618111740734	1.00000000000000000	1.00000000000000000	1.00000000000000000	1.00000000000000000	1.00000000000000000	1.00000000000000000	1.00000000000000000	1.81761883146085723	1.00000000000000000	1.84108480475080882
ORC1	5.61394925325474947	50.21215920521064646	3.01646600968854894	5.69195209171613126	13.23748435144964120	7.20071001205656636	13.57450699500908442	4.60517093076260142	77.04891548096361475	140.72445286570095391	2.04999482490217533	5.04857860746059917	4.77424827146315334	3.95846828095055692	1.00000000000000000	23.42220564982207520
OSBP2	1.75896461922181224	5.47551211597720666	14.28711987815383999	1.00000000000000000	9.53725870715996393	12.74165607182976245	7.74558861508250640	56.78421330095657993	1.00000000000000000	48.59648966740636666	1.00000000000000000	18.07278366431441086	1.44369203678653824	1.70317167685226178	1.00000000000000000	9.88616373389748482
OSBPL6	1.32070443455892272	51.58853297435900487	1.00000000000000000	1.00000000000000000	1.00000000000000000	4.82066852471122864	1.00000000000000000	1.00000000000000000	1.38038779270216327	1.83302788867745203	1.00000000000000000	1.50730137886770299	1.00000000000000000	17.70501403382249350	1.00000000000000000	53.15455546685595323
OSM	4.66793469552623197	19.81305425688353239	37.71634117384653706	6.85074911469672099	1.48753724406059762	56.74590908387123278	52.71546538819630712	8.87164246913561705	1.00000000000000000	20.69284988295375172	67.16072704040922758	25.37532346306047870	2.99263806969379642	82.92513543712888691	169.63928782669461270	4.77550017267590299
OTOF	1.36856268899171374	3.42112049180038413	21.81341096440903371	1.90058820900693681	1.00000000000000000	3.84399035929869637	1.00000000000000000	14.56674115145710147	3.58065330939534032	6.11279424168323171	1.00000000000000000	7.60091127879313433	1.00000000000000000	1.00000000000000000	1.00000000000000000	1.91580422213910784
OTUD1	547.36726248925197069	31.07833515887743303	46.11525347298861988	326.94274165669088461	256.18819169339877817	250.65637675111722160	13.37494227415152181	66.29151694940131279	139.85941336249828737	44.83304097031560076	40.69623309256807886	61.68519500257840349	45.97056651272619376	159.86378596139653041	131.41261723692977625	103.80190588965345455
OTX1	1.00000000000000000	93.60720566560472378	1.00000000000000000	1.00000000000000000	1.28263103521906885	1.00000000000000000	1.00000000000000000	1.00000000000000000	1.56976471395474881	1.00000000000000000	1.00000000000000000	1.00000000000000000	1.00000000000000000	1.00000000000000000	1.00000000000000000	1.00000000000000000
OVOL3	1.00000000000000000	1.00000000000000000	1.00000000000000000	1.53759514672626607	17.79345179630938389	1.00000000000000000	1.00000000000000000	1.00000000000000000	1.14093616318172852	1.00000000000000000	1.00000000000000000	1.00000000000000000	1.00000000000000000	1.00000000000000000	1.00000000000000000	1.00000000000000000
OXER1	2.29442218290167776	22.77775770382153908	1.97193755866527431	6.32803980192679916	1.00000000000000000	22.27835216963121212	1.00000000000000000	1.00000000000000000	1.05832789604403277	1.00000000000000000	1.00000000000000000	1.00000000000000000	3.93596589968537058	28.22478453679513422	1.00000000000000000	75.03497907620065632
OXNAD1	59.10418957200668189	41.46381964860454161	586.13523456790073851	55.85981497696522524	66.12508917957643462	56.94451753989390141	387.50032225681815135	1150.35717010974008190	46.62331847371051197	543.95859190150838458	444.11275905957899113	1525.56759191672426823	64.44348643436816815	39.10855324453581261	345.83639948603547509	181.77043787795690832
P2RX1	234.77549711319218773	4.11017299910338707	2.43739782143068195	77.69096039601680559	343.89694052675400826	42.13014348476161786	1.00000000000000000	1.00000000000000000	38.56041329095526748	1.77789764906903525	6.33532945930032287	1.58808572974810147	847.94483888656725412	119.88845952302436615	24.82694557118797007	14.84847276525093562
P2RX2	1.28939183846398686	1.00000000000000000	1.00000000000000000	1.00000000000000000	1.00000000000000000	5.89185723993249955	1.00000000000000000	1.00000000000000000	1.00000000000000000	1.00000000000000000	1.00000000000000000	1.00000000000000000	126.48530897117126415	1.00000000000000000	1.00000000000000000	60.27936847039408264
P2RX5	1908.58913444398694992	87.56741923434761077	223.43888565489717735	1311.37928273671877832	211.77744546157353511	19.74475603662703449	160.37161077592472225	358.62191715343021770	1735.98024690440161066	411.10123677839857237	78.93800937146953345	345.10600987386612815	57.24281011877952352	10.34913971327522120	49.48068639112856459	108.89844917446264105
P2RY10	931.83316294973303684	68.18778188514784233	414.06556776859434876	685.53526664503738175	62.30347801583295819	143.45156483241316892	189.74430088334207767	683.36767388397822742	85.01190159105195221	349.64607665481503318	206.40832157469472463	490.02120968003231383	42.24102685131444446	4.41423732518019740	179.24108123156639749	73.65366440029151818
P2RY13	3.31989094099604864	22.81902888469301161	3.10307400011982182	9.55035913887422971	1.00000000000000000	840.77757625791628016	1.00000000000000000	1.00000000000000000	1.42364258748843797	6.82182545749703095	8.06773571276735346	1.00000000000000000	9.51846085091715466	702.01219352154930675	1.00000000000000000	96.28141847942299592
P2RY6	1.71835519010443738	4.77553189606715112	1.00000000000000000	1.63811083738405294	9.25373228120326807	423.01421452028591830	1.00000000000000000	1.00000000000000000	1.12703821015275385	3.62815089290875026	1.00000000000000000	1.00000000000000000	518.62901679050310122	169.53109099028526430	1.00000000000000000	30.90259519699935709
PACSIN1	2.62486739271639014	3.56623984283745221	118.08165714870474972	5.38020944613744057	10.40272040765911044	4.91878203063097352	30.47855358135590009	1.00000000000000000	15.50907809024196560	6.36674594250032122	260.84634031080571503	3.06029487541169853	1201.13073431904695099	3.86275535609204601	4.19845387992994734	17.64956142487946877
PAGE4	1.00000000000000000	1.00000000000000000	1.00000000000000000	1.00000000000000000	1.00000000000000000	1.00000000000000000	1.00000000000000000	1.00000000000000000	1.00000000000000000	1.00000000000000000	1.00000000000000000	1.00000000000000000	1.00000000000000000	1.00000000000000000	29.34103615882179028	1.00000000000000000
PAGE5	1.00000000000000000	49.84431930275729172	1.00000000000000000	1.00000000000000000	1.54011349480062032	1.00000000000000000	1.00000000000000000	17.03737622198465118	6.01684985144321782	10.29077315102080448	1.00000000000000000	9.86118928538842887	1.00000000000000000	1.00000000000000000	1.00000000000000000	1.00000000000000000
PARM1	41.18371297552128141	131.11714730561484998	2.79191862182061978	205.10920566661781095	153.25302617100965108	254.31138011108805586	5.28076859378240204	1.00000000000000000	106.23411246572923972	1.95419018770786468	1.00000000000000000	2.33641095525828568	1.89853805490908667	25.32806912547953715	1.00000000000000000	696.07409455498589068
PARP15	1616.73669386099891199	62.19366649328399888	313.91408128930413568	1694.63463372483374769	42.02271000247669264	43.59837694331640279	382.54406779243976189	109.74729285605673113	94.75941193623359027	78.07828948736730013	229.84973622606491972	250.19600839625664435	212.37442827290792025	17.67221085533259384	136.52432060127139835	80.95435112884769069
PARP3	199.79006948732879323	180.18257389041852434	130.33575808455310607	263.01407936618721806	17.19527809087954040	51.30919093344098059	100.54428750644414947	46.19727201494148972	98.05465915259559040	34.06034684064546525	120.15202725922108584	108.93393310337521029	36.98599817707837190	23.85374517929477278	81.83744315058991958	48.32155862695208270
PARPBP	29.16822173565359932	53.47136653201749112	22.14061478959274254	23.01151933305417430	32.02168001378110063	21.02964964323308195	33.43527366556641311	17.32406397970531842	117.29560192808727948	191.68497093584281288	13.74693034577438944	24.60864273497435661	21.52471256007875766	13.09725975822997057	25.20691207898955355	26.76888604274346406
PARVB	537.73356582000849357	241.75712316859031148	140.53180459172543237	448.74905169574986985	126.36525026275974426	344.47034115047966907	94.24810242535961891	18.91466617310796394	23.57252597269317462	137.36682921442474026	103.35533846075233555	44.07048299346647013	530.91637217514016811	280.96017080574245028	112.13951225169661541	103.89492504670965900
PASK	58.97851308186599795	135.10383393030994625	300.71869264286965517	139.43158285708122435	37.03517631577044966	42.22692711875965443	66.81731083739366284	1824.81713638016231016	206.25057724151261596	457.94640576343016392	109.38885719558690823	1052.38230822995888047	52.32543887860836662	19.17763853418167130	88.74536921096719766	52.93879053383519562
PAX5	2043.69778282746983677	349.08488403039274317	4.26236750120799712	1411.93943775253023887	78.32231754403734669	9.92052390643347337	1.00000000000000000	1.94453924335515360	1238.95326136765083902	6.49813577032032885	1.79701871541636304	2.34501365069127043	6.38677635773163921	4.35634261020627722	5.71856664037301066	61.84247352707175338
PAX9	1.00000000000000000	74.97304129000691830	2.15713942791862312	1.00000000000000000	1.00000000000000000	1.00000000000000000	1.00000000000000000	1.00000000000000000	1.00000000000000000	1.00000000000000000	1.00000000000000000	2.53293481935354636	1.93178147276207257	1.00000000000000000	1.00000000000000000	1.00000000000000000
PCLAF	20.12547445571740923	763.52237353373254791	43.61667404027134154	36.88684108350137336	171.64272982814776469	22.66239534649847087	34.74703635873118657	20.73974663225462933	1098.70095869006900102	1544.16350071943111288	11.79921605700642218	16.69709387511628407	6.21478243670193464	6.53950857459435486	17.69008997396622718	25.79332713648551945
PDCD1	9.98565856587786449	10.33085234983615663	640.87281127175322126	25.19580193905726873	7.66048543255395575	6.84760029927908498	39.82660102544676306	146.95925395616626474	17.51892460257912987	296.99680350622287506	4.15611412881602060	166.51564141621122417	2.42015609902177120	2.54125657432349294	21.16280685006813300	53.05067619545150848
PDCD1LG2	3.21399609007010723	213.78706331966691323	9.91395661155299202	22.52113367924585319	5.64905834899510406	158.59609679503415691	8.79461503347866369	14.36739274701972668	5.06090288303017566	8.31092815603435575	1.00000000000000000	12.34253561113464315	4.65036921502179723	125.50700864831702575	3.93877887946008176	145.01483308902265890
PDE3B	52.05337070849380865	13.01500155255246405	575.58781395158985106	26.91020084965316173	9.83354029060170909	22.70621642042850041	196.06196847049966436	1586.60676672189879355	8.91638720866208523	557.92225322952208444	149.26606943527903582	1599.65616283546683007	9.89299599900418691	33.77943613509912524	247.62585125093514193	97.87931282343249961
PDE4B	1338.58943963319939030	114.28921997836913249	457.28770793070452783	1039.05386219899673961	225.84227910041983023	404.96528972661872103	224.31941635217680187	740.16852121306146728	149.46116210648503397	180.01240568450154456	239.54174931638286239	429.53730367267837664	772.05777893144454538	418.39679820680203193	261.40776398627224353	162.57048207324405098
PDE7B	204.09866001261147517	12.91793456969312714	38.47212424512752449	52.97700574053597933	3.13978962153951802	38.65514678576992225	35.23557293648744349	321.24067074095734142	19.01803569414792960	148.98353127928726281	87.24277956617936525	428.35987896778789263	31.43274788524651697	24.32614546875615247	200.38442891927914502	18.84076193807237942
PDK1	272.63158717313427815	36.57474725897691314	83.21205577443605250	123.59409069403793069	438.97548804983409809	58.69838250893175768	91.09059381784301479	99.86335483030582338	90.54857886344362328	81.84159129676343980	71.26032461011082830	325.91462909301611717	22.20070342998531032	29.05689835683645228	55.59735615349713100	146.67971472553279000
PDX1	1.00000000000000000	89.38931929426031786	1.00000000000000000	1.00000000000000000	1.00000000000000000	1.00000000000000000	1.00000000000000000	1.00000000000000000	1.00000000000000000	1.00000000000000000	1.00000000000000000	1.00000000000000000	1.00000000000000000	1.00000000000000000	1.00000000000000000	1.00000000000000000
PDZRN4	1.00000000000000000	15.75748140160500199	1.00000000000000000	1.00000000000000000	12.96175549838268637	1.11971536545044015	1.00000000000000000	1.00000000000000000	2.74377994886069043	1.00000000000000000	1.00000000000000000	1.00000000000000000	1.00000000000000000	1.00000000000000000	1.00000000000000000	1.00000000000000000
PEX5L	1.57588428488852372	79.96989881818601020	1.00000000000000000	1.91670853229029015	1.00000000000000000	1.00000000000000000	1.00000000000000000	1.00000000000000000	1.00000000000000000	1.34148992761719743	1.00000000000000000	1.00000000000000000	1.47585530281043065	1.89221385933979835	1.00000000000000000	1.00000000000000000
PHEX	5.09535972064118248	2.21544676934005524	1.86258869353002265	3.76201762006331242	1.35754792706702898	2.11116971417835053	5.75336737553670741	1.00000000000000000	1.25955267655420666	24.89822484703825722	2.47410166679697019	3.64807586118698968	620.28997895651889394	1.80286646539741602	1.00000000000000000	5.78980506758485269
PHF19	88.84947278829955053	372.54848112489099776	202.92836687723908540	77.99116362161210247	176.26459200551838080	111.11597486553611702	137.43740903517161200	353.25392926101977764	479.15106770749827092	946.72908641033382082	141.85358485541911477	282.09480054292583873	49.71788586403026500	165.87650769828147190	177.56049407506785087	613.61406159682621819
PHLDA3	8.97445889447189593	65.66877212678461717	17.27825044681642908	13.65487357754872200	2.08262951067732205	52.78989756540727285	11.54898664157220800	26.46555140487524937	3.13718353052523646	33.23176158510320732	1.96367541219024244	7.78513777917677530	4.35165324996527580	8.34735580912751196	7.07342576010144342	167.64459977175482663
PHLDB2	37.73665254881538544	30.68537076986109113	20.39228262440524375	15.08467966666134608	1.00000000000000000	5.83403793251784908	42.99405377976505349	2.88081807411783464	5.08919506221111018	8.27550149726287287	28.59485815003962728	2.44571830970216908	10.18994967948150610	2.41097929669897804	34.52091705604770056	438.93356910935119686
PI15	1.00000000000000000	2.98676873079141370	1.00000000000000000	1.00000000000000000	1.00000000000000000	1.00000000000000000	1.00000000000000000	1.00000000000000000	1.00000000000000000	1.00000000000000000	1.00000000000000000	1.00000000000000000	1.00000000000000000	1.00000000000000000	3.66039026912593579	54.01332570911361586
PI16	19.63178018390544466	1.00000000000000000	8.59647996702343065	55.48552382459916288	1.39345832377607337	2.37510968922489996	36.37045894965561388	1.00000000000000000	1.52889414560056514	3.26739209042813927	156.94023948896719389	93.77857712883977115	2.11750576293645132	1.00000000000000000	86.25258395234219222	6.61176339421228487
PIF1	6.99276122547311463	51.60129005540298408	83.88163348826026322	67.62837115806141242	86.80352996875478766	6.93162712785064894	79.97361414841309113	10.28680567638555310	183.43604466414080889	190.14650741093399233	18.21524065202406106	5.35758201604791928	9.93001836708265984	2.66427149910311911	1.00000000000000000	22.09174090308769323
PILRA	7.92702443763165476	40.52249696825915493	5.89152312942684819	10.29959358278334491	1.78933186104227571	338.15160488867201138	6.38892504737811784	3.04922123987569149	1.26631517724412990	3.17027771775398959	5.17120211554061893	4.46251314851131742	10.47223041542933331	979.06645780290261882	6.91531639467824277	31.46454665908395043
PIM2	1226.70466010814038782	249.82403490539445556	1323.53963005680793685	1075.27547453206989303	2087.90173114005938260	279.89524891732833112	848.75778688572972897	6666.67488420877452882	573.80680560533471635	1939.83370484763622699	1198.13505114242366290	2913.11607760798779054	467.07605251637147603	68.31514682363599889	2406.88968956152029932	370.83033046798436771
PIMREG	1.57775933916099076	2.31589346542144137	2.23267970456997844	1.00000000000000000	6.36233639993577249	1.00000000000000000	10.73941780041426775	2.04902806384782821	10.53770265282896013	187.36258806915435571	2.33570835698795953	2.83331100851376050	1.00000000000000000	1.00000000000000000	1.00000000000000000	11.17474422066916340
PITX1	1.56451549933411038	964.80390276229161373	4.15347113978374605	2.01388045269761307	3.33570381218137513	1.39788885152885833	1.00000000000000000	2.14446635051917633	5.21407480056146611	2.74152765601321136	1.00000000000000000	1.00000000000000000	1.00000000000000000	2.14573411256056401	1.00000000000000000	1.60688528039077250
PKDCC	2.71416429523613090	1.00000000000000000	1.00000000000000000	9.39744729351524910	1.52353468079883081	6.56942658588727024	1.00000000000000000	1.00000000000000000	1.00000000000000000	1.00000000000000000	13.99397912356004170	1.00000000000000000	1.00000000000000000	2.04566615093946957	232.77296157598394188	603.34071555902107775
PKIB	10.83298683505831406	35.85125253272933321	5.03822464790027258	8.50157154508261392	7.29944272525751625	216.09447940598872151	1.00000000000000000	7.34437721526253640	13.22218000039612562	3.16974990133888124	2.38962070558995476	8.49103788676759308	12.62358898375065408	28.03780473542125762	3.80168846961958229	1.00000000000000000
PLA1A	1.63322093255029888	12.38898195079551989	1.00000000000000000	2.36694090251855016	1.00000000000000000	57.37636438009544548	1.00000000000000000	1.00000000000000000	1.33539713081592093	1.00000000000000000	1.00000000000000000	2.05509075240812145	1.69397188757712147	11.95877424576037207	1.00000000000000000	311.20376136414597568
PLA2G2D	11.18880845893310472	4.58192259899905263	1.75152977370608065	22.27133961942540807	15.25866236436929135	108.31400412164369129	1.00000000000000000	2.02171772254958881	1.19496875140206571	17.18373612656685623	1.96174612788298441	3.73835570976758769	42.82142373616084541	93.39018786721373999	1.00000000000000000	738.94781368541612210
PLA2G7	2.57371860417456588	26.40173578768523299	4.17483049761316938	4.09435405090527915	1.52353468079883081	376.14775657980339929	6.56285789280563048	1.00000000000000000	2.10137184471277028	8.80129386892168597	3.03712816025835375	4.51853837848823581	24.86686041771696054	638.35614262359149507	1.00000000000000000	242.03847921616537064
PLAAT2	1.00000000000000000	1.00000000000000000	19.12841117600096297	2.18637562096156657	15.05130320918076947	1.59772465121911944	26.87060908951535509	4.97268893494520192	1.51012563308052794	2.20756957269693244	12.45514436037613137	5.97026554347674931	1.74739577073724894	1.00000000000000000	1.00000000000000000	1.42442885653235107
PLAAT3	5.65352721672983449	462.24608772387415456	641.29273584003942688	17.59200501796910387	32.14493981805751588	86.73222906328128090	795.28314346137290158	27.69043971816682514	14.28469095263603172	73.78714911111057972	269.65444965666023336	35.52610323520350732	884.93728535642230781	39.54745950985642367	57.06895977798296116	131.74469218542512294
PLD4	427.81113880901523316	6.27110868803948485	5.64805071027664507	770.09393839740630483	119.52217656477517949	391.16493991903428196	17.47295840081803675	1.00000000000000000	152.82999635171822206	3.61621680258580680	16.36380450896323069	5.17676562380493710	7158.62295264247495652	23.46655281340949983	36.70060817281575538	32.32132112383085598
PLD5	13.53109560390395139	178.56802907526764557	1.00000000000000000	6.95427409147266484	1.00000000000000000	2.04513634307091419	1.00000000000000000	1.00000000000000000	1.64339820137553394	1.00000000000000000	1.00000000000000000	1.00000000000000000	1.00000000000000000	1.00000000000000000	1.00000000000000000	66.48853134838400081
PLEK	573.75567606576635171	133.27032505702470644	1278.84320658132560311	1207.71362929117185558	108.67543857964541587	2073.32726373635841810	1358.80995885312745486	36.20001705275517878	746.94113115037600892	38.46250351620287944	1405.07385585039901343	12.15655913850956082	4877.60447651699905691	2600.59021510541788302	129.32584430915235885	342.12380007141996430
PLEKHD1	1.55961196580268369	1.00000000000000000	1.00000000000000000	1.00000000000000000	1.34231674305054538	1.91048282134534309	17.87113151166330738	1.00000000000000000	1.38038779270216327	2.44526218480453306	1.76437659983871753	1.00000000000000000	311.77633859763795954	1.71330155350195601	1.00000000000000000	2.35954042463198199
PLEKHG1	979.61405133455241412	144.66779876004659400	30.65984957412942080	687.37310954114502692	51.93268662527182755	46.90716141680209006	5.39400953034676878	20.54023753619980752	540.25439920589190024	22.93839528717543530	3.82985512201408440	30.29886230175496564	3.03712750070890136	3.04378343025129849	1.00000000000000000	320.66571033471285546
PLPP3	29.26984215771922138	15.76550804480764789	1.00000000000000000	61.32015066782199142	23.73407785809830273	77.26371695874129841	1.00000000000000000	1.00000000000000000	29.97602984566936613	3.04944770457148584	1.00000000000000000	1.00000000000000000	1.69397188757712147	20.68084980976714604	1.00000000000000000	1762.60980408216687465
PLXDC1	1.58150181363259446	1.43285525627563315	59.94943380465021932	1.00000000000000000	2.67891240520265450	1.86299833116635294	102.57929384103165660	182.69196800195990704	3.03894299528722867	17.03026012638219555	24.34332590217421810	152.66567571388054603	62.35435367338083523	1.30760076910950707	6.07996330886542680	395.55141413111573456
PLXDC2	1.85596011119087345	12.89755227094274304	2.76729344273235434	7.03010144590836283	6.99269579702976163	440.00979451550620070	22.06185774310619507	1.00000000000000000	1.00000000000000000	4.15036980127731780	55.21297597961532944	2.11622805815047199	10.07783147487404918	474.87164647942267948	182.11879683841155497	243.63555172638760382
PLXNA4	1.31153843260359393	1.00000000000000000	3.49891332818972378	1.00000000000000000	1.39345832377607337	10.91074294699724945	35.53394157052288449	1.00000000000000000	1.00000000000000000	2.45046612629038174	48.18858704072738419	9.47451225288708088	432.44150385869761521	1.52327901224034767	83.55215255588372258	758.43281566927907988
PMCH	1.10155454012737009	1.00000000000000000	29.98857625047053332	1.00000000000000000	1.07300491507956619	1.00000000000000000	3.90272362594366218	11.54914525979648054	1.00000000000000000	6.38584851617729399	1.00000000000000000	2.66047702540632880	1.00000000000000000	1.00000000000000000	1.00000000000000000	1.00000000000000000
PNOC	634.04558075162185560	2.23807475932931244	3.82068489674511147	676.06504162699502558	387.78954779311794709	10.34243958660183260	1.00000000000000000	1.00000000000000000	500.77539977142765792	3.03616480170385561	2.88217020727701678	2.37404371629616140	640.35110831234771922	1.62454666100622047	11.31976692586411559	9.74284195846583145
POC1A	15.11650851684041186	80.45008180665958264	7.98040616356304611	6.30867256508822472	21.18759194196617202	15.44392784183910017	6.27760120734209615	6.55376820345050604	137.97545277444410772	256.47212535375268772	13.25272354084698101	9.67033356433840297	25.85929724942705477	8.77646499789108603	17.05772418947038105	21.84413659646728334
POPDC2	6.76904773768468715	4.27157330885882924	4.10037140463488292	18.04112113754891666	2.19009894924143689	16.01951347791072777	2.20850041089899118	4.39361788522206709	5.38473764407053945	4.35052291692173920	9.39035666249092138	2.84190927854214781	8.87046425792658155	7.89124406319413385	4.54454140706601883	532.77099320107413405
POTEM	1.19548415922803497	19.05624624255687038	1.00000000000000000	10.26810480426605210	1.00000000000000000	1.77740902406683920	1.00000000000000000	1.00000000000000000	1.00000000000000000	1.18681277763649007	1.00000000000000000	1.00000000000000000	1.00000000000000000	1.00000000000000000	4.89783015483150397	4.48814724921658126
POU2F2	2683.42774033461773797	85.56234676101152559	138.77322165140242305	3089.68360563260648632	432.93104553162004322	410.35474421316541793	92.93077883542116524	246.57573128082503899	2420.30427289364251919	128.69307142462707816	190.08360695901924942	216.88261539247704945	322.36667801982321180	985.80371708427628619	173.64380892316640370	78.92864554651879416
POU3F1	9.48239069720200511	30.84312006953510021	220.34733453242759538	12.82226108345647297	4.65061217657676451	7.16689869759388376	2.73365886483655096	732.65730649912654826	22.63712193784222038	355.13704297302206214	7.40285712888538683	175.07516573457090203	2.35649557338806392	4.23326150414764868	7.91310731029660630	9.46715040727901957
PPM1J	12.93464924055677656	1.00000000000000000	1.41248409140663123	7.03959020601247065	1.23480316103793486	117.83637006278391368	1.00000000000000000	1.00000000000000000	11.32978562522144017	1.14325745934706391	2.41488715922270281	1.00000000000000000	586.26036904897125623	4.04064423773811399	1.00000000000000000	13.90079032621952138
PPM1N	18.84979074076739636	56.67720630570602935	27.48101260901690779	41.80336619601430215	13.57518941393099077	51.13314776077253043	17.44896488026624581	2.76450513498185479	39.88567516183559292	9.28033694427792533	7.47381590360265857	34.67870729304003419	3.89514995766943706	400.83768029818935474	7.05224058554885413	1.50250633808842249
PPP1R14A	127.30313893671731762	133.49524355672519960	1.00000000000000000	224.01771227447716228	11.81954487689851518	547.11927631404910244	1.00000000000000000	1.00000000000000000	2.93133149022183659	1.83853171827199491	1.00000000000000000	2.51662521145399731	271.14119443189287040	20.66897573750709327	1.00000000000000000	5.00609486305373608
PPP1R17	1.00000000000000000	11.24938272484141066	1.00000000000000000	5.10939008549473428	1.18456330311450819	1.00000000000000000	1.00000000000000000	1.00000000000000000	1.39058386621502672	1.00000000000000000	1.00000000000000000	1.00000000000000000	1.00000000000000000	52.02067366855724373	1.00000000000000000	1.00000000000000000
PPP1R2C	1.96123214477623220	6.74125024860212907	19.37800197070222907	28.10198878427175373	2.49867523078665776	1.00000000000000000	20.34234419528264581	8.56377995141722970	5.96066741730738148	3.31850529311864717	13.87500575853844609	21.84335374977966282	1.00000000000000000	1.00000000000000000	6.55889780392639832	1.00000000000000000
PPY	1.00000000000000000	1.27014480878987968	1.00000000000000000	1.00000000000000000	1.00000000000000000	29.19641710872654272	1.00000000000000000	2.32876086587277875	1.00000000000000000	1.59301971041458867	1.00000000000000000	1.00000000000000000	1.00000000000000000	1.00000000000000000	1.00000000000000000	1.00000000000000000
PRAM1	2.07081284408560551	10.42078820134713979	1.00000000000000000	2.12423564797191489	1.37585918415402353	108.34923490557751791	12.58003333030092641	1.00000000000000000	1.90894133255691822	4.52865985802827176	146.09411126040993167	2.80984515143496205	18.63766112051507307	340.65969578899722592	796.56928485727507905	4.55539607929987422
PRDM1	23.01640759977984629	26.92334095505146507	918.15267117984058132	80.13310902057023100	948.14553836389882235	123.57699532728611302	384.42610281522269133	1164.40569971939885363	66.52384957193113735	467.35290870842425193	101.64583006128755471	333.77627384645296615	47.70486603310750695	186.92097601034231502	17.22136794591887465	150.21097915581117377
PRDM13	1.26230923645772952	72.96857947378771314	1.00000000000000000	1.00000000000000000	1.00000000000000000	1.00000000000000000	1.00000000000000000	1.00000000000000000	1.00000000000000000	1.00000000000000000	1.00000000000000000	1.00000000000000000	1.00000000000000000	1.00000000000000000	3.38570538000150378	1.00000000000000000
PRDM15	79.27068354316726584	14.46637344696915584	47.89584569694036276	57.21455196991711745	295.50041735746191307	35.04014920875876271	35.55007697282353263	55.22721038640621316	326.42750109471580799	41.69328247706467039	38.59997072217088032	56.10308963238047397	35.91353054145909596	26.06660139843703661	77.70166315469263907	48.37843735770537990
PRDM16	1.00000000000000000	1.00000000000000000	5.02661329660028677	1.00000000000000000	1.00000000000000000	6.03819856050290671	1.00000000000000000	1.00000000000000000	1.00000000000000000	1.00000000000000000	8.28228691292917674	1.65662135286456369	1.00000000000000000	1.87770207177612258	3.39017934934894072	5.17874709387303866
PRF1	8.88900929640202975	58.42573699393127384	3659.65614710937688869	8.04924790867362283	8.22470743195633069	15.89313581818516674	7230.86814353939553257	194.24911621048195798	11.11871875287720712	154.65859773731284577	4257.98533592052626773	115.45999437019105471	8.24094110209509978	8.44220954020703296	1015.66819665315279053	82.61351457586040681
PRG4	5.20016431319759942	102.98177335910865793	12.02080725032247699	1.00000000000000000	6.04130134379123174	2.38047038485177564	1.00000000000000000	1119.83899782186017546	1.00000000000000000	379.81342150180756789	3.35433547825371647	204.35847936199209585	1.54556602605127757	2.50952726472949639	1.00000000000000000	42.53348583626697632
PRIMA1	1.00000000000000000	1.00000000000000000	1.00000000000000000	1.00000000000000000	1.00000000000000000	4.35428937980011455	1.00000000000000000	1.00000000000000000	1.00000000000000000	1.46772929858663637	1.00000000000000000	1.00000000000000000	1.00000000000000000	1.00000000000000000	1.00000000000000000	10.50910387222398867
PRKCD	278.33032609373242394	119.86835013810174644	141.49096944575401835	564.86446375617128979	267.57267257268682670	570.28381059375828954	114.65634775109258214	89.38970184075287762	1018.41447957380387379	83.56908379902250772	318.21394205027974067	93.33931528282073486	1018.96048573243388091	644.02340495127612030	322.46134057357335223	142.77972052953509774
PROK2	1.00000000000000000	1.47208366162162063	9.00763842460972164	1.00000000000000000	1.00000000000000000	1.55151866588436693	5.28076859378240204	1.00000000000000000	2.07925708364875117	10.70887362166081225	1.00000000000000000	2.07155443622894708	1.00000000000000000	27.33155738360408193	1.00000000000000000	1.00000000000000000
PRR11	7.91583322761043373	73.20696121369644516	17.58885686045202945	16.36829467785938874	26.47989459016830338	43.18738612781653075	11.54237060988882035	4.23809635322245093	118.88026736618537882	209.11865252402489546	6.53728964240951260	7.49293227158711517	14.45739765041213509	33.73957055104943947	7.32740415528152322	7.90496778485222951
PRR15	1.00000000000000000	1.00000000000000000	1.00000000000000000	1.00000000000000000	2.05019136420843129	1.00000000000000000	1.00000000000000000	1.00000000000000000	7.84673312377334220	1.00000000000000000	1.00000000000000000	1.00000000000000000	1.00000000000000000	1.17526560435510108	1.00000000000000000	1.93994028238154215
PRSS16	1.45122355445935347	161.11255586355073888	5.27957759021169792	20.72205531124621558	35.36890310961587858	2.24780470640841434	4.50757465648226141	2.87237300673698703	5.95643836890493983	4.79760597909776099	1.00000000000000000	6.79401524492137288	1.40243904303679212	2.29926408218138301	1.00000000000000000	2.39318150577323774
PRSS2	1.00000000000000000	1.00000000000000000	30.86516084096117396	1.00000000000000000	7.45092506248695585	1.00000000000000000	1.00000000000000000	76.90625684512323801	1.00000000000000000	20.32251792108145594	8.96931421663611239	13.00727613200386301	1.00000000000000000	1.00000000000000000	1.00000000000000000	1.00000000000000000
PRSS57	1.00000000000000000	1.00000000000000000	2.09466778156502809	1.00000000000000000	1.00000000000000000	3.05995253536834566	45.63145435000257777	1.00000000000000000	1.00000000000000000	1.00000000000000000	18.01083020371713417	1.00000000000000000	2.12662339412524393	1.50385006470761029	119.08733701231474811	1.00000000000000000
PRTG	1.00000000000000000	41.78545558504188762	1.00000000000000000	1.00000000000000000	1.30162961342029293	1.00000000000000000	1.00000000000000000	1.00000000000000000	1.00000000000000000	1.52528497683951314	1.00000000000000000	1.00000000000000000	1.00000000000000000	1.00000000000000000	1.00000000000000000	101.36940444238543080
PRXL2A	58.31573729232162862	39.04664202885926727	24.77471537427631532	73.52519596604834362	7.06295866802970718	46.97744936382378000	43.52177716928095208	4.33304441127545470	33.02206295712291961	33.09594543420407575	19.38792840517669092	71.49915283005248057	686.53320105680461438	51.95810314612954528	39.83532051884005654	333.32726746272919627
PRXL2B	72.02349237101957158	27.67476268524316652	72.82474535322563725	43.24870291696017688	21.08112395797228800	59.12261484259860111	61.06586872475678263	155.17198779303762990	26.15576941191713090	58.12051244070898548	110.30257288619225164	106.79858222186327055	12.57255298222077222	38.40145621474925264	252.79508818235402146	87.47771857873767942
PSTPIP2	4.80251307201288036	82.65441519932373637	58.92089757881561241	2.26452658298453757	1.00000000000000000	309.20401512066007399	111.79212848616000997	11.29826216083379720	3.42253606734789173	13.11664594627213098	76.81765855322063885	75.23296295770424535	11.86568941881464490	1179.90363030949129097	265.42424837803554283	53.76350099509023295
PTAFR	12.31074951080648106	30.20706231435359612	3.83709431260359324	93.98968967850568390	34.64223025129378897	547.37269559630283311	7.68674912325692361	2.23052765460870761	125.94606833881421437	5.75115468873078761	2.69850489956974382	2.73656628376410671	5.65395574460953565	842.42372204472314934	1.00000000000000000	59.98813655743936835
PTCRA	2.94430152024765590	1.06006576854886903	1.95619313492694014	3.68729735326728836	1.00000000000000000	9.67036010509928090	1.00000000000000000	1.00000000000000000	1.00000000000000000	1.86400184116525303	7.95092351086987481	1.00000000000000000	2926.73181570263068352	12.54516167313770758	1.00000000000000000	11.82715927935901234
PTGDR	1.53268310267665853	2.01982151888950723	415.50932480721792217	2.37195240540706465	15.25573950915063648	3.04622165377256238	1590.77463723908635984	1.00000000000000000	2.81097920952393210	7.43210639810749285	2036.16972924213428087	4.13363676939462188	2.19986923088067288	2.19580763658650913	1822.90310455027497483	27.94538352357521660
PTGER2	2.18872193935124359	13.01130955722752169	190.57569000780935653	1.00000000000000000	1.52271841280425058	66.61974177725211632	703.65649717254325424	6.36010509246164268	1.59224433000707211	7.04722352934237506	437.37583765389399559	28.21802400149202228	2.56950563693061484	221.22401575188780498	261.17828755951063613	46.43354560711968304
PTGES3L	2.91054830776104145	15.33306920793822847	5.12890939620905151	5.33880495975656011	3.38467301453159486	4.89483585462615434	1.00000000000000000	1.38823434555950120	3.02475206370772209	1.53364949533222039	1.00000000000000000	2.42256686687270140	46.55370615268967782	1.00000000000000000	1.00000000000000000	3.47514313791868013
PTH2	1.00000000000000000	1.00000000000000000	1.00000000000000000	1.00000000000000000	1.00000000000000000	1.00000000000000000	1.00000000000000000	1.00000000000000000	1.00000000000000000	1.00000000000000000	3.11368355502987537	1.00000000000000000	1.00000000000000000	2.45659491381134654	98.68416189418672957	1.00000000000000000
PTPN20	5.82534763900847619	38.56857657124128735	4.17798475446328865	18.66883453832333828	3.66215666146769570	2.99677382365718170	12.91335064531794607	2.29615599615900878	7.16702975726571800	2.25877299709822399	15.24423924038059752	15.12463898680058527	34.90837831574108918	1.00000000000000000	28.92731316222782212	6.86237437752922830
PTPRG	1.43490719205385542	132.55848772199937002	1.00000000000000000	6.54327586110955561	1.93998176101882258	12.30158972617975977	1.00000000000000000	1.00000000000000000	10.63293436720710261	1.43887562573593097	1.00000000000000000	1.00000000000000000	1.00000000000000000	1.00000000000000000	1.00000000000000000	300.12528515631561277
PTPRS	5.23084752937308828	30.85479255383192054	5.76338706490550567	14.34756167712473207	41.31424804567710396	9.95657176978491876	1.00000000000000000	1.69825616740013863	97.77084846653580996	2.54453080021478151	5.10961677409770942	7.74518869600317839	1707.88240123623518230	2.75866532662795372	14.37062491486523186	1244.30722288844322065
PTPRT	1.00000000000000000	9.11183601090779405	1.00000000000000000	1.00000000000000000	1.00000000000000000	2.15825743952519122	1.00000000000000000	1.00000000000000000	1.00000000000000000	1.00000000000000000	1.00000000000000000	1.00000000000000000	1.65170266216330708	1.00000000000000000	1.00000000000000000	378.75423492850552520
PXDC1	14.09437250145520970	136.11898924272466616	3.79310131318776245	96.39408474415071737	5.10694562220576298	70.78467716301022961	1.00000000000000000	1.84071790394130441	10.20114134660840399	5.28655959820409294	1.00000000000000000	1.34038316592974094	2.64620234873700344	37.10683379857790243	1.00000000000000000	249.39792382320325714
PYHIN1	29.26128227996745679	30.08944378078173187	978.49661077823986943	88.74035729942202977	15.22672292331728627	7.15789773572850141	791.37202096963403619	937.49480763254632620	29.69670776283559377	359.13737644039468933	619.31622891120923668	400.47130559783227000	8.06639909297855517	5.61267654386712600	19.65773515866149879	138.47556386256468386
QPCT	24.80100583986379092	15.61048415049083005	4.31567699267211680	64.56648929047653951	292.01061347613261887	795.36834446789373487	3.99376471848493653	1.00000000000000000	357.01049927884650970	2.92237027885924183	5.64026990845121468	2.21181304776394327	2.21789396741277489	263.66154185060469217	5.74372080746067759	40.01044565838278544
RAB27B	1.92019648643923824	6.42472718104088436	57.41230044316534276	2.65586461999355405	1.10844100629349862	1.31251978333719732	275.00517665924104449	2.04892840935077780	1.56113300025992885	13.77773753593436901	230.82320542454334600	44.57606610222502042	1.00000000000000000	1.88722312087131350	248.63465678606488041	3.96227228167003132
RAB30	727.45912712103074682	38.39909141167575513	51.40016243765641235	419.39814517634687263	328.41066887575738065	187.20632472245711142	23.43748236230360149	164.73598599746347304	636.56649564103815919	33.62743565229520470	33.29471313208517103	114.48653902228822687	89.13715046312601942	5.74321770672744059	25.34471725023296074	85.78771935682657102
RAB3C	2.19051356866591762	13.81819019207518373	1.00000000000000000	8.84034517999015357	1.00000000000000000	1.24969952721408006	1.00000000000000000	1.00000000000000000	1.19102819625180345	1.21336407087283549	1.00000000000000000	1.00000000000000000	3.39317734381224634	2.01620738696413948	1.00000000000000000	1.00000000000000000
RAB42	1.00000000000000000	1.81597435870190571	1.00000000000000000	1.00000000000000000	1.27099196415897908	10.91347649492888294	1.00000000000000000	1.77205641968517780	1.00000000000000000	2.91987257414944290	2.35023165718265803	1.58476908051480714	3.89925174384729756	11.78474531129534242	1.00000000000000000	41.19842064570563167
RAB7B	1.00000000000000000	1.00000000000000000	1.00000000000000000	1.00000000000000000	1.00000000000000000	291.44567407575317475	1.00000000000000000	1.00000000000000000	1.00000000000000000	1.73067453909019275	1.00000000000000000	1.00000000000000000	8.50412941577231507	13.32412268693953905	1.00000000000000000	61.72357675110837505
RAC3	2.39089769162848675	40.75798180983063901	2.71520950092291447	1.00000000000000000	3.50590636733789252	3.51239572296447022	14.60647406231031731	5.41206778547848799	4.87498924359881780	52.97140380279083161	2.52366331905378605	12.44656669724136577	5.29038587567616325	5.67143105990988428	1.00000000000000000	3.52859136142661756
RAD54B	25.72519979391192990	100.82871681599405633	12.27521261864760227	22.63591723857403082	8.11734873978856797	10.32991208905275116	7.84096576263092437	18.59669205578274287	50.15253349540184757	115.49112661076223674	12.79466453032136286	32.39697369470781751	17.87080588109757073	1.00000000000000000	32.61220893105073770	15.27363381644920359
RASD1	2.59421682481574356	6.42472718104088436	47.52640312349800666	5.45023678095409903	68.88023069356353290	14.46562913950259066	4.75364420492729778	4.95499595770550805	2.50492762116204926	8.14571579384358913	15.63655434621482421	12.22135404402273551	973.68694053953811363	6.47132127030032933	260.97976146428720767	10.66311051391012832
RASGRP3	409.09429423462881914	20.29642329640649834	34.22426443764111070	491.39833570409530239	180.54383419840317515	92.06120086124045088	12.46921681239684965	17.40522396892878021	626.24038484055870413	28.45967488698579828	9.46459692367509575	22.54816606768493514	25.40113403018740357	9.08408859440750405	35.13944144159327720	46.04883279574388411
RASGRP4	2.39065188377839144	12.76456929716671596	1.00000000000000000	4.98385684533156859	1.38241871821758688	127.92899443459579345	1.00000000000000000	1.00000000000000000	1.11791442357872994	2.95827478081736839	1.00000000000000000	1.13298109518333123	15.93550259834709060	158.38282166729331379	3.32100416660477471	2.91245046272204977
RASL11A	65.44805718371158321	11.40656333341626372	12.18996206210824518	83.56396711546736356	28.89017558030050026	23.45486030145314871	14.34865097778069298	50.64168037667362654	207.53940145340632739	8.64437094125457861	4.69034621624764902	24.75286090719517773	5.61151196184605450	31.40081316382585896	3.09166850344741695	367.39640446311739197
RASSF4	6.04860049777947584	75.03365057715681985	38.20579882978866948	6.08932089903539087	13.53740405975548455	1289.89946332141153107	124.27507609867868155	1.00000000000000000	14.70554183771167978	16.60770997494923762	37.75195587261868013	6.22539992895125938	32.96023840944222627	1168.24109598942391131	6.70151689468951162	292.10892671648247187
RASSF6	3.07428917926140288	3.81295215161235745	3.76157227598819066	65.71076815965224682	377.52631552919160640	9.83683924301055512	1.00000000000000000	3.26636758865100507	453.26945033896259929	1.96045060631229351	1.00000000000000000	2.63358140662071571	1.00000000000000000	1.55570881447856202	1.00000000000000000	1.00000000000000000
RBM20	1.00000000000000000	25.33264893792162553	10.68170066426897513	1.00000000000000000	1.00000000000000000	1.00000000000000000	1.00000000000000000	1.00000000000000000	1.00000000000000000	2.48334745607402230	1.00000000000000000	2.98158512636707673	1.00000000000000000	1.40950473526317110	1.00000000000000000	4.50822882726861440
RCAN3	302.95554235244867414	24.20221021177449572	279.58714598522118422	315.20347363514167682	34.01861770393666973	78.97448687050342642	73.68314198931916792	490.73028266912933759	148.70191494640158680	323.63218435001738271	188.58408065353106053	1071.24018639321047885	137.42436234670691420	34.13942197064579176	530.50039567529768192	98.32453423094406730
RCC1	78.11263992312029814	85.85708963585133802	32.01887338714547582	68.17545464821786538	41.19743593250996128	49.60859351217604996	44.32171910302126605	47.57882004512355678	224.11399781299135725	357.73313810142786906	52.02645743982518667	64.58642667332514975	51.02423904520846776	40.63009026570973958	42.00080269272245914	67.48222933911461041
RCCD1	71.86871439780888693	67.09848133741265030	26.88696477833748588	64.56079717566703380	35.83729507384378365	23.07911677785225990	8.47076719708445580	41.63564497622598992	188.67155138704777073	213.30072154845370846	23.53589294175024804	54.44306335330183799	59.92992907954871384	25.75476300370214489	54.29009337378886357	104.68389289728925462
RDH10	13.92285912535515990	30.54148496021660364	237.29942478323181376	9.13298826466152214	13.24094420906194536	13.21144912604917820	28.20529481393590032	455.62851988756546007	5.15836993687789924	257.96292047459314745	10.98820422791484042	117.17341569111428612	4.97051272757597307	9.46569306048451153	6.74524365216588695	574.66764209793086593
RELL1	9.03995335640961706	3.89265989117469147	95.53214093660294282	10.67994716968490287	26.59136588414103741	61.19368940332812201	78.34745324055022309	76.15494245632626757	22.93232558482976202	59.98788387109059528	180.14025181730414715	100.27573977508779990	234.67421654798889108	77.76928817465002908	239.31339305268772932	495.55381126071904418
REM1	1.00000000000000000	1.00000000000000000	1.00000000000000000	1.00000000000000000	1.00000000000000000	1.92078178339900640	1.00000000000000000	1.00000000000000000	1.00000000000000000	1.22434545583023846	1.00000000000000000	1.00000000000000000	1.00000000000000000	1.20605420638424188	1.00000000000000000	69.16877774587318584
RERG	1.00000000000000000	1.00000000000000000	1.00000000000000000	1.00000000000000000	1.00000000000000000	1.41709300243103486	1.00000000000000000	1.00000000000000000	1.00000000000000000	1.00000000000000000	1.00000000000000000	1.00000000000000000	1.00000000000000000	1.00000000000000000	1.00000000000000000	194.16932454050373735
RETN	1.31044676876634325	8.46107726884384448	1.00000000000000000	1.00000000000000000	1.00000000000000000	44.52156418305231256	1.00000000000000000	1.00000000000000000	1.00000000000000000	1.00000000000000000	1.00000000000000000	4.53159522265331116	1.00000000000000000	537.01765774020964272	5.69220140148201281	1.00000000000000000
REXO5	1.78865727310015532	12.51805754285672023	6.95016612034222714	1.00000000000000000	5.75586684607026022	7.00824910512301180	24.51624682329438798	3.61562734631503790	64.25965901579688477	57.61199902272883833	27.53374986332646301	3.04596474721855293	7.80157421686266606	2.46319723029133675	10.96527003890683361	11.50588735150120634
RFPL4A	1.00000000000000000	1.00000000000000000	1.00000000000000000	1.00000000000000000	1.00000000000000000	27.28447176385262907	1.00000000000000000	1.00000000000000000	1.00000000000000000	1.00000000000000000	1.00000000000000000	1.00000000000000000	1.00000000000000000	1.00000000000000000	1.00000000000000000	1.79033316128877051
RFPL4AL1	1.00000000000000000	1.00000000000000000	1.00000000000000000	1.00000000000000000	1.00000000000000000	15.47868589486478896	1.00000000000000000	1.00000000000000000	1.00000000000000000	1.00000000000000000	1.00000000000000000	1.00000000000000000	1.00000000000000000	1.00000000000000000	1.00000000000000000	2.51849084863711958
RGCC	31.58401002153526704	8.40178930221348530	620.25459951611821907	143.33855134150968524	257.88199567863284756	700.23901049963251353	122.21814565846553080	865.93458675486169795	233.03141998051745531	571.02246661120921090	319.19161976267781711	2253.91153735112357026	46.63580158967988609	107.97129905696765206	320.50037604897636356	84.87454189349722355
RGS1	316.87382781553196764	120.27388459612102167	1753.79697771960672981	442.75011438866005165	816.88407419523821318	894.51861723386730318	294.05008227563655510	2457.53669772840612495	402.01484696181273648	442.58901562950995867	564.70875902271825453	1218.00553824804501346	2542.50737087864581554	79.41467552938017604	457.05721944613100050	251.41727745641480851
RGS13	22.16649187375498542	15.88612552928468524	8.03641836866701098	91.28072541190260836	677.19964961771313483	9.30614798957058120	1.00000000000000000	1.55143264293435634	2763.69829773368246606	1.00000000000000000	6.19112490496479762	2.90620144113692369	8.11508510622047829	1.00000000000000000	1.00000000000000000	6.39683837874111383
RHEBL1	76.47956242701141605	307.39309814993856662	33.04810348491677274	68.33414937264439004	12.32879515952182636	15.21934979713878811	40.47062963822354931	30.41988425739079460	23.79182665945095820	52.95783176742173026	64.45814203138992582	19.96878120065251494	13.00388338877800720	16.30344443123377118	45.54875348847067329	29.77033509979704462
RHOH	3036.81739781254373156	207.02180734425846254	1710.99962783215573836	1751.77673847006758479	310.52858405147662779	95.48241926610192820	939.07833276999372174	2215.49260529169987421	1943.29352570717492199	699.78150912931721450	742.42541365431065969	1981.99736140492609593	253.59430523425893966	90.16913066456754677	623.67824367861578594	173.96325287119475433
RIMKLA	1.30785204052562110	91.75348101695283276	1.45105971108611498	1.00000000000000000	2.19303040615761402	1.77276837084958894	10.14705566951064419	1.00000000000000000	3.87651818475431886	5.73754655908062539	46.79086128439885073	1.64735262637688051	1.00000000000000000	1.00000000000000000	7.47424709734519510	1.00000000000000000
RMI2	283.06312761576862158	290.36047538151137815	25.21067122891778922	147.54305607800361599	19.11114199942861447	68.92796902341626719	11.05565501369664716	159.86729024397772037	860.03241583439478291	540.32949729248252879	21.29597015543551564	136.02938642780642908	18.86138809601495936	33.38936787119685334	59.87055722743533437	45.52372224263876888
RNASE2	1.00000000000000000	8.96025237075242664	1.00000000000000000	1.00000000000000000	1.00000000000000000	84.28684911502300281	1.00000000000000000	1.00000000000000000	1.00000000000000000	1.00000000000000000	1.00000000000000000	1.00000000000000000	3.25622427861814501	191.39786996859558599	1.00000000000000000	1.52486883336746759
RNASE6	714.37033760182748665	18.88729459965635016	29.75994418853132117	421.64609357360239983	154.11892773718605554	497.84943043043114130	3.84694160819989239	5.78345726497247981	19.60192856118037597	19.02167969582140117	34.21906315283548849	12.56453617041999848	2636.25156965031465006	218.73542643467885682	105.36360006489846342	114.44772393243029285
RNF144B	107.71295998384978532	106.96861779964123684	5.55946175889787764	97.31492159346915116	8.72789034627082572	448.58540182984972944	12.16291484005788881	8.51092008783249021	368.21674166509063753	7.46204113237418376	24.14034387404414517	29.41929058846285727	402.67045944433584737	969.87683811208819407	31.05349982704455059	69.10885648537075099
RNF152	1.29263977874799285	1.00000000000000000	2.55630746663909969	1.00000000000000000	1.00000000000000000	1.00000000000000000	1.00000000000000000	1.00000000000000000	1.00000000000000000	2.06268472398536762	1.00000000000000000	2.58288335991979601	1.00000000000000000	1.00000000000000000	36.73819655161708653	25.08580539644134078
RNF157	9.39303404586820889	29.60733309047322592	146.69158780942743192	3.24668281907588163	17.52035952403950958	4.18076529434471134	46.07107689181940913	5.47105385808970013	2.90024366790641519	16.74500676186980641	40.14573722158831970	130.99565240945503319	3.08367367505530332	2.26333948574481703	43.91423584793332680	50.39462509638774890
RNFT2	26.82522555410812615	28.01102483252653386	8.12185716249233280	32.27256668063178324	25.19524309973331100	10.06198054745907200	2.20850041089899030	14.70105430665352841	113.57231238214620817	28.39711924890217887	4.72717534519999560	15.91565249902343560	9.62549791807836286	3.04323108455804103	5.33858722604889024	10.52582567403214675
RORA	22.83879741341837999	46.85672882067903089	424.41241734490165527	66.53906568267657917	21.22212461158691710	18.04526139755440894	404.90343302108254875	1214.27905513457017150	10.67154798790605419	501.77268494225370432	325.56215311959419978	923.91273698898987732	19.42378074197002036	5.29944582304038203	259.89920851848006578	200.67515576336600702
RORB	1.49551500691161388	20.79895722958681503	6.32826184581917772	1.93325024736819251	1.91118474539092120	1.00000000000000000	12.89409416006892783	3.94810376149586384	1.82317176966068462	5.01555048831066408	12.37949552291108901	2.46985321546235426	1.00000000000000000	1.92695019215536334	1.00000000000000000	4.17575899831116626
RORC	1.93950417420210885	8.46674324433400294	13.33034969228780930	1.00000000000000000	1.36898794344599350	3.22014129762521906	6.25798271167724174	3.87479861513630430	1.82304685271630751	13.37663633652197781	26.51980733051323469	8.11584665300372698	1.86166516896680112	2.23430193930729093	957.69342522873728285	10.35704369457457830
RP1	1.00000000000000000	458.33965172191761894	1.00000000000000000	1.00000000000000000	1.00000000000000000	1.60175705935646162	1.00000000000000000	1.00000000000000000	1.00000000000000000	1.00000000000000000	1.00000000000000000	1.00000000000000000	1.00000000000000000	1.59183526084422367	1.00000000000000000	1.00000000000000000
RPRML	1.96067476703269650	1.00000000000000000	1.00000000000000000	1.00000000000000000	1.00000000000000000	1.00000000000000000	1.00000000000000000	1.00000000000000000	2.22434337971384899	1.00000000000000000	1.00000000000000000	1.00000000000000000	1.00000000000000000	1.00000000000000000	10.38433301716464463	1.00000000000000000
RRM2B	300.62643211516217434	77.21538315404288255	84.35937035423575026	210.62067695549572477	41.44963577926495901	119.75460017084820663	87.55179673079837244	82.55427973699427469	453.27186918581037389	35.50928099026437224	106.73219199914142052	71.38417949019124364	141.37703029155446188	68.33359183863589692	153.69898600510194342	66.52118740623436111
RSPH1	2.36278945924218009	26.35629828778473893	1.00000000000000000	3.39564327419359380	6.07418394005769091	1.00000000000000000	1.00000000000000000	1.00000000000000000	5.70495303355787975	1.87484616035663887	1.00000000000000000	1.00000000000000000	42.44771253141436063	1.00000000000000000	1.00000000000000000	6.95061894410566783
RSPO3	2.11495951096195300	1.00000000000000000	1.00000000000000000	1.00000000000000000	1.00000000000000000	1.00000000000000000	1.00000000000000000	1.00000000000000000	1.00000000000000000	1.00000000000000000	1.00000000000000000	1.00000000000000000	1.00000000000000000	1.21623516332025128	1.00000000000000000	539.93753619429185164
RTKN	20.45155232648906107	17.56541655891445686	19.88533926929280327	22.75192026674423218	22.68536521112197946	11.16785586992169499	32.49099782117755097	1.00000000000000000	5.92663199144520370	5.27783415283318202	29.59004814805119210	3.52677792534005086	67.18779979470448893	2.80218881010902487	10.51655455700131370	108.94616348673622497
RTKN2	11.13980277408668584	2.34535324167505976	165.45796700418188152	5.88751252247388912	5.89439794846909049	8.86786652205792691	47.31724415980822585	1027.49773469475098864	85.77432303522245149	199.07398320371751765	4.09177163747551553	212.36090417928141960	5.30232603126304980	3.31600923507153400	264.29485535520228723	26.54187597710329882
RUNX2	6.87874958233192846	286.85442965842003105	245.18629901215527411	8.35483594502258775	46.30076940460033796	124.23810522362281006	246.24146438764572054	378.37795943375914476	22.26056214577095460	170.06306071706458738	428.35477279350470781	107.32712702081549594	1852.67948378429059630	25.63464326712653829	915.15560456559285285	127.75670476708340573
S100A12	2.56435303893023203	104.98738333852254812	1.00000000000000000	1.00000000000000000	1.00000000000000000	156.68944539929057669	5.30333687176247714	1.00000000000000000	1.00000000000000000	1.00000000000000000	1.00000000000000000	1.95028896010140618	4.31131384925773986	2156.69651022730931800	1.00000000000000000	1.00000000000000000
S100A16	1.62464300722212585	8.51682273540103907	1.00000000000000000	1.74859413269549391	1.00000000000000000	1.92862932921782204	1.00000000000000000	1.00000000000000000	1.00000000000000000	1.42397245517161730	1.00000000000000000	1.00000000000000000	1.38052693599039178	5.14616334576775092	1.00000000000000000	407.05048925813110827
S1PR3	2.60221111143198991	66.86341589562506726	1.00000000000000000	1.00000000000000000	1.00000000000000000	7.61128577270370776	1.00000000000000000	1.00000000000000000	1.00000000000000000	5.85689790545351929	1.00000000000000000	1.77347060624300878	1.00000000000000000	13.46823397920553766	1.00000000000000000	756.22030868805518367
S1PR5	1.29660370294419902	2.66106360800539044	197.58518408120124832	2.29595045909391615	1.00000000000000000	1.35954252101574879	858.44185744516289560	1.00000000000000000	1.00000000000000000	1.00000000000000000	209.88877282339447561	1.00000000000000000	1.42479048642679107	1.00000000000000000	1.00000000000000000	3.33948373380742058
SAMD3	4.00210343160868565	8.07056319720490123	931.69878948889231651	12.80615242256612696	4.56639435244928027	4.14385499185916295	1258.61601123077116426	6.55114534921352742	3.12127178662226479	81.26893010653621729	1538.11845608986959633	285.43562173152224659	7.00846498905688886	2.44440012849210220	538.47582926149812010	40.46187432638757997
SAMHD1	204.30117692554458131	192.04867291098744886	1053.04237235305868126	230.44150083237011017	147.75102185749491923	3579.34823497225352185	1508.12938380714717823	1037.80016852749940881	261.07886921030399208	456.58526175506057143	1214.56201214924453780	1287.07101795334415328	3234.54133619238200481	2800.55373450088109166	1224.73561950403473020	1449.52990642958980061
SAPCD2	2.62717928948748725	35.53246401366646268	4.06848148866660164	4.24368705014953829	12.53772249435851904	2.17374865833513198	1.00000000000000000	2.25348851114870374	78.31836786639185277	107.33785025317735062	3.10391722532607073	1.50809075933624870	3.09671501510561864	5.37625470428851138	4.84919653217977320	4.23325747925510321
SAXO1	2.10100844955026389	30.50106264101924936	2.11082062726532449	2.81606880280360450	1.00000000000000000	1.56884559282342972	1.00000000000000000	1.96546089725593975	1.00000000000000000	2.05604452065514032	1.00000000000000000	2.10405843705187889	1.00000000000000000	1.00000000000000000	1.00000000000000000	15.30936585412273487
SBSPON	4.13085486330526397	1.00000000000000000	1.00000000000000000	1.00000000000000000	1.00000000000000000	2.24990724831185673	1.00000000000000000	1.00000000000000000	1.20122478051017412	1.00000000000000000	1.00000000000000000	1.00000000000000000	1.00000000000000000	1.00000000000000000	1.00000000000000000	387.94449828456276919
SCARA5	1.19681830675108891	1.52941927396448119	1.00000000000000000	1.00000000000000000	1.34239382851620004	1.95369461948173972	1.00000000000000000	1.00000000000000000	1.00000000000000000	1.00000000000000000	1.00000000000000000	1.00000000000000000	111.90740304535484029	1.00000000000000000	1.00000000000000000	155.39461912309815261
SCARF1	2.35629092611348057	194.64150978470581776	1.00000000000000000	7.54780839959543393	9.03248311248497338	389.13997807998453027	6.50946380135748814	1.00000000000000000	4.02187859977599427	2.80729212273392692	22.22988866339549929	3.27726402620151092	27.10287596694942991	130.32685273604337794	251.25633558549856161	79.55848194011031183
SCIMP	646.45932125747901864	26.48615386779270864	8.49321150761660881	1904.04337511499170432	34.12858283274199778	765.29630062823082426	13.48788625520344198	1.00000000000000000	879.78821760638061278	3.94528755265097519	12.37014482740923249	2.81521333904226889	7.30667000585878945	784.13549063568279962	1.00000000000000000	85.71654545568439687
SCIN	4.12066147346218337	12.72330788327151119	1.00000000000000000	3.31896399746450665	3.80937182497956917	1.63267260959611704	1.00000000000000000	1.00000000000000000	12.68710830682077884	1.00000000000000000	1.00000000000000000	1.62832463713368369	2.13154269753126524	2.08334612250496587	1.00000000000000000	2.93061324483900831
SCN11A	1.58357266044369238	53.56338089188446361	1.00000000000000000	2.40948443493021358	1.31834908661279870	19.60046899084122884	1.00000000000000000	1.00000000000000000	2.51386997456418371	1.55871454362762174	1.00000000000000000	2.17725572675556256	9.69795348670131396	1.47795818985710947	4.29795416712322709	1.44042187373585828
SCN9A	2.44159495311455599	1.00000000000000000	1.00000000000000000	1.00000000000000000	1.14396251576587016	33.63442787297960024	6.25798271167724529	1.00000000000000000	1.00000000000000000	6.79505375321319338	28.92518187221160275	3.67685714257865115	735.28590323256798911	13.37182546768474545	62.31817203507770841	5.09242397765836419
SCT	2.11301121568395001	1.00000000000000000	1.00000000000000000	2.13585243827100157	1.49996860866991044	5.25732524132069035	6.73962113868463231	1.00000000000000000	1.00000000000000000	1.41326431378524631	3.34761620443350205	2.55641606504434860	2558.96883063772520472	2.87740334558542621	9.89452680687118402	17.07212450513668855
SDR16C5	1.00000000000000000	1.00000000000000000	1.00000000000000000	27.09021772446065057	1.14946218563689961	1.00000000000000000	1.00000000000000000	1.00000000000000000	9.07483740136981609	1.00000000000000000	1.00000000000000000	1.00000000000000000	1.00000000000000000	1.00000000000000000	1.00000000000000000	1.61689219075611046
SDS	1.53128717963108385	1.42083064536134840	1.00000000000000000	1.00000000000000000	1.00000000000000000	26.27244989120897856	1.00000000000000000	1.00000000000000000	1.50262428989747931	1.00000000000000000	1.00000000000000000	1.00000000000000000	2.42396732738685294	27.61229652241714660	1.00000000000000000	1.52162113696218393
SEC11C	459.83260130920672282	2744.45700576266926873	1040.12348661835972052	781.07801629232073992	3266.30013972654887766	534.01409155590033606	686.31853489292211634	1840.13037300825953935	532.50641822258444336	1233.46873068895547476	485.73063546934673695	1040.73125079644410107	1191.49461753406239950	408.20116420140971059	588.71760845704784515	202.79858848951852224
SELENOP	15.15960544430012824	3.03699718718994038	5.93978276314583820	14.81450305939251066	17.79613849250446123	83.62837093882717454	1.00000000000000000	2.44434758194187784	1.36914611307317946	15.85748548101942568	4.12683104872407025	2.56288736140809759	50.34005060387919883	89.38800767698597838	11.18180152135842320	1087.47486937773146565
SELENOS	251.73478756437162929	678.61637937635794060	686.91257161720568547	310.91113334445151395	1500.09652930349420785	540.33119210303789259	871.51549067321911934	569.88162124682685317	198.98113790100683218	376.70519311656056516	901.89080304531114507	461.70558699122778989	2927.25691490731787781	691.18886169619008797	1222.51838897594075206	641.18354967766003938
SELP	6.40195072612707694	1.06006576854886903	9.95414127122884018	8.45481746864864370	1.39128540715526228	3.35821620440341073	1.00000000000000000	26.07723440386430269	6.38670491043315725	8.19512344556700256	4.88334340253175991	7.77872835979509514	2.51147763215794573	3.65419667050471997	10.96473190184462787	37.05750328539708249
SEMA4A	72.14080421022411826	26.05927544836012189	185.98542151160489766	20.84052037616092434	367.80221544863633198	557.37296020125450013	27.75884304183114892	4.69833829463346309	903.58748489500601409	16.17078586640308302	2.07344333741640252	32.80171748765722839	202.28600527785260965	325.40274586290394154	3.09166850344741695	166.01847527051862130
SEMA7A	317.96212402384719553	90.88436516463399073	174.25730682182350506	571.66611597905000508	17.64856578039224999	146.93191254150389113	77.19631700856700718	3.26025945608738876	216.88497268547305907	23.93526494495526080	110.22077388310984247	4.57672266720678955	459.60055941540798585	20.87344684289811880	6.04873919651781833	234.99689216127165992
SEPTIN8	6.02477486783208693	293.52355260186430996	52.39527378882919351	19.13052602765162646	11.12098960769566602	21.69556901199132071	39.12086585172460929	58.63726842023744013	14.97788382932436768	63.06082569871320942	8.15624270863131073	43.10084517927670333	3.29956918458324111	29.31819796910111364	1.00000000000000000	717.58005802294144360
SERPINA9	5.47993508109005756	1.00000000000000000	1.00000000000000000	41.28194492023778395	8.54546762205192856	1.00000000000000000	1.00000000000000000	1.00000000000000000	1124.92152867537879501	1.46347565970017368	1.00000000000000000	1.00000000000000000	1.00000000000000000	1.00000000000000000	1.00000000000000000	1.00000000000000000
SERPINB9	636.55010651949021394	333.68429844520312599	627.66875669007208671	445.72976458185024740	118.81328756860600038	1820.14309751816040261	504.76244793795984833	213.54207526741967627	461.35772586666814732	180.47074019698558800	446.94278272286112497	365.57613743649994831	461.70019799906089020	1839.49094738194548881	180.49037096014126291	2045.17993852031781898
SERPINF2	3.25062376586751878	2.01056472992970292	1.00000000000000000	7.03014232989808097	9.08095630518026375	190.01458731226665577	1.00000000000000000	2.07708159482512134	1.18716329918750652	1.00000000000000000	2.10602285959324753	2.59572726804637322	466.99579485685097779	23.68649272247715842	10.35487674155686832	197.33877611414101239
SEZ6L	1.00000000000000000	112.14490543300436798	1.58620241206534596	1.00000000000000000	1.00000000000000000	19.73624153783103452	1.00000000000000000	1.00000000000000000	1.00000000000000000	1.00000000000000000	1.00000000000000000	1.00000000000000000	1.00000000000000000	5.10456514501982461	1.00000000000000000	1.00000000000000000
SFTPA1	1.00000000000000000	1.00000000000000000	1.00000000000000000	1.00000000000000000	1.00000000000000000	2.61180789914752287	1.00000000000000000	1.00000000000000000	1.00000000000000000	1.00000000000000000	1.00000000000000000	1.00000000000000000	28.59941022064871063	1.00000000000000000	1.00000000000000000	1.00000000000000000
SGMS2	1.38945204133876477	16.09308197278108210	1.00000000000000000	1.00000000000000000	1.10844100629349840	47.36359646510577193	4.03737733693658818	1.00000000000000000	1.00000000000000000	7.20110880027803724	6.46781366895446830	1.00000000000000000	1.00000000000000000	89.65405101334907556	1.00000000000000000	80.18582938771876911
SGO1	95.46389295407242059	132.13702863489595529	12.28173963303328620	55.82635113890239609	27.77808271135982920	23.47930281640616457	8.63491236020107245	12.14633587955466254	277.17883766355328135	381.80906959406962642	21.96164807397002150	8.24103011542865893	68.87935429775225771	3.93941617049100268	20.41055388728253916	13.92750364853653622
SGO2	64.06736533581140236	96.76519519473524156	31.56431146197651927	42.02811303162113887	36.08660838846135732	17.80516183182097478	34.09802160329696363	44.59604679571282304	288.33241305205206118	383.04036102715502921	59.89156431056537144	29.52647063452135257	31.97693067674686063	11.14039064844770088	66.80387114124542336	13.61482666573711420
SGPP2	7.40020913012446790	1.89255185107754964	161.21315523804008762	79.23576050822690320	17.60598023111419863	3.57412942374754561	9.51530721131660506	423.76123503719122709	35.27744052595592450	133.97693825020115810	6.94716307659240417	144.52067582005716417	3.53061684997069625	7.43018266880223699	5.33858722604889380	25.64090111467963951
SH2D1A	20.47780300824380006	374.56300479424646710	1351.53413610876691564	16.44512507786487632	15.91231597888686444	14.59909223859182070	638.70309968700667014	2401.11098325572356771	11.04948168863871949	1289.07060935388358303	790.46252433573533835	1046.44595663017867082	5.45181462421972363	10.20656371943482732	61.58983029113993979	138.77300984901117431
SH2D1B	1.36835676509730786	1.95975575034063976	9.32978542894301555	1.00000000000000000	1.61967138777812214	3.91043452815356707	867.37211038237705907	1.00000000000000000	2.06662505101485738	2.35831475076703567	1812.45734055304342291	2.22780726568781606	2.22872756263270944	9.29075469469848869	1924.71213090782066502	3.40854078171347519
SH2D2A	24.86641452365559601	168.87720569659941816	1441.98956612385018161	48.56841421900501388	10.83994935220690259	11.31741460835236879	1599.26288194756034500	1146.78874306085162971	38.21677630998452457	661.31873397286244654	1082.84815143249602443	822.57307546632705453	3.72922717138696047	2.58140656987788830	307.87924367367003242	24.36160809442644748
SH3D21	14.18990259074590554	2.44203543225535213	20.67268003662559295	8.77506106292147514	16.41722194306769467	51.50343600733641125	30.14414871173637778	10.16918312047057782	42.85615264164615468	8.16293878577518583	94.73660905939836141	12.83966554330658916	113.20415113147099362	12.78511130718298006	36.85905828029314790	58.84358973036825091
SH3PXD2B	1.76210217910180167	19.09439165911875946	1.00000000000000000	1.00000000000000000	5.25709340437333505	100.83448648637133260	7.49028417978458894	1.00000000000000000	1.00000000000000000	3.06470169455034469	1.00000000000000000	1.00000000000000000	3.32227919788789583	284.04434782344401356	1.00000000000000000	323.15670055677821892
SHD	1.42232207877035055	1.23525963378126069	1.00000000000000000	1.00000000000000000	1.00000000000000000	1.00000000000000000	1.00000000000000000	1.00000000000000000	1.00000000000000000	2.14177485073719609	5.56356059099395672	1.00000000000000000	1164.21424414199054809	2.07002452559231021	76.28619870650989299	11.89200992374072641
SHISA3	1.43286534497629181	1.00000000000000000	4.82866560857697991	2.23563894559581122	1.35586777647115109	4.36709697875649017	1.00000000000000000	1.00000000000000000	2.05249443654101604	1.91872424680347731	1.00000000000000000	1.00000000000000000	1.00000000000000000	1.00000000000000000	1.00000000000000000	389.79091265989404747
SHOX2	1.68356266720093495	158.43543287664087416	1.00000000000000000	1.00000000000000000	4.70231007438167214	1.86024746780001049	1.00000000000000000	1.00000000000000000	3.49494642235085085	1.58605944624194817	1.00000000000000000	1.00000000000000000	6.13740850409481453	1.87820065962703997	1.00000000000000000	280.01942281446287097
SHROOM1	2.75262635833782587	365.18871380362941181	3.36767325392879169	7.24952885406581604	15.98760390135661069	8.36883838648643774	11.17730540966035235	1.81118717954980490	3.47839119205994907	3.78285961239660962	18.26780906151680028	2.53426481961515826	1.00000000000000000	46.62164142712808967	46.07585928514257034	25.33124642633766044
SHTN1	1.73492628784786529	33.16910720461290651	1.00000000000000000	2.59709908343734419	1.50219500855604249	750.43397588057825942	1.00000000000000000	1.60200885074779009	1.44908997631571457	4.82500520921232212	4.73143748425099719	3.05120918869800617	251.96539748240843437	273.46991029343490709	33.84491843643554176	132.90035120664794022
SIGLEC1	1.75071484324189885	1.00000000000000000	1.00000000000000000	4.47900891876943152	1.00000000000000000	36.31468623354899705	1.00000000000000000	1.00000000000000000	1.00000000000000000	1.72280901401711217	1.00000000000000000	1.00000000000000000	1.37759326850247765	126.86932134296334596	1.00000000000000000	54.68398511271885809
SIGLEC10	442.13766157846993110	116.59583177249031394	15.30022744030112669	767.73085149293638096	23.18036444555056974	427.35738447980179444	8.47060511534679961	4.34521290325352982	274.60143536841150080	6.42447481778529106	1.00000000000000000	5.73204300263220023	19.83551571806088987	1286.21592319139335814	3.11511890427517635	69.72157815092258204
SIGLEC15	1.00000000000000000	1.00000000000000000	1.00000000000000000	16.33623609500364893	1.00000000000000000	5.33562660124165866	1.00000000000000000	1.00000000000000000	1.38372442112125182	1.15814950890475066	1.00000000000000000	1.00000000000000000	1.00000000000000000	6.73256772400338566	1.00000000000000000	15.32070663399351673
SIGLEC8	1.35355549157780208	1.00000000000000000	1.00000000000000000	1.00000000000000000	1.00000000000000000	3.98161270178777649	1.00000000000000000	1.41534514741268613	1.00000000000000000	1.14854301792569036	1.00000000000000000	1.00000000000000000	1.00000000000000000	3.36623335163977888	1.00000000000000000	28.44875784487291170
SIGLEC9	1.43529969938262836	14.50609327510341728	2.29456650447990862	1.00000000000000000	1.00000000000000000	184.04926820724665504	6.23304538869401448	4.65350460993319004	1.00000000000000000	5.37108833917585304	4.83267943431536295	4.73915052422949579	48.37692715192727633	358.40149160383009530	1.00000000000000000	14.07461585251762237
SIGLECL1	1.00000000000000000	41.26728607667659787	1.00000000000000000	1.00000000000000000	1.00000000000000000	1.47072785207795742	1.00000000000000000	1.00000000000000000	1.00000000000000000	1.00000000000000000	1.00000000000000000	1.00000000000000000	1.85552074060803629	1.00000000000000000	1.00000000000000000	1.00000000000000000
SIM1	1.00000000000000000	136.92165805557164049	1.00000000000000000	1.00000000000000000	1.00000000000000000	1.00000000000000000	1.00000000000000000	1.00000000000000000	1.00000000000000000	1.00000000000000000	1.00000000000000000	1.00000000000000000	1.00000000000000000	1.00000000000000000	1.00000000000000000	1.00000000000000000
SIRPA	23.65757799613457735	36.33173193735714790	1.00000000000000000	26.74682331886458897	11.90992561052880738	427.73329447009621163	1.00000000000000000	1.00000000000000000	2.99681733386745996	2.24468601352323693	3.13438652841821730	1.00000000000000000	24.85805521257492501	691.88676031669353961	1.00000000000000000	274.55479422568640757
SIRPB1	8.44819477510004191	5.38298621548666478	11.98939376797800449	20.13098046415810316	4.98411034539600450	128.16583209828559120	1.00000000000000000	17.13964115646509967	10.10341256101259866	7.04136432222291031	5.33228144043922292	11.79037452525408014	526.36783385152784831	221.64436066187252550	1.00000000000000000	19.89290689623957675
SIRPG	12.24848011336362141	46.30252599873388419	1194.72174993123962849	8.81752813050704276	12.40698574910178387	19.82401701904501223	228.00348462502753932	2655.08853866118397491	9.57619185108959314	1167.76797571752376825	261.93515509712199218	1557.86292340916065768	18.78418742069114700	6.82627370297632652	255.63345907230151965	106.04118347826963031
SIT1	848.12916185380458955	33.88154073204666616	1647.58454395844091778	1086.72232944099278029	153.22847689199841170	24.62931236631889576	169.02568453540126825	1438.57144607995019214	1326.87745723537932463	822.37691775889322798	16.04341897406600026	1432.39724602172896084	756.41707396814297226	12.58188281140943410	16.61069237885689986	88.40346791968694617
SIX1	1.00000000000000000	400.64490517896348365	1.00000000000000000	1.00000000000000000	1.00000000000000000	1.00000000000000000	1.00000000000000000	1.00000000000000000	1.58965346636847249	1.00000000000000000	1.00000000000000000	1.00000000000000000	1.37583435176694957	1.97800319604675168	1.00000000000000000	84.32225174237183296
SIX3	1.17767109978469176	49.09676397122350266	1.00000000000000000	2.35258758929867717	1.38458736506891222	1.62842488616594716	1.00000000000000000	1.62599995095674466	1.54091793604297367	1.49094722416575021	1.00000000000000000	1.00000000000000000	1.00000000000000000	1.00000000000000000	1.00000000000000000	5.16026639223161609
SKA1	5.64690763910219484	82.22232519370925274	5.44738304270774520	12.42349537947101012	26.04718987302074495	2.18608391702268356	5.60598538147758063	1.93622328926092546	84.07024033819209308	168.83867054775379302	6.60828564147926301	2.58097436883759457	2.09188392780571908	1.85680696200563800	1.00000000000000000	12.38602711315465577
SKA3	3.64795961075896091	41.24100830773036108	4.16652356123095124	1.94597575580255233	26.53972976559371588	4.11504700120765587	4.33152547694770362	3.72226317384860783	88.22503246814579825	236.69457253428544163	6.23580002617227791	2.52147959954648826	2.77345925721285402	4.69343042309905289	7.25093170706347134	5.19621028073504654
SLAMF8	3.37228035874910370	29.81258148228442550	51.40312514418312873	5.96680979746208529	4.09688887030672966	1049.55037459726008819	77.87299732297938704	2.39446704309649849	1.43857050203428161	10.41204857600791378	36.39016546579104272	2.67645583075691640	12.00240052248308764	723.92385621961898323	22.55519057171481023	281.90005166935634406
SLC11A1	10.54466136016857725	33.30924999590866520	11.59472804748353347	25.33418564474520096	5.54017177501690306	17.18898784768560617	9.62823627134953952	4.05693208338424149	10.94508677033086386	8.67201726111887439	34.06644901894399169	14.53438625438398546	8.10266653199963649	507.84949643485953175	48.57760964335189868	4.78510581817431468
SLC12A3	1.54418138037816388	4.88415934765182680	1.00000000000000000	14.99132456149103376	1.61915216540961704	48.11755151319542279	1.00000000000000000	1.00000000000000000	47.75248060949087403	1.49599069418669917	1.00000000000000000	1.00000000000000000	577.80232475109937695	1.53818591060966403	1.00000000000000000	11.25105119641127693
SLC15A3	179.08852745296306352	49.95838540344191614	1.76833784339364120	225.22493254268127316	39.91787672976294488	327.65632672949010384	1.00000000000000000	1.00000000000000000	133.81744292071837776	7.76236977384030435	2.97026953713840314	8.14881383469552034	307.08487849406992609	690.06158281576563240	5.89749557391486690	413.32790851121774267
SLC15A4	628.40065029370316552	155.96782559413423996	273.11115823339042663	673.67940914532096031	65.72464091291838884	211.64742735683967112	432.44322883942459157	101.61407854475655199	877.01330238540447226	90.17526379755454968	380.40705365980960551	128.84073833777824802	2392.70101922523781468	201.45017165713449003	209.95861787826399336	270.15765571452652694
SLC16A10	2.36757543286094929	18.95902943497664594	4.31204951288427463	7.23439367028426616	8.43873171284838008	2.13975837823397708	1.00000000000000000	237.92342094936378771	5.72721183041871829	56.10433299063546286	2.29559673681307963	104.43610782735271414	8.49363626376738878	6.65908929214534240	2.40085232624556610	1.99962936237249966
SLC16A2	1.26702505162271883	1.00000000000000000	1.00000000000000000	1.00000000000000000	1.00000000000000000	8.01315157342702555	1.00000000000000000	1.00000000000000000	8.15611762637706406	1.00000000000000000	1.00000000000000000	1.00000000000000000	1.00000000000000000	1.00000000000000000	11.02110656678406642	227.72790134926282235
SLC22A1	1.44212172264005467	152.11315534742499267	1.00000000000000000	1.00000000000000000	1.54437926908855960	1.92862932921782204	5.21989440753178702	1.55317242469358163	1.00000000000000000	1.15814950890475066	1.00000000000000000	1.24864295897717459	2.09214483952427210	2.05655618360974746	1.00000000000000000	6.37188501997104773
SLC22A23	2.53730054546338346	7.98171227600110456	3.22432034993004812	3.84384363848632793	9.56679067754891399	194.33882846140934930	1.00000000000000000	1.00000000000000000	1.25557236580025799	4.12191676061069412	1.00000000000000000	25.99016569352133743	48.31796271671856857	17.24714445780378469	1.00000000000000000	32.96533837451856641
SLC22A31	1.15022226249781978	1.00000000000000000	1.00000000000000000	1.32982966919265189	36.26764935467477358	4.29715508274870306	1.00000000000000000	1.00000000000000000	1.00000000000000000	1.00000000000000000	1.00000000000000000	19.38758999118791237	4.35685127470280786	11.26820712264618685	1.00000000000000000	28.84607841488594815
SLC24A4	1.00000000000000000	2.69401477536159950	2.52079411779855800	1.00000000000000000	1.00000000000000000	214.67710843779678953	1.00000000000000000	1.00000000000000000	1.24257744947569049	1.50944494314427669	2.46455686454911449	1.00000000000000000	1.00000000000000000	97.29924913641346507	1.00000000000000000	8.56572644968320596
SLC25A23	24.48653864400944968	125.47303079462282938	104.59101896545533350	114.14717360572348070	67.19952903734707661	19.26820428887048919	49.28020351715397851	175.08553627303811595	20.33235330666447638	98.20235377130605059	27.07712441105656964	158.73820464905983840	10.04300874251799947	3.73030591443993709	22.33241326878644628	141.17236201267655815
SLC25A48	1.00000000000000000	2.71791976950348158	1.00000000000000000	1.00000000000000000	1.00000000000000000	1.00000000000000000	1.00000000000000000	1.00000000000000000	1.00000000000000000	1.00000000000000000	1.00000000000000000	1.00000000000000000	1.00000000000000000	10.18704415060286372	1.00000000000000000	3.39969846772485473
SLC26A11	23.46343008949148512	32.07098569945267030	53.58525168029284202	20.14458740543542703	8.68383187130857692	20.57265222211262667	16.34925747007975971	181.44877699038497099	7.61194368529369569	32.02282089952043265	39.24924226685121198	103.82186261251888482	3.42328882879262153	31.87424281251115232	55.56022941453927899	212.95758335694372931
SLC26A7	1.26237896257534388	1.00000000000000000	1.00000000000000000	4.44988063649760512	1.00000000000000000	1.00000000000000000	1.00000000000000000	1.00000000000000000	1.00000000000000000	1.00000000000000000	1.00000000000000000	1.00000000000000000	2.38045015166836071	1.42918816203723731	1.00000000000000000	306.35389088321949203
SLC28A3	2.01612808236473118	1.77814526988908161	17.69531480538792323	3.96936194449100732	1.00000000000000000	1.00000000000000000	1.00000000000000000	1.00000000000000000	3.02805893341077148	26.36059059751732292	5.18437937989306263	2.31659900239622019	1.00000000000000000	11.61570861976042579	5.34493620943808256	2.10580002711749437
SLC29A1	37.08816644055062284	257.99775385381525439	14.64141273118237052	47.22056856919501655	71.88807615681292873	25.05236178594450180	11.17795158615171225	11.52259279791395663	101.35799288430237652	303.82089928145853719	33.33606368130909914	16.87802896120459195	821.72122372529418044	63.46965329833804503	44.22841541133853838	422.34865515184901597
SLC2A5	160.19924100858708016	166.19530098742194468	4.15544241775697021	92.19180952770722115	169.57718319733405110	10.32135376704015783	1.00000000000000000	1.77936435864872866	641.92146153529256480	2.56854807002853303	2.60623094530315846	2.12686478369259380	4.61819756784132274	13.69885218478368927	15.42188615426364606	160.17295914618406982
SLC2A9	4.30795908469013344	117.11595451636542009	5.22227186424931844	3.64110533891518973	3.02085356624005152	58.39761284466879232	7.53277345798259912	6.74663264985035305	3.66349574972260328	7.22085948157306934	5.41857825836199769	3.65639670242651160	113.49862680152941152	42.98916188151459039	1.00000000000000000	46.19840288562115660
SLC30A3	1.46431413920998899	2.75387065197899261	1.40628584316006267	1.00000000000000000	1.20301292212236977	1.00000000000000000	1.00000000000000000	4.75258785150565544	1.69525026314462646	16.83770044895532436	1.00000000000000000	2.32333162117373426	1.00000000000000000	1.00000000000000000	1.00000000000000000	5.69711277168969943
SLC32A1	1.00000000000000000	1.00000000000000000	1.00000000000000000	1.00000000000000000	1.00000000000000000	1.00000000000000000	1.00000000000000000	1.00000000000000000	1.00000000000000000	1.00000000000000000	1.00000000000000000	1.70147432026626078	152.08383770177411520	1.00000000000000000	1.00000000000000000	2.18370691549547447
SLC35F3	1.29587770240720457	20.55869111725488096	3.06345419332864743	2.55160007304555458	1.00000000000000000	11.71595261923125619	12.88316613586141735	109.56291575467722055	1.00000000000000000	146.31028140159477857	2.21927642965962280	54.84051390651404034	867.03372741554176173	2.38212609186827562	10.65228776921003018	2.18370691549547447
SLC35G2	3.35103495862373579	34.47568163517329509	15.30311013459951042	1.55145687241789787	3.74552548825473730	1.89303037199231694	3.99217504094599107	6.23553267395892519	4.84402791281412171	3.63690752939058548	4.99157572447098197	3.04128226258363465	2.48298844802832441	1.20963859663616669	4.41044156155740730	79.34877841510697749
SLC38A11	127.45746149524894975	1.00000000000000000	1.00000000000000000	43.76096874203307863	1.48990836884342315	21.61644128025919542	1.00000000000000000	1.00000000000000000	2.39482583352850176	1.00000000000000000	1.00000000000000000	1.00000000000000000	5.59463062739187666	1.00000000000000000	1.00000000000000000	6.88015917742051819
SLC38A5	92.55172507104126112	154.53314501407322723	112.79395593615383575	58.80069592783220145	247.81580345658775855	13.18706414052713605	89.59250203181836980	53.74585148666638901	14.29505522232275361	186.56188213982022717	85.28184204225966880	73.31293049605194767	97.79585036025756040	6.05560064656880215	18.84355919508786315	50.08192043835170182
SLC40A1	8.17426422307661760	3.47083639748451045	3.42676317236104655	3.61082198452797831	2.00577205760645150	125.45213879197120832	59.96413267297207028	7.55979683941051483	2.27914853412348961	17.33146067534250889	22.27739182248803473	174.17099401475326204	126.58457024352773601	58.23515947177149599	171.58206983909116161	512.47269737994611205
SLC4A10	1.00000000000000000	1.00000000000000000	24.80280550603555056	1.00000000000000000	1.15660350816410396	1.00000000000000000	2.20850041089899030	1.00000000000000000	2.66153136893326359	1.75313575343888584	35.14070378334518807	1.55736962617059982	1.00000000000000000	1.00000000000000000	361.67636800538087982	2.87241850787016428
SLC7A10	1.18585828029168461	1.00000000000000000	1.00000000000000000	1.00000000000000000	1.07910116797183009	1.00000000000000000	1.00000000000000000	119.58469404683245330	1.00000000000000000	29.11041707066821971	1.00000000000000000	12.30999198179555876	1.00000000000000000	3.72901912055804097	1.00000000000000000	1.00000000000000000
SLC8A1	5.35307376177283167	164.87683726422068275	1.96794548175329864	3.19391792329170787	7.70765210638937148	1005.03831407388008756	6.60357193175308499	1.39775664308511161	7.11550360228616885	6.76964229611493451	1.00000000000000000	2.87230866296057163	22.05818499134922561	1069.67051167544991586	49.22630106400342243	443.10578479696727072
SLC8A3	1.09765683041474182	4.38585303007994742	1.00000000000000000	1.00000000000000000	1.00000000000000000	4.97122223677518704	1.00000000000000000	1.00000000000000000	1.82439069318470182	1.76608635331666353	1.00000000000000000	1.00000000000000000	1.00000000000000000	1.73445199620761126	6.48535359523314892	1.18391894725476399
SLCO5A1	54.81475312050946513	14.62091853318422352	1.86743557410959737	94.89438647491138568	33.39745915652422070	240.55936031001613173	1.00000000000000000	2.31709136794229353	90.43402538175554639	2.26036049218595414	3.54670487093127429	2.32327292461636414	1.36092954846615144	3.05736030652690260	9.56196548319490525	30.73179577728905798
SLITRK6	1.00000000000000000	11.87335709397363814	1.00000000000000000	1.00000000000000000	1.00000000000000000	1.00000000000000000	1.00000000000000000	1.00000000000000000	1.00000000000000000	1.00000000000000000	1.00000000000000000	1.00000000000000000	1.00000000000000000	1.00000000000000000	1.00000000000000000	1.00000000000000000
SMIM14	2630.13248909090543748	206.67554454616703197	79.15617632481558985	2963.00854076460609576	94.80262024332940030	379.96467666385814255	212.26853147197175531	17.82489163948772770	1901.26315444495457996	21.88418071925290320	327.19417378893427895	81.14424653477863103	916.80504558317090869	229.60885899101867835	313.07164961071617881	362.92665356705799695
SMIM25	1.59670878447068132	74.31819826955641872	1.82154267444547013	1.00000000000000000	1.92272588056114291	55.99013136797399426	1.00000000000000000	1.00000000000000000	1.00000000000000000	1.00000000000000000	1.00000000000000000	1.00000000000000000	1.37312873048323247	1400.11710216128199136	1.00000000000000000	1.00000000000000000
SMIM5	5.00857244224409470	1.00000000000000000	1.80061038864492540	2.14157131090392916	3.05033080867596462	6.87965417036503801	1.00000000000000000	1.00000000000000000	2.41854078927370075	2.83115207929144397	3.71396514773683295	1.74375645417162728	887.73371238844060827	4.34889504409959571	3.20952088455467655	9.20412470724957821
SMIM6	1.74938577946654195	1.00000000000000000	1.00000000000000000	2.38740807090641294	4.62193019860883059	2.53841956227259402	1.00000000000000000	1.00000000000000000	1.21164518525304410	1.00000000000000000	2.73012374711522110	1.00000000000000000	201.05919790616567866	1.00000000000000000	7.11449902773654053	1.00000000000000000
SMKR1	10.92600918087295625	15.21913493267357431	19.24909313649099829	23.82593157041988974	1.55195764612223863	2.52711495458371349	82.73356319022980188	7.78599650038923219	4.24278641057865169	19.04872315463616061	83.38103097917378648	21.39594117511432003	1.63205389039433157	1.00000000000000000	1.00000000000000000	9.86014793180323323
SMOC1	1.36312504266098555	1.51554081758241832	3.67335921918907182	1.00000000000000000	3.86795418153803405	29.78078818646324066	1.00000000000000000	1.00000000000000000	1.00000000000000000	1.00000000000000000	1.00000000000000000	1.00000000000000000	153.39476423291301899	1.00000000000000000	1.00000000000000000	28.62542162339691032
SMPD3	8.83048186405674151	16.80967603987300052	32.51704667950728833	18.77138374900042095	10.38034416462400067	38.69697912218453695	36.43822785971059375	101.51935534715713061	8.89420559325393434	56.17228340594169111	14.98741909962722119	27.99185180815284113	2459.90762332026406511	9.44650560452759080	16.69691537143905791	13.67153483977181772
SMPDL3B	1.00000000000000000	5.59108613319727432	1.00000000000000000	2.67294890036392774	83.69211448624187710	2.45460643347938667	3.96937350197122951	1.00000000000000000	1.00000000000000000	2.69899113792876122	6.27422759241798111	1.00000000000000000	1.00000000000000000	1.00000000000000000	6.67655765109878896	2.90468265126790515
SNAI1	5.67114542166836255	1.88814165349696039	15.60561697016331095	9.16345253438943175	3.43421155276260670	48.06772593325705145	16.23182236266841372	9.57051833543910035	3.18630516395037411	4.12377893502869775	16.34822872220595613	41.69855149947269979	41.75595410726635492	27.18030778839415262	16.33248808038145938	9.28539832053973768
SNX22	666.21007647293129139	67.06576228572120613	34.31328609239907479	667.48928842786756377	48.01887121601321695	99.36911787449749056	24.78290454178891977	13.25377690824769417	454.21510770873595675	17.36325162089664431	26.38078212989049831	19.46795049572823544	38.80236617508580821	21.08405919669199591	35.32514511394842316	15.62706686675817380
SOGA3	2.73177874636095286	147.78973917455610376	19.13385960743542213	19.65432882641114176	1.23825885326813756	1.28748326439682481	5.22059458104785534	1.00000000000000000	1.28353739735775840	9.02927889095499658	1.00000000000000000	8.85891033249779802	1.00000000000000000	1.00000000000000000	1.00000000000000000	162.28331700635916945
SORCS2	1.00000000000000000	1.00000000000000000	1.87522018085037323	1.00000000000000000	1.61915216540961548	1.51241681547871920	1.00000000000000000	1.00000000000000000	1.53981026386446596	1.00000000000000000	1.00000000000000000	1.00000000000000000	1.00000000000000000	1.88257869384383225	1.00000000000000000	122.17083866228580291
SORCS3	1.00000000000000000	11.33200162025365998	1.00000000000000000	1.00000000000000000	1.00000000000000000	1.00000000000000000	1.00000000000000000	1.00000000000000000	1.00000000000000000	1.44513070190457205	1.00000000000000000	3.71131006823664711	1.00000000000000000	1.00000000000000000	1.00000000000000000	3.09883362651580052
SOST	1.00000000000000000	1.00000000000000000	1.40245868646438931	1.00000000000000000	1.00000000000000000	1.00000000000000000	1.00000000000000000	1.00000000000000000	1.00000000000000000	1.00000000000000000	1.00000000000000000	1.00000000000000000	1.00000000000000000	1.00000000000000000	30.15521375572780016	1.00000000000000000
SOX5	18.47426091275692173	302.50841442282415983	6.22471265981412980	202.75006093681321317	11.59927182482915597	5.41635413873495253	1.00000000000000000	21.62159578102779633	74.70119691180505583	13.12497893929504933	1.00000000000000000	25.20863231975630114	2.76726818268151264	2.47271955573594626	1.00000000000000000	74.71245799714033353
SP140	1667.28603784770984930	429.71556341376788168	670.91826517505455740	2171.13977470688723770	289.18826897416710153	213.83229264194392272	450.39818429148738232	692.18930281972336616	1155.96904404166798486	531.36787879529674683	481.01892508121898118	515.68838748775635850	42.93247535063252229	92.56230302688270228	403.86569880409729194	105.61232820455826698
SP5	1.00000000000000000	17.40668203348223031	1.00000000000000000	1.00000000000000000	1.00000000000000000	1.00000000000000000	1.00000000000000000	1.00000000000000000	1.00000000000000000	1.00000000000000000	1.00000000000000000	1.00000000000000000	1.00000000000000000	1.23844042464323678	1.00000000000000000	23.04155144046493575
SPAG4	27.43959232405553550	84.90037019678926811	13.75468487356446801	27.16278874740313398	250.23280239415703363	5.95270539249103603	22.76885503844590630	32.80723516537591422	3.36388359074942445	19.20907572131904217	34.41164231960227227	23.22235245057273190	27.42064971255732075	9.39328645863185230	43.16759756296688977	17.26037408774917026
SPANXN1	1.00000000000000000	89.93703083288167477	1.00000000000000000	1.00000000000000000	1.00000000000000000	1.00000000000000000	1.00000000000000000	1.00000000000000000	1.00000000000000000	1.00000000000000000	1.00000000000000000	1.00000000000000000	1.00000000000000000	1.00000000000000000	1.00000000000000000	1.00000000000000000
SPC24	2.59263097747613891	79.35253051717913308	8.84351518744038323	3.53769864658460920	18.83421886848296367	1.18621781027291728	8.22549289878178769	4.70236115814648770	160.41586713166063305	287.43890884587176515	4.76031279207090741	5.88833631761563314	2.45539470525064285	1.61481191105485333	1.00000000000000000	11.95290437029710517
SPDL1	59.39218080954862700	111.69925000327278042	51.93843399793617266	44.59426257311062614	28.43316286639153745	19.37077636619867249	40.40231202376843811	35.99088953759503795	133.65961816369895132	199.68234354529732855	42.83549315136026081	57.35891166491654758	55.18158187654507429	11.29812715379535604	59.37201592810993134	24.39323635122378420
SPI1	1370.92538262365246737	180.11990726552073738	14.57832313758405007	1364.65205430646278728	149.33342706700642566	4176.43850597520940937	10.64371009679969227	1.68878806969452588	1842.47959065170721260	24.40008806598730118	6.99491314405298947	7.12410031674961530	260.88875691178100169	4080.45623718260139867	59.95410723009694465	414.09469725377664417
SPIB	2022.67650271235470427	810.20036847506207778	13.70661516680205594	2496.42123055004049093	57.03785025288060240	388.69145255937723960	16.57431239972422787	5.08575797690850262	1909.42121227789539262	6.70437307838881402	21.48884809233524251	8.08041623855070412	3439.87458320479436225	29.77612421535328480	22.63830097359378968	635.51013648157368152
SPIC	1.49075492617869076	2.08547237358109072	1.00000000000000000	1.00000000000000000	1.00000000000000000	20.55920780018907124	1.00000000000000000	1.00000000000000000	1.00000000000000000	1.67487837977270138	2.75961226576540009	1.98377399664370313	2.62406310342014670	30.79617849688610320	1.00000000000000000	370.09869677319522907
SPINK13	1.00000000000000000	72.98742167267268144	1.00000000000000000	1.00000000000000000	1.00000000000000000	1.00000000000000000	1.00000000000000000	1.00000000000000000	1.22396543769167288	1.36282325694757933	1.00000000000000000	1.19511110902687823	1.00000000000000000	1.19145714316967299	1.00000000000000000	1.00000000000000000
SPN	67.54548436990275206	32.18091941688432200	1180.45745184616657752	78.55425109329658540	175.45577427258422176	475.58814709604212112	1495.42242830612394755	523.85937846738738699	161.07093203074228427	728.69332973085101912	1511.16151829169120901	733.61624453649756106	808.69501605159518931	203.02003594349403670	1762.35260924297404017	143.54511225211115288
SPOCK2	306.73097688856285004	46.81435754957853845	1443.97842992794494421	434.52628811240191453	41.55686217962730211	49.93444143221348952	689.85843462364857714	6786.03146508030476980	34.69708808032589786	2158.94988851461994273	645.82016422451056314	3124.69051973664409161	12.15749162467698419	10.03898141665561994	1999.85665069693482110	235.78388529256193351
SPTSSB	1.00000000000000000	2.02984786763176039	2.79580446860907328	2.39862724007121209	1.45238173156022654	1.32514784788860651	396.21787771591431238	1.00000000000000000	1.00000000000000000	1.00000000000000000	1422.08073322131713212	2.08675780566580826	1.00000000000000000	1.00000000000000000	148.49815886074702576	1.71510252834662147
SRMS	2.45459815884844268	2.27045729778188132	1.00000000000000000	8.62316932950037618	2.20771057520694569	1.00000000000000000	1.00000000000000000	1.00000000000000000	5.69792637964808879	1.00000000000000000	1.00000000000000000	1.00000000000000000	1.00000000000000000	1.00000000000000000	1.00000000000000000	1.00000000000000000
SSTR2	3.53193424303864800	3.42262175777675548	2.43768475078707336	3.02146187417101153	54.08631734556232828	2.62995356162430038	1.00000000000000000	9.96150625532911249	80.02603620562068443	7.98585677059417787	2.09844562546871538	10.66006160669920888	4.27947615354586652	1.52767862413564459	8.76479252546280208	29.65371172999573446
ST8SIA1	6.18183981146678274	73.24635507038755122	159.13692570306204743	1.00000000000000000	9.13707680864469118	54.08200198162163019	1.00000000000000000	74.28014931554739064	6.20995216404320605	83.84493388749768883	1.00000000000000000	82.76091440547401135	5.34296823833285828	5.18115363361626713	14.10981217224951401	323.67793641320218967
STEAP2	1.00000000000000000	1.00000000000000000	1.00000000000000000	1.00000000000000000	1.00000000000000000	1.00000000000000000	1.00000000000000000	3.04415723744960731	1.00000000000000000	1.00000000000000000	1.00000000000000000	1.00000000000000000	1.94927733551324356	1.29576341356772318	1.00000000000000000	182.03396603127768572
STEAP4	1.37483649382682627	7.54865829679290634	1.00000000000000000	1.00000000000000000	1.00000000000000000	84.71290614725566570	1.00000000000000000	1.81101308123974736	1.00000000000000000	1.00000000000000000	2.11042678895851221	1.00000000000000000	2.05918710376414538	326.10049298131360729	1.00000000000000000	41.36029773078644212
STK33	47.75995557317976647	114.26563852723504056	17.52854071018364124	34.87355279718691747	12.03536388414257807	2.47619703347660058	38.09592912717371149	5.53244488428014858	36.83058013835240985	6.30849927141058142	8.04259600357587168	1.55800519744138799	6.54331723838094881	1.64108329296340383	3.54648986361981455	42.90000971814587416
STRIP2	1.12262250912916062	99.22984158943046396	4.27325556456284961	1.78230642627714242	1.58212296667109964	45.50848867704218037	6.38892504737811251	3.54133323646715992	16.73819745689730354	48.31969912117411070	3.41401308695885630	6.64323635196919859	1.00000000000000000	2.81501143932863584	3.66039026912593579	192.50023646049791637
STUM	5.25355348474876038	1.00000000000000000	1.45044497777748038	2.27904258109114366	1.00000000000000000	1.00000000000000000	1.00000000000000000	1.00000000000000000	1.41171550279104618	1.00000000000000000	1.00000000000000000	1.37603816657636191	1.00000000000000000	1.36372212281409988	1.00000000000000000	15.92419444464453626
STXBP6	1.00000000000000000	76.71921165290513045	1.00000000000000000	4.02804737308036209	24.23798365047528591	1.23497715242177053	1.00000000000000000	1.00000000000000000	34.15322153829929874	1.74390304299217114	1.00000000000000000	1.00000000000000000	32.02369847107387102	1.35824726036206522	1.00000000000000000	57.95608673178738002
SUCNR1	1.00000000000000000	4.88689660180019736	1.00000000000000000	1.47003277814892508	1.00000000000000000	93.42302321214222616	1.00000000000000000	1.00000000000000000	1.85653508411656754	1.14325745934706369	1.00000000000000000	1.00000000000000000	48.76186783313031725	106.47206017428626978	1.00000000000000000	17.90115023001371952
SUGCT	13.62779932539873684	7.86912870944890752	1.21768921019330567	5.00819739674695708	8.71678439343726552	1.00000000000000000	1.00000000000000000	1.00000000000000000	722.93670471734071725	1.14890689316964045	4.39681873029928383	8.06621296200764171	2.38703276696343858	1.20391202625060556	1.00000000000000000	48.57914804087300098
SULF2	56.71824678123712005	29.20614281587822703	7.09893799580769702	48.03532794985346754	15.61436015251698883	890.45661749979342403	18.66883011066133236	2.17608932237306973	35.46276111959136301	7.70345685494079646	18.40750532099597692	10.65622905604880089	1282.35682460286830064	259.63013249339655886	5.81553214427169696	997.31917983735877442
SUSD1	76.22885052185942811	77.33015410739726292	44.96196249758681773	49.45728291124109433	2.64570104820906193	122.82885251541050309	143.09332313432543060	18.67607672810086683	49.56399693285484886	32.33337061464860085	86.81721194047126744	35.46794947284251265	982.55992123769544833	117.58527739381698041	83.48299001115965723	533.58182024547602396
SUSD5	1.57980284809354887	1.28686689562185763	1.00000000000000000	1.00000000000000000	1.00000000000000000	1.53997750852849702	1.00000000000000000	1.00000000000000000	1.00000000000000000	1.00000000000000000	1.00000000000000000	1.00000000000000000	1.00000000000000000	1.00000000000000000	1.00000000000000000	83.94902376868634519
SV2C	1.00000000000000000	195.96321312425951078	1.00000000000000000	1.00000000000000000	1.00000000000000000	1.00000000000000000	1.00000000000000000	1.36842553954477308	1.00000000000000000	2.15098075025362290	1.00000000000000000	1.00000000000000000	1.75916845106950537	1.00000000000000000	1.00000000000000000	1.00000000000000000
SYCP2	6.44105277179010205	194.03280856046777103	16.89702183645324496	12.08030727165074580	3.80801325409598102	7.17666731298156346	32.32638635894640089	15.80633201092443940	2.23776638956533347	33.20369306408494481	18.46113843074803640	10.52499147562506110	4.27197078339498937	4.84837972959586505	29.89399754502285944	136.84649476259673406
SYPL2	1.17664098261059147	1.00000000000000000	1.00000000000000000	1.00000000000000000	1.00000000000000000	6.48374504913126959	1.00000000000000000	1.73961080399647483	1.00000000000000000	1.78209431728711332	1.00000000000000000	6.49547817692484131	1.00000000000000000	1.11890187760012516	3.66039026912593890	43.20112123028259532
SYT2	1.45188779632957576	1.00000000000000000	1.00000000000000000	1.00000000000000000	1.00000000000000000	5.44506025743386424	1.00000000000000000	1.00000000000000000	1.00000000000000000	1.00000000000000000	1.00000000000000000	1.49260983853193685	1.00000000000000000	1.00000000000000000	12.79853248686536915	1.00000000000000000
SYT4	1.00000000000000000	23.22268449517003930	1.00000000000000000	1.00000000000000000	1.00000000000000000	1.00000000000000000	1.00000000000000000	1.00000000000000000	1.00000000000000000	1.74179744200960629	1.00000000000000000	1.00000000000000000	1.00000000000000000	1.00000000000000000	1.00000000000000000	2.07133640169804334
SYTL3	6.43021320885931580	524.94545235355565183	674.65699669077491762	27.34821388455776869	27.81004975347335417	22.15398062875941676	702.30188822213926869	436.79514885827290982	5.63660485916896814	164.43755568703824110	1137.60052551082208083	396.83025833096036195	29.81489698536555721	30.06052937685459270	315.47452620868716622	63.26356245313410653
TBX21	41.02430436215057341	89.93005676907351642	441.45407039507239233	258.35942610127887065	16.92458652921990137	20.78187308843439851	1156.44806223092814434	12.75165070891861419	54.45853494446018317	78.40234845966148214	1127.40824778486171454	14.62107343252281844	3.58947574124571522	3.29944574508660882	69.36658184933297377	29.79452429836058514
TCF19	36.29107653122460420	115.30743546773294383	31.82652127414926113	30.43672360302522151	86.79624926988674360	16.68163440250186724	32.50934131867509791	21.77979019024010299	170.31145998013624876	476.26435975663258660	28.00895732772351465	46.65782552223660673	15.61043578550872546	6.98536099192747617	33.94760109628286671	111.86150925138352363
TCF7	45.21577670483578970	684.88534880207748756	904.45419259647519539	347.31823937763897447	50.57382105695504038	61.37550961218952494	1710.21421384711857172	561.64219250397150063	44.70266810510906907	1177.73875609211631854	2958.48937813653128615	5503.48262199591863464	14.81423745735224351	19.14860672539113295	4873.55501371460559312	573.52700561862820905
TCIM	1.00000000000000000	1.06006576854886903	1.00000000000000000	2.97876502185247549	1.00000000000000000	3.27990298990981843	1.00000000000000000	1.00000000000000000	1.00000000000000000	1.00000000000000000	1.00000000000000000	1.00000000000000000	1.38052693599039156	3.70472720005846901	1.00000000000000000	1604.25314398082082334
TCL1A	7202.09289248506047443	18.77118683462732918	40.13706779537121605	402.59153562927065195	107.29368202239885477	12.27927846623585495	6.60857606072029391	1.00000000000000000	4761.62587130441443151	10.93797796503632647	14.34575365957632087	11.16092276956101337	3472.64376459244022044	12.56224980918958423	19.01858039089687580	62.36846476944052142
TCL1B	89.19418248162071450	1.00000000000000000	1.00000000000000000	1.70080834690655447	1.00000000000000000	1.49831193909043536	1.00000000000000000	1.00000000000000000	59.01099407584000289	1.00000000000000000	1.00000000000000000	1.00000000000000000	33.24023081892934073	1.00000000000000000	1.00000000000000000	3.06415347277661443
TCN2	3.00256692144773574	13.76057686167812832	2.06165625553711074	7.86467751796223880	49.43058813482250002	97.19357248207772670	1.00000000000000000	11.26463800589101005	1.89461836200228584	10.44347708885074510	4.42504560621619003	11.45447480157573139	37.35317269471551782	170.50336100476681622	11.73337808268033911	356.03362452670415905
TDRD1	2.47125529068088490	1.00000000000000000	1.00000000000000000	3.41180970790850235	1.00000000000000000	4.47385221682684620	1.00000000000000000	1.72353315637324878	1.00000000000000000	1.00000000000000000	1.00000000000000000	1.00000000000000000	63.42050199120978959	1.52540771079257809	6.65303781615585965	15.32808895967519724
TEC	73.32489892285792621	43.72186281471262959	6.88568370512636108	148.76783437659966580	41.11681560176771910	32.78239508944623282	86.83975164220197485	4.54566300576565929	193.32854942919215091	11.05195271413556846	334.49415777833519314	23.60299936521090913	20.78863407894960247	37.59925783605857674	524.61464430600778996	13.68363387448274970
TEDC2	5.50706383322069115	28.77546010589180270	5.92438108225712234	4.80793145258542420	15.79320111077809230	4.65973828184204564	1.00000000000000000	4.16678658168611715	73.27581975599105135	116.98737374049075299	3.45025946972800046	5.18136166418991184	10.21036235202604736	3.07057144768028323	3.80442747601847886	5.83225196262303314
TENM2	1.00000000000000000	228.88514768114148978	1.00000000000000000	1.00000000000000000	1.00000000000000000	1.62842488616594605	1.00000000000000000	1.00000000000000000	1.00000000000000000	1.63103655365571232	1.00000000000000000	1.00000000000000000	3.45577207118181295	1.00000000000000000	1.00000000000000000	1.00000000000000000
TENM3	1.00000000000000000	221.99629609110269257	3.04235351726933123	5.87017778592313366	1.72358977280523895	10.98310453673517628	1.00000000000000000	1.00000000000000000	1.00000000000000000	1.00000000000000000	1.00000000000000000	1.00000000000000000	1.00000000000000000	1.73434285332506732	1.00000000000000000	327.90254914178240142
TENM4	2.28397716699738584	5.24883235898526035	1.00000000000000000	9.76380908583656826	1.52709364316707452	8.14558929671630239	1.00000000000000000	1.00000000000000000	1.00000000000000000	4.82293856870210647	1.00000000000000000	5.11645916098411568	3.22409217313794949	1.76115215519010904	1.00000000000000000	157.35924719817421646
TENT5A	265.94741855594469371	107.98721536198407023	69.06737470275284352	122.72582718485415398	11.45935868826663828	209.55310628615575297	100.42617532124862123	9.85820661137947063	18.09602029724524286	7.38581579757473072	167.61728777023679982	69.14246064450072993	50.65585086263850911	155.20288591767135244	172.05116193656181167	100.46484499477162444
TENT5C	777.63197945170463754	38.71728535420495376	525.86236662289400101	424.37736581115240142	1189.85697281136549464	19.67634247345625198	217.31430035049646676	814.29906703549102076	43.24120710498326758	237.04518283210228446	256.62924879282098800	356.91811527380917823	38.95599633051243416	6.40631478577192670	255.57159188611751688	136.19813232897635658
TERT	3.57552091879091227	4.21503287244383351	2.31975320716995803	4.58500499844715570	16.53360394562705693	1.00000000000000000	1.00000000000000000	3.07751042485506421	52.96195638590991450	25.90851731816208670	1.00000000000000000	5.90915362779161679	1.00000000000000000	1.14086275559236028	1.00000000000000000	1.00000000000000000
TESPA1	276.66856800170626229	122.71827429740342552	364.75229811618487474	201.88433346809898694	13.55668562800319243	65.75245789233562732	296.51097831892172962	483.75354997413649016	251.68534046280544203	386.04786739545170349	500.15912008934151345	990.96361582435758919	46.88952646630001908	16.24158369637657628	1103.27996387508210319	99.83825670401297714
TEX30	55.30834604131907639	128.78894170516966255	87.41481927235533078	56.06401130299995827	52.74921897090128198	60.51463437095198117	49.14449892218753035	77.99223353029533712	143.15625786048886425	257.18289339543747474	202.43213867462375788	69.02332110018176081	65.07042451867086186	45.67216195061192963	566.78791016907393896	24.11807177855452267
TEX9	9.70232946844177491	40.28803873887603970	4.54334687781026147	291.34300091928332677	27.19694010139062001	3.17925795569299430	13.61635584277846256	3.95725848819299930	109.48473537036581149	8.88763796622996516	9.86028390491675744	11.90616104829364197	5.64591220500930380	2.19209525696293861	13.28271288028309449	40.55562178312046484
TFCP2L1	1.00000000000000000	2.24405862990624083	8.49199884571189045	1.00000000000000000	1.00000000000000000	4.25717608754869126	1.00000000000000000	1.00000000000000000	1.17381064601987317	1.00000000000000000	1.00000000000000000	1.00000000000000000	1.00000000000000000	3.79985646293878032	1.00000000000000000	4.50656237173351037
TFEC	7.91043535931837027	22.04138978914912173	3.43796965060631576	163.40098319915435354	12.98507964777332191	316.32884159975685634	1.00000000000000000	1.00000000000000000	114.42564120723548626	5.55391191687917729	11.01782673243153532	1.94409726186756604	329.57977817873353388	441.91865347050577384	1.00000000000000000	118.14245235194825057
TGFB3	14.08509649802820007	2.51294950798371675	9.79932763943977569	20.78224702890997122	2.71870110934335285	12.85375946475936892	1.00000000000000000	8.62676760730209402	3.34795967691918817	7.21339460943619315	2.42837276167468952	6.54049883818149436	15.61673387962742332	3.20062169090985948	3.09166850344741651	582.63696114520450919
TGM5	1.00000000000000000	6.05171148752452481	1.00000000000000000	1.00000000000000000	1.00000000000000000	1.48815947184717223	5.33597982690782402	1.00000000000000000	1.00000000000000000	1.00000000000000000	2.54388573657068129	1.00000000000000000	1.00000000000000000	1.00000000000000000	1.00000000000000000	1.78950042842345169
THEMIS	6.07752852136454624	287.85033496571645628	899.72212933799221446	8.24835635422014946	6.63996739477137243	15.83114216620288595	110.61575320997752669	527.00430293659223935	5.30579929215680579	367.44960442423018776	13.25504428268034651	829.93343271261562677	5.02502516564563262	3.59535356008433959	220.09170063412113905	129.82297227717700139
THPO	1.00000000000000000	2.23643260221328655	1.00000000000000000	1.00000000000000000	1.45182316269174061	1.00000000000000000	1.00000000000000000	1.00000000000000000	1.00000000000000000	1.00000000000000000	1.00000000000000000	1.00000000000000000	3.72868972100096396	1.00000000000000000	1.00000000000000000	26.38454368618334200
THRSP	1.00000000000000000	1.00000000000000000	1.00000000000000000	1.00000000000000000	6.40761961780578737	1.00000000000000000	1.00000000000000000	1.00000000000000000	1.79093127558179788	1.00000000000000000	1.00000000000000000	1.00000000000000000	1.00000000000000000	1.00000000000000000	1.00000000000000000	1.00000000000000000
THSD7B	1.00000000000000000	7.03183070098618934	1.00000000000000000	1.00000000000000000	1.14193938441366605	3.44111075289995183	1.00000000000000000	1.00000000000000000	1.64971645774190279	1.00000000000000000	1.00000000000000000	1.00000000000000000	1.00000000000000000	1.00000000000000000	1.00000000000000000	1.00000000000000000
TICRR	1.40752886190460580	36.30203056145055029	1.40370120684828414	1.35015411243725003	10.79827893966973029	2.60231140491231816	1.00000000000000000	4.98506422048076470	42.01235390389700086	103.82396867990733824	1.00000000000000000	2.18889070853106471	1.00000000000000000	1.72819399010700558	11.23027592366397265	5.88323417698682771
TIFAB	1.43270825440710547	8.58930618806646429	1.00000000000000000	3.89927500949050998	1.00000000000000000	388.38251571148157382	1.00000000000000000	1.00000000000000000	1.00000000000000000	3.57847227016049318	1.96174612788298441	1.80060378206907234	416.28925522363306300	205.59328838702293751	1.00000000000000000	42.57599098669275151
TIGIT	27.28554566703449424	32.39879457782770800	1516.30921314450665704	34.18129646271265187	23.62611014534200393	17.09216717501828597	684.70151678992499455	748.48596667391302617	30.34934176080213319	297.79150105330512588	587.03312040633852575	150.54922887182766544	35.90983503191372250	4.03989213789738955	19.49051980566534681	213.29548211294155635
TIMD4	3.99911327779812931	14.92735521135496768	473.89161704449651324	7.47369704031612958	18.87435646431399050	9.37047068255828108	9.79804937687460153	14.23636298499905095	3.13018291059820575	37.44982451955907266	10.38647667008372188	12.51623164903297791	1.77799040809749664	2.83454952980984665	1.00000000000000000	78.03748447851234005
TIMELESS	240.66533783645547828	171.75390281905470147	39.61790546751466024	119.67838380760622385	50.86571284643405022	44.79253912503435231	39.70949844320164601	40.69011667952732836	419.56388986719360901	394.72900318828169475	46.16706981708227175	42.87715698934291453	52.35011547279843569	29.91219000337092382	94.01372394272668487	77.74724406040330393
TINAGL1	1.00000000000000000	1.00000000000000000	1.00000000000000000	1.00000000000000000	1.00000000000000000	1.23007502094820009	1.00000000000000000	1.00000000000000000	1.00000000000000000	1.00000000000000000	1.00000000000000000	1.00000000000000000	8.03668027240959049	1.20313682074786454	1.00000000000000000	106.76312777145624011
TLL1	1.00000000000000000	4.12574437040431885	7.43048186403660527	1.00000000000000000	1.00000000000000000	1.00000000000000000	1.00000000000000000	1.00000000000000000	1.00000000000000000	1.45488813424569274	1.00000000000000000	1.00000000000000000	1.00000000000000000	1.00000000000000000	1.00000000000000000	15.11799225390753776
TLR2	15.86755269079588970	36.53484886012354593	1.00000000000000000	10.91747189500627790	2.29932119308921035	382.14109341173633538	22.04156864683570305	1.00000000000000000	21.37658486921341350	3.64537473455315508	27.68764165768685004	5.09392500758946376	4.44983311520973057	934.58008372877532111	92.37600528021049229	226.89677594264151139
TLR8	1.42594417536202522	14.72188400662273189	1.00000000000000000	2.08214986696872728	1.52709364316707452	281.16258093275166630	1.00000000000000000	1.00000000000000000	1.00000000000000000	1.82707732671807688	1.00000000000000000	1.00000000000000000	3.90260954224977707	366.20017763914432862	1.00000000000000000	39.65841096655275066
TLR9	215.69447437123122313	1.06006576854886903	24.67414361554974533	373.37648689648017353	85.86120755259597104	5.00948102720917632	11.33917565861244903	90.94066268333747871	285.77742275159084784	24.31129686036293336	4.10650860329593037	24.05210506397541081	1430.40829403590851143	1.94306344841539214	5.47696491154729159	29.08412313675290761
TLX2	1.18335266657402771	3.62260451916509529	1.00000000000000000	1.00000000000000000	1.58543123882580317	1.80525144998923048	1.00000000000000000	1.00000000000000000	5.75644930181607606	4.97625850857137042	1.00000000000000000	1.00000000000000000	1.00000000000000000	1.00000000000000000	1.00000000000000000	4.30964580709496481
TM4SF19	1.36806470673947422	1.00000000000000000	3.94787031324519644	1.00000000000000000	1.00000000000000000	1.97068771819281174	35.26601111560286483	1.00000000000000000	1.00000000000000000	1.00000000000000000	1.00000000000000000	1.00000000000000000	1.72554032859618944	9.10923303247032123	1.00000000000000000	1.00000000000000000
TMEM108	1.00000000000000000	1.00000000000000000	1.00000000000000000	1.00000000000000000	2.53927239864115339	1.70887351397733411	1.00000000000000000	2.36125739705453519	8.85018256195911590	1.00000000000000000	1.00000000000000000	4.01536158553107292	1.98429667058712500	1.15617319322139211	1.00000000000000000	442.65664943746946847
TMEM130	1.00000000000000000	29.63559108061643599	2.29456650447990818	5.87334285268334888	1.00000000000000000	9.36499287073520392	1.00000000000000000	2.00701701599191962	1.50420477891820958	1.11153847804562922	1.00000000000000000	1.00000000000000000	1.00000000000000000	1.36369572400718875	1.00000000000000000	360.66465785400885125
TMEM150C	1.61552842462242086	1.00000000000000000	1.00000000000000000	1.61136777760162575	1.79865572280104180	43.68648134354655355	1.00000000000000000	1.00000000000000000	1.19117039155400195	1.88611335887974718	1.00000000000000000	1.88083911683532046	1.00000000000000000	1.00000000000000000	1.00000000000000000	577.02844266550357588
TMEM155	1.00000000000000000	17.00942606598980333	303.44789210271659385	1.00000000000000000	1.00000000000000000	1.36072178659946363	2.55317164289234810	2.48922717177390229	1.47746122880578223	10.25613538282324910	1.00000000000000000	1.99666349154835698	1.64207819733526117	1.19206009484759634	1.00000000000000000	1.00000000000000000
TMEM173	7.37789172201587640	60.04443780601339142	423.71829406744916469	13.47359643145502517	16.51784105950903836	214.54750721902513533	715.53829419464705097	1004.96068731843911337	4.36673357935337592	782.29782869220252906	976.30561759671445543	1144.85996675600972594	159.83122050173872708	323.75853779335301397	853.13716047612172133	1222.09103294690589792
TMEM213	1.00000000000000000	1.00000000000000000	1.64831360568113539	1.00000000000000000	1.00000000000000000	1.00000000000000000	1.00000000000000000	1.00000000000000000	1.00000000000000000	9.02812327024758154	15.63077797081502140	1.00000000000000000	1.00000000000000000	1.00000000000000000	1.00000000000000000	1.00000000000000000
TMEM217	5.01489856849514126	210.32230620752170580	4.22190218518683036	6.87307665269931611	3.00404547571623359	7.30503129891483027	3.26397753590519368	8.76753749970297669	8.04578994646389845	5.74458072290592447	10.84293957696658772	8.05721214452514367	6.63311735296334959	3.28202668816194754	15.40799140929224365	3.44552705372950685
TMEM237	7.46449995942481515	83.90692198178550143	23.79963609137500669	4.88142978797539584	6.18988875570000907	20.25320046067318813	15.70798421688502522	15.69344046772901002	9.28101804975887390	117.80901466509379816	24.19042166813531480	21.90442443818714935	18.80620912655621169	9.89704579853813904	20.19678414666411825	120.84648992679530011
TMEM273	37.37619935377011871	820.39711625515985816	27.91066882274561678	389.10724830191890078	7.45102650251940712	276.64109129399457743	141.45687814797813076	3.07879260831085189	3.85493584318198268	6.61150067011940834	4.97539401898675937	4.72238761237635352	1.71770561598242577	41.05230559385174871	10.12759065064918751	41.66358659577597479
TMEM37	1.00000000000000000	1.76585982688912879	1.00000000000000000	1.00000000000000000	1.92187455824426534	2.03503405357145706	1.00000000000000000	1.00000000000000000	1.00000000000000000	1.00000000000000000	1.00000000000000000	3.05661323470843982	1.00000000000000000	17.77741744857653572	1.00000000000000000	281.96722288094304076
TMEM54	1.26980920936736008	868.92512187594115858	1.00000000000000000	1.00000000000000000	2.46900499381845107	1.46114447997766272	1.00000000000000000	1.00000000000000000	1.36843154726619742	1.00000000000000000	1.00000000000000000	1.00000000000000000	1.00000000000000000	3.40560361976280834	1.00000000000000000	66.14765809707519395
TMEM8B	52.33556534722075781	31.01194596878509202	44.72920347313341694	62.57019480744786932	47.53850597796752453	161.02633593029634085	37.05582397550351459	34.12668172216214657	24.30473377556447900	16.07649690331251691	49.25043697688806077	57.14575763000270570	971.48118895114714633	23.05727858662730156	91.90135150474611692	195.74380840391231118
TMPRSS11E	1.00000000000000000	1.00000000000000000	1.00000000000000000	1.00000000000000000	1.00000000000000000	1.00000000000000000	4.84241464835260782	1.00000000000000000	1.00000000000000000	1.00000000000000000	3.22180687811190714	1.00000000000000000	1.00000000000000000	1.00000000000000000	89.01526147659792798	1.00000000000000000
TMPRSS3	1.45530354852103372	2.66373770262037901	15.11912751822850609	1.00000000000000000	1.00000000000000000	11.27503124396642065	2.55317164289234810	10.98868136489420166	1.00000000000000000	15.46518813146576043	1.00000000000000000	4.13628081587379981	1.91046139843803853	1.67181410335963743	38.40729961054940844	5.79131340965801478
TNF	229.54493756378013813	1127.68570806381467264	357.96771309863163424	461.56661306021516111	9.09362782381083257	130.98765832524651387	199.67431773057370492	273.70629989825846451	235.13074231216455701	168.71070943727980307	187.35299671678751565	165.12622947928011286	53.75360944559838572	71.19592088863306856	745.05753012432819560	8.26737216612332659
TNFAIP6	1.00000000000000000	36.13128133332562442	1.00000000000000000	3.39200692187430297	1.00000000000000000	20.03954260790009911	1.00000000000000000	7.14981411798811450	1.00000000000000000	2.65164155910243782	1.00000000000000000	1.38883108948440759	1.53522493643364366	50.78884299359454957	1.00000000000000000	12.67457719165727781
TNFRSF11A	1.42639684729765137	73.84554168629418314	1.00000000000000000	1.00000000000000000	1.00000000000000000	49.96392614806664767	62.34260959919153322	1.00000000000000000	1.00000000000000000	3.01648002673417759	387.87269812290668369	1.67346119280103167	15.24138498815886678	14.47796183613706944	128.12925872793812232	16.56190860431144074
TNFRSF11B	1.59061017941514082	1.00000000000000000	2.04071404058709494	1.00000000000000000	1.52709364316707452	18.95900158514900014	1.00000000000000000	1.00000000000000000	1.96794919365220999	1.00000000000000000	1.00000000000000000	1.00000000000000000	25.42960594171380961	1.32584720649521959	1.00000000000000000	461.03568748399118249
TNFRSF13B	237.50778302114309781	21.01802996132775192	1.57029667742164292	1776.83653879980670354	152.75181702963567432	5.06421917384934250	1.00000000000000000	1.00000000000000000	27.28255795918109072	3.53680821295611292	3.36113455841116249	1.46413153317704348	3.57344979121027340	3.91141792016860634	1.00000000000000000	20.48018115097989167
TNFRSF17	263.20596289185118621	13.10730377126965962	5.08466713602314879	267.41398100110717451	1313.45678225685310281	2.77227061468529223	1.00000000000000000	1.00000000000000000	623.16677450912197855	2.09891138931324450	2.16314383186751291	2.19186317825822652	261.95376114012100288	4.41231967734592967	19.49113433439550747	14.50051209363688365
TNFRSF18	18.61705434163607364	24.33313228990416377	214.90261357835967715	10.33314595228083377	32.91755974170624199	37.18553268408776802	1463.80750406522201956	2303.39579071553771428	8.67899404568317046	1109.68748843004777882	1729.47708945269869218	960.23156983044043500	23.54323136047719345	13.56205764831886640	3493.67672467572811001	19.41508492998632107
TNFRSF1B	271.33206911208708334	85.39129640153475975	1054.40380492795839018	535.20556383567486591	21.91677331839627385	725.65812926706882990	500.51539879235713215	1282.45464090705104354	22.12501379933364731	494.63605295320462574	252.63687910162650496	322.89935847711910810	466.37724301597143040	1540.54177795481609792	67.08526401808263984	644.40390481024553537
TNFRSF4	16.93453169770869593	59.27085366414468126	217.65402344931544576	23.35024691870215818	20.51009498672829068	301.52153965151649118	576.20138762216629402	3907.91863379124652056	7.70277529772783787	1882.20053574462917823	664.53544774107751891	1856.10632193524747890	335.20831943262976438	322.94437344882595653	3312.20835767977996511	55.64823670198179428
TNFRSF6B	5.54162540694854400	19.92686723313648756	3.98694003686560139	2.59616849752371648	1.93689892581203815	124.18375440180186331	1.00000000000000000	5.87095491131901071	2.68979406603275795	8.02669112174995192	4.53279654643638352	5.18270784166872023	58.62278365240135969	184.72922786377512239	11.30214299850354465	106.61907649647008611
TNFRSF8	1.07236214421570697	620.89881370597151999	10.27580954320707640	5.89593867785978354	2.97818109585660062	29.20594675387077288	2.48420569404424008	58.49245389489961866	1.06855068826435717	186.99968749028815296	2.24218164293753208	30.03572161744744307	7.28231486341289269	78.98335654102810111	1.00000000000000000	20.22561729903277339
TNFRSF9	2.72301306230161755	265.97237694206194192	551.26768028814649369	2.55160007304555458	1.14191931600422492	94.97569409498527193	46.28785611436664738	8.00730874171804174	1.38188435780441510	40.43453118530561596	96.85482757311862656	5.91644051065564636	2.10356311731194179	21.98888682912685866	28.73414065121484029	70.32895249843265617
TNFSF11	1.09591798676622987	1.06006576854886903	5.75435804110275040	8.57659066159622441	1.80813479535778421	5.96262556756946793	18.48532089253446031	1.00000000000000000	10.40960379385814782	9.00454012043262075	86.24950657663973175	5.20965370823499274	1.53034780257975322	1.00000000000000000	601.32647120168235233	169.59297617443016293
TNFSF13	300.57960920368520874	24.09040791021759986	9.77684854090167299	165.84506581306152384	19.81745996546495547	237.77991924223428555	21.22673743267226598	3.23359815740730827	42.59773884501979069	7.19467886830290038	18.50055556748674235	14.74782909006900944	685.48610640318304377	620.51478728867232348	46.61011889372549888	346.42253952449675580
TNFSF13B	96.51205417238304562	116.04987872293025930	35.72811854122468134	74.50707364463944771	22.92933138899453738	1173.00668580790329543	32.29263611846543824	63.38815260851897904	26.18459549059253888	40.46303715507875864	38.44806203373541109	104.91148378696634325	838.52456050213118033	1818.63832787967453442	723.68306010554977092	766.56395209311619965
TNFSF14	5.36958882901509327	111.57845989194606773	282.69616167818963959	11.98942144496566797	1.93316437337002744	6.69013114632398409	424.76933997685836175	157.45099047178501905	4.93213186263413395	124.70164687367196166	501.77786940382992498	112.44778137090303005	3.05899501778050320	11.94372710591865783	367.32724298048276523	520.05874264771750859
TNFSF15	1.80362207766562510	2.76629833358216715	1.00000000000000000	1.00000000000000000	1.00000000000000000	14.31507915267887832	1.00000000000000000	3.06589765240665280	2.74042398491433525	13.25200638597624980	3.25431933683669339	13.26474570690526100	18.73305313589881038	19.02055788598844543	1.00000000000000000	95.27082735905072752
TNFSF18	1.00000000000000000	1.41924536876746044	1.00000000000000000	1.00000000000000000	1.00000000000000000	2.00106686737100770	1.00000000000000000	1.00000000000000000	1.00000000000000000	1.00000000000000000	1.00000000000000000	1.00000000000000000	1.00000000000000000	5.78622823367074535	1.00000000000000000	7.87406798476847403
TNFSF4	45.22796377673070367	9.72318286169313772	97.43658984614988583	5.98168400710454584	4.63259377917623549	9.67514301155500611	65.91122170891817689	1.92032860361366042	12.63823213138963730	14.84909774799072757	60.48917357683084361	12.03768043420641831	14.12626164282466235	1.18479211673441176	460.54302944053398505	21.49061627954570852
TNFSF8	52.72753037504025286	7.76710554029353872	139.94780150451887835	35.67111443816100547	55.40128909555871672	29.20915058683353038	125.86235205506737600	295.66247425976564500	206.06525277831644871	457.26835448209226342	26.47788171753033382	824.95096268370593862	74.12633564854145618	35.34257022651651425	66.47562502743062396	43.91850461305136832
TNFSF9	11.42149635864821633	27.33937457809183869	411.76015980240612180	185.42091505498748916	9.62375855405606373	43.31116204391827296	198.97390925994582744	4.34759861678909765	34.79218684961362840	10.10903801518628775	415.02795815220099485	20.35425997331511994	357.90357025913505140	10.44571446279138804	186.77862331494378623	3.93546281388920560
TNIP3	1.55294043577128127	38.32301627692788770	465.76639007955895977	4.53031919207261691	2.84516406730125970	24.13510321012116933	34.73109786660943143	915.39964504492320430	1.31009278448148025	208.43164333880582717	6.71129090694109198	138.04999570794075225	2.05918710376414538	253.87010992199961379	6.56722208924482942	16.67212618340116848
TOX2	13.52280854762799045	59.53625719245616921	317.01321672891629078	33.95849904200552771	25.22291185612924380	12.13445908425661912	32.59426339765418845	2327.62208644256315893	28.98816870699680592	957.85958672473793740	136.01100138487683466	820.34478733329876832	309.71774178771903507	4.61093898299179372	1201.44421313812904373	137.19887864152786960
TP73	2.61854245378851935	18.60458160399431549	14.72386577804710051	2.74175689853076188	56.33518629047502202	1.00000000000000000	1.00000000000000000	1.00000000000000000	55.62507548179844719	28.97662503107569165	1.00000000000000000	1.82857762342213936	1.80609116560101990	1.00000000000000000	1.00000000000000000	8.87271876972106988
TRAC	548.12854151245710455	380.28238975670268474	1766.47563491249002254	527.65880666445821134	92.71193615732765636	78.73930985964665297	668.92156684166491232	2964.44361065830162261	788.78936382136203065	1543.41402041538185586	443.78334516576950364	1771.05392090443729103	39.68651368278945313	34.58666003088070084	1256.83090279972566350	797.49344033892896277
TRAF1	44.48735765902858219	743.47301307138059201	561.06446959629920457	90.21331764366222217	45.66469604980508024	569.49152006782878743	333.48784268559910515	1099.61850595113310192	149.89665376534605912	455.23057014480303906	244.29666866049566920	450.22931114496651617	84.30446944529479936	138.33281778680523644	120.29954878561046883	1751.81966156264570600
TRAF4	482.19437994465772590	80.86688629678283746	102.05983605998706309	442.77748523997894381	87.83168729503559291	72.04380020997338363	88.34537462150038323	293.40728190165162914	528.67030976867329173	133.45708104728518606	99.86467070407145741	108.05823013402672927	2206.01591706474528110	19.56386315497747930	175.05219907896292852	328.97449454974452010
TRAIP	20.39124808687108370	46.80729479106689439	11.28954303016120519	12.05867495783281207	8.01249407259420643	4.62755085012591305	6.24107783041480513	6.92199037391043248	75.43748570825559341	139.98810414385974354	14.75628359091849084	9.35090177916633536	9.07236963101687444	4.67687502121866050	31.96936640292359044	18.38237261599063999
TRAT1	12.36508250187448965	5.17036154435427697	679.41268250798509598	5.15787209424404303	4.48912264901497515	17.69907023404805102	42.11396844703120479	632.08777232959039338	10.89294188684729825	576.69674160715430844	60.98663085003483530	1129.16155314843399537	5.33028234144113799	5.61595835750816530	99.48068622210936951	123.34879064579736507
TRAV1.1	1.15503670239347822	1.00000000000000000	76.55147813934982537	1.00000000000000000	1.00000000000000000	1.00000000000000000	1.00000000000000000	120.97568239114212929	1.53083907850660106	56.15202497632624556	2.06688903466995111	111.50041371234486576	1.00000000000000000	1.00000000000000000	1.00000000000000000	1.00000000000000000
TRAV1.2	1.53006451277374933	4.38997024724553864	189.77339919318598049	3.99701544653686103	1.00000000000000000	1.00000000000000000	1.00000000000000000	226.21835459936380630	1.00000000000000000	103.20750182520771432	1.00000000000000000	136.10774590281144469	1.00000000000000000	1.00000000000000000	1.00000000000000000	1.00000000000000000
TRAV10	1.00000000000000000	1.00000000000000000	74.87912492725828884	1.00000000000000000	1.14191931600422469	1.00000000000000000	33.72921639260020754	204.54774699648930891	1.42521857216274661	71.18769184043127041	2.55608613646409921	152.18104719125204838	1.00000000000000000	1.00000000000000000	1.00000000000000000	1.00000000000000000
TRAV12.1	2.07550705792231538	1.77633231788159285	154.33461617956078271	1.82977050858470025	1.00000000000000000	1.00000000000000000	19.26322262524737639	317.73492873855957441	1.20218932945605594	119.79041785314834101	1.00000000000000000	271.53972189855466013	1.00000000000000000	1.00000000000000000	1.00000000000000000	1.00000000000000000
TRAV12.2	3.69411118746138900	1.00000000000000000	245.27428276418100950	1.00000000000000000	1.00000000000000000	3.67067536093291347	1.00000000000000000	461.77546587491747232	3.73845443875003669	220.35386666282110468	1.83493501393505976	368.36933989480831997	1.00000000000000000	1.00000000000000000	1.00000000000000000	1.00000000000000000
TRAV12.3	3.05224487868724648	4.87250425925738284	121.36130230874819347	1.93389198655783545	1.00000000000000000	1.00000000000000000	30.18405412132957011	368.41961647173661731	3.05300168954973516	159.58681159243650427	1.00000000000000000	201.77115551105990221	1.73284623352048639	1.00000000000000000	1.00000000000000000	1.00000000000000000
TRAV13.1	2.78954747878782250	2.03498250890675525	269.69729923122531545	4.70231118863336839	1.84261427493666852	1.00000000000000000	8.47191904310237831	1003.90620042707143966	2.01945778089390071	312.59367499352623554	2.16314383186751291	539.73218245002510685	1.00000000000000000	1.00000000000000000	1.00000000000000000	1.00000000000000000
TRAV13.2	2.98662926723779165	7.48679517841006259	182.81400344195432695	2.23265551398836193	1.68770114753926070	2.33376922594497449	66.51538204669837739	458.09083735616286504	2.97666308450205586	203.17922728512058939	2.63804591519844900	337.06193955859333755	3.46240742417407921	1.00000000000000000	3.11511890427517768	1.00000000000000000
TRAV14DV4	2.28844572276408753	1.00000000000000000	389.30410692609723355	1.89960206413783927	1.53802634849379283	1.00000000000000000	41.77391398223203112	222.55570073827146871	3.55598023269326502	114.00548696661991244	4.38372922981020618	259.87807589336830461	1.00000000000000000	1.00000000000000000	3.97677686024298138	1.00000000000000000
TRAV16	1.87863687433271398	14.13452471020672796	134.63648013199531306	1.00000000000000000	1.47567845192512714	1.00000000000000000	27.12345140895114426	200.45461361266268341	1.91047843956214058	72.20020250544300211	2.18334548821629548	188.88135874615605303	1.00000000000000000	1.00000000000000000	1.00000000000000000	1.00000000000000000
TRAV17	3.48066478913089838	9.37842844814798404	296.79103857590916959	2.88560781401949562	3.73595658164869260	1.31552695881168447	17.89361973335642730	603.41057327808789523	2.67031357070939190	225.61915236419434905	8.26938463753320718	363.64299833458716193	1.00000000000000000	1.00000000000000000	1.00000000000000000	1.00000000000000000
TRAV19	2.51310757833471232	9.79664120743556133	211.91608112083886795	5.72648753978231717	3.86371504046289749	1.00000000000000000	79.24354900496189202	438.67843647414707675	2.45072312585988872	190.77854053029273018	1.00000000000000000	315.52838563388723969	1.00000000000000000	1.00000000000000000	17.30994969808268635	1.00000000000000000
TRAV2	1.00000000000000000	1.62882000525990023	75.81034527125366651	1.00000000000000000	1.83914380700074753	1.00000000000000000	38.26633709110957682	325.47816035411216262	9.85304123645857111	86.00314872102576658	1.00000000000000000	186.09978138743636578	1.00000000000000000	1.50125424852123146	8.30725127462948976	1.00000000000000000
TRAV20	2.20765032981258447	1.00000000000000000	99.46839145159520967	1.00000000000000000	2.31160628608287677	3.06079931735775945	22.99705870094971161	151.26978177769146328	2.24230021762235143	104.16293742654094956	1.00000000000000000	162.15154605814257138	1.00000000000000000	1.00000000000000000	1.00000000000000000	1.00000000000000000
TRAV21	3.94977851855564888	6.86858816046531029	332.54796899477059924	1.58684053184692031	1.95535055381181055	1.00000000000000000	24.92013228922467150	446.57132048286530335	1.55450909192360220	166.23471835396469487	2.81132438585634548	343.61546939274586521	1.00000000000000000	1.00000000000000000	1.00000000000000000	1.00000000000000000
TRAV22	2.00749338832475743	19.10077446437596649	150.99130522878152760	1.00000000000000000	1.36617322702295962	1.00000000000000000	44.63455968065478174	132.75953823431450473	2.39799408851645435	51.24032496781882884	14.26068094290399202	120.51055859945002169	35.67533837294328691	1.00000000000000000	64.19982897158425317	1.00000000000000000
TRAV23DV6	1.47700038743710516	1.00000000000000000	63.84047778820927732	1.00000000000000000	1.00000000000000000	1.56342075464849906	7.91327630718628683	322.77364728755685519	1.28953986095681827	142.00567868262655224	2.07344333741640252	333.06539343936708519	1.00000000000000000	1.00000000000000000	1.00000000000000000	1.00000000000000000
TRAV24	1.36445817967455985	1.00000000000000000	61.12138020720307452	1.00000000000000000	1.00000000000000000	1.00000000000000000	1.00000000000000000	84.47178306207868559	1.00000000000000000	28.41085423927843223	1.00000000000000000	65.50594827203781279	1.00000000000000000	1.00000000000000000	1.00000000000000000	1.00000000000000000
TRAV25	1.00000000000000000	1.00000000000000000	76.31831631092050827	1.00000000000000000	1.00000000000000000	2.64582787075535020	5.51131717973271673	209.63143977830128506	1.00000000000000000	62.04919151153643497	1.00000000000000000	156.61923416921996477	1.00000000000000000	1.00000000000000000	1.00000000000000000	1.00000000000000000
TRAV26.1	1.63503313257420624	8.23241082388330270	147.95884966373461111	1.76140363569096281	1.99670130341915231	1.42127174226841313	17.92272929388905567	594.95203762568405637	2.09901723927089101	172.28541580648541753	1.00000000000000000	375.13278477836718139	1.00000000000000000	1.00000000000000000	3.97677686024298138	1.00000000000000000
TRAV26.2	1.56413235609858003	8.07257005600028954	113.68253067557941449	1.00000000000000000	1.00000000000000000	2.62693553630519849	20.70978673843722717	229.54436100513268570	1.00000000000000000	100.75443612634461488	1.00000000000000000	172.12480473306169415	1.00000000000000000	1.56048810475148692	1.00000000000000000	1.00000000000000000
TRAV27	2.35799339337064806	1.00000000000000000	129.36371830884601764	2.49738444363929135	1.00000000000000000	1.00000000000000000	7.65669992913929587	500.01182667017894801	1.92004030554944483	160.80425700999020933	4.89239794364622682	282.91072929932010993	1.00000000000000000	1.00000000000000000	1.00000000000000000	1.00000000000000000
TRAV29DV5	2.23215920806913282	1.00000000000000000	279.92434162251691987	4.66513199913899346	1.36049729307471967	1.00000000000000000	64.36480883772362915	349.84883175007757927	2.32450915143464343	210.84053741327815601	1.00000000000000000	432.54528743082488518	1.66515888429214076	1.00000000000000000	1.00000000000000000	1.00000000000000000
TRAV3	2.79982911807229762	100.05950436439307794	199.95975725366204756	2.36646141994336556	1.00000000000000000	1.00000000000000000	2.82042754186511990	693.39523217707505864	2.97365478186973275	217.00330723534904109	1.00000000000000000	354.65589669416704055	1.00000000000000000	1.00000000000000000	3.93877887946008176	1.00000000000000000
TRAV30	1.57626281030199467	10.98137765399491350	90.55969252296806360	1.00000000000000000	2.83682406873707382	1.00000000000000000	5.39689721274187661	72.75053948528018566	1.00000000000000000	48.88860669362906464	6.90408089133884673	109.72242493444160516	1.00000000000000000	1.00000000000000000	1.00000000000000000	1.00000000000000000
TRAV34	1.25203996514530025	11.80749057422004888	61.50232720660098096	1.00000000000000000	1.21488904111419926	1.73147479229152945	25.59402641816942037	102.00506899472435407	1.00000000000000000	25.98067923568974891	1.00000000000000000	46.82729516747271248	1.00000000000000000	1.00000000000000000	1.00000000000000000	1.00000000000000000
TRAV35	1.00000000000000000	1.00000000000000000	51.44469938770644291	1.00000000000000000	1.00000000000000000	1.55967512681094389	22.72750157775904256	143.07407568499672834	1.00000000000000000	42.24937720441153033	1.00000000000000000	123.18185075565499176	1.00000000000000000	1.00000000000000000	1.00000000000000000	1.00000000000000000
TRAV36DV7	5.69243461574612564	11.63639932780356112	132.87897754206625223	1.75360388782123611	1.57476224711991186	1.00000000000000000	12.49670648100963355	125.31646406704395247	2.07048080060532680	51.13897768502615548	1.00000000000000000	121.60883973823803217	3.64732755853655632	1.00000000000000000	1.00000000000000000	1.00000000000000000
TRAV38.1	2.54981556934142173	1.00000000000000000	117.22294702087569362	1.00000000000000000	1.20017250231852657	1.73763541679903177	10.82178909554192181	229.39900962359888581	1.31409185823912655	79.74659195407998880	1.00000000000000000	142.32042421841805435	1.00000000000000000	1.00000000000000000	5.62215317927145719	1.00000000000000000
TRAV38.2DV8	2.83614847949085336	3.69918001802851304	363.78004883051988827	2.53914789847606936	5.18202884012621645	2.96533868003686241	121.03334894651626996	400.82150387551484982	2.71407028722488608	99.03241764243422551	2.62783357552171459	302.33067156156499777	75.81257361795545080	1.00000000000000000	1.00000000000000000	1.00000000000000000
TRAV39	1.21469331769558142	1.00000000000000000	20.65225134842873445	1.00000000000000000	1.16800436316696921	1.00000000000000000	13.41033874035055717	95.58247384012155123	1.33511238328512527	26.68319241870869973	1.00000000000000000	78.75522786197527125	4.43852676488897924	1.00000000000000000	1.00000000000000000	1.00000000000000000
TRAV4	1.89741737857669257	1.00000000000000000	174.09059070191582919	1.00000000000000000	1.21369322550054126	1.00000000000000000	19.64631171758920303	366.08345737429658584	2.16812333326103790	89.66820809220109822	1.94578498482108442	247.24590672061745522	1.00000000000000000	1.00000000000000000	6.72750046919622413	1.00000000000000000
TRAV40	1.51526508956425565	1.57742624110615948	9.24436938288934584	1.00000000000000000	1.00000000000000000	1.00000000000000000	4.25847618457834720	39.81090294662548956	1.00000000000000000	32.18080088418628293	1.00000000000000000	17.03253884461117806	1.00000000000000000	1.00000000000000000	1.00000000000000000	1.00000000000000000
TRAV41	1.56252329863644013	31.51551569146177556	60.97519520403107407	1.00000000000000000	1.16800436316696921	2.05907890102581748	34.78037132620855232	100.17621356092034546	2.56320391978685702	43.07114495117848918	1.00000000000000000	112.90990418718040189	1.00000000000000000	1.00000000000000000	5.97983048996934485	1.00000000000000000
TRAV5	1.56183038216174852	1.00000000000000000	213.68985116338367902	1.00000000000000000	1.34447664836695813	1.00000000000000000	1.00000000000000000	262.65543371638540293	1.80026336056856007	99.56234846674796302	1.94578498482108464	158.61024682100244831	1.00000000000000000	1.00000000000000000	1.00000000000000000	1.00000000000000000
TRAV6	1.23447604613374273	1.00000000000000000	88.57305418762695126	1.00000000000000000	1.00000000000000000	1.00000000000000000	1.00000000000000000	358.65035251326293064	1.62747913388608900	79.98732188787758446	2.97967000391174164	204.97357425662838182	1.00000000000000000	1.00000000000000000	15.77628313103644153	1.00000000000000000
TRAV8.1	1.77561191032849353	1.00000000000000000	86.04571327862356611	1.95260733150196231	1.00000000000000000	1.00000000000000000	8.05944667342779653	126.55746885127210533	1.74955516807190214	72.89602058031925935	1.00000000000000000	187.65610901884383566	1.00000000000000000	1.00000000000000000	1.00000000000000000	1.00000000000000000
TRAV8.2	1.35646706411711371	34.33990091420177038	216.58286069632950444	1.00000000000000000	1.20717704023497086	1.37078472445525179	15.04356396871521540	511.08204818309320672	2.55002462229657123	147.56161494605680673	1.75550262390866640	413.95384870508644326	1.00000000000000000	1.00000000000000000	7.46512102800821076	1.00000000000000000
TRAV8.3	1.42151802638010549	18.45761452110279066	151.88208325236630003	1.00000000000000000	3.24781822479287952	1.00000000000000000	61.86786852617532162	260.01396671555625062	1.00000000000000000	100.52263763434076793	2.95095710384530330	335.40476964818640226	1.45002443307228646	1.56048810475148692	3.93877887946008176	1.00000000000000000
TRAV8.4	1.43302313648804303	28.96065736767056364	130.41928440747722107	1.00000000000000000	1.00000000000000000	3.27272189162674731	27.71377810344820247	486.06251546194505408	3.67669528904993381	206.06299941913826501	1.00000000000000000	406.61294668215475667	1.00000000000000000	1.00000000000000000	16.23165865437111322	1.00000000000000000
TRAV8.5	1.53907783958343813	3.46734133217347429	25.50164108223755832	1.00000000000000000	1.00000000000000000	1.00000000000000000	8.63951744546837297	11.56751414498562447	1.00000000000000000	5.64591561387222995	1.00000000000000000	12.30393515159186002	2.24910396526415246	1.00000000000000000	1.00000000000000000	1.00000000000000000
TRAV8.6	1.78480180498543173	16.68145042645752696	88.02346193965117038	1.00000000000000000	1.00000000000000000	1.28003898452057685	21.28449195255096527	271.42244895049179831	3.16201329729474123	157.71361845216728170	1.00000000000000000	310.04002778190925937	1.00000000000000000	1.00000000000000000	1.00000000000000000	1.00000000000000000
TRAV9.2	5.15992218079454279	36.76126854832632773	179.40656738142857307	1.00000000000000000	3.59915093985620693	2.23109545593397218	27.15910427407131422	539.54717154765774012	3.60300547504465118	274.84800349390610563	2.95350951949793750	424.07179789489055111	1.00000000000000000	1.22491422773415737	6.33596807618796998	1.00000000000000000
TRBC1	108.12390010542607399	36.36225301549867339	1893.58451122260794364	104.53996470555944143	41.09918685661248361	49.69251465386680167	2633.68252168960316340	2922.14212570316158235	31.11322906043309189	1348.64558906908723657	1845.39005059316059487	2282.06877846902580131	22.52725638240019990	28.54552433337193662	3658.19445047585213615	690.75509078675179353
TRBC2	2387.03704440157707722	105.61476437525647043	3176.53740985687318243	1694.88001208496120853	159.04084294058915816	185.91057753894887128	2675.85199321208256151	3852.29177620005793869	241.05177884745134520	2268.79525509689574392	2120.72233280487625962	3666.93184739616526713	81.38544939255591260	73.04942211728977952	2778.32936609287162355	1353.44506038319855179
TRBV1	1.00000000000000000	1.00000000000000000	2.26825044732316350	1.00000000000000000	1.00000000000000000	1.00000000000000000	1.00000000000000000	9.71348235683668193	1.00000000000000000	10.64571300231140505	1.00000000000000000	18.21381493214806824	21.00630170221656812	1.00000000000000000	1.00000000000000000	1.00000000000000000
TRBV10.1	1.30680715551731597	1.00000000000000000	27.25964765401526080	1.00000000000000000	1.00000000000000000	1.00000000000000000	1.00000000000000000	186.35620318244403393	1.27691777488166092	28.91911153623603070	1.00000000000000000	108.48732637500874887	1.00000000000000000	1.00000000000000000	1.00000000000000000	1.00000000000000000
TRBV10.2	1.37317224178228514	6.34073387910825659	45.78693048137817811	1.00000000000000000	1.41590356994937139	1.00000000000000000	18.51263200849034618	49.18563426691070362	1.00000000000000000	49.95469902507360160	1.00000000000000000	87.82058392704543337	1.00000000000000000	1.00000000000000000	4.30679273324069456	1.00000000000000000
TRBV10.3	2.72703690106648322	1.00000000000000000	177.41340166368939890	1.63205696267549905	1.00000000000000000	1.00000000000000000	54.40931742712361796	516.12557653463613860	5.50199854222614526	85.51244867675720229	1.00000000000000000	326.97865028216637029	1.00000000000000000	1.00000000000000000	1.00000000000000000	1.00000000000000000
TRBV11.1	1.27677257072756145	1.00000000000000000	81.06277724308139909	1.53735407176549033	1.00000000000000000	1.00000000000000000	1.00000000000000000	75.32570118023828343	1.00000000000000000	35.20129154167267416	1.00000000000000000	29.60414966476399456	1.00000000000000000	1.00000000000000000	1.00000000000000000	1.00000000000000000
TRBV11.2	3.26131537837729413	1.00000000000000000	193.46854842427208609	6.45454079070802589	1.56627722172957529	1.00000000000000000	41.94250490158566436	546.15101506386611163	3.75368833592536033	155.71266279237920571	1.00000000000000000	364.24362178962945791	1.90122658606020711	1.00000000000000000	1.00000000000000000	1.00000000000000000
TRBV11.3	1.00000000000000000	11.74434965448815582	21.36162913815559250	1.00000000000000000	1.00000000000000000	2.48207318002303445	1.00000000000000000	44.13462187894592148	1.00000000000000000	15.97801259918055727	1.00000000000000000	91.83811797534448829	1.00000000000000000	1.00000000000000000	1.00000000000000000	1.00000000000000000
TRBV12.2	1.14019800444786412	1.00000000000000000	3.27313811997564441	1.00000000000000000	1.00000000000000000	1.00000000000000000	1.00000000000000000	2.43078605663360392	1.00000000000000000	1.77038146367220151	1.00000000000000000	6.05086000237108124	1.00000000000000000	1.00000000000000000	1.00000000000000000	1.00000000000000000
TRBV12.3	3.63888402105311703	1.00000000000000000	540.05915162942994812	1.79492432012875680	2.09603025437385382	1.40029437236595866	1.00000000000000000	931.72410113935154641	2.24982586372023929	113.91575439274348014	1.00000000000000000	555.48446808033520483	1.00000000000000000	1.00000000000000000	1.00000000000000000	1.00000000000000000
TRBV12.4	4.22549996292040575	1.00000000000000000	718.52083291052247205	1.84381467897020634	1.00000000000000000	3.62719721576544751	43.81485433687056741	531.24448207020441259	4.29618786569860234	212.08854286007712631	1.00000000000000000	390.00058414354236902	1.00000000000000000	1.00000000000000000	1.00000000000000000	1.00000000000000000
TRBV12.5	1.27997339013038181	1.00000000000000000	34.84762781393792608	1.00000000000000000	1.00000000000000000	1.00000000000000000	29.48241509910580049	38.33651205440911269	1.00000000000000000	39.69955122197780639	1.00000000000000000	82.34097122377920641	1.00000000000000000	1.00000000000000000	1.00000000000000000	1.00000000000000000
TRBV13	1.62850050351044295	2.02446333733556383	293.40672532089945435	1.00000000000000000	1.39842984055944886	1.31270881491659219	124.20499548418136726	105.52062843274742931	2.92725179329741758	26.77512190344479137	1.00000000000000000	92.79757207538686714	1.00000000000000000	1.00000000000000000	1.00000000000000000	1.00000000000000000
TRBV14	2.11694694062317135	1.00000000000000000	104.64632462839711025	3.73220148986212230	1.00000000000000000	1.00000000000000000	7.56089446804461041	161.26089655748450014	2.38806902797164788	99.89925162447048024	8.86011925791770238	185.98555138740593407	1.54995860330766266	1.00000000000000000	1.00000000000000000	1.00000000000000000
TRBV15	1.80363762789506321	1.00000000000000000	48.95948701596034169	1.00000000000000000	1.00000000000000000	1.00000000000000000	30.31313267519134769	191.56772439346437409	1.00000000000000000	61.05690164781267981	1.00000000000000000	125.33952950713879204	1.00000000000000000	1.00000000000000000	1.00000000000000000	1.00000000000000000
TRBV16	1.00000000000000000	1.00000000000000000	7.84610546674753451	1.00000000000000000	1.00000000000000000	1.00000000000000000	1.00000000000000000	8.27932736947396464	1.00000000000000000	2.14930758779728670	1.00000000000000000	7.66811706842107466	1.00000000000000000	1.00000000000000000	1.00000000000000000	1.00000000000000000
TRBV18	3.59884665783788948	1.00000000000000000	175.37735134658893799	1.00000000000000000	5.35167480503226667	1.00000000000000000	8.30743216111409488	708.94363685415532927	5.34844485149853188	227.44514100824730463	1.00000000000000000	487.57990759683400483	1.00000000000000000	1.00000000000000000	1.00000000000000000	1.00000000000000000
TRBV19	4.56430226994215360	1.00000000000000000	336.02315411228573794	1.84976408628760902	3.87939199168792115	1.75450288151315736	68.73717578617657864	963.05507649826984107	2.86134330817243443	307.27925922927545344	12.84712739313330232	852.32902483676150496	1.00000000000000000	1.00000000000000000	14.47433959337729981	1.00000000000000000
TRBV2	2.62162810537550905	1.00000000000000000	245.71843735618028859	3.04407641024609710	1.00000000000000000	4.02339425277080665	43.66920526893691346	697.79031379448963435	4.50194025249380125	222.72085981420809730	1.00000000000000000	446.58490806902710801	1.47812725353736818	1.00000000000000000	1.00000000000000000	1.00000000000000000
TRBV20.1	8.37268944229385959	19.61056521048727319	588.97276262653053891	4.85365497991831329	5.39535360521945684	4.95983271137106208	48.30759814428359533	2216.98719704899167482	10.69111098800876114	898.01651801614730175	2.98730539493905667	1453.50855705610365476	6.91159377528938546	1.00000000000000000	2.10678537648253261	1.00000000000000000
TRBV21.1	1.50673509819682527	15.69458126905856510	244.69855839534466213	3.31214890474152535	2.00993730464157228	1.00000000000000000	1.00000000000000000	114.92151188132574191	4.58372163827096735	36.20617369638763705	1.84423880569125775	185.05401926428493198	1.00000000000000000	1.00000000000000000	3.13210094379761594	1.00000000000000000
TRBV23.1	2.23014804527735278	1.00000000000000000	33.98378820642800946	1.00000000000000000	1.98631625353189656	1.00000000000000000	35.17958578606270237	27.80385659035643897	1.00000000000000000	16.60922318810227694	1.00000000000000000	47.64049891410782323	1.00000000000000000	1.00000000000000000	1.00000000000000000	1.00000000000000000
TRBV24.1	2.33890989565122931	1.00000000000000000	124.28509417938450099	2.95350839049313985	1.00000000000000000	1.00000000000000000	1.00000000000000000	220.89163732221385317	1.95174136939028764	128.93425020227240907	3.07531397592922007	167.36419155809375070	2.04689417057356682	1.00000000000000000	1.00000000000000000	1.00000000000000000
TRBV25.1	1.71117046026907205	1.00000000000000000	51.89817484044532847	1.00000000000000000	1.00000000000000000	1.00000000000000000	1.00000000000000000	156.95813728458978176	2.00581434290641347	14.39999917455367395	1.00000000000000000	87.12543836418572596	1.65138774764301610	1.00000000000000000	1.00000000000000000	1.00000000000000000
TRBV27	3.67583833594453546	44.13115768976503261	547.72074462043303811	1.63308443866501296	1.68770114753926070	1.00000000000000000	51.59430200630739449	547.17729793015416817	8.72208728976605485	145.72294920045430899	4.94114957965193557	335.13437564680208425	1.00000000000000000	1.11677376307231979	1.00000000000000000	1.00000000000000000
TRBV28	4.32868356402141430	1.00000000000000000	354.69864593287684329	5.42303275956389719	2.97342163674429205	1.00000000000000000	27.28392610859572187	1162.59254120552395761	3.05885441877147768	443.53068856868895864	6.51694523883501642	629.27860106991670364	1.00000000000000000	1.87289513148196529	3.15697548762350211	1.00000000000000000
TRBV29.1	10.12961119006005184	1.00000000000000000	102.61440726925260947	8.38920306544741301	7.03163374902922467	7.91559771962782577	1.00000000000000000	341.89081054208469368	1.47183059512778769	57.97229366756539548	1.00000000000000000	211.93832150158141303	1.00000000000000000	1.77545148175202083	6.74820727496409400	1.00000000000000000
TRBV3.1	2.93231974167636622	1.00000000000000000	326.98330606078104665	3.26695291195290549	2.35084274724940023	3.32821547538456963	47.13883384355084161	829.86968953032135232	3.79693842874160614	307.19170687698772326	8.51474853046515356	678.97634878260043934	1.00000000000000000	1.00000000000000000	1.00000000000000000	1.00000000000000000
TRBV30	3.41076123203544723	1.00000000000000000	120.24378601873527828	4.22335696904763580	1.23033279682164243	5.63761582056926613	14.26795907058874313	515.58250223836853365	1.15330903172397314	234.06199240340120582	1.00000000000000000	393.51253112707570381	1.00000000000000000	1.00000000000000000	4.05412417768927025	1.00000000000000000
TRBV4.1	1.63915566061062545	1.00000000000000000	570.32002451858147651	1.00000000000000000	1.00000000000000000	1.00000000000000000	1.00000000000000000	286.02568729144513782	2.92534618242656785	96.03898974171995917	1.00000000000000000	329.68602091729991344	1.00000000000000000	1.00000000000000000	10.82339805979848713	1.00000000000000000
TRBV4.2	5.77226870248912860	1.00000000000000000	437.45379233989388013	1.99496094026549553	1.00000000000000000	1.00000000000000000	12.72775607908272733	263.98164326518946154	7.61734696690570701	69.41030575648724721	9.85966507158694405	310.25992090617296526	1.00000000000000000	1.00000000000000000	1.00000000000000000	1.00000000000000000
TRBV5.1	9.65355542710995174	63.60552752821294575	302.21096215718017675	7.71165249087651983	1.39313959576692215	1.00000000000000000	41.83657878665774632	1795.50406795583739950	10.18804695251195014	635.66160014207218865	2.67195821176449400	1297.94640987375419172	1.49482440379875303	1.00000000000000000	47.09794910614496644	1.00000000000000000
TRBV5.3	1.00000000000000000	1.00000000000000000	1.00000000000000000	1.00000000000000000	1.00000000000000000	1.26283940770234349	1.00000000000000000	6.01062158359095555	1.00000000000000000	1.63563386405942612	1.00000000000000000	4.27276550778712583	1.00000000000000000	1.00000000000000000	1.00000000000000000	1.00000000000000000
TRBV5.4	3.90687180599854056	1.00000000000000000	364.95086926573424080	1.00000000000000000	1.00000000000000000	2.20492520449578366	14.86667198024729153	535.54589603211286430	6.63836283740441946	145.25728377611432052	1.00000000000000000	398.13672798537714925	1.00000000000000000	1.00000000000000000	1.00000000000000000	1.00000000000000000
TRBV5.5	2.33993336751589176	1.00000000000000000	116.22903038712334478	1.53800959947285509	1.00000000000000000	1.00000000000000000	1.00000000000000000	156.74224148598904094	2.24252595993776982	20.47759978310036644	2.48125244959639302	143.36764083079597754	1.00000000000000000	1.00000000000000000	24.50798429997072958	1.00000000000000000
TRBV5.6	1.64296569095337408	1.00000000000000000	204.77765606204661708	2.39862724007121209	2.95550048761127382	1.00000000000000000	18.08608732327024171	310.87866115971434056	1.30998545326419280	93.56224313089975908	1.00000000000000000	288.11207198978718225	1.00000000000000000	1.00000000000000000	1.00000000000000000	1.00000000000000000
TRBV5.7	1.00000000000000000	1.00000000000000000	3.24658989097614104	1.00000000000000000	1.00000000000000000	1.00000000000000000	1.00000000000000000	15.91244321362620795	1.00000000000000000	6.83909471232111787	1.00000000000000000	22.59880389953153212	1.00000000000000000	1.00000000000000000	1.00000000000000000	1.00000000000000000
TRBV6.1	2.72560667124866640	1.00000000000000000	297.11535222436941694	1.00000000000000000	1.00000000000000000	1.53995815124717206	1.00000000000000000	690.20301462101281231	3.04928404305443435	252.18526499696625365	5.34937228979704305	528.26986737155607443	1.00000000000000000	1.00000000000000000	1.00000000000000000	1.00000000000000000
TRBV6.2	2.64774632536337151	1.00000000000000000	202.90384977821378243	3.85034411314368752	1.53662247233134819	1.00000000000000000	37.59126631481927916	183.63332681609387009	5.40483468649862697	151.12449796295194915	1.00000000000000000	313.34352680508845879	1.00000000000000000	1.00000000000000000	9.79667402531834952	1.00000000000000000
TRBV6.4	1.44628751925066634	1.00000000000000000	32.25072470604845876	1.00000000000000000	1.22469884377958671	1.00000000000000000	6.98476233225090226	50.10432898584392802	1.14866021429304421	24.19823539326055695	1.00000000000000000	41.55662174956739818	1.00000000000000000	1.00000000000000000	1.00000000000000000	1.00000000000000000
TRBV6.5	5.15921014974207814	1.00000000000000000	494.23016571586714463	3.63130380457303126	1.28101821094655222	1.00000000000000000	17.57626616235362249	889.37753419358375595	4.83267755528773346	366.08900284464510833	1.00000000000000000	733.64362024434626619	1.00000000000000000	1.00000000000000000	3.39017934934894072	1.00000000000000000
TRBV6.6	3.15246388824323409	1.00000000000000000	260.05610935282862783	2.04412268988939871	1.55842901664946965	1.36734243131677125	35.81723176060307878	609.82019948395759457	1.80253088649396664	187.46827028578280760	1.00000000000000000	340.58804678448012737	1.00000000000000000	2.12399722788149781	1.00000000000000000	1.00000000000000000
TRBV6.7	1.00000000000000000	1.00000000000000000	1.00000000000000000	1.00000000000000000	1.00000000000000000	1.00000000000000000	1.00000000000000000	1.89286419823052965	1.15040772590133367	2.99631707084954124	1.00000000000000000	10.69866504679882446	1.00000000000000000	1.00000000000000000	1.00000000000000000	1.00000000000000000
TRBV6.8	1.00000000000000000	1.00000000000000000	1.00000000000000000	1.00000000000000000	1.00000000000000000	1.00000000000000000	1.00000000000000000	1.63264638297545228	1.00000000000000000	2.32935889140114494	1.00000000000000000	11.92005219586843445	1.00000000000000000	1.00000000000000000	1.00000000000000000	1.00000000000000000
TRBV7.2	5.51395229333975312	6.55040593893198420	371.60359438421306777	4.39421481491024846	1.59306181841580541	5.74757516564937632	225.17410075149734894	410.49126853048068142	4.15280470825288539	351.49348199640382973	10.67996212676846746	837.74116537964914642	12.83919487594660502	1.56413218985913871	28.21413523337573892	1.00000000000000000
TRBV7.3	2.50598804358709781	5.98220800356757820	203.42625062084786691	1.00000000000000000	2.44352976010176981	9.91180792909172226	38.96853372865366083	329.08486150505871137	3.88600948375287691	168.34165623426423508	3.36113455841115494	246.31344142749719595	5.62588680850425238	3.68743358211513250	6.35833565152567726	1.00000000000000000
TRBV7.4	1.92559393620433950	6.42472718104088436	68.21797146631531916	1.00000000000000000	1.28101821094655222	1.00000000000000000	1.00000000000000000	43.32843780929115951	1.62341043990653455	24.00029386421648780	1.00000000000000000	38.97756476275240800	1.00000000000000000	1.00000000000000000	1.00000000000000000	1.00000000000000000
TRBV7.6	4.70923189855952717	52.56976042509661795	484.33437326757638175	3.14902299126590224	2.00466559653950593	3.04836648970602520	9.69089322346596660	302.57334027197259729	5.32608422989932073	182.80014491967884283	1.00000000000000000	298.06740753646772646	1.00000000000000000	1.00000000000000000	1.00000000000000000	1.00000000000000000
TRBV7.7	1.00000000000000000	1.00000000000000000	13.54215407925106085	1.00000000000000000	1.00000000000000000	1.00000000000000000	1.00000000000000000	54.47322622187057561	2.00173870087712746	8.58581262019892932	1.00000000000000000	59.80057266408260830	1.00000000000000000	1.00000000000000000	1.00000000000000000	1.00000000000000000
TRBV7.9	8.12480921302616999	8.08579078904628368	642.10936935625898059	10.25861279531860859	1.28101821094655244	1.00000000000000000	30.47457147776531627	699.91845115240744235	3.17975653333416952	386.71021469540619364	7.56589005687909211	586.70912558529789749	1.00000000000000000	2.43786119954149250	1.00000000000000000	1.00000000000000000
TRBV9	4.39729512080945373	1.47208366162162063	501.22276531283057466	4.78531783335500993	2.90036052303796676	4.48604828760419050	56.73600014431601579	573.61150468902815192	5.84800318596239421	295.84849352284305724	1.00000000000000000	458.13348233158410494	2.04828690566902072	2.73739650716903959	1.00000000000000000	1.00000000000000000
TRDC	3.57902886063614112	435.47034170441156675	388.75893083259489913	6.18618156237996253	3.37321429977453890	4.26870997551251730	3168.14784956352559675	21.60014250012138959	6.52387241853632815	43.98297087193182620	5161.23558742047043779	66.87314576454433279	12.38734558447524314	3.46622901541042561	6466.35976733365896507	18.57340121729187743
TRDV1	1.80090019455753025	1.00000000000000000	632.80710609429843316	1.00000000000000000	4.41099265662735540	1.00000000000000000	825.07250128857378968	64.88823113160613332	2.10683262735536836	28.88010170299119750	9.80263055752047663	89.59743746201992565	1.00000000000000000	1.00000000000000000	1.00000000000000000	1.00000000000000000
TRDV2	1.18563452457427632	1.00000000000000000	299.18796921684304380	1.00000000000000000	1.00000000000000000	1.00000000000000000	189.62386327285227594	9.54442245229320108	1.79560676520065843	2.80325030158260624	2.54317273302531666	13.34225116196414263	1.00000000000000000	1.00000000000000000	1.00000000000000000	1.00000000000000000
TRDV3	1.57766543882347676	3.14372869056278015	35.58863651766747438	1.00000000000000000	1.00000000000000000	1.00000000000000000	397.32888569148860824	2.51032153461132568	3.49334034716760122	1.82923196305872970	2.92824955264983267	10.15388942968381158	1.00000000000000000	1.00000000000000000	3.60175939356324992	1.00000000000000000
TREM2	1.34759430242775236	1.00000000000000000	1.00000000000000000	1.00000000000000000	1.00000000000000000	14.32284468382120046	1.00000000000000000	1.00000000000000000	1.00000000000000000	1.00000000000000000	1.00000000000000000	1.41197958126790324	3.99667207859989926	46.12154696579980140	1.00000000000000000	27.21932976926221315
TREML1	1.39893021804328255	1.00000000000000000	1.00000000000000000	1.00000000000000000	1.00000000000000000	60.40933917675276632	1.00000000000000000	1.00000000000000000	1.00000000000000000	1.00000000000000000	1.00000000000000000	1.00000000000000000	1.00000000000000000	1.41392449259073016	1.00000000000000000	7.87900236429846146
TRERF1	5.63382609448016414	99.72852267685537697	279.02937244642862424	73.84878069299875847	10.48872910746731790	243.23643261678788008	264.80891389743914033	452.34880472670511153	49.22576869745189754	371.33590082549437739	220.45388279137296195	430.50497223210118136	123.15896626886183185	60.17879266054275433	141.47936232514112476	315.44759950146885785
TRGC1	1.21135980402985410	2.02984786763176039	165.35021397598197268	1.00000000000000000	1.16490526418646678	2.61393232436977918	541.22197216595372993	2.51109150631269884	1.00000000000000000	14.49569787958091460	923.49441664760320236	10.02306181256459361	1.00000000000000000	5.75867547679293335	1332.08371380647099613	9.58738143382301899
TRGC2	1.70848707324310545	6.01801841560223849	347.16988489398613638	1.00000000000000000	1.48668473951789437	2.89496367132178500	348.74028016432282584	3.91144267168634885	2.20606427112645465	24.75472650243402128	247.30964897697742799	14.51496190654994756	1.42363128545857376	2.41693076514404215	240.97481952842434794	21.45727117951417284
TRGV10	1.75954221424157997	1.00000000000000000	417.59155662159042777	1.00000000000000000	1.00000000000000000	1.00000000000000000	246.25841887886602422	11.65898998618717641	2.96288676002396967	31.13369761679899028	160.55549583954302761	49.20181477364932476	1.00000000000000000	1.00000000000000000	307.83366550344197776	1.00000000000000000
TRGV2	2.08116426775000773	1.00000000000000000	494.88882275557796220	1.82638868993047154	1.00000000000000000	1.92042633589812284	307.19460174593376678	4.92856085995591986	1.79107899196949716	15.83590058079421858	11.94466916438617865	6.08759097734641674	3.16489422922371633	1.00000000000000000	1.00000000000000000	1.00000000000000000
TRGV4	1.96491020119119453	1.00000000000000000	119.97055338191356100	2.31378645754861445	1.34476542351366968	3.53513084219208285	169.37258672939134385	1.00000000000000000	1.95864940374777952	5.75054088483747972	1.00000000000000000	3.89961772196108836	3.80872540204538357	1.58177411500035636	6.05440051067883189	1.00000000000000000
TRGV5	5.29955238343952129	20.50444997050742302	158.02493667010608647	7.05761108020490280	5.07026900207284736	24.49596277403542643	167.30961814451183045	3.17538775536665074	7.51633060177588508	24.84224399616669032	12.31455524315985350	16.92901813952059697	24.88990736266856985	2.76434085406743346	19.67773948226315994	1.00000000000000000
TRGV8	1.64507636675826285	1.00000000000000000	318.00750566567290889	2.31432765391350515	1.00000000000000000	5.41495697019800559	342.51768605151403335	1.00000000000000000	1.00000000000000000	4.38841742648003219	64.80335129103221448	8.72953026994559345	2.53515476638043058	2.01916374551449262	17.61852847110079523	1.00000000000000000
TRGV9	1.94837068739099095	1.00000000000000000	638.30944961045736363	1.00000000000000000	1.62629432201008362	1.59772465121911966	781.89255928975558163	1.00000000000000000	2.18272185812833897	5.96477800547923920	695.82174330707323406	6.14697949894943907	1.00000000000000000	1.00000000000000000	851.20989486202802254	1.00000000000000000
TRIB2	302.38861155792375257	24.09638072933904951	280.00701653835437810	239.04324228562620647	69.98497302547522736	34.61748702697742885	327.48371627723292931	2410.82875330567094352	143.68296639900574974	714.54028141124433660	295.47044951771374599	1274.90736566444411437	9.60186376765243388	17.66547030684454000	441.94927600221166131	259.16696306563824237
TRIM15	1.00000000000000000	252.64397547669605615	1.00000000000000000	1.00000000000000000	1.00000000000000000	1.00000000000000000	1.00000000000000000	1.00000000000000000	1.00000000000000000	1.00000000000000000	1.00000000000000000	1.00000000000000000	1.00000000000000000	1.00000000000000000	1.00000000000000000	1.00000000000000000
TRIM55	1.00000000000000000	108.07049655384719244	1.00000000000000000	3.48119000120156485	3.98897064280736302	1.00000000000000000	1.00000000000000000	1.00000000000000000	2.88536259044094301	1.99922501900261151	1.00000000000000000	1.67211426057497103	1.00000000000000000	1.00000000000000000	1.00000000000000000	1.00000000000000000
TRPM4	3.92669609700925459	19.65194492154148875	1.00000000000000000	4.26636042390062986	74.59245292998897980	96.75120405399690071	1.00000000000000000	1.00000000000000000	8.48565629646360797	1.61952280672712678	1.00000000000000000	1.86005911299676319	36.49481852455216568	30.63533390981146098	1.00000000000000000	151.47651273270378169
TSHR	1.90444510669602995	1.00000000000000000	70.18981084930616987	4.91132506488000331	87.50647032313784734	1.90317366932535714	1.00000000000000000	663.68718131891705525	3.64966283281447668	192.19318100384916193	1.00000000000000000	70.58365299156980655	6.54372050461787680	1.15049705504771915	1.00000000000000000	14.14323628845705016
TSHZ2	12.02890024273745873	806.31673731799662619	47.16435702898572657	97.09752019547219959	55.31103059500259889	12.69225773179416272	38.46399540380951265	483.49588070974863285	8.62571575454590267	391.25740308375475252	7.99482366790137799	911.35659522176206337	3.57495996826927520	3.37566351650715246	5.94709444418814748	494.19465666236976631
TSPAN11	1.29807918682013779	1.00000000000000000	1.00000000000000000	1.00000000000000000	1.00000000000000000	1.00000000000000000	1.00000000000000000	1.00000000000000000	1.00000000000000000	1.75141770764313254	1.00000000000000000	1.00000000000000000	1.00000000000000000	1.00000000000000000	1.00000000000000000	123.16757962623728417
TSPAN2	1.20658015553657649	10.26789116713303862	104.03069043537050220	6.68802608247569452	7.05176505553405786	36.04897767715322487	352.06040643756620057	3.68134266589686510	1.97142093277250074	73.28873323727563616	230.89227514427415144	62.09126664735863699	15.98899328074161552	4.26391399840806695	173.31346343261265019	4.29626731006758167
TSPAN33	1448.37961217871247754	139.48763619139836578	25.22864586017260891	1203.38911800583446166	63.98262211548821199	1203.71061430275335624	65.10247117528419381	10.40226279726175207	720.50542138608921050	26.57873710412475532	176.51602358285762762	73.04838559090723038	162.03207735292954794	313.47822166946798461	76.34253720872716542	150.53772392990819640
TTC39A	1.37601746146515214	154.95280287450177070	1.96053283717590321	5.44113243723252804	1.26370548533974714	4.01280088860900985	13.34946694725664074	1.00000000000000000	1.31836245862802448	1.14325745934706369	3.13200110484528915	1.00000000000000000	170.71444350101435816	1.72590699531082681	1.00000000000000000	16.72995410587061471
TTLL6	1.00000000000000000	23.50342460678999856	1.00000000000000000	3.12725371117947581	1.00000000000000000	1.62354160806439296	1.00000000000000000	1.00000000000000000	1.00000000000000000	1.00000000000000000	1.00000000000000000	1.00000000000000000	1.00000000000000000	1.00000000000000000	1.00000000000000000	4.56701316776935329
TUBA3C	1.69634781901965925	109.96188374141254940	1.00000000000000000	1.00000000000000000	1.00000000000000000	1.00000000000000000	1.00000000000000000	2.41408166713922512	1.00000000000000000	1.00000000000000000	1.00000000000000000	1.67109910329970490	1.00000000000000000	1.00000000000000000	1.00000000000000000	1.00000000000000000
TUBB4B	333.45569729498947709	881.37192808241843522	450.02287673290948078	399.69771781519563092	298.42866072146216538	657.95337245551024807	414.19009047402295209	388.23276070070812693	1816.46857829810483054	2131.07252773284790237	746.46500139403985941	603.37635351279664064	507.44005716950852047	365.84237140999488247	835.45183319009663592	179.02558961431270745
TUSC1	13.50033357309979820	347.62982102846842736	1.00000000000000000	11.72711828593002181	4.31110676495122735	32.62757869972844560	7.28192507826109292	5.94153061644600911	11.36909302266223953	6.56768177559488997	37.94782792701239771	11.13303612928064368	70.28361581137953351	9.13199398632816894	69.75127148593334425	143.68207019431338267
TVP23A	16.59284053348715204	43.72794755657650256	6.46884651733217098	19.15344614563272074	13.95400824027387721	206.74683335084574765	3.89141182616128489	1.86600137448288605	99.21640297133878050	2.97477433675441105	5.25606044829257346	5.48039435369419348	13.65956814211739356	18.00372315153562042	9.32420909927247621	161.29714741683361012
TXNDC11	227.43546735125269720	97.63218340619100388	329.33576040172982857	265.69989094984634903	1178.72129725294780656	219.23806965097242028	175.24795079643450890	765.26779380691789356	247.34086413300781260	308.77216602364325126	241.56503598326582960	294.88594355855991580	222.56749822767318392	142.68673446517979642	231.25402398379813462	398.66052688449781272
TYMP	808.25561872254013451	668.62146015367090968	706.65481768541803831	1015.69460446827611122	321.63468313694409062	4773.04913574751572014	671.45073394117980570	602.54036419221677079	258.10007786585856593	546.63579985818137175	382.92745450743876745	468.53627582667513707	1026.20083979535661456	6106.18907121228676260	587.49600745225097853	2539.72086662340825569
UBE2T	72.99318088801560123	486.95697633430563656	78.43307717376119115	90.66102348200189454	97.22496983739380028	32.17849271897514996	42.54153951446192394	56.21553917803231570	364.54038307490964144	744.85302595405391912	20.81775272239150709	81.66946246277063892	19.01565813211357892	15.09250235375367488	18.11353765319629261	33.55637943097405440
UGT2B17	1.99830048466132504	9.46491094006205458	1.00000000000000000	4.96982519549994084	12.12319122045200537	1.00000000000000000	1.00000000000000000	1.00000000000000000	7.01383641048572848	1.00000000000000000	1.00000000000000000	1.00000000000000000	1.00000000000000000	1.68751924953329224	1.00000000000000000	1.69093202531625009
UGT2B7	1.46258790699013930	668.26389831940764452	2.09362757421671475	1.00000000000000000	1.00000000000000000	1.00000000000000000	1.00000000000000000	1.00000000000000000	1.00000000000000000	1.00000000000000000	1.00000000000000000	1.00000000000000000	1.00000000000000000	1.00000000000000000	1.00000000000000000	1.00000000000000000
UHRF1	9.62905178686916230	278.87651569587234235	10.15282186471663373	7.64566310901082957	38.09161844818876830	15.33042337785550835	10.08932441152744097	3.24538814766987871	424.46492040071160545	729.95406168749468634	6.34501953048940326	5.30441180307655014	59.11759257170172077	7.82210088676258142	9.15570504106429084	38.40036353841524885
UTS2B	2.69817797053751773	56.74415690304613946	2.81946546348102256	29.71353723655042245	1.71261938758926080	1.91576609735627668	1.00000000000000000	1.00000000000000000	1.36244338112157526	1.20623177990983454	2.14126613988396519	2.20105012004122225	23.97406240055110871	1.78649315319827418	1.00000000000000000	13.28860077366435988
VDR	4.65310526972273397	197.52180393159036953	55.25396185977132291	3.59430078565077071	139.85993559768334649	129.44591774538267259	133.53619629911591460	241.28496939963582690	40.14543468920013680	173.83143581854128001	4.63304403791405051	131.20852080983823384	4.39424014249218686	125.65191375468791080	40.27846059030980541	149.92843357523202030
VIPR2	1.12487525235955821	1.00000000000000000	25.40318880499087939	1.00000000000000000	1.00000000000000000	1.76620898861703512	29.11323926201016477	13.35979641671904083	1.48667000118301340	85.35739276045961788	54.23815661936657762	101.99466929561621953	146.69204670616278463	1.30760076910950618	1.00000000000000000	67.02990853491954226
VMO1	1.00000000000000000	11.65305258429993529	2.24784314245428929	1.00000000000000000	8.65442867017547357	137.06602905176558238	1.00000000000000000	1.00000000000000000	1.00000000000000000	1.00000000000000000	1.00000000000000000	1.00000000000000000	1.00000000000000000	147.46054127006340195	1.00000000000000000	19.76690708538036745
VNN1	1.00000000000000000	24.69234254526398686	1.00000000000000000	1.00000000000000000	2.42619194990764253	17.53099139771164516	1.00000000000000000	2.63939259056965270	2.93735380238816512	1.00000000000000000	1.00000000000000000	1.00000000000000000	2.88408789760293427	24.22396821520667487	1.00000000000000000	18.55696792767713887
VNN2	212.22020595670673515	31.55799712169542559	163.89451088759176400	224.19136592044284839	97.34501443318777092	42.82621958085125158	114.45925398069516632	26.67080766110758461	956.85834570999202242	35.67329442305369724	126.85891112151824700	110.07326074819877704	18.48429844381545095	57.84405737181707252	62.75605157319213845	31.78155870159615404
VPREB1	8.77627452414435538	1.00000000000000000	1.00000000000000000	1.48532742500821979	23.72295184710671379	1.00000000000000000	1.00000000000000000	1.00000000000000000	16.89751421822165156	1.00000000000000000	1.00000000000000000	1.00000000000000000	2.17569571405862394	1.00000000000000000	12.71583155137641263	1.00000000000000000
VPREB3	3520.65801738111167651	10.92820972150496672	20.54863838416359201	2442.05023127488902901	1045.56103618764223029	4.56407343346351357	4.84241464835261137	1.87050984899397510	3732.29102950119749948	2.99408631606546916	2.97693134117610070	6.36806256661172654	7.11039635100536493	2.11792535467421317	1.00000000000000000	21.01547826564242882
VSTM1	1.00000000000000000	1.00000000000000000	1.00000000000000000	1.00000000000000000	1.00000000000000000	1.54840816608926657	1.00000000000000000	1.00000000000000000	1.00000000000000000	1.00000000000000000	1.00000000000000000	1.00000000000000000	1.00000000000000000	16.51004821380386289	1.00000000000000000	1.00000000000000000
VSTM2L	1.97599593695817100	223.46023978774076113	1.00000000000000000	2.55160007304555680	1.11250842083178347	2.12610966594444051	4.50757465648226141	1.00000000000000000	1.00000000000000000	2.77943626963907819	4.46144864586463452	1.14950080880839001	1.00000000000000000	1.00000000000000000	6.72586240467012342	37.05675097382801653
VTN	1.25242594922383699	1.44829093328032443	1.00000000000000000	1.00000000000000000	1.09204830555980492	6.18650104253887179	1.00000000000000000	1.00000000000000000	1.00000000000000000	1.00000000000000000	1.00000000000000000	1.00000000000000000	1.00000000000000000	1.20912139138548902	1.00000000000000000	220.60982043685268650
WDFY4	849.82448621348100914	247.35599041445965440	3.76808878929187463	934.62498112353273427	58.78063199457358223	1176.62169720241740833	1.00000000000000000	1.00000000000000000	405.59520347474295932	5.15428044855418399	10.31467427452291119	2.35250112853429583	1076.36697307631152398	150.27412504486193257	13.97556384058654722	144.03166552585614113
WDHD1	52.42667238973599098	84.06972138699312325	41.13211652551863295	35.71459826591034670	19.29203153944321514	11.67066320501715282	18.03686461877209268	48.64293086334136262	154.31505690958070431	290.33902943143721131	25.59485834486336131	39.16732510942129153	32.57987610218027186	7.99514903245755715	26.66908569129288153	21.98160113813543504
WDR34	287.85511038523753768	298.53028825520596001	41.64704843687788127	323.66260164249860054	94.77492041209613660	10.42389321077300934	27.32839669240280500	54.45991417226112219	447.33130298809220449	553.17895579249864113	45.39745298755828173	33.58777599573704720	53.72454377661119906	11.55097035201162292	51.56267931750181788	66.84953108420157264
WDR76	57.59534605446997091	66.14231505937050315	63.52422220603243375	45.74381756511533581	34.84942788073002617	15.42117923987422046	76.21231023919139602	65.65562446052753387	377.27752798541177981	305.67064682533305131	39.15618878317027196	81.99647877482091474	18.29430712653160995	9.06051688589360715	64.48189489885058379	65.85388801294703853
WNK2	1.17903451527626646	1.00000000000000000	3.31360114088558433	1.00000000000000000	13.96393655675528578	1.00000000000000000	1.00000000000000000	39.31007025309590119	40.90985764620394605	12.35796097963715567	1.00000000000000000	3.27414912130868618	1.64743698130761240	1.49127056313233797	1.00000000000000000	1.00000000000000000
WNT10A	110.57687963054027591	11.25066321274970171	80.42564268103825498	20.78239939919335200	62.73739550624298289	4.15232607002856113	3.50605460320882711	197.61347086561883657	11.91317903990821847	76.67539827578676181	12.88962808344679978	78.14186017246028371	548.37895342744491245	1.00000000000000000	11.03462917267477295	16.02975261172175436
WNT2	1.00000000000000000	149.21377314004948289	1.91883744971462789	1.00000000000000000	1.00000000000000000	1.00000000000000000	1.00000000000000000	1.00000000000000000	1.00000000000000000	1.00000000000000000	1.00000000000000000	1.00000000000000000	1.00000000000000000	1.00000000000000000	1.00000000000000000	3.70915350738243887
WNT5B	1.99249844184338709	2.76712682990037173	2.45255763751375611	2.08087307741603666	17.20432012413390410	90.56193728808436560	1.00000000000000000	2.58980919471238646	3.86119273143328634	1.90150123277482486	1.00000000000000000	2.04898346673909870	1.00000000000000000	35.98383497639888162	11.63281851695667513	18.34616484560269711
XCL1	6.72797532441565060	6.13532753611000992	461.25143304533639821	7.35522787257872057	5.75284701898087114	5.04754406465744410	3480.81904772051257169	1.63063493962431583	3.64948110929056391	45.82505940452930560	8629.52000153710105224	14.68508994755090136	4.85479408176493710	1.82648119360362715	6557.39500523565584444	10.75832479747567838
XCL2	4.92890863219459874	15.50134455927116406	500.68352601700604509	2.89469789466206695	2.04358896903374765	3.95076272481977897	3522.66939314120645577	2.57872453865395412	7.50427457231079309	17.87249280470526713	9645.98355018470101641	7.14501671434219610	7.35648944024301787	3.45554903937986646	4847.71320322959672922	5.25504273936451760
XCR1	1.26972107784387189	1.00000000000000000	1.00000000000000000	1.00000000000000000	6.37120772991841289	534.08643130284451672	1.00000000000000000	1.00000000000000000	1.00000000000000000	3.34743163896847085	1.00000000000000000	1.00000000000000000	8.42330735914780604	2.05042471157390915	1.00000000000000000	46.72505298437975085
XKR4	1.35892657322458099	124.86574457054348386	4.07721761725764242	1.00000000000000000	1.00000000000000000	9.21694467645922266	1.00000000000000000	1.00000000000000000	1.14556385102178115	1.33979957167529329	1.00000000000000000	1.77354277772907309	1.00000000000000000	1.76734371234160959	1.00000000000000000	224.70148764965722421
Z93241.1	185.45418079140924306	239.77156187663609899	262.02645334466558324	166.04342319955350149	309.44802801840722850	140.51506843955033332	150.38125337211843657	382.74271279868395368	89.37256838496911371	137.36941029258721869	282.59643246930443183	227.98556756665553280	629.27560758550339415	134.01909922199638459	629.95533106604477780	1.00000000000000000
ZAP70	77.80099697045720575	20.76374869972177706	1804.87884961116947125	34.01793150891519701	31.86182888533052804	27.48927749398447418	2104.97244787892668683	2374.40835041722993992	66.89719094855068704	1168.30821590298887713	2096.85710185772541081	2035.59008885622893104	15.76272680933116455	14.42578007792859651	1452.94303656383794987	216.02236378307523523
ZBP1	475.84759369159837661	7.87889378241296434	323.23651113827827430	427.01072262346031039	812.21426310546189598	16.04810933554490404	376.41832022713293782	55.63299619117869810	37.48539977667557110	21.89932421829044884	283.83747586718413913	52.92535251951359498	4.04368026500837541	14.18192601865520253	60.83704040880005692	37.65465623732216471
ZBTB32	4.99223777041057026	213.41466219411677230	52.57431102042892235	353.72954366284562866	47.97503696357755842	3.20761614025662833	1.00000000000000000	18.62332649247880312	17.76072061515956335	70.38845099694813712	2.27743904434765287	30.63762249041749186	1.88501951641368937	1.26513630883259065	1.00000000000000000	20.00819280609458062
ZC3H12C	2.28961813072692788	35.96742862300000354	21.27363456808203424	1.00000000000000000	1.79141770160313762	38.70717096945801927	1.00000000000000000	51.74492350906948701	1.91344092670254673	19.00498047974338789	7.29836498718880833	8.12651230662361357	4.70079689073648410	24.50346298487977137	10.41620102876109755	180.08982440575698547
ZC3H12D	229.04965172279355556	85.27951095522247726	109.76001480903939012	231.37286613452951656	19.14258648605617807	107.57557785492996061	8.52151963185334083	643.08206265717001315	242.46569067194005243	229.59634172147320896	3.46423379225780970	272.99027870181919297	25.83040480207670342	41.68050145138918339	6.26376682146861352	87.86599673968427737
ZDHHC19	55.05068415574322671	5.54487497476717284	1.00000000000000000	14.25281876789035884	1.00000000000000000	5.09909404964590163	1.00000000000000000	1.00000000000000000	2.03146950050850750	1.00000000000000000	3.48331189413137166	3.27982069759654360	1.99262484457982691	55.23823236020643890	1.00000000000000000	1.00000000000000000
ZFAT	73.74159220938651060	15.58801557490711609	55.71094653052275447	115.64446560724847757	166.87201701760835704	42.94792805215310239	59.64324747916004554	92.72554179614424186	213.92017818063686718	40.10004216311390479	40.80634230350688085	46.14584459172471753	2094.67032303190808307	28.34805792725730456	24.74175618098869478	43.13055900568318179
ZFHX4	1.32070443455892272	43.20087045961906824	1.00000000000000000	1.00000000000000000	1.00000000000000000	1.48578702094085768	1.00000000000000000	1.00000000000000000	1.00000000000000000	1.35165551176855381	1.00000000000000000	1.00000000000000000	1.00000000000000000	1.00000000000000000	1.00000000000000000	125.47321188964561145
ZFHX4.AS1	1.00000000000000000	213.59437446392556126	1.00000000000000000	1.00000000000000000	1.00000000000000000	1.00000000000000000	1.00000000000000000	1.00000000000000000	1.00000000000000000	1.00000000000000000	1.00000000000000000	1.00000000000000000	1.00000000000000000	1.31707518696550840	1.00000000000000000	1.00000000000000000
ZNF165	44.25703181976148670	11.73833611249781406	4.66711553532474266	35.27889289341381129	7.10522819766779445	6.73603180890168396	6.99162720520164971	3.35716772598857771	18.33285378585483016	3.47516181580834438	9.42083856060201619	16.73664706437287819	31.55674823510518934	2.38979527174075335	6.03748214624865032	6.71301548989314512
ZNF366	1.49258723007348593	2.92292199188144508	1.52233668068446715	1.00000000000000000	1.00000000000000000	455.96695558898022682	1.00000000000000000	1.00000000000000000	1.00000000000000000	1.32125621985439023	1.00000000000000000	1.00000000000000000	5.14083593073176104	37.72774486927989557	1.00000000000000000	39.89059324756114933
ZNF367	24.12928029894133175	79.70820486417549944	17.95171828610019205	17.72076575842285706	17.75889116395858380	3.91713066079985817	12.60829476466594734	7.87018855564608355	121.82704691580551071	180.09768305013619738	24.00340784165150509	27.68432912625382869	11.08893230975309230	1.68035608654092727	23.77496811038340851	8.15885502531310358
ZNF385A	233.93562395377614394	50.09565565545269550	4.61662500237397389	88.00808452872642818	10.53405830202036775	702.91435415148646371	7.53277345798259912	1.51223556602134468	48.22253699493638379	3.81826265659762321	4.51986733801467100	9.74673343528125535	53.74923094740775298	404.79558642626483334	21.15865510788702153	197.95827990409691211
ZNF385B	1.28877490314753729	1.67347224418879237	1.00000000000000000	1.00000000000000000	3.66993954276193568	1.00000000000000000	1.00000000000000000	1.00000000000000000	60.22664114525169055	1.00000000000000000	1.00000000000000000	1.00000000000000000	1.00000000000000000	1.36283651591712140	1.00000000000000000	26.58029699174959148
ZNF385D	1.00000000000000000	15.76349613357897894	1.00000000000000000	1.00000000000000000	1.00000000000000000	1.39621813013860363	1.00000000000000000	1.00000000000000000	1.00000000000000000	1.00000000000000000	1.00000000000000000	1.00000000000000000	1.00000000000000000	1.51726131966762834	8.16220045612536182	4.19074107846854638
ZNF503	1.00000000000000000	70.53423862240755682	1.00000000000000000	1.81646330729254046	10.67405072095629492	74.63403104725560411	1.00000000000000000	1.00000000000000000	1.28216438210346451	1.92318470042670420	8.03399089509227338	1.00000000000000000	1.00000000000000000	20.83630018102458692	21.88007615359540026	243.25618531104450426
ZNF683	1.75032766671505868	1.17519386523239144	353.30602119426487207	4.33795896348063259	1.78276419436345357	2.35573367457838589	1874.17743387028394864	1.00000000000000000	2.47201195713157684	25.90051851636296121	258.87489015115198754	1.34414949889946245	2.36434429426509984	3.26401330877971052	255.89349290549810689	6.69693072577005744
ZNF695	3.06018956056581670	35.84032928181107991	2.00618771639424054	1.58200332158440071	5.50134268295638762	4.39845809767870399	1.00000000000000000	1.48420471894486505	25.98499459349332597	14.00789101767911049	1.00000000000000000	1.00000000000000000	1.67474245657842769	1.46748300163202017	1.00000000000000000	1.30289341254891466
ZNF804A	22.62963297524652972	31.11721986695732411	1.00000000000000000	81.21541908659447984	40.26984213277207658	57.70112671079829880	1.00000000000000000	1.00000000000000000	145.00228251170116778	2.02198749812625866	2.73987636112293620	1.79036007752954163	4.41021812417713654	32.90099821591311269	2.10678537648253261	8.85322291128915673
ZNF827	128.61100707894470929	98.27752406410795061	122.94887570686125855	181.32908221063675569	62.52039796012294914	23.17663507914434007	108.32417644497336084	115.16035171002674531	536.11125135824124754	79.47361155414344580	138.93346976122830938	116.07092118955893056	61.93284041064183043	1.98361150196916114	195.46955147088792160	160.32541064245566531
ZNRF1	15.09076349112121740	180.53168837248026080	391.89962952412815866	28.05300434955189814	37.62681252988618752	141.29875437685842599	519.00750612766557879	2114.91530743848670681	16.67590767554625231	900.10146738579373960	122.65414762391527859	1034.33501668422195507	14.39183169635570358	119.48081890946782835	593.45053047495582632	260.81629278294496999
ZP4	1.00000000000000000	7.53113190076137506	1.00000000000000000	1.00000000000000000	1.00000000000000000	1.00000000000000000	1.00000000000000000	1.00000000000000000	1.00000000000000000	1.00000000000000000	1.00000000000000000	1.00000000000000000	1.00000000000000000	1.00000000000000000	1.00000000000000000	1.00000000000000000
ZYG11A	1.00000000000000000	51.34464941647239300	2.45255763751375522	18.28091078499338451	12.43829498867732219	1.00000000000000000	1.00000000000000000	1.00000000000000000	7.25403021732984676	2.13700250900829758	1.00000000000000000	1.92220885782271877	1.00000000000000000	1.26448996533685420	1.00000000000000000	1.36079460252464002
